-- MySQL dump 10.13  Distrib 8.0.19, for Win64 (x86_64)
--
-- Host: localhost    Database: recruiter
-- ------------------------------------------------------
-- Server version	8.0.19

/*!40101 SET @OLD_CHARACTER_SET_CLIENT=@@CHARACTER_SET_CLIENT */;
/*!40101 SET @OLD_CHARACTER_SET_RESULTS=@@CHARACTER_SET_RESULTS */;
/*!40101 SET @OLD_COLLATION_CONNECTION=@@COLLATION_CONNECTION */;
/*!50503 SET NAMES utf8mb4 */;
/*!40103 SET @OLD_TIME_ZONE=@@TIME_ZONE */;
/*!40103 SET TIME_ZONE='+00:00' */;
/*!40014 SET @OLD_UNIQUE_CHECKS=@@UNIQUE_CHECKS, UNIQUE_CHECKS=0 */;
/*!40014 SET @OLD_FOREIGN_KEY_CHECKS=@@FOREIGN_KEY_CHECKS, FOREIGN_KEY_CHECKS=0 */;
/*!40101 SET @OLD_SQL_MODE=@@SQL_MODE, SQL_MODE='NO_AUTO_VALUE_ON_ZERO' */;
/*!40111 SET @OLD_SQL_NOTES=@@SQL_NOTES, SQL_NOTES=0 */;

--
-- Table structure for table `employees`
--

DROP TABLE IF EXISTS `employees`;
/*!40101 SET @saved_cs_client     = @@character_set_client */;
/*!50503 SET character_set_client = utf8mb4 */;
CREATE TABLE `employees` (
  `id` char(36) NOT NULL,
  `firstName` varchar(100) NOT NULL,
  `lastName` varchar(100) NOT NULL,
  `phoneNumber` varchar(30) NOT NULL,
  `birthday` date NOT NULL,
  `availableFrom` date NOT NULL,
  `availableTo` date DEFAULT NULL,
  `payRateFrom` float NOT NULL,
  `payRateTo` float DEFAULT NULL,
  `maximumCommute` int DEFAULT NULL,
  `location` char(36) DEFAULT NULL,
  `ignoreDistance` tinyint(1) NOT NULL DEFAULT '0',
  `bio` varchar(200) DEFAULT NULL,
  `pushNotification` tinyint(1) NOT NULL DEFAULT '1',
  PRIMARY KEY (`id`),
  KEY `location` (`location`),
  CONSTRAINT `employees_ibfk_1` FOREIGN KEY (`id`) REFERENCES `users` (`id`),
  CONSTRAINT `employees_ibfk_2` FOREIGN KEY (`location`) REFERENCES `locations` (`id`)
) ENGINE=InnoDB DEFAULT CHARSET=utf8mb4 COLLATE=utf8mb4_0900_ai_ci;
/*!40101 SET character_set_client = @saved_cs_client */;

--
-- Dumping data for table `employees`
--

LOCK TABLES `employees` WRITE;
/*!40000 ALTER TABLE `employees` DISABLE KEYS */;
INSERT INTO `employees` VALUES ('dd7748c0-8922-11ea-9959-8c1645373715','Edd','Hartmann','(574) 397-6627','1998-05-10','2020-10-11','2022-07-04',10,25,34409,'dd7b8030-8922-11ea-9959-8c1645373715',1,'Ad quas nostrum non omnis.',1),('dd774943-8922-11ea-9959-8c1645373715','Johnson','Hartmann','891.974.3214 x34317','1985-01-14','2020-06-27','2022-09-15',15,NULL,54439,'dd7b792d-8922-11ea-9959-8c1645373715',1,'Eum iure laudantium eum ut voluptatem sapiente voluptas accusantium.',1),('dd7749b4-8922-11ea-9959-8c1645373715','Yesenia','Casper','710.262.9814 x1235','1991-03-11','2020-11-09',NULL,8.72,NULL,14282,'dd7b6ae1-8922-11ea-9959-8c1645373715',0,'Deserunt fuga voluptate in iure facere.',1),('dd774a3a-8922-11ea-9959-8c1645373715','Beau','Weber','522.121.4610','1990-03-14','2020-09-08',NULL,10,20,77366,'dd7b7cb7-8922-11ea-9959-8c1645373715',0,'Pariatur saepe iure.',1),('dd774aaa-8922-11ea-9959-8c1645373715','Cicero','Franecki','1-089-194-9473 x728','2000-03-20','2020-11-08',NULL,10,NULL,11965,'dd7b822b-8922-11ea-9959-8c1645373715',0,'Cupiditate non sint.',1),('dd774b18-8922-11ea-9959-8c1645373715','Nora','Gusikowski','(785) 415-0275 x10475','1988-05-21','2020-12-11',NULL,10,NULL,47778,'dd7b7f51-8922-11ea-9959-8c1645373715',0,'Enim non laboriosam consequuntur nobis soluta.',1),('dd774b89-8922-11ea-9959-8c1645373715','Cathrine','Jacobi','362-599-8224','1991-06-04','2020-08-19','2022-10-06',15,25,49287,'dd7b6f1f-8922-11ea-9959-8c1645373715',0,'Quo corporis ut blanditiis est.',1),('dd774bfd-8922-11ea-9959-8c1645373715','Joanne','Considine','805-490-8278','1996-11-17','2020-08-10','2021-11-08',8.72,NULL,68795,'dd7b81e8-8922-11ea-9959-8c1645373715',0,'Omnis et est enim nemo sed accusamus animi harum quia.',1),('dd774c6e-8922-11ea-9959-8c1645373715','Bertram','Barton','(613) 332-0647 x7180','2000-02-15','2020-12-14','2022-11-18',8.72,NULL,99625,'dd7b7e06-8922-11ea-9959-8c1645373715',0,'Quam quidem qui deserunt quasi soluta sunt reiciendis.',1),('dd774cd8-8922-11ea-9959-8c1645373715','Syble','Wintheiser','1-738-282-6886','1997-02-03','2020-05-22',NULL,15,25,79100,'dd7b6ce3-8922-11ea-9959-8c1645373715',1,'Incidunt commodi illo eum.',1),('dd774d41-8922-11ea-9959-8c1645373715','Zane','Flatley','1-188-320-1056 x8613','1997-12-13','2020-09-16','2022-06-19',8.72,NULL,83539,'dd7b6bd0-8922-11ea-9959-8c1645373715',0,'Delectus doloribus non exercitationem.',1),('dd774db2-8922-11ea-9959-8c1645373715','Verda','Balistreri','342-476-2837','1992-09-01','2020-11-04',NULL,8.72,25,40211,'dd7b6fef-8922-11ea-9959-8c1645373715',1,'Reprehenderit maiores voluptatibus ea dignissimos repellat dignissimos accusantium.',1),('dd774e1c-8922-11ea-9959-8c1645373715','Deborah','Schuster','(588) 680-8850','1994-03-24','2020-06-19',NULL,8.72,25,60610,'dd7b7f9f-8922-11ea-9959-8c1645373715',0,'Provident repellendus vero.',1),('dd774e86-8922-11ea-9959-8c1645373715','Agnes','Berge','361.366.7838 x795','1989-08-04','2020-06-04','2021-09-24',8.72,20,11687,'dd7b6a88-8922-11ea-9959-8c1645373715',0,'Voluptatem hic ut dolor voluptates voluptas harum et.',1),('dd774ef3-8922-11ea-9959-8c1645373715','Dawson','Rippin','919.338.4725 x16295','1987-04-03','2020-07-21',NULL,8.72,NULL,3897,'dd7b6992-8922-11ea-9959-8c1645373715',0,'Eos dolor molestiae quisquam eius ut.',1),('dd774f5d-8922-11ea-9959-8c1645373715','Nelle','Crona','401.467.2204','1986-10-20','2020-12-12','2022-09-07',8.72,20,93535,'dd7b7860-8922-11ea-9959-8c1645373715',1,'Earum ea odio.',1),('dd774fc3-8922-11ea-9959-8c1645373715','Chloe','Conroy','910-943-0126','1985-02-15','2020-12-28',NULL,10,20,7395,'dd7b6c17-8922-11ea-9959-8c1645373715',0,'Accusamus ullam voluptatem sequi voluptatem odit molestias.',1),('dd775029-8922-11ea-9959-8c1645373715','Rene','DuBuque','(185) 099-2609','1992-07-07','2020-05-13',NULL,15,NULL,90910,'dd7b6bd0-8922-11ea-9959-8c1645373715',0,'Est sed aut doloremque.',1),('dd775093-8922-11ea-9959-8c1645373715','Seth','Sauer','(434) 715-3743 x16994','1988-10-29','2020-10-27',NULL,15,25,52351,'dd7b6edc-8922-11ea-9959-8c1645373715',0,'Fugit iste quasi voluptatem non sunt consequatur.',1),('dd775104-8922-11ea-9959-8c1645373715','Lorine','Haag','1-876-923-5158','1985-05-15','2020-05-21',NULL,15,NULL,32921,'dd7b67b9-8922-11ea-9959-8c1645373715',0,'Ea voluptatum libero reprehenderit sapiente quas laborum dignissimos eius.',1),('dd77516e-8922-11ea-9959-8c1645373715','Ahmed','Bradtke','352-487-6519 x196','2000-05-31','2020-11-29','2022-09-24',8.72,30,46035,'dd7b80d5-8922-11ea-9959-8c1645373715',0,'Sed exercitationem commodi natus doloribus sed dolorem.',1),('dd7751ed-8922-11ea-9959-8c1645373715','Adrienne','Torp','943.107.4415','1985-09-10','2020-12-05','2021-06-15',10,20,50395,'dd7b6edc-8922-11ea-9959-8c1645373715',0,'Explicabo officia voluptas.',1),('dd775288-8922-11ea-9959-8c1645373715','Bonnie','Fisher','1-086-830-5624','1999-02-24','2020-09-27','2022-07-29',15,NULL,2828,'dd7b8030-8922-11ea-9959-8c1645373715',0,'Nobis natus nihil ex optio quo voluptatem enim.',1),('dd7752fc-8922-11ea-9959-8c1645373715','Nolan','Kuvalis','(657) 108-6628 x437','1988-03-02','2020-11-28',NULL,10,30,81832,'dd7b7f9f-8922-11ea-9959-8c1645373715',1,'Animi rem eos.',1),('dd775363-8922-11ea-9959-8c1645373715','Oda','Wintheiser','627.468.7779 x24622','1986-12-08','2020-12-06',NULL,10,25,73999,'dd7b6a45-8922-11ea-9959-8c1645373715',0,'Iure ipsum in.',1),('dd7753c2-8922-11ea-9959-8c1645373715','Haleigh','Osinski','(573) 812-9943','1983-07-05','2020-09-16',NULL,10,25,61841,'dd7b78a7-8922-11ea-9959-8c1645373715',0,'Harum ipsum ut laborum.',1),('dd77545d-8922-11ea-9959-8c1645373715','Lupe','Beahan','1-768-554-8192 x60177','1999-06-13','2020-09-07','2021-11-27',15,NULL,70599,'dd7b6f5e-8922-11ea-9959-8c1645373715',1,'Inventore atque omnis explicabo.',1),('dd7754c7-8922-11ea-9959-8c1645373715','Darrin','Balistreri','758.297.0532 x270','1990-07-27','2020-08-03',NULL,10,NULL,57039,'dd7b718f-8922-11ea-9959-8c1645373715',1,'Rerum repellendus corporis rerum ab veniam.',1),('dd77553b-8922-11ea-9959-8c1645373715','Sharon','Pacocha','942.485.5881 x917','1992-08-08','2020-06-08',NULL,15,NULL,78783,'dd7b78a7-8922-11ea-9959-8c1645373715',0,'Amet maxime eos doloremque tempora aut quibusdam.',1),('dd7755a8-8922-11ea-9959-8c1645373715','Claudine','Steuber','1-186-617-5005 x771','1992-12-23','2020-12-02','2021-09-26',10,20,83793,'dd7b6730-8922-11ea-9959-8c1645373715',1,'Qui voluptatibus voluptatem consequatur tempore.',1),('dd77560f-8922-11ea-9959-8c1645373715','Chelsie','Leffler','364-812-3870 x957','1996-01-06','2020-06-28',NULL,15,NULL,56952,'dd7b6948-8922-11ea-9959-8c1645373715',0,'Numquam perspiciatis placeat dolorem enim vel et aspernatur fugit.',1),('dd775671-8922-11ea-9959-8c1645373715','Caesar','Gutkowski','434.459.5986 x1947','1983-04-23','2020-11-26',NULL,8.72,30,52272,'dd7b822b-8922-11ea-9959-8c1645373715',0,'Et dignissimos nam quibusdam dolores ea facilis distinctio alias consequuntur.',1),('dd7756d8-8922-11ea-9959-8c1645373715','Harrison','Jerde','739-623-4080','1987-04-14','2020-05-22','2022-01-30',8.72,NULL,92348,'dd7b6bd0-8922-11ea-9959-8c1645373715',0,'Inventore ut et incidunt earum non.',1),('dd77573e-8922-11ea-9959-8c1645373715','Cordelia','Reinger','714.803.1582','1982-09-11','2020-08-12',NULL,8.72,25,44444,'dd7b815f-8922-11ea-9959-8c1645373715',0,'Ab libero voluptas ratione ullam maiores.',1),('dd7757a4-8922-11ea-9959-8c1645373715','Georgianna','Kirlin','565.220.6555','1982-04-07','2020-11-06','2021-02-24',10,NULL,11242,'dd7b7f9f-8922-11ea-9959-8c1645373715',0,'Rerum alias incidunt assumenda accusamus illo.',1),('dd77580a-8922-11ea-9959-8c1645373715','Bernhard','Kulas','457.683.3382 x174','1999-02-12','2020-07-24','2022-11-07',10,NULL,87968,'dd7b69f1-8922-11ea-9959-8c1645373715',0,'Totam numquam sit in veniam voluptas amet eos.',1),('dd775874-8922-11ea-9959-8c1645373715','Weston','Schumm','992-777-1087 x32942','1991-11-24','2020-09-10',NULL,10,20,77208,'dd7b7f07-8922-11ea-9959-8c1645373715',0,'Quos voluptatem laborum veniam cum beatae cumque odio nobis.',1),('dd7758de-8922-11ea-9959-8c1645373715','Mae','Emard','(856) 509-1760','1981-09-21','2020-12-06','2021-10-23',10,20,10343,'dd7b6803-8922-11ea-9959-8c1645373715',0,'Officia dolorum quo tempore aliquam.',1),('dd775948-8922-11ea-9959-8c1645373715','Margarita','Reinger','831.591.7333 x270','1997-09-30','2020-07-25',NULL,8.72,NULL,30315,'dd7b6a88-8922-11ea-9959-8c1645373715',0,'Est maiores veritatis maxime architecto ipsum maiores.',1),('dd7759b9-8922-11ea-9959-8c1645373715','Cordelia','Hills','062.733.2183 x2765','1997-03-29','2020-12-18',NULL,15,30,65890,'dd7b6a88-8922-11ea-9959-8c1645373715',1,'Officia quia architecto enim animi accusamus.',1),('dd775a30-8922-11ea-9959-8c1645373715','Alexys','Mayert','1-857-603-0884 x3269','1991-12-19','2020-11-29',NULL,8.72,NULL,1765,'dd7b6a88-8922-11ea-9959-8c1645373715',0,'Natus reprehenderit tempore molestiae temporibus rerum neque.',1),('dd775ac8-8922-11ea-9959-8c1645373715','Vergie','Zemlak','(299) 996-1972 x718','1998-05-09','2020-10-22',NULL,10,25,59025,'dd7b78a7-8922-11ea-9959-8c1645373715',1,'Libero quam laborum accusamus ut nesciunt vero.',1),('dd775b52-8922-11ea-9959-8c1645373715','Clark','Turner','431-277-1922','1986-12-05','2020-05-21','2021-03-15',8.72,NULL,61290,'dd7b6948-8922-11ea-9959-8c1645373715',0,'Dolores quam molestiae voluptas aliquam.',1),('dd775c14-8922-11ea-9959-8c1645373715','Josh','Heaney','057.616.1137','1988-09-28','2020-06-16','2022-11-25',10,NULL,26592,'dd7b6730-8922-11ea-9959-8c1645373715',0,'Enim omnis officiis similique et officiis.',1),('dd775cbd-8922-11ea-9959-8c1645373715','Ariane','Labadie','845-140-0712','1997-01-17','2020-11-19','2021-07-02',10,30,72025,'dd7b7b33-8922-11ea-9959-8c1645373715',1,'Similique dolorem sit.',1);
/*!40000 ALTER TABLE `employees` ENABLE KEYS */;
UNLOCK TABLES;

--
-- Table structure for table `employers`
--

DROP TABLE IF EXISTS `employers`;
/*!40101 SET @saved_cs_client     = @@character_set_client */;
/*!50503 SET character_set_client = utf8mb4 */;
CREATE TABLE `employers` (
  `id` char(36) NOT NULL,
  `firstName` varchar(100) NOT NULL,
  `lastName` varchar(100) NOT NULL,
  `companyName` varchar(100) NOT NULL,
  `companyNumber` varchar(100) NOT NULL,
  `landline` varchar(30) NOT NULL,
  `mobile` varchar(30) NOT NULL,
  `website` varchar(100) NOT NULL,
  `pushNotification` tinyint(1) NOT NULL DEFAULT '1',
  PRIMARY KEY (`id`),
  CONSTRAINT `employers_ibfk_1` FOREIGN KEY (`id`) REFERENCES `users` (`id`)
) ENGINE=InnoDB DEFAULT CHARSET=utf8mb4 COLLATE=utf8mb4_0900_ai_ci;
/*!40101 SET character_set_client = @saved_cs_client */;

--
-- Dumping data for table `employers`
--

LOCK TABLES `employers` WRITE;
/*!40000 ALTER TABLE `employers` DISABLE KEYS */;
INSERT INTO `employers` VALUES ('dd772408-8922-11ea-9959-8c1645373715','Shannon','Ratke','Bradtke, Weber and Abernathy','657610','775-737-1139','1-998-000-8395 x1509','http://mya.com',0),('dd773e76-8922-11ea-9959-8c1645373715','Howard','Tremblay','Schuppe LLC','17926','781-776-7442 x5486','(371) 576-8556','http://nora.biz',1),('dd773f71-8922-11ea-9959-8c1645373715','Rae','Davis','Farrell - Waters','728872','050-351-5197 x831','1-643-634-7843 x60208','https://frederik.name',0),('dd773ff7-8922-11ea-9959-8c1645373715','Abelardo','Klocko','Bergstrom - Streich','654553','719-355-9949 x249','178-469-9485','http://santiago.org',0),('dd774072-8922-11ea-9959-8c1645373715','Carmelo','O\'Hara','Zieme - Schuppe','324705','(138) 955-2715','834-769-4967','https://arnoldo.net',0);
/*!40000 ALTER TABLE `employers` ENABLE KEYS */;
UNLOCK TABLES;

--
-- Table structure for table `industries`
--

DROP TABLE IF EXISTS `industries`;
/*!40101 SET @saved_cs_client     = @@character_set_client */;
/*!50503 SET character_set_client = utf8mb4 */;
CREATE TABLE `industries` (
  `id` char(36) NOT NULL,
  `industry` varchar(100) NOT NULL,
  `description` varchar(100) NOT NULL,
  PRIMARY KEY (`id`)
) ENGINE=InnoDB DEFAULT CHARSET=utf8mb4 COLLATE=utf8mb4_0900_ai_ci;
/*!40101 SET character_set_client = @saved_cs_client */;

--
-- Dumping data for table `industries`
--

LOCK TABLES `industries` WRITE;
/*!40000 ALTER TABLE `industries` DISABLE KEYS */;
INSERT INTO `industries` VALUES ('dd7931b1-8922-11ea-9959-8c1645373715','Management Consulting','Ut nulla est inventore rerum accusamus ut dolorem dolorem.'),('dd7954d5-8922-11ea-9959-8c1645373715','Law Enforcement','Et possimus reprehenderit illum non molestiae vel sed nemo quis.'),('dd79557e-8922-11ea-9959-8c1645373715','Photography','Sed voluptatem officiis.'),('dd7955cc-8922-11ea-9959-8c1645373715','Security & Investigations','Explicabo omnis ad ut vel molestiae vitae.'),('dd795612-8922-11ea-9959-8c1645373715','Higher Education','Aut sequi deserunt.');
/*!40000 ALTER TABLE `industries` ENABLE KEYS */;
UNLOCK TABLES;

--
-- Table structure for table `interestedroles`
--

DROP TABLE IF EXISTS `interestedroles`;
/*!40101 SET @saved_cs_client     = @@character_set_client */;
/*!50503 SET character_set_client = utf8mb4 */;
CREATE TABLE `interestedroles` (
  `employee` char(36) NOT NULL,
  `roleId` char(36) NOT NULL,
  PRIMARY KEY (`employee`,`roleId`),
  UNIQUE KEY `employee` (`employee`,`roleId`),
  KEY `roleId` (`roleId`),
  CONSTRAINT `interestedroles_ibfk_1` FOREIGN KEY (`employee`) REFERENCES `employees` (`id`),
  CONSTRAINT `interestedroles_ibfk_2` FOREIGN KEY (`roleId`) REFERENCES `roles` (`id`)
) ENGINE=InnoDB DEFAULT CHARSET=utf8mb4 COLLATE=utf8mb4_0900_ai_ci;
/*!40101 SET character_set_client = @saved_cs_client */;

--
-- Dumping data for table `interestedroles`
--

LOCK TABLES `interestedroles` WRITE;
/*!40000 ALTER TABLE `interestedroles` DISABLE KEYS */;
INSERT INTO `interestedroles` VALUES ('dd7748c0-8922-11ea-9959-8c1645373715','dd7a2da9-8922-11ea-9959-8c1645373715'),('dd774943-8922-11ea-9959-8c1645373715','dd7a2da9-8922-11ea-9959-8c1645373715'),('dd774b89-8922-11ea-9959-8c1645373715','dd7a2da9-8922-11ea-9959-8c1645373715'),('dd774db2-8922-11ea-9959-8c1645373715','dd7a2da9-8922-11ea-9959-8c1645373715'),('dd775029-8922-11ea-9959-8c1645373715','dd7a2da9-8922-11ea-9959-8c1645373715'),('dd77516e-8922-11ea-9959-8c1645373715','dd7a2da9-8922-11ea-9959-8c1645373715'),('dd7753c2-8922-11ea-9959-8c1645373715','dd7a2da9-8922-11ea-9959-8c1645373715'),('dd77553b-8922-11ea-9959-8c1645373715','dd7a2da9-8922-11ea-9959-8c1645373715'),('dd7755a8-8922-11ea-9959-8c1645373715','dd7a2da9-8922-11ea-9959-8c1645373715'),('dd775671-8922-11ea-9959-8c1645373715','dd7a2da9-8922-11ea-9959-8c1645373715'),('dd77580a-8922-11ea-9959-8c1645373715','dd7a2da9-8922-11ea-9959-8c1645373715'),('dd775948-8922-11ea-9959-8c1645373715','dd7a2da9-8922-11ea-9959-8c1645373715'),('dd774943-8922-11ea-9959-8c1645373715','dd7a3d99-8922-11ea-9959-8c1645373715'),('dd774aaa-8922-11ea-9959-8c1645373715','dd7a3d99-8922-11ea-9959-8c1645373715'),('dd774bfd-8922-11ea-9959-8c1645373715','dd7a3d99-8922-11ea-9959-8c1645373715'),('dd774e1c-8922-11ea-9959-8c1645373715','dd7a3d99-8922-11ea-9959-8c1645373715'),('dd7752fc-8922-11ea-9959-8c1645373715','dd7a3d99-8922-11ea-9959-8c1645373715'),('dd775363-8922-11ea-9959-8c1645373715','dd7a3d99-8922-11ea-9959-8c1645373715'),('dd77573e-8922-11ea-9959-8c1645373715','dd7a3d99-8922-11ea-9959-8c1645373715'),('dd7758de-8922-11ea-9959-8c1645373715','dd7a3d99-8922-11ea-9959-8c1645373715'),('dd775948-8922-11ea-9959-8c1645373715','dd7a3d99-8922-11ea-9959-8c1645373715'),('dd775ac8-8922-11ea-9959-8c1645373715','dd7a3d99-8922-11ea-9959-8c1645373715'),('dd774943-8922-11ea-9959-8c1645373715','dd7a3ea2-8922-11ea-9959-8c1645373715'),('dd774e1c-8922-11ea-9959-8c1645373715','dd7a3ea2-8922-11ea-9959-8c1645373715'),('dd7751ed-8922-11ea-9959-8c1645373715','dd7a3ea2-8922-11ea-9959-8c1645373715'),('dd77545d-8922-11ea-9959-8c1645373715','dd7a3ea2-8922-11ea-9959-8c1645373715'),('dd7754c7-8922-11ea-9959-8c1645373715','dd7a3ea2-8922-11ea-9959-8c1645373715'),('dd77553b-8922-11ea-9959-8c1645373715','dd7a3ea2-8922-11ea-9959-8c1645373715'),('dd7757a4-8922-11ea-9959-8c1645373715','dd7a3ea2-8922-11ea-9959-8c1645373715'),('dd775948-8922-11ea-9959-8c1645373715','dd7a3ea2-8922-11ea-9959-8c1645373715'),('dd775a30-8922-11ea-9959-8c1645373715','dd7a3ea2-8922-11ea-9959-8c1645373715'),('dd775b52-8922-11ea-9959-8c1645373715','dd7a3ea2-8922-11ea-9959-8c1645373715'),('dd774bfd-8922-11ea-9959-8c1645373715','dd7a3f4f-8922-11ea-9959-8c1645373715'),('dd77545d-8922-11ea-9959-8c1645373715','dd7a3f4f-8922-11ea-9959-8c1645373715'),('dd77573e-8922-11ea-9959-8c1645373715','dd7a3f4f-8922-11ea-9959-8c1645373715'),('dd775948-8922-11ea-9959-8c1645373715','dd7a3f4f-8922-11ea-9959-8c1645373715'),('dd7759b9-8922-11ea-9959-8c1645373715','dd7a3f4f-8922-11ea-9959-8c1645373715'),('dd774bfd-8922-11ea-9959-8c1645373715','dd7a3ff1-8922-11ea-9959-8c1645373715'),('dd775288-8922-11ea-9959-8c1645373715','dd7a3ff1-8922-11ea-9959-8c1645373715'),('dd77553b-8922-11ea-9959-8c1645373715','dd7a3ff1-8922-11ea-9959-8c1645373715'),('dd774943-8922-11ea-9959-8c1645373715','dd7a4097-8922-11ea-9959-8c1645373715'),('dd774a3a-8922-11ea-9959-8c1645373715','dd7a4097-8922-11ea-9959-8c1645373715'),('dd774c6e-8922-11ea-9959-8c1645373715','dd7a4097-8922-11ea-9959-8c1645373715'),('dd774cd8-8922-11ea-9959-8c1645373715','dd7a4097-8922-11ea-9959-8c1645373715'),('dd774d41-8922-11ea-9959-8c1645373715','dd7a4097-8922-11ea-9959-8c1645373715'),('dd774e1c-8922-11ea-9959-8c1645373715','dd7a4097-8922-11ea-9959-8c1645373715'),('dd774ef3-8922-11ea-9959-8c1645373715','dd7a4097-8922-11ea-9959-8c1645373715'),('dd774f5d-8922-11ea-9959-8c1645373715','dd7a4097-8922-11ea-9959-8c1645373715'),('dd775093-8922-11ea-9959-8c1645373715','dd7a4097-8922-11ea-9959-8c1645373715'),('dd775104-8922-11ea-9959-8c1645373715','dd7a4097-8922-11ea-9959-8c1645373715'),('dd7751ed-8922-11ea-9959-8c1645373715','dd7a4097-8922-11ea-9959-8c1645373715'),('dd775363-8922-11ea-9959-8c1645373715','dd7a4097-8922-11ea-9959-8c1645373715'),('dd7756d8-8922-11ea-9959-8c1645373715','dd7a4097-8922-11ea-9959-8c1645373715'),('dd7757a4-8922-11ea-9959-8c1645373715','dd7a4097-8922-11ea-9959-8c1645373715'),('dd7759b9-8922-11ea-9959-8c1645373715','dd7a4097-8922-11ea-9959-8c1645373715'),('dd775a30-8922-11ea-9959-8c1645373715','dd7a4097-8922-11ea-9959-8c1645373715'),('dd7748c0-8922-11ea-9959-8c1645373715','dd7a4139-8922-11ea-9959-8c1645373715'),('dd774b89-8922-11ea-9959-8c1645373715','dd7a4139-8922-11ea-9959-8c1645373715'),('dd774e1c-8922-11ea-9959-8c1645373715','dd7a4139-8922-11ea-9959-8c1645373715'),('dd774ef3-8922-11ea-9959-8c1645373715','dd7a4139-8922-11ea-9959-8c1645373715'),('dd774fc3-8922-11ea-9959-8c1645373715','dd7a4139-8922-11ea-9959-8c1645373715'),('dd7751ed-8922-11ea-9959-8c1645373715','dd7a4139-8922-11ea-9959-8c1645373715'),('dd775c14-8922-11ea-9959-8c1645373715','dd7a4139-8922-11ea-9959-8c1645373715'),('dd775029-8922-11ea-9959-8c1645373715','dd7a41db-8922-11ea-9959-8c1645373715'),('dd7755a8-8922-11ea-9959-8c1645373715','dd7a41db-8922-11ea-9959-8c1645373715'),('dd77560f-8922-11ea-9959-8c1645373715','dd7a41db-8922-11ea-9959-8c1645373715'),('dd775874-8922-11ea-9959-8c1645373715','dd7a41db-8922-11ea-9959-8c1645373715'),('dd7759b9-8922-11ea-9959-8c1645373715','dd7a41db-8922-11ea-9959-8c1645373715'),('dd775cbd-8922-11ea-9959-8c1645373715','dd7a41db-8922-11ea-9959-8c1645373715'),('dd775104-8922-11ea-9959-8c1645373715','dd7a4284-8922-11ea-9959-8c1645373715'),('dd77516e-8922-11ea-9959-8c1645373715','dd7a4284-8922-11ea-9959-8c1645373715'),('dd77553b-8922-11ea-9959-8c1645373715','dd7a4284-8922-11ea-9959-8c1645373715'),('dd7755a8-8922-11ea-9959-8c1645373715','dd7a4284-8922-11ea-9959-8c1645373715'),('dd77560f-8922-11ea-9959-8c1645373715','dd7a4284-8922-11ea-9959-8c1645373715'),('dd7757a4-8922-11ea-9959-8c1645373715','dd7a4284-8922-11ea-9959-8c1645373715'),('dd775b52-8922-11ea-9959-8c1645373715','dd7a4284-8922-11ea-9959-8c1645373715'),('dd7754c7-8922-11ea-9959-8c1645373715','dd7a431f-8922-11ea-9959-8c1645373715'),('dd77580a-8922-11ea-9959-8c1645373715','dd7a431f-8922-11ea-9959-8c1645373715'),('dd775a30-8922-11ea-9959-8c1645373715','dd7a431f-8922-11ea-9959-8c1645373715'),('dd775ac8-8922-11ea-9959-8c1645373715','dd7a431f-8922-11ea-9959-8c1645373715'),('dd775c14-8922-11ea-9959-8c1645373715','dd7a431f-8922-11ea-9959-8c1645373715'),('dd7749b4-8922-11ea-9959-8c1645373715','dd7a43b4-8922-11ea-9959-8c1645373715'),('dd774aaa-8922-11ea-9959-8c1645373715','dd7a43b4-8922-11ea-9959-8c1645373715'),('dd774b89-8922-11ea-9959-8c1645373715','dd7a43b4-8922-11ea-9959-8c1645373715'),('dd774db2-8922-11ea-9959-8c1645373715','dd7a43b4-8922-11ea-9959-8c1645373715'),('dd774e1c-8922-11ea-9959-8c1645373715','dd7a43b4-8922-11ea-9959-8c1645373715'),('dd774fc3-8922-11ea-9959-8c1645373715','dd7a43b4-8922-11ea-9959-8c1645373715'),('dd775104-8922-11ea-9959-8c1645373715','dd7a43b4-8922-11ea-9959-8c1645373715'),('dd7751ed-8922-11ea-9959-8c1645373715','dd7a43b4-8922-11ea-9959-8c1645373715'),('dd775363-8922-11ea-9959-8c1645373715','dd7a43b4-8922-11ea-9959-8c1645373715'),('dd7756d8-8922-11ea-9959-8c1645373715','dd7a43b4-8922-11ea-9959-8c1645373715'),('dd77573e-8922-11ea-9959-8c1645373715','dd7a43b4-8922-11ea-9959-8c1645373715'),('dd77580a-8922-11ea-9959-8c1645373715','dd7a43b4-8922-11ea-9959-8c1645373715'),('dd7759b9-8922-11ea-9959-8c1645373715','dd7a43b4-8922-11ea-9959-8c1645373715'),('dd775b52-8922-11ea-9959-8c1645373715','dd7a43b4-8922-11ea-9959-8c1645373715'),('dd775c14-8922-11ea-9959-8c1645373715','dd7a43b4-8922-11ea-9959-8c1645373715'),('dd775cbd-8922-11ea-9959-8c1645373715','dd7a43b4-8922-11ea-9959-8c1645373715'),('dd7748c0-8922-11ea-9959-8c1645373715','dd7a4452-8922-11ea-9959-8c1645373715'),('dd774b18-8922-11ea-9959-8c1645373715','dd7a4452-8922-11ea-9959-8c1645373715'),('dd774bfd-8922-11ea-9959-8c1645373715','dd7a4452-8922-11ea-9959-8c1645373715'),('dd774cd8-8922-11ea-9959-8c1645373715','dd7a4452-8922-11ea-9959-8c1645373715'),('dd774db2-8922-11ea-9959-8c1645373715','dd7a4452-8922-11ea-9959-8c1645373715'),('dd774ef3-8922-11ea-9959-8c1645373715','dd7a4452-8922-11ea-9959-8c1645373715'),('dd7752fc-8922-11ea-9959-8c1645373715','dd7a4452-8922-11ea-9959-8c1645373715'),('dd7756d8-8922-11ea-9959-8c1645373715','dd7a4452-8922-11ea-9959-8c1645373715'),('dd775ac8-8922-11ea-9959-8c1645373715','dd7a4452-8922-11ea-9959-8c1645373715'),('dd7748c0-8922-11ea-9959-8c1645373715','dd7a44fb-8922-11ea-9959-8c1645373715'),('dd774b18-8922-11ea-9959-8c1645373715','dd7a44fb-8922-11ea-9959-8c1645373715'),('dd774c6e-8922-11ea-9959-8c1645373715','dd7a44fb-8922-11ea-9959-8c1645373715'),('dd774db2-8922-11ea-9959-8c1645373715','dd7a44fb-8922-11ea-9959-8c1645373715'),('dd774e86-8922-11ea-9959-8c1645373715','dd7a44fb-8922-11ea-9959-8c1645373715'),('dd774f5d-8922-11ea-9959-8c1645373715','dd7a44fb-8922-11ea-9959-8c1645373715'),('dd775104-8922-11ea-9959-8c1645373715','dd7a44fb-8922-11ea-9959-8c1645373715'),('dd7751ed-8922-11ea-9959-8c1645373715','dd7a44fb-8922-11ea-9959-8c1645373715'),('dd775363-8922-11ea-9959-8c1645373715','dd7a44fb-8922-11ea-9959-8c1645373715'),('dd7754c7-8922-11ea-9959-8c1645373715','dd7a44fb-8922-11ea-9959-8c1645373715'),('dd77553b-8922-11ea-9959-8c1645373715','dd7a44fb-8922-11ea-9959-8c1645373715'),('dd77573e-8922-11ea-9959-8c1645373715','dd7a44fb-8922-11ea-9959-8c1645373715'),('dd775874-8922-11ea-9959-8c1645373715','dd7a44fb-8922-11ea-9959-8c1645373715'),('dd775c14-8922-11ea-9959-8c1645373715','dd7a44fb-8922-11ea-9959-8c1645373715'),('dd774a3a-8922-11ea-9959-8c1645373715','dd7a4597-8922-11ea-9959-8c1645373715'),('dd774cd8-8922-11ea-9959-8c1645373715','dd7a4597-8922-11ea-9959-8c1645373715'),('dd774d41-8922-11ea-9959-8c1645373715','dd7a4597-8922-11ea-9959-8c1645373715'),('dd775029-8922-11ea-9959-8c1645373715','dd7a4597-8922-11ea-9959-8c1645373715'),('dd77545d-8922-11ea-9959-8c1645373715','dd7a4597-8922-11ea-9959-8c1645373715'),('dd775671-8922-11ea-9959-8c1645373715','dd7a4597-8922-11ea-9959-8c1645373715'),('dd7756d8-8922-11ea-9959-8c1645373715','dd7a4597-8922-11ea-9959-8c1645373715'),('dd7749b4-8922-11ea-9959-8c1645373715','dd7a4640-8922-11ea-9959-8c1645373715'),('dd774d41-8922-11ea-9959-8c1645373715','dd7a4640-8922-11ea-9959-8c1645373715'),('dd774ef3-8922-11ea-9959-8c1645373715','dd7a4640-8922-11ea-9959-8c1645373715'),('dd775288-8922-11ea-9959-8c1645373715','dd7a4640-8922-11ea-9959-8c1645373715'),('dd7753c2-8922-11ea-9959-8c1645373715','dd7a4640-8922-11ea-9959-8c1645373715'),('dd77560f-8922-11ea-9959-8c1645373715','dd7a4640-8922-11ea-9959-8c1645373715'),('dd7756d8-8922-11ea-9959-8c1645373715','dd7a4640-8922-11ea-9959-8c1645373715'),('dd77573e-8922-11ea-9959-8c1645373715','dd7a4640-8922-11ea-9959-8c1645373715'),('dd7757a4-8922-11ea-9959-8c1645373715','dd7a4640-8922-11ea-9959-8c1645373715'),('dd77580a-8922-11ea-9959-8c1645373715','dd7a4640-8922-11ea-9959-8c1645373715'),('dd775948-8922-11ea-9959-8c1645373715','dd7a4640-8922-11ea-9959-8c1645373715'),('dd774e86-8922-11ea-9959-8c1645373715','dd7a46e9-8922-11ea-9959-8c1645373715'),('dd775029-8922-11ea-9959-8c1645373715','dd7a46e9-8922-11ea-9959-8c1645373715'),('dd7754c7-8922-11ea-9959-8c1645373715','dd7a46e9-8922-11ea-9959-8c1645373715'),('dd775671-8922-11ea-9959-8c1645373715','dd7a46e9-8922-11ea-9959-8c1645373715'),('dd7757a4-8922-11ea-9959-8c1645373715','dd7a46e9-8922-11ea-9959-8c1645373715'),('dd77580a-8922-11ea-9959-8c1645373715','dd7a46e9-8922-11ea-9959-8c1645373715'),('dd775874-8922-11ea-9959-8c1645373715','dd7a46e9-8922-11ea-9959-8c1645373715'),('dd774b89-8922-11ea-9959-8c1645373715','dd7a478b-8922-11ea-9959-8c1645373715'),('dd774c6e-8922-11ea-9959-8c1645373715','dd7a478b-8922-11ea-9959-8c1645373715'),('dd774e86-8922-11ea-9959-8c1645373715','dd7a478b-8922-11ea-9959-8c1645373715'),('dd775093-8922-11ea-9959-8c1645373715','dd7a478b-8922-11ea-9959-8c1645373715'),('dd77516e-8922-11ea-9959-8c1645373715','dd7a478b-8922-11ea-9959-8c1645373715'),('dd775288-8922-11ea-9959-8c1645373715','dd7a478b-8922-11ea-9959-8c1645373715'),('dd7755a8-8922-11ea-9959-8c1645373715','dd7a478b-8922-11ea-9959-8c1645373715'),('dd7758de-8922-11ea-9959-8c1645373715','dd7a478b-8922-11ea-9959-8c1645373715'),('dd7748c0-8922-11ea-9959-8c1645373715','dd7a4831-8922-11ea-9959-8c1645373715'),('dd774b18-8922-11ea-9959-8c1645373715','dd7a4831-8922-11ea-9959-8c1645373715'),('dd774bfd-8922-11ea-9959-8c1645373715','dd7a4831-8922-11ea-9959-8c1645373715'),('dd774f5d-8922-11ea-9959-8c1645373715','dd7a4831-8922-11ea-9959-8c1645373715'),('dd774fc3-8922-11ea-9959-8c1645373715','dd7a4831-8922-11ea-9959-8c1645373715'),('dd775288-8922-11ea-9959-8c1645373715','dd7a4831-8922-11ea-9959-8c1645373715'),('dd7752fc-8922-11ea-9959-8c1645373715','dd7a4831-8922-11ea-9959-8c1645373715'),('dd7759b9-8922-11ea-9959-8c1645373715','dd7a4831-8922-11ea-9959-8c1645373715'),('dd774a3a-8922-11ea-9959-8c1645373715','dd7a48d3-8922-11ea-9959-8c1645373715'),('dd774aaa-8922-11ea-9959-8c1645373715','dd7a48d3-8922-11ea-9959-8c1645373715'),('dd774b18-8922-11ea-9959-8c1645373715','dd7a48d3-8922-11ea-9959-8c1645373715'),('dd774c6e-8922-11ea-9959-8c1645373715','dd7a48d3-8922-11ea-9959-8c1645373715'),('dd774db2-8922-11ea-9959-8c1645373715','dd7a48d3-8922-11ea-9959-8c1645373715'),('dd774f5d-8922-11ea-9959-8c1645373715','dd7a48d3-8922-11ea-9959-8c1645373715'),('dd775093-8922-11ea-9959-8c1645373715','dd7a48d3-8922-11ea-9959-8c1645373715'),('dd7752fc-8922-11ea-9959-8c1645373715','dd7a48d3-8922-11ea-9959-8c1645373715'),('dd775671-8922-11ea-9959-8c1645373715','dd7a48d3-8922-11ea-9959-8c1645373715'),('dd7758de-8922-11ea-9959-8c1645373715','dd7a48d3-8922-11ea-9959-8c1645373715'),('dd775ac8-8922-11ea-9959-8c1645373715','dd7a48d3-8922-11ea-9959-8c1645373715'),('dd774943-8922-11ea-9959-8c1645373715','dd7a4975-8922-11ea-9959-8c1645373715'),('dd7749b4-8922-11ea-9959-8c1645373715','dd7a4975-8922-11ea-9959-8c1645373715'),('dd774e86-8922-11ea-9959-8c1645373715','dd7a4975-8922-11ea-9959-8c1645373715'),('dd774f5d-8922-11ea-9959-8c1645373715','dd7a4975-8922-11ea-9959-8c1645373715'),('dd775104-8922-11ea-9959-8c1645373715','dd7a4975-8922-11ea-9959-8c1645373715'),('dd775288-8922-11ea-9959-8c1645373715','dd7a4975-8922-11ea-9959-8c1645373715'),('dd7753c2-8922-11ea-9959-8c1645373715','dd7a4975-8922-11ea-9959-8c1645373715'),('dd775874-8922-11ea-9959-8c1645373715','dd7a4975-8922-11ea-9959-8c1645373715'),('dd775b52-8922-11ea-9959-8c1645373715','dd7a4975-8922-11ea-9959-8c1645373715'),('dd775cbd-8922-11ea-9959-8c1645373715','dd7a4975-8922-11ea-9959-8c1645373715');
/*!40000 ALTER TABLE `interestedroles` ENABLE KEYS */;
UNLOCK TABLES;

--
-- Table structure for table `jobinterest`
--

DROP TABLE IF EXISTS `jobinterest`;
/*!40101 SET @saved_cs_client     = @@character_set_client */;
/*!50503 SET character_set_client = utf8mb4 */;
CREATE TABLE `jobinterest` (
  `job` char(36) NOT NULL,
  `employee` char(36) NOT NULL,
  `initiator` enum('employer','employee') DEFAULT NULL,
  `status` enum('available','liked','offered','done') DEFAULT NULL,
  PRIMARY KEY (`job`,`employee`),
  UNIQUE KEY `job` (`job`,`employee`),
  KEY `employee` (`employee`),
  CONSTRAINT `jobinterest_ibfk_1` FOREIGN KEY (`job`) REFERENCES `jobs` (`id`),
  CONSTRAINT `jobinterest_ibfk_2` FOREIGN KEY (`employee`) REFERENCES `employees` (`id`)
) ENGINE=InnoDB DEFAULT CHARSET=utf8mb4 COLLATE=utf8mb4_0900_ai_ci;
/*!40101 SET character_set_client = @saved_cs_client */;

--
-- Dumping data for table `jobinterest`
--

LOCK TABLES `jobinterest` WRITE;
/*!40000 ALTER TABLE `jobinterest` DISABLE KEYS */;
INSERT INTO `jobinterest` VALUES ('dd7fffa6-8922-11ea-9959-8c1645373715','dd7748c0-8922-11ea-9959-8c1645373715','employee','liked'),('dd7fffa6-8922-11ea-9959-8c1645373715','dd7749b4-8922-11ea-9959-8c1645373715','employer','available'),('dd7fffa6-8922-11ea-9959-8c1645373715','dd774a3a-8922-11ea-9959-8c1645373715','employee','liked'),('dd7fffa6-8922-11ea-9959-8c1645373715','dd774aaa-8922-11ea-9959-8c1645373715','employee','liked'),('dd7fffa6-8922-11ea-9959-8c1645373715','dd774b18-8922-11ea-9959-8c1645373715','employee','offered'),('dd7fffa6-8922-11ea-9959-8c1645373715','dd774bfd-8922-11ea-9959-8c1645373715','employee','liked'),('dd7fffa6-8922-11ea-9959-8c1645373715','dd774c6e-8922-11ea-9959-8c1645373715','employee','offered'),('dd7fffa6-8922-11ea-9959-8c1645373715','dd774cd8-8922-11ea-9959-8c1645373715','employer','available'),('dd7fffa6-8922-11ea-9959-8c1645373715','dd774db2-8922-11ea-9959-8c1645373715','employee','offered'),('dd7fffa6-8922-11ea-9959-8c1645373715','dd774e86-8922-11ea-9959-8c1645373715','employer','offered'),('dd7fffa6-8922-11ea-9959-8c1645373715','dd774ef3-8922-11ea-9959-8c1645373715','employee','offered'),('dd7fffa6-8922-11ea-9959-8c1645373715','dd775093-8922-11ea-9959-8c1645373715','employer','offered'),('dd7fffa6-8922-11ea-9959-8c1645373715','dd775104-8922-11ea-9959-8c1645373715','employee','liked'),('dd7fffa6-8922-11ea-9959-8c1645373715','dd7751ed-8922-11ea-9959-8c1645373715','employee','offered'),('dd7fffa6-8922-11ea-9959-8c1645373715','dd775288-8922-11ea-9959-8c1645373715','employer','offered'),('dd7fffa6-8922-11ea-9959-8c1645373715','dd7752fc-8922-11ea-9959-8c1645373715','employer','available'),('dd7fffa6-8922-11ea-9959-8c1645373715','dd7754c7-8922-11ea-9959-8c1645373715','employer','available'),('dd7fffa6-8922-11ea-9959-8c1645373715','dd77553b-8922-11ea-9959-8c1645373715','employer','offered'),('dd7fffa6-8922-11ea-9959-8c1645373715','dd77560f-8922-11ea-9959-8c1645373715','employer','offered'),('dd7fffa6-8922-11ea-9959-8c1645373715','dd77580a-8922-11ea-9959-8c1645373715','employer','offered'),('dd7fffa6-8922-11ea-9959-8c1645373715','dd775874-8922-11ea-9959-8c1645373715','employee','liked'),('dd7fffa6-8922-11ea-9959-8c1645373715','dd7758de-8922-11ea-9959-8c1645373715','employee','liked'),('dd7fffa6-8922-11ea-9959-8c1645373715','dd775948-8922-11ea-9959-8c1645373715','employee','offered'),('dd7fffa6-8922-11ea-9959-8c1645373715','dd7759b9-8922-11ea-9959-8c1645373715','employee','offered'),('dd7fffa6-8922-11ea-9959-8c1645373715','dd775a30-8922-11ea-9959-8c1645373715','employee','liked'),('dd7fffa6-8922-11ea-9959-8c1645373715','dd775b52-8922-11ea-9959-8c1645373715','employer','offered'),('dd7fffa6-8922-11ea-9959-8c1645373715','dd775c14-8922-11ea-9959-8c1645373715','employer','available'),('dd7fffa6-8922-11ea-9959-8c1645373715','dd775cbd-8922-11ea-9959-8c1645373715','employee','offered'),('dd801121-8922-11ea-9959-8c1645373715','dd7748c0-8922-11ea-9959-8c1645373715','employee','liked'),('dd801121-8922-11ea-9959-8c1645373715','dd774943-8922-11ea-9959-8c1645373715','employee','offered'),('dd801121-8922-11ea-9959-8c1645373715','dd7749b4-8922-11ea-9959-8c1645373715','employer','available'),('dd801121-8922-11ea-9959-8c1645373715','dd774aaa-8922-11ea-9959-8c1645373715','employer','available'),('dd801121-8922-11ea-9959-8c1645373715','dd774b89-8922-11ea-9959-8c1645373715','employer','offered'),('dd801121-8922-11ea-9959-8c1645373715','dd774c6e-8922-11ea-9959-8c1645373715','employer','available'),('dd801121-8922-11ea-9959-8c1645373715','dd774cd8-8922-11ea-9959-8c1645373715','employee','liked'),('dd801121-8922-11ea-9959-8c1645373715','dd774d41-8922-11ea-9959-8c1645373715','employee','liked'),('dd801121-8922-11ea-9959-8c1645373715','dd774db2-8922-11ea-9959-8c1645373715','employer','available'),('dd801121-8922-11ea-9959-8c1645373715','dd774e1c-8922-11ea-9959-8c1645373715','employee','offered'),('dd801121-8922-11ea-9959-8c1645373715','dd774e86-8922-11ea-9959-8c1645373715','employee','liked'),('dd801121-8922-11ea-9959-8c1645373715','dd774ef3-8922-11ea-9959-8c1645373715','employee','liked'),('dd801121-8922-11ea-9959-8c1645373715','dd774f5d-8922-11ea-9959-8c1645373715','employee','offered'),('dd801121-8922-11ea-9959-8c1645373715','dd774fc3-8922-11ea-9959-8c1645373715','employer','available'),('dd801121-8922-11ea-9959-8c1645373715','dd775093-8922-11ea-9959-8c1645373715','employer','available'),('dd801121-8922-11ea-9959-8c1645373715','dd775104-8922-11ea-9959-8c1645373715','employee','liked'),('dd801121-8922-11ea-9959-8c1645373715','dd77516e-8922-11ea-9959-8c1645373715','employee','liked'),('dd801121-8922-11ea-9959-8c1645373715','dd7751ed-8922-11ea-9959-8c1645373715','employer','available'),('dd801121-8922-11ea-9959-8c1645373715','dd7752fc-8922-11ea-9959-8c1645373715','employer','offered'),('dd801121-8922-11ea-9959-8c1645373715','dd7753c2-8922-11ea-9959-8c1645373715','employer','offered'),('dd801121-8922-11ea-9959-8c1645373715','dd7754c7-8922-11ea-9959-8c1645373715','employee','liked'),('dd801121-8922-11ea-9959-8c1645373715','dd77553b-8922-11ea-9959-8c1645373715','employee','offered'),('dd801121-8922-11ea-9959-8c1645373715','dd7755a8-8922-11ea-9959-8c1645373715','employee','offered'),('dd801121-8922-11ea-9959-8c1645373715','dd775671-8922-11ea-9959-8c1645373715','employer','available'),('dd801121-8922-11ea-9959-8c1645373715','dd7756d8-8922-11ea-9959-8c1645373715','employer','available'),('dd801121-8922-11ea-9959-8c1645373715','dd7757a4-8922-11ea-9959-8c1645373715','employee','liked'),('dd801121-8922-11ea-9959-8c1645373715','dd77580a-8922-11ea-9959-8c1645373715','employee','liked'),('dd801121-8922-11ea-9959-8c1645373715','dd775874-8922-11ea-9959-8c1645373715','employer','offered'),('dd801121-8922-11ea-9959-8c1645373715','dd7758de-8922-11ea-9959-8c1645373715','employee','offered'),('dd801121-8922-11ea-9959-8c1645373715','dd775948-8922-11ea-9959-8c1645373715','employee','offered'),('dd801121-8922-11ea-9959-8c1645373715','dd7759b9-8922-11ea-9959-8c1645373715','employer','offered'),('dd801121-8922-11ea-9959-8c1645373715','dd775ac8-8922-11ea-9959-8c1645373715','employee','offered'),('dd801121-8922-11ea-9959-8c1645373715','dd775cbd-8922-11ea-9959-8c1645373715','employee','offered'),('dd8012cc-8922-11ea-9959-8c1645373715','dd7749b4-8922-11ea-9959-8c1645373715','employee','liked'),('dd8012cc-8922-11ea-9959-8c1645373715','dd774aaa-8922-11ea-9959-8c1645373715','employer','available'),('dd8012cc-8922-11ea-9959-8c1645373715','dd774b18-8922-11ea-9959-8c1645373715','employer','offered'),('dd8012cc-8922-11ea-9959-8c1645373715','dd774b89-8922-11ea-9959-8c1645373715','employee','liked'),('dd8012cc-8922-11ea-9959-8c1645373715','dd774bfd-8922-11ea-9959-8c1645373715','employer','offered'),('dd8012cc-8922-11ea-9959-8c1645373715','dd774c6e-8922-11ea-9959-8c1645373715','employer','offered'),('dd8012cc-8922-11ea-9959-8c1645373715','dd774cd8-8922-11ea-9959-8c1645373715','employer','offered'),('dd8012cc-8922-11ea-9959-8c1645373715','dd774d41-8922-11ea-9959-8c1645373715','employee','offered'),('dd8012cc-8922-11ea-9959-8c1645373715','dd774db2-8922-11ea-9959-8c1645373715','employer','available'),('dd8012cc-8922-11ea-9959-8c1645373715','dd774e86-8922-11ea-9959-8c1645373715','employee','offered'),('dd8012cc-8922-11ea-9959-8c1645373715','dd774ef3-8922-11ea-9959-8c1645373715','employer','available'),('dd8012cc-8922-11ea-9959-8c1645373715','dd774f5d-8922-11ea-9959-8c1645373715','employee','liked'),('dd8012cc-8922-11ea-9959-8c1645373715','dd774fc3-8922-11ea-9959-8c1645373715','employee','liked'),('dd8012cc-8922-11ea-9959-8c1645373715','dd775104-8922-11ea-9959-8c1645373715','employer','offered'),('dd8012cc-8922-11ea-9959-8c1645373715','dd77516e-8922-11ea-9959-8c1645373715','employee','offered'),('dd8012cc-8922-11ea-9959-8c1645373715','dd7751ed-8922-11ea-9959-8c1645373715','employer','offered'),('dd8012cc-8922-11ea-9959-8c1645373715','dd775288-8922-11ea-9959-8c1645373715','employee','offered'),('dd8012cc-8922-11ea-9959-8c1645373715','dd7752fc-8922-11ea-9959-8c1645373715','employer','offered'),('dd8012cc-8922-11ea-9959-8c1645373715','dd77545d-8922-11ea-9959-8c1645373715','employer','offered'),('dd8012cc-8922-11ea-9959-8c1645373715','dd7754c7-8922-11ea-9959-8c1645373715','employer','offered'),('dd8012cc-8922-11ea-9959-8c1645373715','dd77553b-8922-11ea-9959-8c1645373715','employee','liked'),('dd8012cc-8922-11ea-9959-8c1645373715','dd77560f-8922-11ea-9959-8c1645373715','employee','liked'),('dd8012cc-8922-11ea-9959-8c1645373715','dd775671-8922-11ea-9959-8c1645373715','employee','offered'),('dd8012cc-8922-11ea-9959-8c1645373715','dd7756d8-8922-11ea-9959-8c1645373715','employer','offered'),('dd8012cc-8922-11ea-9959-8c1645373715','dd77573e-8922-11ea-9959-8c1645373715','employee','liked'),('dd8012cc-8922-11ea-9959-8c1645373715','dd775874-8922-11ea-9959-8c1645373715','employer','offered'),('dd8012cc-8922-11ea-9959-8c1645373715','dd7758de-8922-11ea-9959-8c1645373715','employer','offered'),('dd8012cc-8922-11ea-9959-8c1645373715','dd775948-8922-11ea-9959-8c1645373715','employee','liked'),('dd80140c-8922-11ea-9959-8c1645373715','dd7748c0-8922-11ea-9959-8c1645373715','employer','offered'),('dd80140c-8922-11ea-9959-8c1645373715','dd774943-8922-11ea-9959-8c1645373715','employer','available'),('dd80140c-8922-11ea-9959-8c1645373715','dd774aaa-8922-11ea-9959-8c1645373715','employer','available'),('dd80140c-8922-11ea-9959-8c1645373715','dd774b18-8922-11ea-9959-8c1645373715','employer','available'),('dd80140c-8922-11ea-9959-8c1645373715','dd774b89-8922-11ea-9959-8c1645373715','employee','offered'),('dd80140c-8922-11ea-9959-8c1645373715','dd774bfd-8922-11ea-9959-8c1645373715','employee','offered'),('dd80140c-8922-11ea-9959-8c1645373715','dd774c6e-8922-11ea-9959-8c1645373715','employer','offered'),('dd80140c-8922-11ea-9959-8c1645373715','dd774db2-8922-11ea-9959-8c1645373715','employee','offered'),('dd80140c-8922-11ea-9959-8c1645373715','dd774e1c-8922-11ea-9959-8c1645373715','employer','available'),('dd80140c-8922-11ea-9959-8c1645373715','dd774e86-8922-11ea-9959-8c1645373715','employer','available'),('dd80140c-8922-11ea-9959-8c1645373715','dd774ef3-8922-11ea-9959-8c1645373715','employer','offered'),('dd80140c-8922-11ea-9959-8c1645373715','dd775093-8922-11ea-9959-8c1645373715','employer','available'),('dd80140c-8922-11ea-9959-8c1645373715','dd775104-8922-11ea-9959-8c1645373715','employer','available'),('dd80140c-8922-11ea-9959-8c1645373715','dd77516e-8922-11ea-9959-8c1645373715','employer','offered'),('dd80140c-8922-11ea-9959-8c1645373715','dd7752fc-8922-11ea-9959-8c1645373715','employer','offered'),('dd80140c-8922-11ea-9959-8c1645373715','dd775363-8922-11ea-9959-8c1645373715','employee','liked'),('dd80140c-8922-11ea-9959-8c1645373715','dd77553b-8922-11ea-9959-8c1645373715','employee','offered'),('dd80140c-8922-11ea-9959-8c1645373715','dd7755a8-8922-11ea-9959-8c1645373715','employee','liked'),('dd80140c-8922-11ea-9959-8c1645373715','dd77560f-8922-11ea-9959-8c1645373715','employee','offered'),('dd80140c-8922-11ea-9959-8c1645373715','dd7756d8-8922-11ea-9959-8c1645373715','employer','offered'),('dd80140c-8922-11ea-9959-8c1645373715','dd77573e-8922-11ea-9959-8c1645373715','employee','liked'),('dd80140c-8922-11ea-9959-8c1645373715','dd775874-8922-11ea-9959-8c1645373715','employer','available'),('dd80140c-8922-11ea-9959-8c1645373715','dd7758de-8922-11ea-9959-8c1645373715','employer','available'),('dd80140c-8922-11ea-9959-8c1645373715','dd775948-8922-11ea-9959-8c1645373715','employee','liked'),('dd80140c-8922-11ea-9959-8c1645373715','dd7759b9-8922-11ea-9959-8c1645373715','employee','liked'),('dd80140c-8922-11ea-9959-8c1645373715','dd775a30-8922-11ea-9959-8c1645373715','employee','liked'),('dd80140c-8922-11ea-9959-8c1645373715','dd775ac8-8922-11ea-9959-8c1645373715','employee','offered'),('dd801554-8922-11ea-9959-8c1645373715','dd7748c0-8922-11ea-9959-8c1645373715','employee','offered'),('dd801554-8922-11ea-9959-8c1645373715','dd774943-8922-11ea-9959-8c1645373715','employee','liked'),('dd801554-8922-11ea-9959-8c1645373715','dd7749b4-8922-11ea-9959-8c1645373715','employer','offered'),('dd801554-8922-11ea-9959-8c1645373715','dd774aaa-8922-11ea-9959-8c1645373715','employer','offered'),('dd801554-8922-11ea-9959-8c1645373715','dd774b18-8922-11ea-9959-8c1645373715','employer','offered'),('dd801554-8922-11ea-9959-8c1645373715','dd774b89-8922-11ea-9959-8c1645373715','employer','offered'),('dd801554-8922-11ea-9959-8c1645373715','dd774c6e-8922-11ea-9959-8c1645373715','employee','offered'),('dd801554-8922-11ea-9959-8c1645373715','dd774cd8-8922-11ea-9959-8c1645373715','employer','available'),('dd801554-8922-11ea-9959-8c1645373715','dd774db2-8922-11ea-9959-8c1645373715','employee','liked'),('dd801554-8922-11ea-9959-8c1645373715','dd774e1c-8922-11ea-9959-8c1645373715','employer','offered'),('dd801554-8922-11ea-9959-8c1645373715','dd774e86-8922-11ea-9959-8c1645373715','employee','liked'),('dd801554-8922-11ea-9959-8c1645373715','dd774ef3-8922-11ea-9959-8c1645373715','employer','available'),('dd801554-8922-11ea-9959-8c1645373715','dd774f5d-8922-11ea-9959-8c1645373715','employee','offered'),('dd801554-8922-11ea-9959-8c1645373715','dd7751ed-8922-11ea-9959-8c1645373715','employee','liked'),('dd801554-8922-11ea-9959-8c1645373715','dd775288-8922-11ea-9959-8c1645373715','employer','offered'),('dd801554-8922-11ea-9959-8c1645373715','dd7752fc-8922-11ea-9959-8c1645373715','employer','available'),('dd801554-8922-11ea-9959-8c1645373715','dd775363-8922-11ea-9959-8c1645373715','employer','offered'),('dd801554-8922-11ea-9959-8c1645373715','dd77553b-8922-11ea-9959-8c1645373715','employer','available'),('dd801554-8922-11ea-9959-8c1645373715','dd7755a8-8922-11ea-9959-8c1645373715','employee','offered'),('dd801554-8922-11ea-9959-8c1645373715','dd77560f-8922-11ea-9959-8c1645373715','employer','available'),('dd801554-8922-11ea-9959-8c1645373715','dd775671-8922-11ea-9959-8c1645373715','employee','liked'),('dd801554-8922-11ea-9959-8c1645373715','dd77573e-8922-11ea-9959-8c1645373715','employer','offered'),('dd801554-8922-11ea-9959-8c1645373715','dd7757a4-8922-11ea-9959-8c1645373715','employer','offered'),('dd801554-8922-11ea-9959-8c1645373715','dd77580a-8922-11ea-9959-8c1645373715','employee','liked'),('dd801554-8922-11ea-9959-8c1645373715','dd7758de-8922-11ea-9959-8c1645373715','employer','offered'),('dd801554-8922-11ea-9959-8c1645373715','dd775948-8922-11ea-9959-8c1645373715','employer','offered'),('dd801554-8922-11ea-9959-8c1645373715','dd7759b9-8922-11ea-9959-8c1645373715','employer','offered'),('dd801554-8922-11ea-9959-8c1645373715','dd775a30-8922-11ea-9959-8c1645373715','employer','available'),('dd801554-8922-11ea-9959-8c1645373715','dd775b52-8922-11ea-9959-8c1645373715','employer','available'),('dd801554-8922-11ea-9959-8c1645373715','dd775c14-8922-11ea-9959-8c1645373715','employer','available'),('dd801554-8922-11ea-9959-8c1645373715','dd775cbd-8922-11ea-9959-8c1645373715','employer','offered'),('dd801680-8922-11ea-9959-8c1645373715','dd7748c0-8922-11ea-9959-8c1645373715','employer','available'),('dd801680-8922-11ea-9959-8c1645373715','dd774943-8922-11ea-9959-8c1645373715','employee','offered'),('dd801680-8922-11ea-9959-8c1645373715','dd774aaa-8922-11ea-9959-8c1645373715','employer','offered'),('dd801680-8922-11ea-9959-8c1645373715','dd774b18-8922-11ea-9959-8c1645373715','employer','offered'),('dd801680-8922-11ea-9959-8c1645373715','dd774b89-8922-11ea-9959-8c1645373715','employee','liked'),('dd801680-8922-11ea-9959-8c1645373715','dd774bfd-8922-11ea-9959-8c1645373715','employee','offered'),('dd801680-8922-11ea-9959-8c1645373715','dd774c6e-8922-11ea-9959-8c1645373715','employer','offered'),('dd801680-8922-11ea-9959-8c1645373715','dd774cd8-8922-11ea-9959-8c1645373715','employer','available'),('dd801680-8922-11ea-9959-8c1645373715','dd774db2-8922-11ea-9959-8c1645373715','employee','offered'),('dd801680-8922-11ea-9959-8c1645373715','dd774e1c-8922-11ea-9959-8c1645373715','employer','offered'),('dd801680-8922-11ea-9959-8c1645373715','dd774ef3-8922-11ea-9959-8c1645373715','employee','liked'),('dd801680-8922-11ea-9959-8c1645373715','dd774fc3-8922-11ea-9959-8c1645373715','employer','available'),('dd801680-8922-11ea-9959-8c1645373715','dd775029-8922-11ea-9959-8c1645373715','employer','available'),('dd801680-8922-11ea-9959-8c1645373715','dd7751ed-8922-11ea-9959-8c1645373715','employee','offered'),('dd801680-8922-11ea-9959-8c1645373715','dd7752fc-8922-11ea-9959-8c1645373715','employee','offered'),('dd801680-8922-11ea-9959-8c1645373715','dd77545d-8922-11ea-9959-8c1645373715','employee','liked'),('dd801680-8922-11ea-9959-8c1645373715','dd77553b-8922-11ea-9959-8c1645373715','employer','offered'),('dd801680-8922-11ea-9959-8c1645373715','dd775671-8922-11ea-9959-8c1645373715','employee','liked'),('dd801680-8922-11ea-9959-8c1645373715','dd7756d8-8922-11ea-9959-8c1645373715','employee','offered'),('dd801680-8922-11ea-9959-8c1645373715','dd7757a4-8922-11ea-9959-8c1645373715','employer','available'),('dd801680-8922-11ea-9959-8c1645373715','dd775874-8922-11ea-9959-8c1645373715','employee','liked'),('dd801680-8922-11ea-9959-8c1645373715','dd7758de-8922-11ea-9959-8c1645373715','employer','offered'),('dd801680-8922-11ea-9959-8c1645373715','dd775948-8922-11ea-9959-8c1645373715','employee','offered'),('dd801680-8922-11ea-9959-8c1645373715','dd7759b9-8922-11ea-9959-8c1645373715','employer','offered'),('dd801680-8922-11ea-9959-8c1645373715','dd775cbd-8922-11ea-9959-8c1645373715','employer','available'),('dd8017a8-8922-11ea-9959-8c1645373715','dd7748c0-8922-11ea-9959-8c1645373715','employer','available'),('dd8017a8-8922-11ea-9959-8c1645373715','dd7749b4-8922-11ea-9959-8c1645373715','employer','available'),('dd8017a8-8922-11ea-9959-8c1645373715','dd774a3a-8922-11ea-9959-8c1645373715','employee','liked'),('dd8017a8-8922-11ea-9959-8c1645373715','dd774aaa-8922-11ea-9959-8c1645373715','employee','offered'),('dd8017a8-8922-11ea-9959-8c1645373715','dd774b18-8922-11ea-9959-8c1645373715','employer','offered'),('dd8017a8-8922-11ea-9959-8c1645373715','dd774b89-8922-11ea-9959-8c1645373715','employer','offered'),('dd8017a8-8922-11ea-9959-8c1645373715','dd774c6e-8922-11ea-9959-8c1645373715','employer','offered'),('dd8017a8-8922-11ea-9959-8c1645373715','dd774cd8-8922-11ea-9959-8c1645373715','employer','available'),('dd8017a8-8922-11ea-9959-8c1645373715','dd774d41-8922-11ea-9959-8c1645373715','employee','liked'),('dd8017a8-8922-11ea-9959-8c1645373715','dd774db2-8922-11ea-9959-8c1645373715','employee','offered'),('dd8017a8-8922-11ea-9959-8c1645373715','dd774e1c-8922-11ea-9959-8c1645373715','employee','offered'),('dd8017a8-8922-11ea-9959-8c1645373715','dd774e86-8922-11ea-9959-8c1645373715','employer','available'),('dd8017a8-8922-11ea-9959-8c1645373715','dd774ef3-8922-11ea-9959-8c1645373715','employee','offered'),('dd8017a8-8922-11ea-9959-8c1645373715','dd775029-8922-11ea-9959-8c1645373715','employee','offered'),('dd8017a8-8922-11ea-9959-8c1645373715','dd775093-8922-11ea-9959-8c1645373715','employee','liked'),('dd8017a8-8922-11ea-9959-8c1645373715','dd775104-8922-11ea-9959-8c1645373715','employee','offered'),('dd8017a8-8922-11ea-9959-8c1645373715','dd77516e-8922-11ea-9959-8c1645373715','employee','liked'),('dd8017a8-8922-11ea-9959-8c1645373715','dd7751ed-8922-11ea-9959-8c1645373715','employee','offered'),('dd8017a8-8922-11ea-9959-8c1645373715','dd7752fc-8922-11ea-9959-8c1645373715','employee','offered'),('dd8017a8-8922-11ea-9959-8c1645373715','dd775363-8922-11ea-9959-8c1645373715','employee','offered'),('dd8017a8-8922-11ea-9959-8c1645373715','dd7753c2-8922-11ea-9959-8c1645373715','employee','liked'),('dd8017a8-8922-11ea-9959-8c1645373715','dd77545d-8922-11ea-9959-8c1645373715','employee','liked'),('dd8017a8-8922-11ea-9959-8c1645373715','dd77553b-8922-11ea-9959-8c1645373715','employee','liked'),('dd8017a8-8922-11ea-9959-8c1645373715','dd7755a8-8922-11ea-9959-8c1645373715','employer','available'),('dd8017a8-8922-11ea-9959-8c1645373715','dd775671-8922-11ea-9959-8c1645373715','employee','offered'),('dd8017a8-8922-11ea-9959-8c1645373715','dd7756d8-8922-11ea-9959-8c1645373715','employee','offered'),('dd8017a8-8922-11ea-9959-8c1645373715','dd77573e-8922-11ea-9959-8c1645373715','employee','offered'),('dd8017a8-8922-11ea-9959-8c1645373715','dd7757a4-8922-11ea-9959-8c1645373715','employee','liked'),('dd8017a8-8922-11ea-9959-8c1645373715','dd7758de-8922-11ea-9959-8c1645373715','employee','liked'),('dd8017a8-8922-11ea-9959-8c1645373715','dd775948-8922-11ea-9959-8c1645373715','employee','liked'),('dd8017a8-8922-11ea-9959-8c1645373715','dd7759b9-8922-11ea-9959-8c1645373715','employer','offered'),('dd8017a8-8922-11ea-9959-8c1645373715','dd775a30-8922-11ea-9959-8c1645373715','employee','liked'),('dd8017a8-8922-11ea-9959-8c1645373715','dd775ac8-8922-11ea-9959-8c1645373715','employee','offered'),('dd8017a8-8922-11ea-9959-8c1645373715','dd775cbd-8922-11ea-9959-8c1645373715','employee','liked'),('dd8018db-8922-11ea-9959-8c1645373715','dd7748c0-8922-11ea-9959-8c1645373715','employer','offered'),('dd8018db-8922-11ea-9959-8c1645373715','dd7749b4-8922-11ea-9959-8c1645373715','employer','offered'),('dd8018db-8922-11ea-9959-8c1645373715','dd774aaa-8922-11ea-9959-8c1645373715','employer','offered'),('dd8018db-8922-11ea-9959-8c1645373715','dd774b18-8922-11ea-9959-8c1645373715','employee','offered'),('dd8018db-8922-11ea-9959-8c1645373715','dd774b89-8922-11ea-9959-8c1645373715','employer','offered'),('dd8018db-8922-11ea-9959-8c1645373715','dd774bfd-8922-11ea-9959-8c1645373715','employee','offered'),('dd8018db-8922-11ea-9959-8c1645373715','dd774c6e-8922-11ea-9959-8c1645373715','employer','offered'),('dd8018db-8922-11ea-9959-8c1645373715','dd774cd8-8922-11ea-9959-8c1645373715','employer','available'),('dd8018db-8922-11ea-9959-8c1645373715','dd774db2-8922-11ea-9959-8c1645373715','employee','liked'),('dd8018db-8922-11ea-9959-8c1645373715','dd774e1c-8922-11ea-9959-8c1645373715','employee','liked'),('dd8018db-8922-11ea-9959-8c1645373715','dd774e86-8922-11ea-9959-8c1645373715','employer','available'),('dd8018db-8922-11ea-9959-8c1645373715','dd774ef3-8922-11ea-9959-8c1645373715','employer','offered'),('dd8018db-8922-11ea-9959-8c1645373715','dd774fc3-8922-11ea-9959-8c1645373715','employee','offered'),('dd8018db-8922-11ea-9959-8c1645373715','dd775104-8922-11ea-9959-8c1645373715','employee','offered'),('dd8018db-8922-11ea-9959-8c1645373715','dd77516e-8922-11ea-9959-8c1645373715','employee','liked'),('dd8018db-8922-11ea-9959-8c1645373715','dd7751ed-8922-11ea-9959-8c1645373715','employer','available'),('dd8018db-8922-11ea-9959-8c1645373715','dd775288-8922-11ea-9959-8c1645373715','employer','offered'),('dd8018db-8922-11ea-9959-8c1645373715','dd7752fc-8922-11ea-9959-8c1645373715','employee','liked'),('dd8018db-8922-11ea-9959-8c1645373715','dd775363-8922-11ea-9959-8c1645373715','employee','offered'),('dd8018db-8922-11ea-9959-8c1645373715','dd7754c7-8922-11ea-9959-8c1645373715','employee','liked'),('dd8018db-8922-11ea-9959-8c1645373715','dd77553b-8922-11ea-9959-8c1645373715','employer','offered'),('dd8018db-8922-11ea-9959-8c1645373715','dd7755a8-8922-11ea-9959-8c1645373715','employer','offered'),('dd8018db-8922-11ea-9959-8c1645373715','dd7756d8-8922-11ea-9959-8c1645373715','employer','available'),('dd8018db-8922-11ea-9959-8c1645373715','dd7758de-8922-11ea-9959-8c1645373715','employer','available'),('dd8018db-8922-11ea-9959-8c1645373715','dd775948-8922-11ea-9959-8c1645373715','employer','offered'),('dd8018db-8922-11ea-9959-8c1645373715','dd7759b9-8922-11ea-9959-8c1645373715','employee','offered'),('dd8018db-8922-11ea-9959-8c1645373715','dd775a30-8922-11ea-9959-8c1645373715','employee','liked'),('dd8018db-8922-11ea-9959-8c1645373715','dd775ac8-8922-11ea-9959-8c1645373715','employee','liked'),('dd8018db-8922-11ea-9959-8c1645373715','dd775c14-8922-11ea-9959-8c1645373715','employee','offered'),('dd8018db-8922-11ea-9959-8c1645373715','dd775cbd-8922-11ea-9959-8c1645373715','employee','offered'),('dd801a0e-8922-11ea-9959-8c1645373715','dd7748c0-8922-11ea-9959-8c1645373715','employer','available'),('dd801a0e-8922-11ea-9959-8c1645373715','dd774943-8922-11ea-9959-8c1645373715','employer','offered'),('dd801a0e-8922-11ea-9959-8c1645373715','dd7749b4-8922-11ea-9959-8c1645373715','employee','liked'),('dd801a0e-8922-11ea-9959-8c1645373715','dd774aaa-8922-11ea-9959-8c1645373715','employee','offered'),('dd801a0e-8922-11ea-9959-8c1645373715','dd774b18-8922-11ea-9959-8c1645373715','employee','liked'),('dd801a0e-8922-11ea-9959-8c1645373715','dd774b89-8922-11ea-9959-8c1645373715','employee','liked'),('dd801a0e-8922-11ea-9959-8c1645373715','dd774bfd-8922-11ea-9959-8c1645373715','employer','available'),('dd801a0e-8922-11ea-9959-8c1645373715','dd774c6e-8922-11ea-9959-8c1645373715','employee','offered'),('dd801a0e-8922-11ea-9959-8c1645373715','dd774d41-8922-11ea-9959-8c1645373715','employee','liked'),('dd801a0e-8922-11ea-9959-8c1645373715','dd774db2-8922-11ea-9959-8c1645373715','employer','available'),('dd801a0e-8922-11ea-9959-8c1645373715','dd774e1c-8922-11ea-9959-8c1645373715','employer','available'),('dd801a0e-8922-11ea-9959-8c1645373715','dd774e86-8922-11ea-9959-8c1645373715','employer','offered'),('dd801a0e-8922-11ea-9959-8c1645373715','dd774ef3-8922-11ea-9959-8c1645373715','employer','available'),('dd801a0e-8922-11ea-9959-8c1645373715','dd774f5d-8922-11ea-9959-8c1645373715','employee','offered'),('dd801a0e-8922-11ea-9959-8c1645373715','dd775093-8922-11ea-9959-8c1645373715','employee','liked'),('dd801a0e-8922-11ea-9959-8c1645373715','dd775104-8922-11ea-9959-8c1645373715','employee','liked'),('dd801a0e-8922-11ea-9959-8c1645373715','dd77516e-8922-11ea-9959-8c1645373715','employer','available'),('dd801a0e-8922-11ea-9959-8c1645373715','dd7751ed-8922-11ea-9959-8c1645373715','employer','available'),('dd801a0e-8922-11ea-9959-8c1645373715','dd7752fc-8922-11ea-9959-8c1645373715','employer','offered'),('dd801a0e-8922-11ea-9959-8c1645373715','dd775363-8922-11ea-9959-8c1645373715','employee','liked'),('dd801a0e-8922-11ea-9959-8c1645373715','dd77553b-8922-11ea-9959-8c1645373715','employer','available'),('dd801a0e-8922-11ea-9959-8c1645373715','dd7755a8-8922-11ea-9959-8c1645373715','employer','offered'),('dd801a0e-8922-11ea-9959-8c1645373715','dd77560f-8922-11ea-9959-8c1645373715','employer','available'),('dd801a0e-8922-11ea-9959-8c1645373715','dd77573e-8922-11ea-9959-8c1645373715','employer','offered'),('dd801a0e-8922-11ea-9959-8c1645373715','dd77580a-8922-11ea-9959-8c1645373715','employee','liked'),('dd801a0e-8922-11ea-9959-8c1645373715','dd7758de-8922-11ea-9959-8c1645373715','employee','liked'),('dd801a0e-8922-11ea-9959-8c1645373715','dd775948-8922-11ea-9959-8c1645373715','employee','liked'),('dd801a0e-8922-11ea-9959-8c1645373715','dd7759b9-8922-11ea-9959-8c1645373715','employee','offered'),('dd801a0e-8922-11ea-9959-8c1645373715','dd775a30-8922-11ea-9959-8c1645373715','employee','offered'),('dd801a0e-8922-11ea-9959-8c1645373715','dd775ac8-8922-11ea-9959-8c1645373715','employee','offered'),('dd801a0e-8922-11ea-9959-8c1645373715','dd775b52-8922-11ea-9959-8c1645373715','employer','available'),('dd801a0e-8922-11ea-9959-8c1645373715','dd775cbd-8922-11ea-9959-8c1645373715','employer','offered'),('dd801b4b-8922-11ea-9959-8c1645373715','dd7748c0-8922-11ea-9959-8c1645373715','employer','offered'),('dd801b4b-8922-11ea-9959-8c1645373715','dd774943-8922-11ea-9959-8c1645373715','employer','offered'),('dd801b4b-8922-11ea-9959-8c1645373715','dd7749b4-8922-11ea-9959-8c1645373715','employer','offered'),('dd801b4b-8922-11ea-9959-8c1645373715','dd774a3a-8922-11ea-9959-8c1645373715','employee','liked'),('dd801b4b-8922-11ea-9959-8c1645373715','dd774aaa-8922-11ea-9959-8c1645373715','employee','liked'),('dd801b4b-8922-11ea-9959-8c1645373715','dd774b18-8922-11ea-9959-8c1645373715','employer','offered'),('dd801b4b-8922-11ea-9959-8c1645373715','dd774c6e-8922-11ea-9959-8c1645373715','employee','offered'),('dd801b4b-8922-11ea-9959-8c1645373715','dd774cd8-8922-11ea-9959-8c1645373715','employee','offered'),('dd801b4b-8922-11ea-9959-8c1645373715','dd774d41-8922-11ea-9959-8c1645373715','employee','liked'),('dd801b4b-8922-11ea-9959-8c1645373715','dd774e1c-8922-11ea-9959-8c1645373715','employer','available'),('dd801b4b-8922-11ea-9959-8c1645373715','dd774e86-8922-11ea-9959-8c1645373715','employee','offered'),('dd801b4b-8922-11ea-9959-8c1645373715','dd774ef3-8922-11ea-9959-8c1645373715','employer','offered'),('dd801b4b-8922-11ea-9959-8c1645373715','dd774fc3-8922-11ea-9959-8c1645373715','employee','liked'),('dd801b4b-8922-11ea-9959-8c1645373715','dd775029-8922-11ea-9959-8c1645373715','employer','available'),('dd801b4b-8922-11ea-9959-8c1645373715','dd775104-8922-11ea-9959-8c1645373715','employer','available'),('dd801b4b-8922-11ea-9959-8c1645373715','dd77516e-8922-11ea-9959-8c1645373715','employee','liked'),('dd801b4b-8922-11ea-9959-8c1645373715','dd7751ed-8922-11ea-9959-8c1645373715','employee','liked'),('dd801b4b-8922-11ea-9959-8c1645373715','dd775288-8922-11ea-9959-8c1645373715','employee','liked'),('dd801b4b-8922-11ea-9959-8c1645373715','dd7752fc-8922-11ea-9959-8c1645373715','employer','offered'),('dd801b4b-8922-11ea-9959-8c1645373715','dd7753c2-8922-11ea-9959-8c1645373715','employee','liked'),('dd801b4b-8922-11ea-9959-8c1645373715','dd77553b-8922-11ea-9959-8c1645373715','employer','offered'),('dd801b4b-8922-11ea-9959-8c1645373715','dd7755a8-8922-11ea-9959-8c1645373715','employer','available'),('dd801b4b-8922-11ea-9959-8c1645373715','dd775671-8922-11ea-9959-8c1645373715','employer','available'),('dd801b4b-8922-11ea-9959-8c1645373715','dd7756d8-8922-11ea-9959-8c1645373715','employer','offered'),('dd801b4b-8922-11ea-9959-8c1645373715','dd77573e-8922-11ea-9959-8c1645373715','employer','offered'),('dd801b4b-8922-11ea-9959-8c1645373715','dd7757a4-8922-11ea-9959-8c1645373715','employee','liked'),('dd801b4b-8922-11ea-9959-8c1645373715','dd7758de-8922-11ea-9959-8c1645373715','employer','offered'),('dd801b4b-8922-11ea-9959-8c1645373715','dd775948-8922-11ea-9959-8c1645373715','employer','available'),('dd801b4b-8922-11ea-9959-8c1645373715','dd7759b9-8922-11ea-9959-8c1645373715','employer','offered'),('dd801b4b-8922-11ea-9959-8c1645373715','dd775a30-8922-11ea-9959-8c1645373715','employee','liked'),('dd801b4b-8922-11ea-9959-8c1645373715','dd775ac8-8922-11ea-9959-8c1645373715','employer','available'),('dd801b4b-8922-11ea-9959-8c1645373715','dd775c14-8922-11ea-9959-8c1645373715','employer','offered'),('dd801c7b-8922-11ea-9959-8c1645373715','dd774943-8922-11ea-9959-8c1645373715','employer','offered'),('dd801c7b-8922-11ea-9959-8c1645373715','dd7749b4-8922-11ea-9959-8c1645373715','employer','available'),('dd801c7b-8922-11ea-9959-8c1645373715','dd774a3a-8922-11ea-9959-8c1645373715','employer','offered'),('dd801c7b-8922-11ea-9959-8c1645373715','dd774aaa-8922-11ea-9959-8c1645373715','employer','offered'),('dd801c7b-8922-11ea-9959-8c1645373715','dd774b18-8922-11ea-9959-8c1645373715','employee','offered'),('dd801c7b-8922-11ea-9959-8c1645373715','dd774b89-8922-11ea-9959-8c1645373715','employer','available'),('dd801c7b-8922-11ea-9959-8c1645373715','dd774bfd-8922-11ea-9959-8c1645373715','employee','offered'),('dd801c7b-8922-11ea-9959-8c1645373715','dd774c6e-8922-11ea-9959-8c1645373715','employer','offered'),('dd801c7b-8922-11ea-9959-8c1645373715','dd774cd8-8922-11ea-9959-8c1645373715','employee','liked'),('dd801c7b-8922-11ea-9959-8c1645373715','dd774d41-8922-11ea-9959-8c1645373715','employer','offered'),('dd801c7b-8922-11ea-9959-8c1645373715','dd774e1c-8922-11ea-9959-8c1645373715','employee','offered'),('dd801c7b-8922-11ea-9959-8c1645373715','dd774e86-8922-11ea-9959-8c1645373715','employee','liked'),('dd801c7b-8922-11ea-9959-8c1645373715','dd774ef3-8922-11ea-9959-8c1645373715','employer','offered'),('dd801c7b-8922-11ea-9959-8c1645373715','dd774f5d-8922-11ea-9959-8c1645373715','employer','available'),('dd801c7b-8922-11ea-9959-8c1645373715','dd774fc3-8922-11ea-9959-8c1645373715','employee','offered'),('dd801c7b-8922-11ea-9959-8c1645373715','dd7751ed-8922-11ea-9959-8c1645373715','employee','liked'),('dd801c7b-8922-11ea-9959-8c1645373715','dd775288-8922-11ea-9959-8c1645373715','employee','liked'),('dd801c7b-8922-11ea-9959-8c1645373715','dd7752fc-8922-11ea-9959-8c1645373715','employer','available'),('dd801c7b-8922-11ea-9959-8c1645373715','dd775363-8922-11ea-9959-8c1645373715','employer','offered'),('dd801c7b-8922-11ea-9959-8c1645373715','dd7753c2-8922-11ea-9959-8c1645373715','employer','available'),('dd801c7b-8922-11ea-9959-8c1645373715','dd77553b-8922-11ea-9959-8c1645373715','employer','offered'),('dd801c7b-8922-11ea-9959-8c1645373715','dd7755a8-8922-11ea-9959-8c1645373715','employee','offered'),('dd801c7b-8922-11ea-9959-8c1645373715','dd77560f-8922-11ea-9959-8c1645373715','employee','liked'),('dd801c7b-8922-11ea-9959-8c1645373715','dd775671-8922-11ea-9959-8c1645373715','employer','offered'),('dd801c7b-8922-11ea-9959-8c1645373715','dd7756d8-8922-11ea-9959-8c1645373715','employee','offered'),('dd801c7b-8922-11ea-9959-8c1645373715','dd7757a4-8922-11ea-9959-8c1645373715','employer','offered'),('dd801c7b-8922-11ea-9959-8c1645373715','dd775874-8922-11ea-9959-8c1645373715','employer','available'),('dd801c7b-8922-11ea-9959-8c1645373715','dd7758de-8922-11ea-9959-8c1645373715','employee','liked'),('dd801c7b-8922-11ea-9959-8c1645373715','dd775948-8922-11ea-9959-8c1645373715','employer','available'),('dd801c7b-8922-11ea-9959-8c1645373715','dd7759b9-8922-11ea-9959-8c1645373715','employee','liked'),('dd801c7b-8922-11ea-9959-8c1645373715','dd775a30-8922-11ea-9959-8c1645373715','employer','offered'),('dd801c7b-8922-11ea-9959-8c1645373715','dd775ac8-8922-11ea-9959-8c1645373715','employer','offered'),('dd801c7b-8922-11ea-9959-8c1645373715','dd775cbd-8922-11ea-9959-8c1645373715','employer','offered'),('dd801d9c-8922-11ea-9959-8c1645373715','dd7748c0-8922-11ea-9959-8c1645373715','employee','liked'),('dd801d9c-8922-11ea-9959-8c1645373715','dd774943-8922-11ea-9959-8c1645373715','employer','available'),('dd801d9c-8922-11ea-9959-8c1645373715','dd7749b4-8922-11ea-9959-8c1645373715','employer','available'),('dd801d9c-8922-11ea-9959-8c1645373715','dd774b18-8922-11ea-9959-8c1645373715','employer','offered'),('dd801d9c-8922-11ea-9959-8c1645373715','dd774b89-8922-11ea-9959-8c1645373715','employer','available'),('dd801d9c-8922-11ea-9959-8c1645373715','dd774c6e-8922-11ea-9959-8c1645373715','employer','available'),('dd801d9c-8922-11ea-9959-8c1645373715','dd774cd8-8922-11ea-9959-8c1645373715','employer','available'),('dd801d9c-8922-11ea-9959-8c1645373715','dd774d41-8922-11ea-9959-8c1645373715','employee','liked'),('dd801d9c-8922-11ea-9959-8c1645373715','dd774db2-8922-11ea-9959-8c1645373715','employer','offered'),('dd801d9c-8922-11ea-9959-8c1645373715','dd774e86-8922-11ea-9959-8c1645373715','employee','offered'),('dd801d9c-8922-11ea-9959-8c1645373715','dd774ef3-8922-11ea-9959-8c1645373715','employee','liked'),('dd801d9c-8922-11ea-9959-8c1645373715','dd775104-8922-11ea-9959-8c1645373715','employee','liked'),('dd801d9c-8922-11ea-9959-8c1645373715','dd7751ed-8922-11ea-9959-8c1645373715','employer','offered'),('dd801d9c-8922-11ea-9959-8c1645373715','dd775288-8922-11ea-9959-8c1645373715','employee','liked'),('dd801d9c-8922-11ea-9959-8c1645373715','dd7752fc-8922-11ea-9959-8c1645373715','employer','offered'),('dd801d9c-8922-11ea-9959-8c1645373715','dd775363-8922-11ea-9959-8c1645373715','employee','offered'),('dd801d9c-8922-11ea-9959-8c1645373715','dd7753c2-8922-11ea-9959-8c1645373715','employee','offered'),('dd801d9c-8922-11ea-9959-8c1645373715','dd7754c7-8922-11ea-9959-8c1645373715','employee','offered'),('dd801d9c-8922-11ea-9959-8c1645373715','dd77553b-8922-11ea-9959-8c1645373715','employer','offered'),('dd801d9c-8922-11ea-9959-8c1645373715','dd7755a8-8922-11ea-9959-8c1645373715','employee','offered'),('dd801d9c-8922-11ea-9959-8c1645373715','dd775671-8922-11ea-9959-8c1645373715','employer','available'),('dd801d9c-8922-11ea-9959-8c1645373715','dd7756d8-8922-11ea-9959-8c1645373715','employer','offered'),('dd801d9c-8922-11ea-9959-8c1645373715','dd77573e-8922-11ea-9959-8c1645373715','employee','offered'),('dd801d9c-8922-11ea-9959-8c1645373715','dd7758de-8922-11ea-9959-8c1645373715','employer','offered'),('dd801d9c-8922-11ea-9959-8c1645373715','dd775948-8922-11ea-9959-8c1645373715','employer','offered'),('dd801d9c-8922-11ea-9959-8c1645373715','dd7759b9-8922-11ea-9959-8c1645373715','employee','liked'),('dd801d9c-8922-11ea-9959-8c1645373715','dd775a30-8922-11ea-9959-8c1645373715','employer','available'),('dd801d9c-8922-11ea-9959-8c1645373715','dd775ac8-8922-11ea-9959-8c1645373715','employer','available'),('dd801d9c-8922-11ea-9959-8c1645373715','dd775c14-8922-11ea-9959-8c1645373715','employee','liked'),('dd801d9c-8922-11ea-9959-8c1645373715','dd775cbd-8922-11ea-9959-8c1645373715','employee','offered'),('dd801ebd-8922-11ea-9959-8c1645373715','dd774943-8922-11ea-9959-8c1645373715','employee','liked'),('dd801ebd-8922-11ea-9959-8c1645373715','dd7749b4-8922-11ea-9959-8c1645373715','employee','liked'),('dd801ebd-8922-11ea-9959-8c1645373715','dd774b18-8922-11ea-9959-8c1645373715','employee','liked'),('dd801ebd-8922-11ea-9959-8c1645373715','dd774b89-8922-11ea-9959-8c1645373715','employer','offered'),('dd801ebd-8922-11ea-9959-8c1645373715','dd774bfd-8922-11ea-9959-8c1645373715','employer','offered'),('dd801ebd-8922-11ea-9959-8c1645373715','dd774c6e-8922-11ea-9959-8c1645373715','employee','offered'),('dd801ebd-8922-11ea-9959-8c1645373715','dd774cd8-8922-11ea-9959-8c1645373715','employer','offered'),('dd801ebd-8922-11ea-9959-8c1645373715','dd774d41-8922-11ea-9959-8c1645373715','employee','offered'),('dd801ebd-8922-11ea-9959-8c1645373715','dd774db2-8922-11ea-9959-8c1645373715','employee','liked'),('dd801ebd-8922-11ea-9959-8c1645373715','dd774e1c-8922-11ea-9959-8c1645373715','employer','available'),('dd801ebd-8922-11ea-9959-8c1645373715','dd774e86-8922-11ea-9959-8c1645373715','employee','offered'),('dd801ebd-8922-11ea-9959-8c1645373715','dd774ef3-8922-11ea-9959-8c1645373715','employer','offered'),('dd801ebd-8922-11ea-9959-8c1645373715','dd774f5d-8922-11ea-9959-8c1645373715','employer','available'),('dd801ebd-8922-11ea-9959-8c1645373715','dd775093-8922-11ea-9959-8c1645373715','employer','offered'),('dd801ebd-8922-11ea-9959-8c1645373715','dd775104-8922-11ea-9959-8c1645373715','employer','available'),('dd801ebd-8922-11ea-9959-8c1645373715','dd77516e-8922-11ea-9959-8c1645373715','employer','offered'),('dd801ebd-8922-11ea-9959-8c1645373715','dd7751ed-8922-11ea-9959-8c1645373715','employee','offered'),('dd801ebd-8922-11ea-9959-8c1645373715','dd775288-8922-11ea-9959-8c1645373715','employer','offered'),('dd801ebd-8922-11ea-9959-8c1645373715','dd7752fc-8922-11ea-9959-8c1645373715','employee','offered'),('dd801ebd-8922-11ea-9959-8c1645373715','dd7753c2-8922-11ea-9959-8c1645373715','employee','offered'),('dd801ebd-8922-11ea-9959-8c1645373715','dd7754c7-8922-11ea-9959-8c1645373715','employee','offered'),('dd801ebd-8922-11ea-9959-8c1645373715','dd77553b-8922-11ea-9959-8c1645373715','employee','liked'),('dd801ebd-8922-11ea-9959-8c1645373715','dd7755a8-8922-11ea-9959-8c1645373715','employer','offered'),('dd801ebd-8922-11ea-9959-8c1645373715','dd77560f-8922-11ea-9959-8c1645373715','employer','offered'),('dd801ebd-8922-11ea-9959-8c1645373715','dd7756d8-8922-11ea-9959-8c1645373715','employer','offered'),('dd801ebd-8922-11ea-9959-8c1645373715','dd77573e-8922-11ea-9959-8c1645373715','employer','available'),('dd801ebd-8922-11ea-9959-8c1645373715','dd77580a-8922-11ea-9959-8c1645373715','employee','offered'),('dd801ebd-8922-11ea-9959-8c1645373715','dd7758de-8922-11ea-9959-8c1645373715','employer','available'),('dd801ebd-8922-11ea-9959-8c1645373715','dd775948-8922-11ea-9959-8c1645373715','employer','available'),('dd801ebd-8922-11ea-9959-8c1645373715','dd7759b9-8922-11ea-9959-8c1645373715','employer','available'),('dd801ebd-8922-11ea-9959-8c1645373715','dd775ac8-8922-11ea-9959-8c1645373715','employer','available'),('dd801ebd-8922-11ea-9959-8c1645373715','dd775b52-8922-11ea-9959-8c1645373715','employee','liked'),('dd801ebd-8922-11ea-9959-8c1645373715','dd775c14-8922-11ea-9959-8c1645373715','employer','offered'),('dd801ebd-8922-11ea-9959-8c1645373715','dd775cbd-8922-11ea-9959-8c1645373715','employee','liked'),('dd801fe5-8922-11ea-9959-8c1645373715','dd7748c0-8922-11ea-9959-8c1645373715','employee','offered'),('dd801fe5-8922-11ea-9959-8c1645373715','dd7749b4-8922-11ea-9959-8c1645373715','employee','offered'),('dd801fe5-8922-11ea-9959-8c1645373715','dd774aaa-8922-11ea-9959-8c1645373715','employee','liked'),('dd801fe5-8922-11ea-9959-8c1645373715','dd774b18-8922-11ea-9959-8c1645373715','employer','available'),('dd801fe5-8922-11ea-9959-8c1645373715','dd774b89-8922-11ea-9959-8c1645373715','employer','offered'),('dd801fe5-8922-11ea-9959-8c1645373715','dd774c6e-8922-11ea-9959-8c1645373715','employee','liked'),('dd801fe5-8922-11ea-9959-8c1645373715','dd774cd8-8922-11ea-9959-8c1645373715','employer','offered'),('dd801fe5-8922-11ea-9959-8c1645373715','dd774d41-8922-11ea-9959-8c1645373715','employer','available'),('dd801fe5-8922-11ea-9959-8c1645373715','dd774db2-8922-11ea-9959-8c1645373715','employer','available'),('dd801fe5-8922-11ea-9959-8c1645373715','dd774e1c-8922-11ea-9959-8c1645373715','employer','available'),('dd801fe5-8922-11ea-9959-8c1645373715','dd774e86-8922-11ea-9959-8c1645373715','employer','available'),('dd801fe5-8922-11ea-9959-8c1645373715','dd774ef3-8922-11ea-9959-8c1645373715','employer','offered'),('dd801fe5-8922-11ea-9959-8c1645373715','dd775093-8922-11ea-9959-8c1645373715','employer','available'),('dd801fe5-8922-11ea-9959-8c1645373715','dd775104-8922-11ea-9959-8c1645373715','employer','offered'),('dd801fe5-8922-11ea-9959-8c1645373715','dd7751ed-8922-11ea-9959-8c1645373715','employee','liked'),('dd801fe5-8922-11ea-9959-8c1645373715','dd7752fc-8922-11ea-9959-8c1645373715','employee','liked'),('dd801fe5-8922-11ea-9959-8c1645373715','dd77553b-8922-11ea-9959-8c1645373715','employer','available'),('dd801fe5-8922-11ea-9959-8c1645373715','dd77560f-8922-11ea-9959-8c1645373715','employer','available'),('dd801fe5-8922-11ea-9959-8c1645373715','dd775671-8922-11ea-9959-8c1645373715','employee','liked'),('dd801fe5-8922-11ea-9959-8c1645373715','dd7756d8-8922-11ea-9959-8c1645373715','employee','offered'),('dd801fe5-8922-11ea-9959-8c1645373715','dd77573e-8922-11ea-9959-8c1645373715','employer','available'),('dd801fe5-8922-11ea-9959-8c1645373715','dd7758de-8922-11ea-9959-8c1645373715','employee','offered'),('dd801fe5-8922-11ea-9959-8c1645373715','dd775948-8922-11ea-9959-8c1645373715','employer','available'),('dd801fe5-8922-11ea-9959-8c1645373715','dd7759b9-8922-11ea-9959-8c1645373715','employee','offered'),('dd801fe5-8922-11ea-9959-8c1645373715','dd775a30-8922-11ea-9959-8c1645373715','employee','offered'),('dd801fe5-8922-11ea-9959-8c1645373715','dd775ac8-8922-11ea-9959-8c1645373715','employer','available'),('dd801fe5-8922-11ea-9959-8c1645373715','dd775b52-8922-11ea-9959-8c1645373715','employer','offered'),('dd801fe5-8922-11ea-9959-8c1645373715','dd775c14-8922-11ea-9959-8c1645373715','employee','offered'),('dd801fe5-8922-11ea-9959-8c1645373715','dd775cbd-8922-11ea-9959-8c1645373715','employee','offered'),('dd80211f-8922-11ea-9959-8c1645373715','dd774943-8922-11ea-9959-8c1645373715','employer','offered'),('dd80211f-8922-11ea-9959-8c1645373715','dd7749b4-8922-11ea-9959-8c1645373715','employee','offered'),('dd80211f-8922-11ea-9959-8c1645373715','dd774a3a-8922-11ea-9959-8c1645373715','employer','offered'),('dd80211f-8922-11ea-9959-8c1645373715','dd774aaa-8922-11ea-9959-8c1645373715','employer','offered'),('dd80211f-8922-11ea-9959-8c1645373715','dd774b18-8922-11ea-9959-8c1645373715','employee','offered'),('dd80211f-8922-11ea-9959-8c1645373715','dd774b89-8922-11ea-9959-8c1645373715','employer','available'),('dd80211f-8922-11ea-9959-8c1645373715','dd774bfd-8922-11ea-9959-8c1645373715','employee','offered'),('dd80211f-8922-11ea-9959-8c1645373715','dd774c6e-8922-11ea-9959-8c1645373715','employer','offered'),('dd80211f-8922-11ea-9959-8c1645373715','dd774cd8-8922-11ea-9959-8c1645373715','employer','offered'),('dd80211f-8922-11ea-9959-8c1645373715','dd774d41-8922-11ea-9959-8c1645373715','employee','liked'),('dd80211f-8922-11ea-9959-8c1645373715','dd774db2-8922-11ea-9959-8c1645373715','employer','available'),('dd80211f-8922-11ea-9959-8c1645373715','dd774e1c-8922-11ea-9959-8c1645373715','employee','liked'),('dd80211f-8922-11ea-9959-8c1645373715','dd774e86-8922-11ea-9959-8c1645373715','employer','offered'),('dd80211f-8922-11ea-9959-8c1645373715','dd774ef3-8922-11ea-9959-8c1645373715','employer','available'),('dd80211f-8922-11ea-9959-8c1645373715','dd774fc3-8922-11ea-9959-8c1645373715','employer','offered'),('dd80211f-8922-11ea-9959-8c1645373715','dd775104-8922-11ea-9959-8c1645373715','employer','available'),('dd80211f-8922-11ea-9959-8c1645373715','dd77516e-8922-11ea-9959-8c1645373715','employer','available'),('dd80211f-8922-11ea-9959-8c1645373715','dd7751ed-8922-11ea-9959-8c1645373715','employee','liked'),('dd80211f-8922-11ea-9959-8c1645373715','dd7752fc-8922-11ea-9959-8c1645373715','employer','offered'),('dd80211f-8922-11ea-9959-8c1645373715','dd775363-8922-11ea-9959-8c1645373715','employer','offered'),('dd80211f-8922-11ea-9959-8c1645373715','dd7753c2-8922-11ea-9959-8c1645373715','employer','available'),('dd80211f-8922-11ea-9959-8c1645373715','dd77553b-8922-11ea-9959-8c1645373715','employee','offered'),('dd80211f-8922-11ea-9959-8c1645373715','dd7755a8-8922-11ea-9959-8c1645373715','employee','offered'),('dd80211f-8922-11ea-9959-8c1645373715','dd77560f-8922-11ea-9959-8c1645373715','employer','available'),('dd80211f-8922-11ea-9959-8c1645373715','dd775671-8922-11ea-9959-8c1645373715','employer','offered'),('dd80211f-8922-11ea-9959-8c1645373715','dd7756d8-8922-11ea-9959-8c1645373715','employee','offered'),('dd80211f-8922-11ea-9959-8c1645373715','dd7758de-8922-11ea-9959-8c1645373715','employee','liked'),('dd80211f-8922-11ea-9959-8c1645373715','dd775948-8922-11ea-9959-8c1645373715','employee','offered'),('dd80211f-8922-11ea-9959-8c1645373715','dd7759b9-8922-11ea-9959-8c1645373715','employer','available'),('dd80211f-8922-11ea-9959-8c1645373715','dd775a30-8922-11ea-9959-8c1645373715','employee','liked'),('dd80211f-8922-11ea-9959-8c1645373715','dd775cbd-8922-11ea-9959-8c1645373715','employer','available'),('dd80225c-8922-11ea-9959-8c1645373715','dd7748c0-8922-11ea-9959-8c1645373715','employer','offered'),('dd80225c-8922-11ea-9959-8c1645373715','dd774943-8922-11ea-9959-8c1645373715','employee','offered'),('dd80225c-8922-11ea-9959-8c1645373715','dd7749b4-8922-11ea-9959-8c1645373715','employee','liked'),('dd80225c-8922-11ea-9959-8c1645373715','dd774aaa-8922-11ea-9959-8c1645373715','employer','available'),('dd80225c-8922-11ea-9959-8c1645373715','dd774b89-8922-11ea-9959-8c1645373715','employee','liked'),('dd80225c-8922-11ea-9959-8c1645373715','dd774bfd-8922-11ea-9959-8c1645373715','employer','offered'),('dd80225c-8922-11ea-9959-8c1645373715','dd774c6e-8922-11ea-9959-8c1645373715','employer','offered'),('dd80225c-8922-11ea-9959-8c1645373715','dd774cd8-8922-11ea-9959-8c1645373715','employer','available'),('dd80225c-8922-11ea-9959-8c1645373715','dd774db2-8922-11ea-9959-8c1645373715','employee','offered'),('dd80225c-8922-11ea-9959-8c1645373715','dd774e86-8922-11ea-9959-8c1645373715','employee','liked'),('dd80225c-8922-11ea-9959-8c1645373715','dd774ef3-8922-11ea-9959-8c1645373715','employee','offered'),('dd80225c-8922-11ea-9959-8c1645373715','dd774f5d-8922-11ea-9959-8c1645373715','employer','available'),('dd80225c-8922-11ea-9959-8c1645373715','dd775029-8922-11ea-9959-8c1645373715','employer','offered'),('dd80225c-8922-11ea-9959-8c1645373715','dd775104-8922-11ea-9959-8c1645373715','employee','liked'),('dd80225c-8922-11ea-9959-8c1645373715','dd77516e-8922-11ea-9959-8c1645373715','employer','offered'),('dd80225c-8922-11ea-9959-8c1645373715','dd7751ed-8922-11ea-9959-8c1645373715','employer','available'),('dd80225c-8922-11ea-9959-8c1645373715','dd7752fc-8922-11ea-9959-8c1645373715','employee','offered'),('dd80225c-8922-11ea-9959-8c1645373715','dd775363-8922-11ea-9959-8c1645373715','employee','offered'),('dd80225c-8922-11ea-9959-8c1645373715','dd77545d-8922-11ea-9959-8c1645373715','employee','liked'),('dd80225c-8922-11ea-9959-8c1645373715','dd7754c7-8922-11ea-9959-8c1645373715','employer','offered'),('dd80225c-8922-11ea-9959-8c1645373715','dd77553b-8922-11ea-9959-8c1645373715','employee','liked'),('dd80225c-8922-11ea-9959-8c1645373715','dd7755a8-8922-11ea-9959-8c1645373715','employee','offered'),('dd80225c-8922-11ea-9959-8c1645373715','dd77560f-8922-11ea-9959-8c1645373715','employer','available'),('dd80225c-8922-11ea-9959-8c1645373715','dd775671-8922-11ea-9959-8c1645373715','employer','available'),('dd80225c-8922-11ea-9959-8c1645373715','dd7756d8-8922-11ea-9959-8c1645373715','employee','offered'),('dd80225c-8922-11ea-9959-8c1645373715','dd7757a4-8922-11ea-9959-8c1645373715','employer','offered'),('dd80225c-8922-11ea-9959-8c1645373715','dd77580a-8922-11ea-9959-8c1645373715','employee','liked'),('dd80225c-8922-11ea-9959-8c1645373715','dd7758de-8922-11ea-9959-8c1645373715','employer','available'),('dd80225c-8922-11ea-9959-8c1645373715','dd775948-8922-11ea-9959-8c1645373715','employer','offered'),('dd80225c-8922-11ea-9959-8c1645373715','dd7759b9-8922-11ea-9959-8c1645373715','employee','liked'),('dd80225c-8922-11ea-9959-8c1645373715','dd775a30-8922-11ea-9959-8c1645373715','employer','available'),('dd80225c-8922-11ea-9959-8c1645373715','dd775c14-8922-11ea-9959-8c1645373715','employer','available'),('dd80225c-8922-11ea-9959-8c1645373715','dd775cbd-8922-11ea-9959-8c1645373715','employee','offered'),('dd802381-8922-11ea-9959-8c1645373715','dd774943-8922-11ea-9959-8c1645373715','employer','available'),('dd802381-8922-11ea-9959-8c1645373715','dd7749b4-8922-11ea-9959-8c1645373715','employer','available'),('dd802381-8922-11ea-9959-8c1645373715','dd774aaa-8922-11ea-9959-8c1645373715','employer','offered'),('dd802381-8922-11ea-9959-8c1645373715','dd774b89-8922-11ea-9959-8c1645373715','employer','offered'),('dd802381-8922-11ea-9959-8c1645373715','dd774bfd-8922-11ea-9959-8c1645373715','employee','offered'),('dd802381-8922-11ea-9959-8c1645373715','dd774c6e-8922-11ea-9959-8c1645373715','employer','available'),('dd802381-8922-11ea-9959-8c1645373715','dd774d41-8922-11ea-9959-8c1645373715','employee','liked'),('dd802381-8922-11ea-9959-8c1645373715','dd774db2-8922-11ea-9959-8c1645373715','employer','offered'),('dd802381-8922-11ea-9959-8c1645373715','dd774e86-8922-11ea-9959-8c1645373715','employer','available'),('dd802381-8922-11ea-9959-8c1645373715','dd774ef3-8922-11ea-9959-8c1645373715','employer','available'),('dd802381-8922-11ea-9959-8c1645373715','dd774f5d-8922-11ea-9959-8c1645373715','employee','offered'),('dd802381-8922-11ea-9959-8c1645373715','dd775029-8922-11ea-9959-8c1645373715','employee','offered'),('dd802381-8922-11ea-9959-8c1645373715','dd77516e-8922-11ea-9959-8c1645373715','employer','available'),('dd802381-8922-11ea-9959-8c1645373715','dd7752fc-8922-11ea-9959-8c1645373715','employee','offered'),('dd802381-8922-11ea-9959-8c1645373715','dd7753c2-8922-11ea-9959-8c1645373715','employee','offered'),('dd802381-8922-11ea-9959-8c1645373715','dd77545d-8922-11ea-9959-8c1645373715','employer','offered'),('dd802381-8922-11ea-9959-8c1645373715','dd7754c7-8922-11ea-9959-8c1645373715','employer','available'),('dd802381-8922-11ea-9959-8c1645373715','dd77553b-8922-11ea-9959-8c1645373715','employee','offered'),('dd802381-8922-11ea-9959-8c1645373715','dd7755a8-8922-11ea-9959-8c1645373715','employee','liked'),('dd802381-8922-11ea-9959-8c1645373715','dd77560f-8922-11ea-9959-8c1645373715','employee','liked'),('dd802381-8922-11ea-9959-8c1645373715','dd775671-8922-11ea-9959-8c1645373715','employee','liked'),('dd802381-8922-11ea-9959-8c1645373715','dd7756d8-8922-11ea-9959-8c1645373715','employee','offered'),('dd802381-8922-11ea-9959-8c1645373715','dd77573e-8922-11ea-9959-8c1645373715','employee','offered'),('dd802381-8922-11ea-9959-8c1645373715','dd7758de-8922-11ea-9959-8c1645373715','employer','available'),('dd802381-8922-11ea-9959-8c1645373715','dd775948-8922-11ea-9959-8c1645373715','employer','available'),('dd802381-8922-11ea-9959-8c1645373715','dd775a30-8922-11ea-9959-8c1645373715','employee','liked'),('dd802381-8922-11ea-9959-8c1645373715','dd775c14-8922-11ea-9959-8c1645373715','employee','liked'),('dd802381-8922-11ea-9959-8c1645373715','dd775cbd-8922-11ea-9959-8c1645373715','employee','liked'),('dd8024b7-8922-11ea-9959-8c1645373715','dd7748c0-8922-11ea-9959-8c1645373715','employer','offered'),('dd8024b7-8922-11ea-9959-8c1645373715','dd774943-8922-11ea-9959-8c1645373715','employee','liked'),('dd8024b7-8922-11ea-9959-8c1645373715','dd7749b4-8922-11ea-9959-8c1645373715','employer','available'),('dd8024b7-8922-11ea-9959-8c1645373715','dd774aaa-8922-11ea-9959-8c1645373715','employer','offered'),('dd8024b7-8922-11ea-9959-8c1645373715','dd774b89-8922-11ea-9959-8c1645373715','employer','available'),('dd8024b7-8922-11ea-9959-8c1645373715','dd774bfd-8922-11ea-9959-8c1645373715','employer','available'),('dd8024b7-8922-11ea-9959-8c1645373715','dd774c6e-8922-11ea-9959-8c1645373715','employee','liked'),('dd8024b7-8922-11ea-9959-8c1645373715','dd774d41-8922-11ea-9959-8c1645373715','employee','liked'),('dd8024b7-8922-11ea-9959-8c1645373715','dd774db2-8922-11ea-9959-8c1645373715','employer','offered'),('dd8024b7-8922-11ea-9959-8c1645373715','dd774e1c-8922-11ea-9959-8c1645373715','employee','liked'),('dd8024b7-8922-11ea-9959-8c1645373715','dd774e86-8922-11ea-9959-8c1645373715','employee','liked'),('dd8024b7-8922-11ea-9959-8c1645373715','dd774ef3-8922-11ea-9959-8c1645373715','employer','available'),('dd8024b7-8922-11ea-9959-8c1645373715','dd775093-8922-11ea-9959-8c1645373715','employer','available'),('dd8024b7-8922-11ea-9959-8c1645373715','dd775104-8922-11ea-9959-8c1645373715','employer','available'),('dd8024b7-8922-11ea-9959-8c1645373715','dd7751ed-8922-11ea-9959-8c1645373715','employee','offered'),('dd8024b7-8922-11ea-9959-8c1645373715','dd7752fc-8922-11ea-9959-8c1645373715','employee','liked'),('dd8024b7-8922-11ea-9959-8c1645373715','dd775363-8922-11ea-9959-8c1645373715','employer','available'),('dd8024b7-8922-11ea-9959-8c1645373715','dd7753c2-8922-11ea-9959-8c1645373715','employer','available'),('dd8024b7-8922-11ea-9959-8c1645373715','dd77553b-8922-11ea-9959-8c1645373715','employee','liked'),('dd8024b7-8922-11ea-9959-8c1645373715','dd7755a8-8922-11ea-9959-8c1645373715','employer','available'),('dd8024b7-8922-11ea-9959-8c1645373715','dd775671-8922-11ea-9959-8c1645373715','employer','offered'),('dd8024b7-8922-11ea-9959-8c1645373715','dd7756d8-8922-11ea-9959-8c1645373715','employee','liked'),('dd8024b7-8922-11ea-9959-8c1645373715','dd77573e-8922-11ea-9959-8c1645373715','employee','liked'),('dd8024b7-8922-11ea-9959-8c1645373715','dd77580a-8922-11ea-9959-8c1645373715','employer','available'),('dd8024b7-8922-11ea-9959-8c1645373715','dd7758de-8922-11ea-9959-8c1645373715','employer','offered'),('dd8024b7-8922-11ea-9959-8c1645373715','dd775948-8922-11ea-9959-8c1645373715','employee','liked'),('dd8024b7-8922-11ea-9959-8c1645373715','dd775c14-8922-11ea-9959-8c1645373715','employer','offered'),('dd8024b7-8922-11ea-9959-8c1645373715','dd775cbd-8922-11ea-9959-8c1645373715','employee','offered'),('dd802622-8922-11ea-9959-8c1645373715','dd7748c0-8922-11ea-9959-8c1645373715','employer','available'),('dd802622-8922-11ea-9959-8c1645373715','dd774943-8922-11ea-9959-8c1645373715','employer','available'),('dd802622-8922-11ea-9959-8c1645373715','dd7749b4-8922-11ea-9959-8c1645373715','employer','available'),('dd802622-8922-11ea-9959-8c1645373715','dd774a3a-8922-11ea-9959-8c1645373715','employee','liked'),('dd802622-8922-11ea-9959-8c1645373715','dd774aaa-8922-11ea-9959-8c1645373715','employee','liked'),('dd802622-8922-11ea-9959-8c1645373715','dd774b18-8922-11ea-9959-8c1645373715','employer','offered'),('dd802622-8922-11ea-9959-8c1645373715','dd774bfd-8922-11ea-9959-8c1645373715','employee','liked'),('dd802622-8922-11ea-9959-8c1645373715','dd774cd8-8922-11ea-9959-8c1645373715','employee','offered'),('dd802622-8922-11ea-9959-8c1645373715','dd774d41-8922-11ea-9959-8c1645373715','employee','liked'),('dd802622-8922-11ea-9959-8c1645373715','dd774db2-8922-11ea-9959-8c1645373715','employer','available'),('dd802622-8922-11ea-9959-8c1645373715','dd774e1c-8922-11ea-9959-8c1645373715','employer','available'),('dd802622-8922-11ea-9959-8c1645373715','dd774e86-8922-11ea-9959-8c1645373715','employee','offered'),('dd802622-8922-11ea-9959-8c1645373715','dd774ef3-8922-11ea-9959-8c1645373715','employer','available'),('dd802622-8922-11ea-9959-8c1645373715','dd774f5d-8922-11ea-9959-8c1645373715','employee','liked'),('dd802622-8922-11ea-9959-8c1645373715','dd775029-8922-11ea-9959-8c1645373715','employer','available'),('dd802622-8922-11ea-9959-8c1645373715','dd775104-8922-11ea-9959-8c1645373715','employee','offered'),('dd802622-8922-11ea-9959-8c1645373715','dd7752fc-8922-11ea-9959-8c1645373715','employee','liked'),('dd802622-8922-11ea-9959-8c1645373715','dd775363-8922-11ea-9959-8c1645373715','employee','offered'),('dd802622-8922-11ea-9959-8c1645373715','dd7753c2-8922-11ea-9959-8c1645373715','employee','liked'),('dd802622-8922-11ea-9959-8c1645373715','dd77545d-8922-11ea-9959-8c1645373715','employer','available'),('dd802622-8922-11ea-9959-8c1645373715','dd77553b-8922-11ea-9959-8c1645373715','employee','offered'),('dd802622-8922-11ea-9959-8c1645373715','dd7755a8-8922-11ea-9959-8c1645373715','employee','offered'),('dd802622-8922-11ea-9959-8c1645373715','dd77573e-8922-11ea-9959-8c1645373715','employee','offered'),('dd802622-8922-11ea-9959-8c1645373715','dd7758de-8922-11ea-9959-8c1645373715','employee','liked'),('dd802622-8922-11ea-9959-8c1645373715','dd7759b9-8922-11ea-9959-8c1645373715','employee','liked'),('dd802622-8922-11ea-9959-8c1645373715','dd775a30-8922-11ea-9959-8c1645373715','employee','offered'),('dd802622-8922-11ea-9959-8c1645373715','dd775b52-8922-11ea-9959-8c1645373715','employee','offered'),('dd802935-8922-11ea-9959-8c1645373715','dd774943-8922-11ea-9959-8c1645373715','employee','offered'),('dd802935-8922-11ea-9959-8c1645373715','dd7749b4-8922-11ea-9959-8c1645373715','employer','offered'),('dd802935-8922-11ea-9959-8c1645373715','dd774a3a-8922-11ea-9959-8c1645373715','employer','available'),('dd802935-8922-11ea-9959-8c1645373715','dd774aaa-8922-11ea-9959-8c1645373715','employee','liked'),('dd802935-8922-11ea-9959-8c1645373715','dd774b18-8922-11ea-9959-8c1645373715','employee','offered'),('dd802935-8922-11ea-9959-8c1645373715','dd774b89-8922-11ea-9959-8c1645373715','employer','offered'),('dd802935-8922-11ea-9959-8c1645373715','dd774c6e-8922-11ea-9959-8c1645373715','employer','available'),('dd802935-8922-11ea-9959-8c1645373715','dd774cd8-8922-11ea-9959-8c1645373715','employer','offered'),('dd802935-8922-11ea-9959-8c1645373715','dd774d41-8922-11ea-9959-8c1645373715','employer','available'),('dd802935-8922-11ea-9959-8c1645373715','dd774db2-8922-11ea-9959-8c1645373715','employer','available'),('dd802935-8922-11ea-9959-8c1645373715','dd774e1c-8922-11ea-9959-8c1645373715','employee','liked'),('dd802935-8922-11ea-9959-8c1645373715','dd774e86-8922-11ea-9959-8c1645373715','employer','available'),('dd802935-8922-11ea-9959-8c1645373715','dd774ef3-8922-11ea-9959-8c1645373715','employee','offered'),('dd802935-8922-11ea-9959-8c1645373715','dd774f5d-8922-11ea-9959-8c1645373715','employer','available'),('dd802935-8922-11ea-9959-8c1645373715','dd775104-8922-11ea-9959-8c1645373715','employer','available'),('dd802935-8922-11ea-9959-8c1645373715','dd7751ed-8922-11ea-9959-8c1645373715','employer','offered'),('dd802935-8922-11ea-9959-8c1645373715','dd7752fc-8922-11ea-9959-8c1645373715','employee','liked'),('dd802935-8922-11ea-9959-8c1645373715','dd7753c2-8922-11ea-9959-8c1645373715','employer','available'),('dd802935-8922-11ea-9959-8c1645373715','dd77545d-8922-11ea-9959-8c1645373715','employee','liked'),('dd802935-8922-11ea-9959-8c1645373715','dd77553b-8922-11ea-9959-8c1645373715','employee','liked'),('dd802935-8922-11ea-9959-8c1645373715','dd7755a8-8922-11ea-9959-8c1645373715','employee','liked'),('dd802935-8922-11ea-9959-8c1645373715','dd775671-8922-11ea-9959-8c1645373715','employer','offered'),('dd802935-8922-11ea-9959-8c1645373715','dd7756d8-8922-11ea-9959-8c1645373715','employer','offered'),('dd802935-8922-11ea-9959-8c1645373715','dd77580a-8922-11ea-9959-8c1645373715','employee','liked'),('dd802935-8922-11ea-9959-8c1645373715','dd7758de-8922-11ea-9959-8c1645373715','employer','available'),('dd802935-8922-11ea-9959-8c1645373715','dd775948-8922-11ea-9959-8c1645373715','employee','liked'),('dd802935-8922-11ea-9959-8c1645373715','dd7759b9-8922-11ea-9959-8c1645373715','employee','liked'),('dd802935-8922-11ea-9959-8c1645373715','dd775a30-8922-11ea-9959-8c1645373715','employer','available'),('dd802935-8922-11ea-9959-8c1645373715','dd775ac8-8922-11ea-9959-8c1645373715','employer','offered'),('dd802935-8922-11ea-9959-8c1645373715','dd775b52-8922-11ea-9959-8c1645373715','employee','offered'),('dd802935-8922-11ea-9959-8c1645373715','dd775cbd-8922-11ea-9959-8c1645373715','employer','offered');
/*!40000 ALTER TABLE `jobinterest` ENABLE KEYS */;
UNLOCK TABLES;

--
-- Table structure for table `jobs`
--

DROP TABLE IF EXISTS `jobs`;
/*!40101 SET @saved_cs_client     = @@character_set_client */;
/*!50503 SET character_set_client = utf8mb4 */;
CREATE TABLE `jobs` (
  `id` char(36) NOT NULL,
  `employer` char(36) NOT NULL,
  `role` char(36) NOT NULL,
  `contactName` char(100) DEFAULT NULL,
  `contactNumber` char(30) DEFAULT NULL,
  `contactEmail` char(100) DEFAULT NULL,
  `jobTitle` varchar(200) NOT NULL,
  `payRateFrom` float NOT NULL,
  `payRateTo` float DEFAULT NULL,
  `startDate` date NOT NULL,
  `endDate` date DEFAULT NULL,
  `workLocation` varchar(36) NOT NULL,
  `description` varchar(100) DEFAULT NULL,
  `bonus` tinyint(1) NOT NULL DEFAULT '0',
  `accomodation` tinyint(1) NOT NULL DEFAULT '0',
  PRIMARY KEY (`id`),
  KEY `employer` (`employer`),
  KEY `role` (`role`),
  KEY `workLocation` (`workLocation`),
  CONSTRAINT `jobs_ibfk_1` FOREIGN KEY (`employer`) REFERENCES `employers` (`id`),
  CONSTRAINT `jobs_ibfk_2` FOREIGN KEY (`role`) REFERENCES `roles` (`id`),
  CONSTRAINT `jobs_ibfk_3` FOREIGN KEY (`workLocation`) REFERENCES `locations` (`id`)
) ENGINE=InnoDB DEFAULT CHARSET=utf8mb4 COLLATE=utf8mb4_0900_ai_ci;
/*!40101 SET character_set_client = @saved_cs_client */;

--
-- Dumping data for table `jobs`
--

LOCK TABLES `jobs` WRITE;
/*!40000 ALTER TABLE `jobs` DISABLE KEYS */;
INSERT INTO `jobs` VALUES ('dd7fffa6-8922-11ea-9959-8c1645373715','dd773ff7-8922-11ea-9959-8c1645373715','dd7a431f-8922-11ea-9959-8c1645373715','Laura Kuhn','1-624-035-4718','Megane11@yahoo.com','cupiditate consequatur accusantium occaecati commodi nesciunt omnis sit nostrum voluptate corporis ratione',25,47704,'2020-11-05','2022-05-01','dd7b6905-8922-11ea-9959-8c1645373715','Libero excepturi odit repudiandae.',0,0),('dd801121-8922-11ea-9959-8c1645373715','dd773e76-8922-11ea-9959-8c1645373715','dd7a431f-8922-11ea-9959-8c1645373715','Elda Mraz','723-126-6918 x84851','June_Cole9@gmail.com','facilis ipsam illo laboriosam harum molestiae ut nam optio beatae enim est libero fuga ut non adipisci aut',20,58636,'2021-08-18','2022-10-08','dd7b7cfa-8922-11ea-9959-8c1645373715','Rerum natus dolor distinctio at eveniet dignissimos.',0,0),('dd8012cc-8922-11ea-9959-8c1645373715','dd773ff7-8922-11ea-9959-8c1645373715','dd7a478b-8922-11ea-9959-8c1645373715','Casey Stroman','(104) 913-4266','Beryl_Reinger@hotmail.com','quis et illum est nihil nam excepturi voluptatem quia excepturi soluta ipsam quia cupiditate atque impedit',25,10052,'2021-07-29','2022-05-06','dd7b6671-8922-11ea-9959-8c1645373715','Sunt omnis magnam.',1,1),('dd80140c-8922-11ea-9959-8c1645373715','dd773ff7-8922-11ea-9959-8c1645373715','dd7a4640-8922-11ea-9959-8c1645373715','Sandy Stracke','1-408-689-2207','Alfreda_Feest@hotmail.com','saepe occaecati nesciunt inventore velit perferendis et mollitia error',8.72,38311,'2021-09-05','2022-08-19','dd7b7d3d-8922-11ea-9959-8c1645373715','Odit eaque temporibus corporis quaerat quam.',0,0),('dd801554-8922-11ea-9959-8c1645373715','dd773ff7-8922-11ea-9959-8c1645373715','dd7a3ea2-8922-11ea-9959-8c1645373715','Albina Reynolds','852-243-8605 x87482','Noah66@gmail.com','officiis ipsam dolor repellat corrupti consequatur placeat exercitationem',10,21372,'2021-04-03','2022-07-30','dd7b6851-8922-11ea-9959-8c1645373715','Id voluptatibus cumque laudantium sed ab.',0,0),('dd801680-8922-11ea-9959-8c1645373715','dd774072-8922-11ea-9959-8c1645373715','dd7a43b4-8922-11ea-9959-8c1645373715','Claudia DuBuque Jr.','289.953.6905 x0095','Harry.Jacobi@gmail.com','facere fugit iusto similique illo vel neque rem',30,10761,'2020-07-03','2022-08-28','dd7b7d80-8922-11ea-9959-8c1645373715','Natus neque ipsum ut assumenda ipsum cumque ex consequuntur.',1,1),('dd8017a8-8922-11ea-9959-8c1645373715','dd773e76-8922-11ea-9959-8c1645373715','dd7a44fb-8922-11ea-9959-8c1645373715','Ms. Santos Sporer','(550) 085-2220 x39963','Alta50@yahoo.com','rem qui officia quos maiores in sed eos modi harum laudantium officiis est molestiae adipisci quisquam ea autem corrupti necessitatibus quas voluptatem natus aliquid',8.72,17516,'2021-07-19','2022-12-09','dd7b7f9f-8922-11ea-9959-8c1645373715','Nesciunt consequatur magni voluptas tempore animi consequatur maiores quo quas.',1,0),('dd8018db-8922-11ea-9959-8c1645373715','dd774072-8922-11ea-9959-8c1645373715','dd7a48d3-8922-11ea-9959-8c1645373715','Aurore Kub','(430) 233-0246','Nils_Lakin@hotmail.com','sit sit beatae molestiae temporibus et est vero deserunt culpa consectetur eaque quia enim rerum pariatur et repellat nulla culpa ut',10,62597,'2021-12-23','2022-10-20','dd7b7266-8922-11ea-9959-8c1645373715','Qui cum culpa quia tenetur provident ut a.',1,1),('dd801a0e-8922-11ea-9959-8c1645373715','dd773ff7-8922-11ea-9959-8c1645373715','dd7a4452-8922-11ea-9959-8c1645373715','Michale Stehr','310-279-6519 x61520','Henriette_Marvin@yahoo.com','quos dolorem eligendi dicta a aspernatur aut molestiae necessitatibus cumque occaecati voluptatem unde eligendi aut quia atque dolorem fugiat vero voluptatem',25,44823,'2021-09-05','2022-08-01','dd7b6a45-8922-11ea-9959-8c1645373715','Porro et laudantium eum quis.',1,1),('dd801b4b-8922-11ea-9959-8c1645373715','dd773f71-8922-11ea-9959-8c1645373715','dd7a43b4-8922-11ea-9959-8c1645373715','Berry Prohaska','405.726.7793','Taya.Mueller28@yahoo.com','quisquam ut omnis voluptatibus hic nemo illo placeat ut ullam voluptatem voluptates aliquid earum doloribus tempora molestiae qui laborum rerum ea corporis dolorem quae',15,26801,'2021-10-16','2022-11-16','dd7b7e49-8922-11ea-9959-8c1645373715','Ipsam sapiente quo quisquam sed rerum.',0,0),('dd801c7b-8922-11ea-9959-8c1645373715','dd772408-8922-11ea-9959-8c1645373715','dd7a431f-8922-11ea-9959-8c1645373715','Mavis Parisian','1-210-633-8488','Winifred79@yahoo.com','qui adipisci voluptas nisi labore ab et deserunt consectetur tempora debitis',25,25303,'2020-07-13','2022-06-27','dd7b79c8-8922-11ea-9959-8c1645373715','Quibusdam quod officia pariatur quo.',1,1),('dd801d9c-8922-11ea-9959-8c1645373715','dd772408-8922-11ea-9959-8c1645373715','dd7a4975-8922-11ea-9959-8c1645373715','Cordia Jones','158-052-4003 x491','Ollie76@hotmail.com','sapiente rerum inventore deleniti consectetur ut consectetur sint ea molestiae aut itaque qui dolores',10,65855,'2021-01-11','2022-05-06','dd7b79c8-8922-11ea-9959-8c1645373715','Aut eum qui et.',1,1),('dd801ebd-8922-11ea-9959-8c1645373715','dd773f71-8922-11ea-9959-8c1645373715','dd7a46e9-8922-11ea-9959-8c1645373715','Delta Rosenbaum','(430) 888-1922 x4027','Tyra_Cummings@yahoo.com','dolorem qui aut id saepe ratione earum vitae quos consequatur officia officiis',25,53743,'2021-02-27','2022-05-03','dd7b6b32-8922-11ea-9959-8c1645373715','Adipisci ea qui autem rerum sequi quae omnis repudiandae.',0,1),('dd801fe5-8922-11ea-9959-8c1645373715','dd773ff7-8922-11ea-9959-8c1645373715','dd7a43b4-8922-11ea-9959-8c1645373715','Shanelle Schuppe','956.295.2168','Kira_Jaskolski93@yahoo.com','quas aut numquam consequuntur facere dolorem nisi alias praesentium quo optio enim et ut omnis magnam quia asperiores',10,72176,'2021-04-02','2022-07-16','dd7b822b-8922-11ea-9959-8c1645373715','Voluptatem dolorem consequuntur itaque odio quo laborum aperiam iste.',0,0),('dd80211f-8922-11ea-9959-8c1645373715','dd773f71-8922-11ea-9959-8c1645373715','dd7a3ea2-8922-11ea-9959-8c1645373715','Carlee Schultz II','(350) 284-6054','Maida.Torp@gmail.com','itaque non repudiandae est adipisci mollitia corporis qui voluptas sit et id voluptatum laborum in atque labore officia blanditiis temporibus ea sint tenetur nisi',8.72,34986,'2021-10-11','2022-10-12','dd7b7e49-8922-11ea-9959-8c1645373715','Soluta eligendi id rerum dolorum impedit vero aut eum labore.',0,0),('dd80225c-8922-11ea-9959-8c1645373715','dd772408-8922-11ea-9959-8c1645373715','dd7a478b-8922-11ea-9959-8c1645373715','Jacques Runolfsdottir','1-998-259-7883 x93548','Toby_Rogahn@yahoo.com','est labore occaecati fugiat ut veritatis suscipit officia et et ea non omnis doloremque perferendis sed est qui itaque',10,45938,'2021-03-18','2022-12-11','dd7b6803-8922-11ea-9959-8c1645373715','Eligendi debitis culpa saepe aspernatur molestiae eos.',1,1),('dd802381-8922-11ea-9959-8c1645373715','dd772408-8922-11ea-9959-8c1645373715','dd7a3ea2-8922-11ea-9959-8c1645373715','Alia Schumm','1-973-897-9245','Immanuel.Zemlak45@gmail.com','amet quo qui sed dignissimos explicabo',10,58428,'2021-03-31','2022-11-21','dd7b6905-8922-11ea-9959-8c1645373715','Molestiae voluptates doloremque dolor ut qui veniam.',1,1),('dd8024b7-8922-11ea-9959-8c1645373715','dd773e76-8922-11ea-9959-8c1645373715','dd7a4452-8922-11ea-9959-8c1645373715','Sherman Leffler','659-629-5308','Annalise32@hotmail.com','omnis dolorem labore quibusdam ex eius temporibus facilis dolor libero reiciendis in nam ipsum hic',15,74097,'2020-08-27','2022-07-05','dd7b6b32-8922-11ea-9959-8c1645373715','Velit sapiente rerum.',1,1),('dd802622-8922-11ea-9959-8c1645373715','dd774072-8922-11ea-9959-8c1645373715','dd7a44fb-8922-11ea-9959-8c1645373715','Tanner Murazik','1-398-787-7707','Morton40@hotmail.com','enim ullam reprehenderit sapiente quo velit minima et illum totam quis autem commodi quae sit eum perferendis earum',15,15548,'2021-06-03','2022-07-20','dd7b7e49-8922-11ea-9959-8c1645373715','In eius voluptas.',0,0),('dd802935-8922-11ea-9959-8c1645373715','dd773e76-8922-11ea-9959-8c1645373715','dd7a4597-8922-11ea-9959-8c1645373715','Tanner Jerde','303-836-3947 x5258','Rudolph.Kuhlman57@yahoo.com','ea sit numquam magni nihil quo quo nesciunt itaque debitis consequuntur et non incidunt eum et fugiat',10,63524,'2021-11-10','2022-10-03','dd7b68ac-8922-11ea-9959-8c1645373715','Commodi magni consequatur dolores est cum porro ratione id.',0,0);
/*!40000 ALTER TABLE `jobs` ENABLE KEYS */;
UNLOCK TABLES;

--
-- Table structure for table `locations`
--

DROP TABLE IF EXISTS `locations`;
/*!40101 SET @saved_cs_client     = @@character_set_client */;
/*!50503 SET character_set_client = utf8mb4 */;
CREATE TABLE `locations` (
  `id` char(36) NOT NULL,
  `address` varchar(100) NOT NULL,
  `longitude` decimal(18,12) NOT NULL,
  `latitude` decimal(18,12) NOT NULL,
  PRIMARY KEY (`id`)
) ENGINE=InnoDB DEFAULT CHARSET=utf8mb4 COLLATE=utf8mb4_0900_ai_ci;
/*!40101 SET character_set_client = @saved_cs_client */;

--
-- Dumping data for table `locations`
--

LOCK TABLES `locations` WRITE;
/*!40000 ALTER TABLE `locations` DISABLE KEYS */;
INSERT INTO `locations` VALUES ('dd7b4324-8922-11ea-9959-8c1645373715','111 Dng Th Mi, Tn Chnh Hip, Qun 12, H Ch Minh 700000, Vietnam',106.638962300000,10.873732600000),('dd7b6585-8922-11ea-9959-8c1645373715','District 1, Ho Chi Minh City, Vietnam',106.700423800000,10.775658700000),('dd7b6671-8922-11ea-9959-8c1645373715','District 10, Ho Chi Minh City, Vietnam',106.667954200000,10.774596500000),('dd7b66d4-8922-11ea-9959-8c1645373715','District 12, Ho Chi Minh City, Vietnam',106.641332200000,10.867153100000),('dd7b6730-8922-11ea-9959-8c1645373715','District 11, Ho Chi Minh City, Vietnam',106.650084000000,10.762973900000),('dd7b67b9-8922-11ea-9959-8c1645373715','District 2, Ho Chi Minh City, Vietnam',106.749810500000,10.787272900000),('dd7b6803-8922-11ea-9959-8c1645373715','20 ng Tho in, Tho in, Qun 2, H Ch Minh, Vietnam',106.737471700000,10.804090500000),('dd7b6851-8922-11ea-9959-8c1645373715','989 2 ng Vn Cng, Phng Bnh Trng Ty, Qun 2, H Ch Minh, Vietnam',106.756602100000,10.780497700000),('dd7b68ac-8922-11ea-9959-8c1645373715','130 ng L Vn Thnh, Phng Bnh Trng Ty, Qun 2, H Ch Minh, Vietnam',106.769255900000,10.782703000000),('dd7b6905-8922-11ea-9959-8c1645373715','District 3, Ho Chi Minh City, Vietnam',106.684408900000,10.784369500000),('dd7b6948-8922-11ea-9959-8c1645373715','153, 155-157 Trn Quc Tho, Phng 9, Qun 3, H Ch Minh 70010, Vietnam',106.684026800000,10.784352200000),('dd7b6992-8922-11ea-9959-8c1645373715','District 4, Ho Chi Minh City, Vietnam',106.701296800000,10.757826300000),('dd7b69f1-8922-11ea-9959-8c1645373715','63, 65 Bn Vn n, Phng 12, Qun 4, H Ch Minh, Vietnam',106.702237600000,10.765307500000),('dd7b6a45-8922-11ea-9959-8c1645373715','18 ng on Nh Hi, Phng 12, Qun 4, H Ch Minh, Vietnam',106.705161800000,10.766321400000),('dd7b6a88-8922-11ea-9959-8c1645373715','120_122 ng Khnh Hi, Phng 3, Qun 4, H Ch Minh, Vietnam',106.700874000000,10.757037500000),('dd7b6ae1-8922-11ea-9959-8c1645373715','District 5, Ho Chi Minh City, Vietnam',106.663374600000,10.754027900000),('dd7b6b32-8922-11ea-9959-8c1645373715','3 Mc Cu, Phng 13, Qun 5, H Ch Minh, Vietnam',106.659248000000,10.750223000000),('dd7b6b7f-8922-11ea-9959-8c1645373715','203 An Dng Vng, Phng 8, Qun 5, phng 8 Qun 5 H Ch Minh, Vietnam',106.667540600000,10.755804900000),('dd7b6bd0-8922-11ea-9959-8c1645373715','642 A . Nguyn Tri, Phng 11, Qun 5, H Ch Minh 700000, Vietnam',106.665783200000,10.754080100000),('dd7b6c17-8922-11ea-9959-8c1645373715','District 6, Ho Chi Minh City, Vietnam',106.635236200000,10.748092900000),('dd7b6c56-8922-11ea-9959-8c1645373715','107 Cao Vn Lu, Phng 1, Qun 6, H Ch Minh, Vietnam',106.649579100000,10.746460100000),('dd7b6ca0-8922-11ea-9959-8c1645373715','88 Thp Mi, Phng 2, Qun 6, H Ch Minh, Vietnam',106.650462600000,10.749994900000),('dd7b6ce3-8922-11ea-9959-8c1645373715','2D Ch Ln, Phng 11, Qun 6, Phng 11 Qun 6 H Ch Minh, Vietnam',106.634848800000,10.746579300000),('dd7b6d35-8922-11ea-9959-8c1645373715','122 Minh Phng, Phng 6, Qun 6, H Ch Minh, Vietnam',106.642594900000,10.750283400000),('dd7b6d7f-8922-11ea-9959-8c1645373715','District 7, Ho Chi Minh City, Vietnam',106.721578700000,10.734034400000),('dd7b6dd7-8922-11ea-9959-8c1645373715','3 Tn Ph, P, Qun 7, H Ch Minh, Vietnam',106.725198000000,10.732771700000),('dd7b6e4b-8922-11ea-9959-8c1645373715','504, 506 Hunh Tn Pht, Bnh Thun, Qun 7, H Ch Minh, Vietnam',106.729268900000,10.741525000000),('dd7b6e92-8922-11ea-9959-8c1645373715','101 Nguyn Th Thp, Tn Ph, Qun 7, H Ch Minh, Vietnam',106.724182700000,10.737306600000),('dd7b6edc-8922-11ea-9959-8c1645373715','1441 Hunh Tn Pht, Ph M, Qun 7, H Ch Minh, Vietnam',106.737430600000,10.713484700000),('dd7b6f1f-8922-11ea-9959-8c1645373715','District 8, Ho Chi Minh City, Vietnam',106.628625900000,10.724087800000),('dd7b6f5e-8922-11ea-9959-8c1645373715','126 ng L Quyn, Phng 5, Qun 8, H Ch Minh, Vietnam',106.666435100000,10.740894000000),('dd7b6fa8-8922-11ea-9959-8c1645373715','993 Phm Th Hin, Phng 5, Qun 8, H Ch Minh, Vietnam',106.667816900000,10.742264300000),('dd7b6fef-8922-11ea-9959-8c1645373715','82 ng Cao L, Phng 4, Qun 8, H Ch Minh, Vietnam',106.676410000000,10.741574300000),('dd7b7039-8922-11ea-9959-8c1645373715','302 Phm Hng, Phng 5, Qun 8, H Ch Minh, Vietnam',106.667632700000,10.739722600000),('dd7b70aa-8922-11ea-9959-8c1645373715','Ho Chi Minh City, Vietnam',106.629663800000,10.823098900000),('dd7b70ed-8922-11ea-9959-8c1645373715','District 9, Ho Chi Minh City, Vietnam',106.828685100000,10.842840200000),('dd7b713e-8922-11ea-9959-8c1645373715','9 Xa l H Ni, Hip Ph, Qun 9, H Ch Minh, Vietnam',106.775624900000,10.849117200000),('dd7b718f-8922-11ea-9959-8c1645373715','Khu Ph 2, 387 L Vn Vit, Tng Nhn Ph A, Qun 9, H Ch Minh 715143, Vietnam',106.790147100000,10.844923500000),('dd7b71dc-8922-11ea-9959-8c1645373715','48A Tng Nhn Ph, Tng Nhn Ph B, Qun 9, H Ch Minh, Vietnam',106.779904000000,10.833476000000),('dd7b721f-8922-11ea-9959-8c1645373715','571 S Vn Hnh, Phng 12, Qun 10, H Ch Minh, Vietnam',106.666596300000,10.776170200000),('dd7b7266-8922-11ea-9959-8c1645373715','47 Thnh Thi, Phng 14, Qun 10, H Ch Minh, Vietnam',106.665163400000,10.772151200000),('dd7b72a5-8922-11ea-9959-8c1645373715','Cng vin H K Ho, Cao Thng, Phng 12, Qun 10, H Ch Minh, Vietnam',106.671473000000,10.774660900000),('dd7b72ec-8922-11ea-9959-8c1645373715','Jumeirah Village Circle - Dubai - United Arab Emirates',55.213494500000,25.054493800000),('dd7b732b-8922-11ea-9959-8c1645373715','1275 K St NW, 1275 K St NW, Washington, DC 20005, USA',-77.029233800000,38.902846000000),('dd7b77a2-8922-11ea-9959-8c1645373715','District 12 K - Dubai - United Arab Emirates',55.216772200000,25.053610800000),('dd7b7813-8922-11ea-9959-8c1645373715','72 ng s 5 - CX Bnh Thi, Phng 8, Qun 11, Phng 8 District 11 Ho Chi Minh City, Vietnam',106.647890600000,10.760772200000),('dd7b7860-8922-11ea-9959-8c1645373715','215a L Thng Kit, Phng 9, Qun 11, H Ch Minh, Vietnam',106.655477300000,10.778853100000),('dd7b78a7-8922-11ea-9959-8c1645373715','G Vp, Ho Chi Minh City, Vietnam',106.665290400000,10.838677900000),('dd7b78e6-8922-11ea-9959-8c1645373715','48/338D Quang Trung, Phng 12, G Vp, H Ch Minh, Vietnam',106.643063400000,10.840686200000),('dd7b792d-8922-11ea-9959-8c1645373715','90A Nguyn Thi Sn, Phng 3, G Vp, H Ch Minh, Vietnam',106.680746200000,10.816345500000),('dd7b7970-8922-11ea-9959-8c1645373715','641 Quang Trung, Phng 11, G Vp, H Ch Minh, Vietnam',106.661565700000,10.834685400000),('dd7b79c8-8922-11ea-9959-8c1645373715','312 ng Nguyn Vn Nghi, Phng 7, G Vp, H Ch Minh, Vietnam',106.683027300000,10.826341700000),('dd7b7a0e-8922-11ea-9959-8c1645373715','Tan Binh, Ho Chi Minh City, Vietnam',106.652597400000,10.801465900000),('dd7b7a55-8922-11ea-9959-8c1645373715','S 172 L Thng Kit, Phng 6, Tn Bnh, H Ch Minh 700000, Vietnam',106.653372600000,10.786006800000),('dd7b7a98-8922-11ea-9959-8c1645373715','450 Trng Chinh, Phng 13, Tn Bnh, H Ch Minh, Vietnam',106.639041700000,10.800721200000),('dd7b7ae2-8922-11ea-9959-8c1645373715','873 Cch Mng Thng Tm, Phng 7, Tn Bnh, H Ch Minh, Vietnam',106.660012800000,10.788691900000),('dd7b7b33-8922-11ea-9959-8c1645373715','446 Hong Vn Th, Phng 4, Tn Bnh, H Ch Minh, Vietnam',106.654797500000,10.795685800000),('dd7b7b7a-8922-11ea-9959-8c1645373715','Tn Ph, Ho Chi Minh City, Vietnam',106.628190100000,10.790051700000),('dd7b7bc7-8922-11ea-9959-8c1645373715','Tn Ph, District 7, Ho Chi Minh City, Vietnam',106.726412500000,10.725101400000),('dd7b7c15-8922-11ea-9959-8c1645373715','Tn Ph Trung, C Chi, Ho Chi Minh City, Vietnam',106.541106500000,10.938937500000),('dd7b7c6d-8922-11ea-9959-8c1645373715','Tn Ph, District 9, Ho Chi Minh City, Vietnam',106.803089200000,10.856965600000),('dd7b7cb7-8922-11ea-9959-8c1645373715','Tn Phc, Qun 10, H Ch Minh, Vietnam',106.663336200000,10.761712700000),('dd7b7cfa-8922-11ea-9959-8c1645373715','Bnh Thnh, Ho Chi Minh City, Vietnam',106.709142200000,10.810583100000),('dd7b7d3d-8922-11ea-9959-8c1645373715','Bnh Thnh, Bnh Hng Ha B, Bnh Tn, H Ch Minh, Vietnam',106.588417400000,10.806879800000),('dd7b7d80-8922-11ea-9959-8c1645373715','368 Bch ng, Phng 14, Bnh Thnh, H Ch Minh, Vietnam',106.698978500000,10.803134000000),('dd7b7dc3-8922-11ea-9959-8c1645373715','112AB inh Tin Hong, Phng 1, Bnh Thnh, H Ch Minh, Vietnam',106.696609300000,10.798054900000),('dd7b7e06-8922-11ea-9959-8c1645373715','164 X Vit Ngh Tnh, Phng 21, Bnh Thnh, H Ch Minh, Vietnam',106.710928700000,10.797424800000),('dd7b7e49-8922-11ea-9959-8c1645373715','Ph Nhun, Ho Chi Minh City, Vietnam',106.680263900000,10.799194400000),('dd7b7ebd-8922-11ea-9959-8c1645373715','5 Hong Minh Gim, Phng 9, Ph Nhun, H Ch Minh, Vietnam',106.675626800000,10.809559400000),('dd7b7f07-8922-11ea-9959-8c1645373715','274 Nguyn Trng Tuyn, Phng 8, Ph Nhun, H Ch Minh 40503, Vietnam',106.671828000000,10.798203100000),('dd7b7f51-8922-11ea-9959-8c1645373715','145/9 Nguyn Vn Tri, Phng 11, Ph Nhun, H Ch Minh, Vietnam',106.676238800000,10.794032900000),('dd7b7f9f-8922-11ea-9959-8c1645373715','82 Trn Huy Liu, Phng 15, Ph Nhun, H Ch Minh, Vietnam',106.678094000000,10.794784200000),('dd7b7fe6-8922-11ea-9959-8c1645373715','Bnh Tn, Ho Chi Minh City, Vietnam',106.603853500000,10.765258100000),('dd7b8030-8922-11ea-9959-8c1645373715','Hng L 2, Bnh Tr ng A, Bnh Tn, H Ch Minh, Vietnam',106.593216400000,10.769046600000),('dd7b8081-8922-11ea-9959-8c1645373715','1114 QL1A, Bnh Tr ng B, Bnh Tn, H Ch Minh, Vietnam',106.601924300000,10.730651600000),('dd7b80d5-8922-11ea-9959-8c1645373715','521 Kinh Dng Vng, An Lc, Bnh Tn, H Ch Minh, Vietnam',106.615660500000,10.737207500000),('dd7b811c-8922-11ea-9959-8c1645373715','1 ng s 48, Tn To, Bnh Tn, H Ch Minh, Vietnam',106.598099800000,10.751845300000),('dd7b815f-8922-11ea-9959-8c1645373715','Th c, Ho Chi Minh City, Vietnam',106.753705500000,10.849409400000),('dd7b81a2-8922-11ea-9959-8c1645373715','27 ng S 3, Hip Bnh Phc, Th c, H Ch Minh, Vietnam',106.710787200000,10.836314600000),('dd7b81e8-8922-11ea-9959-8c1645373715','54 ng G Da, Bnh Chiu, Th c, H Ch Minh, Vietnam',106.743008000000,10.870593000000),('dd7b822b-8922-11ea-9959-8c1645373715','Hong Diu 2, Phng 7, Th c, H Ch Minh, Vietnam',106.690699000000,10.800623000000);
/*!40000 ALTER TABLE `locations` ENABLE KEYS */;
UNLOCK TABLES;

--
-- Table structure for table `notifications`
--

DROP TABLE IF EXISTS `notifications`;
/*!40101 SET @saved_cs_client     = @@character_set_client */;
/*!50503 SET character_set_client = utf8mb4 */;
CREATE TABLE `notifications` (
  `id` char(36) NOT NULL,
  `receipent` char(36) NOT NULL,
  `job` char(36) NOT NULL,
  `employee` char(36) NOT NULL,
  `message` varchar(200) NOT NULL,
  `unread` tinyint(1) NOT NULL DEFAULT '1',
  `createdDate` date NOT NULL,
  KEY `job` (`job`),
  KEY `employee` (`employee`),
  KEY `receipent` (`receipent`),
  CONSTRAINT `notifications_ibfk_1` FOREIGN KEY (`job`) REFERENCES `jobs` (`id`),
  CONSTRAINT `notifications_ibfk_2` FOREIGN KEY (`employee`) REFERENCES `employees` (`id`),
  CONSTRAINT `notifications_ibfk_3` FOREIGN KEY (`receipent`) REFERENCES `users` (`id`)
) ENGINE=InnoDB DEFAULT CHARSET=utf8mb4 COLLATE=utf8mb4_0900_ai_ci;
/*!40101 SET character_set_client = @saved_cs_client */;

--
-- Dumping data for table `notifications`
--

LOCK TABLES `notifications` WRITE;
/*!40000 ALTER TABLE `notifications` DISABLE KEYS */;
/*!40000 ALTER TABLE `notifications` ENABLE KEYS */;
UNLOCK TABLES;

--
-- Table structure for table `roles`
--

DROP TABLE IF EXISTS `roles`;
/*!40101 SET @saved_cs_client     = @@character_set_client */;
/*!50503 SET character_set_client = utf8mb4 */;
CREATE TABLE `roles` (
  `id` char(36) NOT NULL,
  `roleName` varchar(100) NOT NULL,
  `industry` char(36) NOT NULL,
  `description` varchar(100) NOT NULL,
  PRIMARY KEY (`id`),
  UNIQUE KEY `roleName` (`roleName`),
  KEY `industry` (`industry`),
  CONSTRAINT `roles_ibfk_1` FOREIGN KEY (`industry`) REFERENCES `industries` (`id`)
) ENGINE=InnoDB DEFAULT CHARSET=utf8mb4 COLLATE=utf8mb4_0900_ai_ci;
/*!40101 SET character_set_client = @saved_cs_client */;

--
-- Dumping data for table `roles`
--

LOCK TABLES `roles` WRITE;
/*!40000 ALTER TABLE `roles` DISABLE KEYS */;
INSERT INTO `roles` VALUES ('dd7a2da9-8922-11ea-9959-8c1645373715','District Marketing Administrator','dd7931b1-8922-11ea-9959-8c1645373715','Qui dolorum similique voluptatem nisi quas laudantium consequatur earum et.'),('dd7a3d99-8922-11ea-9959-8c1645373715','Dynamic Factors Manager','dd795612-8922-11ea-9959-8c1645373715','Corrupti fuga est iste quam omnis est ea.'),('dd7a3ea2-8922-11ea-9959-8c1645373715','Central Security Manager','dd7931b1-8922-11ea-9959-8c1645373715','Porro odit pariatur.'),('dd7a3f4f-8922-11ea-9959-8c1645373715','Chief Solutions Associate','dd7931b1-8922-11ea-9959-8c1645373715','Sed qui nesciunt voluptas rerum at ad eligendi ut.'),('dd7a3ff1-8922-11ea-9959-8c1645373715','Future Markets Director','dd79557e-8922-11ea-9959-8c1645373715','Ab et enim earum sit ipsa tempore consequatur.'),('dd7a4097-8922-11ea-9959-8c1645373715','Internal Usability Orchestrator','dd795612-8922-11ea-9959-8c1645373715','Amet quis architecto sequi voluptatum ut est.'),('dd7a4139-8922-11ea-9959-8c1645373715','Direct Functionality Director','dd7955cc-8922-11ea-9959-8c1645373715','Ipsa repudiandae qui sed ea debitis voluptatum.'),('dd7a41db-8922-11ea-9959-8c1645373715','Direct Security Engineer','dd7931b1-8922-11ea-9959-8c1645373715','Et illo debitis minima necessitatibus qui dolore.'),('dd7a4284-8922-11ea-9959-8c1645373715','Investor Security Director','dd7955cc-8922-11ea-9959-8c1645373715','Et libero iusto.'),('dd7a431f-8922-11ea-9959-8c1645373715','Dynamic Usability Representative','dd79557e-8922-11ea-9959-8c1645373715','Itaque voluptas et.'),('dd7a43b4-8922-11ea-9959-8c1645373715','Dynamic Web Orchestrator','dd7931b1-8922-11ea-9959-8c1645373715','Et dolor soluta sapiente dolor nisi est.'),('dd7a4452-8922-11ea-9959-8c1645373715','Dynamic Accountability Assistant','dd795612-8922-11ea-9959-8c1645373715','Cupiditate voluptates quibusdam sapiente dignissimos quod.'),('dd7a44fb-8922-11ea-9959-8c1645373715','Internal Quality Consultant','dd79557e-8922-11ea-9959-8c1645373715','Inventore modi vel ea quod nisi doloremque.'),('dd7a4597-8922-11ea-9959-8c1645373715','Global Division Agent','dd795612-8922-11ea-9959-8c1645373715','Qui quia fugiat nesciunt delectus qui magni autem fuga.'),('dd7a4640-8922-11ea-9959-8c1645373715','Regional Assurance Officer','dd795612-8922-11ea-9959-8c1645373715','Perferendis quos facilis nesciunt culpa dolorum.'),('dd7a46e9-8922-11ea-9959-8c1645373715','Internal Interactions Representative','dd7955cc-8922-11ea-9959-8c1645373715','Id a necessitatibus facilis et libero nam quaerat illo est.'),('dd7a478b-8922-11ea-9959-8c1645373715','Chief Solutions Facilitator','dd79557e-8922-11ea-9959-8c1645373715','Consequatur ipsa ipsam enim non.'),('dd7a4831-8922-11ea-9959-8c1645373715','Lead Integration Executive','dd79557e-8922-11ea-9959-8c1645373715','Labore eius dolorum sint laudantium reiciendis adipisci.'),('dd7a48d3-8922-11ea-9959-8c1645373715','Dynamic Response Manager','dd7955cc-8922-11ea-9959-8c1645373715','Est iure quibusdam.'),('dd7a4975-8922-11ea-9959-8c1645373715','Senior Solutions Engineer','dd795612-8922-11ea-9959-8c1645373715','Dolorum earum atque aut ut.');
/*!40000 ALTER TABLE `roles` ENABLE KEYS */;
UNLOCK TABLES;

--
-- Table structure for table `users`
--

DROP TABLE IF EXISTS `users`;
/*!40101 SET @saved_cs_client     = @@character_set_client */;
/*!50503 SET character_set_client = utf8mb4 */;
CREATE TABLE `users` (
  `id` char(36) NOT NULL,
  `email` varchar(320) NOT NULL,
  `password` binary(64) NOT NULL,
  `salt` binary(128) NOT NULL,
  `customerId` varchar(30) DEFAULT NULL,
  `subscriptionId` varchar(30) DEFAULT NULL,
  `userType` enum('employer','employee') DEFAULT NULL,
  `active` tinyint(1) NOT NULL DEFAULT '0',
  `resetCode` char(6) NOT NULL DEFAULT '000000',
  PRIMARY KEY (`id`)
) ENGINE=InnoDB DEFAULT CHARSET=utf8mb4 COLLATE=utf8mb4_0900_ai_ci;
/*!40101 SET character_set_client = @saved_cs_client */;

--
-- Dumping data for table `users`
--

LOCK TABLES `users` WRITE;
/*!40000 ALTER TABLE `users` DISABLE KEYS */;
INSERT INTO `users` VALUES ('dd772408-8922-11ea-9959-8c1645373715','Amie_Bauch14@gmail.com',_binary '{j\fr\'3D\\rX?]K\y7\"!{%ex}5\>^XP\Tz\EH\M',_binary 'fL		_\\\"$\^h\v\'\\J\on\OM$H\#bz\rc%\W^\b6@]\!\dl*\T7r\\\\.$+	\Oe\>56(\\;)Q\\r',NULL,NULL,'employer',1,'wx4s2y'),('dd773e76-8922-11ea-9959-8c1645373715','Irving93@hotmail.com',_binary 'zWu9MC]0l\yH\Sb\w\n[NoXzGo\\'tN\9^{\\',_binary 'f\d\b\\\05}Id+\\tQ7nQ\\\r >\r:.zcvU&g\\~p\K\Ks\\B\ gae\CN\p^i\"<\\\\\\/\/pI\\\_ ;L\0\UMC\\\2;\A\Zql',NULL,NULL,'employer',1,'l3xc8b'),('dd773f71-8922-11ea-9959-8c1645373715','Angie_Shields67@hotmail.com',_binary '\\nX\zwj\;\t;unpQ6e\\st\Y9\7\k`/\\',_binary '\#F\$;\hA<X&\\%\~\KX4X\ k.\PA\\{\`\\\ns>Ws4\.9myG\"Y\S\7\X~o',NULL,NULL,'employer',1,'ecof7p'),('dd773ff7-8922-11ea-9959-8c1645373715','Corrine50@yahoo.com',_binary 'Z\"an\~5a\:\Z\\$\\(\>JE\01\Ps\"Bh\'	',_binary 'u\1\0\A7q<IOg\-}|3\A\/\'K\)S)o\'rt\\r\\0\%vdqrH\!@$/b.\\\U\_\\"\wp[\\Yn,\L\M)\H',NULL,NULL,'employer',1,'lq190z'),('dd774072-8922-11ea-9959-8c1645373715','Celine.Schinner@hotmail.com',_binary '\\$\|C41f\AUS\5 \<\Ze\G!R\,\',Z\0\\$\b',_binary '\'[\T\G\\I+H&6\a$\Q]`M=\.\X\'\Z\)Kb?\\P\\VY\w=b3S\2s@	T\e\F{aS\h!',NULL,NULL,'employer',1,'bt3jml'),('dd7748c0-8922-11ea-9959-8c1645373715','Christiana_Bogisich87@gmail.com',_binary '\|Kukv\\1@X\zw0J\l\\MS5\nMq\\\O\\w\\z|',_binary '\{(_Va]\\\n-^88\\\HHk\k=<\apJt\zC\TYJ\\r%\0R\)@\\?\r>\i&IE\z\yrKYY\	/\n\\&?',NULL,NULL,'employee',1,'mj67h1'),('dd774943-8922-11ea-9959-8c1645373715','Weldon97@hotmail.com',_binary ',*{]p\'!xo1\\z\\\\W=\G\}\\\mT\iC\aA\2D{\\',_binary 'T\\\Z\8\f\'\\<W7Y/B!_=\\r~T|y+sK\0\\\\<\o6RIxMv{bP*K\\r[$\SV\n\\x\5\\\uTF\\\7<g[`3',NULL,NULL,'employee',1,'j6as27'),('dd7749b4-8922-11ea-9959-8c1645373715','Julianne_Keeling@yahoo.com',_binary 'd	h?\a>\'6\n=\\a] `FF\V\\\\6\E<\c\:9\,3Rxm*b).1Fs',_binary '\@|\+\77B?#\\qJ1\\\/Q.\{\\z:d\jDP\fYk\\\Sq|l0{^@\H\Ye|RKH]{\{O$\\Jg>',NULL,NULL,'employee',1,'mh3ygk'),('dd774a3a-8922-11ea-9959-8c1645373715','Sasha_Rau@gmail.com',_binary 'kwqbm}0>N=\+^\\+a\c?\2a\5BM@|-x\4Y?lY\"',_binary '\/+\u\\\,i\Ak\\~\{@XX\O\R\\\\%l\\xWE\lML|\#\WZ\	\\\P\/:\\\\*\<5\r.\\',NULL,NULL,'employee',1,'97tdav'),('dd774aaa-8922-11ea-9959-8c1645373715','Mathew.Hagenes99@hotmail.com',_binary 't\\O7\\B\o# lu\Xp\*L2>r\\\\8eNfg\',_binary 'l_o]!G\Vr\\"5r-PSKBdnP\&\\N\\vm( \pl\0\4\Yt)7yM\j\\ngl\)G%\	\\`\0&\\y\q\WO\*S0\'|',NULL,NULL,'employee',1,'te7z16'),('dd774b18-8922-11ea-9959-8c1645373715','Cecil_Stark@hotmail.com',_binary '-\V\M_\bDI\\\\C4kM\55nO0M\\\x\d\\ x',_binary '/q V;(\.\0N?\4rQ\\O\r\R\5Z5A*!V\\X_O;+bj\j\\o\\An\*kmqmf\#dwMPA(Y\A{\+\l',NULL,NULL,'employee',1,'q62rj4'),('dd774b89-8922-11ea-9959-8c1645373715','Ashtyn_Thiel63@yahoo.com',_binary ']^W)o\\L1x<L\^\J\\ml\'\&k*\%2$\)&.b:OEe%/\',_binary '\W\\5\np\\\Z\[\!\y\&{m8\HqL~\m#\\5} xuXiQkJ\\*\O\J\S\$\6\D|\"\\\\0V~Z><A\0d\_\J\Z{rTh9o',NULL,NULL,'employee',1,'m8t4nz'),('dd774bfd-8922-11ea-9959-8c1645373715','Jarred75@yahoo.com',_binary '.F?\HJF\BUxn\\C\\X\\&\{2e]9\~tYr\\rb:',_binary '\\\6Pe3r84\\$1\y\\\GZ m\kM\\#`O\1._g`\|B\LY\5\\ceb\KQS\7\V\v[\+1xJ\"\6\gT\',NULL,NULL,'employee',1,'4u6otk'),('dd774c6e-8922-11ea-9959-8c1645373715','Dimitri_Kessler@yahoo.com',_binary 'mX\p)$\\\#LK-(\\\\C\~WY\\\\\(m.F\0M',_binary 'v%=V\+vj~7M-7>@R\d\\Ma%:$!\N\&~\r\\\<\6\i\<\Z\((`F\\v\\`F\;%\]i\\\\U',NULL,NULL,'employee',1,'b6840r'),('dd774cd8-8922-11ea-9959-8c1645373715','Erin74@yahoo.com',_binary 'y\\cp\\?{D,\\\s\Meqp\\\Cb\/bi\a\=W<\"\\VB,\',_binary 'c\\veW?\'K\%Lx6,Xn\])}yM:\su:\Q\\\\Z36p\]\SZR\y\Qag~\\nfg=\\I+en\jj\\*\KD\tx8\#E?\8\',NULL,NULL,'employee',1,'rdvopu'),('dd774d41-8922-11ea-9959-8c1645373715','Daphne_Moen77@hotmail.com',_binary '-z\\}_l*\x\\yi}yAv}\\{E\K(\4BFQ>C\0GA\',_binary 'h\\e\\\\\_J\"{\S3\\aQt\\c\\;\R\,\A\_,\6\n#\x\n\\\Y)R\q\GUTW:0?-\B:SX\Gx2u>\\\@r',NULL,NULL,'employee',1,'pq2oyc'),('dd774db2-8922-11ea-9959-8c1645373715','Elvie98@hotmail.com',_binary '\'\s\a\\\"Z\w6F.R8\(v1f~mrB\{\1CYl\YUL\\\9=W',_binary 'p\\\B\\\2],Fh5\\E9\\X\'\MC`WtLvN\\negx\-g=0}\W\Py0t\\>7\T\Svn\"! \:W\nZ+)I.Kd\\\',NULL,NULL,'employee',1,'bjw523'),('dd774e1c-8922-11ea-9959-8c1645373715','Benton33@gmail.com',_binary '\&!h\\S\U0Dze+*Y\G\0Tu\\9\tfy\\"`#\\',_binary '\\ZN\0	\\>\/x#\ #\`x\9\ND.b`bSlr*!`\nP\\\";~\-	\{1 mydY\tK\eH\<iF\fEi@',NULL,NULL,'employee',1,'xhwt1d'),('dd774e86-8922-11ea-9959-8c1645373715','Louvenia54@gmail.com',_binary '\&4	\}GCdHn{V\C \pT\(7j\V\\\\P{G.0m',_binary '\r.puPy6Pb|Apjk0\\b\\\(\"Y\/\\\\\$7]w{w\	o\\n\=Pm\\F\x\,\GH\3lfG?P\o\\\',NULL,NULL,'employee',1,'jx6nou'),('dd774ef3-8922-11ea-9959-8c1645373715','Lynn14@gmail.com',_binary '\^bMPY\\ --^lx\pRM\P&,\\_\\\0I	`p',_binary 'KW+!|\uJw\<(\/0;E.cn\;J\3\\s;\\<{\s\$+\3\\\6{\uP{57\\~9I\\\\\&\m\QZUO',NULL,NULL,'employee',1,'5vnh83'),('dd774f5d-8922-11ea-9959-8c1645373715','Bartholome.Dare@yahoo.com',_binary 'Xe0GPaDo&9F\7\;\j!V\\w\\x	8\N\nbh}\Z',_binary 'b\fAT--\'PT6Qg /\\e\	\^L!\\5\<\{\l8\\\\SO\n\\06\'gS}|f*\%\\R\\w\N\OqUZ\\\\\R- \',NULL,NULL,'employee',1,'vazy5i'),('dd774fc3-8922-11ea-9959-8c1645373715','Dave.Flatley50@gmail.com',_binary '	M|\ZP\\v0H~7\\rTd\h\*_=N\3l@?\\KZ7',_binary '\1}y2/A{\AM\F_\"h%\#4#YABD\\d$\C\b\`\Ehy`0(n/p\Q\'fQ]q\\ZL\_\[)H\8c\tG',NULL,NULL,'employee',1,'mc8itv'),('dd775029-8922-11ea-9959-8c1645373715','Jude_Jakubowski@hotmail.com',_binary 'Q\\0 \-9cZ%xI\\\x}\I\^R\\\BIN\Tz\6mW',_binary ';\\v&W\"\\l\e\I\\j\s\\{\~Wl\E/f`HH; \*IA3\rk1)\_ES\m\S9dlI\20\ES\v\?\\0xR\Y|O\lZ)\:C',NULL,NULL,'employee',1,'3q0uu4'),('dd775093-8922-11ea-9959-8c1645373715','Mohamed73@yahoo.com',_binary 'k)6\\\\\OR\f\#X(r^\oV_lHE\\\H`\\g',_binary '-}i_d\"\ue\L^\pX\`f\\gx	:$=\(#p\4ua9QVxLhTB\0\0\\\\Z\'\'i\1\BfOx&\\\\\\\;\}\o',NULL,NULL,'employee',1,'0pxvvx'),('dd775104-8922-11ea-9959-8c1645373715','Amari60@gmail.com',_binary '_*F\qk\\\E\`\"[\\\\}k4#~AH\\|4\\\m\Zx7l|^)',_binary '\TOW(\\1\Z\\\k\3\3\\lgcIL-7%y\o5g\	\VjL\K{M\>W\rJ\ya\1R\:X1Eu\'dG\\\5pNhZ\-y\Z	@\\\\Jk9',NULL,NULL,'employee',1,'l0hazh'),('dd77516e-8922-11ea-9959-8c1645373715','Melvin_Lowe@hotmail.com',_binary '\q\\Y	\*\a\r+\\:$\nfO!6\\pV\|\Pd4t\0.\R\n2BB9\W\',_binary 'ed\"0mHz\J\\~\\\'duK\C\\3\\\=\\E\\\'Vf\i>\n$JoG>\'\^\\X\P\F\1t <8Z\1#;\"Y\YbP_Z\IA\,\Z\',NULL,NULL,'employee',1,'pwegae'),('dd7751ed-8922-11ea-9959-8c1645373715','Zack_Kovacek28@hotmail.com',_binary '-\\\0\\n\\]W-<HY\u\"~\sI<2\_N.?\@xv',_binary '*z~Y	L\\	|Tp\\rjP\rrj7k\\Y\x\n\:UY\t\?w\nL2\LJ\%|b\-\j`\6US8#\\|U	~\\A\'D\$\\	Fg',NULL,NULL,'employee',1,'omb0me'),('dd775288-8922-11ea-9959-8c1645373715','Michel_Watsica15@hotmail.com',_binary 'z\7\\1E6\Z\\O	rXF\\X\F\Xn<U	\{%\nVK^J\9\eL\n',_binary 'K\r\rb&R\f\G\0\\?V\\LE2][\p`\C\\{W:\$C.V-t\\'d\iC\x:&\\?\W\F>@L\s5\\[@@\>LXX\\<',NULL,NULL,'employee',1,'zxjdcc'),('dd7752fc-8922-11ea-9959-8c1645373715','Weston.Stracke@hotmail.com',_binary 'x\\m\H]U\`\\B98O\mdR\\\(hwbI\zs\]\K<',_binary '%\\kwp\\\\\\\e\	\\7wjU	\!E\\\0b\]c\\\b\"9oC@\\z\"DuH\w\'`oc\t+\G\(\\h\Z@1,',NULL,NULL,'employee',1,'66hi55'),('dd775363-8922-11ea-9959-8c1645373715','Broderick.Raynor95@gmail.com',_binary '\rcyYA\\g	$YF@n\\Y9\\<`x\OQ8S[\gOt\\Z',_binary '^h\\#\^QCb\9\S\\p6Q\	3rxy\\'Ta\Rf&9.wiJ\]z\T\1J\",Y\\Z\}\oC\	\\r\jT\h\E|#LD&!a\',NULL,NULL,'employee',1,'p89op9'),('dd7753c2-8922-11ea-9959-8c1645373715','Rhiannon90@gmail.com',_binary '\v\'\\YXY\A9O3\\R+7\(N7>\\\\863 K\+YD\k-\',_binary '[p0\\-\xz\\nky(1\+\&\!eC\'F\\\ >\\Z:r\S5\7\\"\QV\r	#	\n.AH}\K&PBG3y;\11\\'\\Z\R0^N\0.X\',NULL,NULL,'employee',1,'5c4yky'),('dd77545d-8922-11ea-9959-8c1645373715','Leif.Reilly4@gmail.com',_binary 'B\\p2[\@MV1\\"k\\gI\\\\\Z\\@GUx\?l],+',_binary '5<k<OYUu\\P\"n\p\acmT\\c]\r\0\\0\$-5{\hs4|?\M\\<-\G;\n(`	C.D;k|qs\Q\\\"ox>s\Q\\,\\Z \'@%^',NULL,NULL,'employee',1,'kmilwn'),('dd7754c7-8922-11ea-9959-8c1645373715','Cora_Bogisich65@hotmail.com',_binary 'F@p$QyNWyCuR@\+dQh~\\>677\\Z/\@\X8\qP\\(',_binary '\7\W[G4N\0E[`\?\\0\\br\;\\\\)hF\\\\)A\N\\\_M\re\W76k S4 \;vtz	D\\k^e',NULL,NULL,'employee',1,'3316ue'),('dd77553b-8922-11ea-9959-8c1645373715','Mac41@gmail.com',_binary '?p5\nh	\\u?6\ik\t\<r\\n\AVo\\L\eod\ ',_binary '\b\6;\OB/o<=yQexFqwn\\x?s;\x\n27\\\'6\\;$]\$i.N,*\\\[2\\iW0\\B\"\\ZF\\n\Y\\I<@S0',NULL,NULL,'employee',1,'ax8avy'),('dd7755a8-8922-11ea-9959-8c1645373715','Ayla_Feil@yahoo.com',_binary '\\Z\\V/\bpR\\'\\r\"m9K&\`1\,~\\1c|l;-z1J.\\/',_binary '\v2F|\'\!\v$q\\d$B	\=;Xen\\\\6+C\R\\\%\;P\\"Rzz>\R*!;H\\ck$81q#2\\xv\x9\Xr818j',NULL,NULL,'employee',1,'mj3zap'),('dd77560f-8922-11ea-9959-8c1645373715','Waino_Okuneva80@yahoo.com',_binary 'Bo\z1U\\\\\e\3O\\T#\%kPv=N\<u\',_binary '\=%nL~YtaZ\\\o_\[.@~dNFY4m#K\\\?\\\\9\Or^nV\Z\33\U\Wi2\3D]\\\\$\\\',NULL,NULL,'employee',1,'s48vv0'),('dd775671-8922-11ea-9959-8c1645373715','Margaret.Zboncak@hotmail.com',_binary 'iFhZ>_t_b_\<\kP	rKf/~Hn\y\\k0\-\\j?\r)',_binary '\\D0+\\`I08Ll\\eC7I\\0qK\*8\Kh\V\frPwA\wO\|\1|\ZR\7r\Ej1\uAzX\\I]Nw\\\<tC\l,\\t\o3\Z',NULL,NULL,'employee',1,'ogvrgp'),('dd7756d8-8922-11ea-9959-8c1645373715','Javon.Borer29@yahoo.com',_binary 'WuL{\Y\#\\Y\g\;00_\Z\<HQXD\\=s\\\\q',_binary '=ty:H?bp`\D\n/g\	2x\~8Ss;B?\B\H1!;\!\{.wrX\Oe5RJ\9\9a8=\\4?>\>N\<\\0>BA',NULL,NULL,'employee',1,'t53vt7'),('dd77573e-8922-11ea-9959-8c1645373715','Jon.Stokes51@yahoo.com',_binary '\tZF\\h\C8(N,{\ `J0N\Y0{]%\n\E\N|\TR',_binary '4__\'\\\B5Rq\h~\A(}eNy_|i7e>9\:\U&\\zxc9I.Hes\mS+aJY0`\\[[,y^Qa',NULL,NULL,'employee',1,'f9g05e'),('dd7757a4-8922-11ea-9959-8c1645373715','Ansel_Wolf85@gmail.com',_binary '\d\\nN\tRPXe>b4c\\\6j{	RK%u?\V\n\0@fv*Ko',_binary '\ICodH6\sBv\\5(\#\\(<\4K$f0W\9d0k\~\<\\\\&\\\9JU?\K\\q\\Z\y\~O\Z\=^{ \\\\Vz<;\r4\',NULL,NULL,'employee',1,'hfwznb'),('dd77580a-8922-11ea-9959-8c1645373715','Maximillian.Boehm14@gmail.com',_binary '\\s\Z5T^\P\"^h\g.\r7vDwo;\9.\\ANB\X\"l:F\Z\\k',_binary 'Vx\\r\\\r6\\D\1r$@\:\/\X8\\t=7r7R\\bR>$;&E\\\!rC;rz\@Swm0ols\2}	3vw^/a\\Z[rA\r]	\\',NULL,NULL,'employee',1,'gdqukz'),('dd775874-8922-11ea-9959-8c1645373715','Ariane.Wisoky43@gmail.com',_binary '\\0p7gb~9\l\6\\\PM&~PG:\\\F_Fo[\',_binary 'sfZC\:\\\5!DrX\\\\\r.1|\\?C\$\~-\RZ\a)\\"<w\\`\;]9Pj\!TU\h=i\0G\\V\P\\\|\',NULL,NULL,'employee',1,'b2kgpa'),('dd7758de-8922-11ea-9959-8c1645373715','Nicolette.Bogan@yahoo.com',_binary 'R\\\!\Jjl\U8mKf\.F\Ollh>V\Z\\\0\\\n)\LP)*\\',_binary '\r_xJC\*\E\\\(sFi\\]\F\\Z\c^\\g$\\]\Q@\\+B#\Cd\\{t?\jJ\g\M\\!\\yOdN,pR+N\\'\\I\\7)',NULL,NULL,'employee',1,'kmcaeu'),('dd775948-8922-11ea-9959-8c1645373715','Natasha48@gmail.com',_binary '\\n\fq+VG5\xa\\T]!`\!V\Wj_)\\AS\\ncZ\u\\\J',_binary 'b\n\\[\r\\PeZ\/V*y4mv\<y\LC\Z*H#\\\D\~i)@\\T\7)WH\\5v\^\O\0Gb\]\}[9%\\Z!|2\\n!\\\X\`',NULL,NULL,'employee',1,'j7bp2e'),('dd7759b9-8922-11ea-9959-8c1645373715','Rodrick_Hermiston41@hotmail.com',_binary 'i\p~tQ\\k<T.&z\\\HBe!)bTP)\y\)F\Zt\',_binary ')v\\Z| \D\y\\K}`je\e9|$\Zcy9kQ\w\\eli\L\\2zQ\\j\j@(WqO\KW\=`\mI^\\$S,\\Mv\7\;k2\',NULL,NULL,'employee',1,'fuz4cu'),('dd775a30-8922-11ea-9959-8c1645373715','Ward.Jacobs40@yahoo.com',_binary 'F>\\\7|\\\#+BBY!\.Pl?\{\A\czR]\#4qH\Io',_binary 'y\pM\n\)]J\\yM\\VhVLau5!|UwI\\'\F\I\s\z\\n^J\r\7\_i\\V@t93\\Y\$V!$V@7\Z\\\M%\\\Z',NULL,NULL,'employee',1,'87ct0u'),('dd775ac8-8922-11ea-9959-8c1645373715','Alfonzo_Jacobs@yahoo.com',_binary ')\\\'x\\A\\Z!\5\@_E+\\f\\w\!+j\Gs\\-\t \\\|\u3',_binary 'jo\\!\FU\8v+\B\8\m\n}\"L\\T5\\\Cz@]Gw\r\"R!\y%gC\=\\$4F<\\\v\#\Q\\\\Z,.*kh+B9#m\',NULL,NULL,'employee',1,'4s86x4'),('dd775b52-8922-11ea-9959-8c1645373715','Fabian.Von9@gmail.com',_binary 'd>|!\\0\\~\B<Vm\"\-\RjT\\\sWmR\\',_binary '/sp|Taud\0S\\1#,\\\XE#\f\"+4<l\Y`85\\ci	EwtgRf\^t7(,z\'c6\Xb:h3Q\lR!%D',NULL,NULL,'employee',1,'bmbeyi'),('dd775c14-8922-11ea-9959-8c1645373715','Hardy.Bergstrom74@hotmail.com',_binary '\1E\\su\ld\\WA\;\[o*\rm\r!\F\f\H)3\w\Oj~s',_binary '\\\9u\'\-[y09E%=#\\\T.p\S}3j\D\9a 1\\l\.h<.)O\YWy#\97\\UuCI\2{Qq{\\+Y1]\1\\Z*%',NULL,NULL,'employee',1,'3j08va'),('dd775cbd-8922-11ea-9959-8c1645373715','Lonnie13@gmail.com',_binary 'iQ\\\plWFf\Js\%L\"\\PaB\\w\\1\1)}`\',_binary '\{\/\r#\\\\[mR7y\\S^\0}=~X%\r/}9\]\\q>%O\\8lL!Y\@\y\\\\zE#=\^S\]Q\\Nk\\Rk^S\\',NULL,NULL,'employee',1,'b8qtgm');
/*!40000 ALTER TABLE `users` ENABLE KEYS */;
UNLOCK TABLES;
/*!40103 SET TIME_ZONE=@OLD_TIME_ZONE */;

/*!40101 SET SQL_MODE=@OLD_SQL_MODE */;
/*!40014 SET FOREIGN_KEY_CHECKS=@OLD_FOREIGN_KEY_CHECKS */;
/*!40014 SET UNIQUE_CHECKS=@OLD_UNIQUE_CHECKS */;
/*!40101 SET CHARACTER_SET_CLIENT=@OLD_CHARACTER_SET_CLIENT */;
/*!40101 SET CHARACTER_SET_RESULTS=@OLD_CHARACTER_SET_RESULTS */;
/*!40101 SET COLLATION_CONNECTION=@OLD_COLLATION_CONNECTION */;
/*!40111 SET SQL_NOTES=@OLD_SQL_NOTES */;

-- Dump completed on 2020-04-28 14:36:00
