-- MySQL dump 10.13  Distrib 8.0.19, for Win64 (x86_64)
--
-- Host: localhost    Database: recruiter
-- ------------------------------------------------------
-- Server version	8.0.19

/*!40101 SET @OLD_CHARACTER_SET_CLIENT=@@CHARACTER_SET_CLIENT */;
/*!40101 SET @OLD_CHARACTER_SET_RESULTS=@@CHARACTER_SET_RESULTS */;
/*!40101 SET @OLD_COLLATION_CONNECTION=@@COLLATION_CONNECTION */;
/*!50503 SET NAMES utf8mb4 */;
/*!40103 SET @OLD_TIME_ZONE=@@TIME_ZONE */;
/*!40103 SET TIME_ZONE='+00:00' */;
/*!40014 SET @OLD_UNIQUE_CHECKS=@@UNIQUE_CHECKS, UNIQUE_CHECKS=0 */;
/*!40014 SET @OLD_FOREIGN_KEY_CHECKS=@@FOREIGN_KEY_CHECKS, FOREIGN_KEY_CHECKS=0 */;
/*!40101 SET @OLD_SQL_MODE=@@SQL_MODE, SQL_MODE='NO_AUTO_VALUE_ON_ZERO' */;
/*!40111 SET @OLD_SQL_NOTES=@@SQL_NOTES, SQL_NOTES=0 */;

--
-- Table structure for table `desiredlocations`
--

DROP TABLE IF EXISTS `desiredlocations`;
/*!40101 SET @saved_cs_client     = @@character_set_client */;
/*!50503 SET character_set_client = utf8mb4 */;
CREATE TABLE `desiredlocations` (
  `employee` char(36) NOT NULL,
  `locationId` char(36) NOT NULL,
  PRIMARY KEY (`employee`,`locationId`),
  KEY `locationId` (`locationId`),
  CONSTRAINT `desiredlocations_ibfk_1` FOREIGN KEY (`employee`) REFERENCES `employees` (`id`),
  CONSTRAINT `desiredlocations_ibfk_2` FOREIGN KEY (`locationId`) REFERENCES `locations` (`id`)
) ENGINE=InnoDB DEFAULT CHARSET=utf8mb4 COLLATE=utf8mb4_0900_ai_ci;
/*!40101 SET character_set_client = @saved_cs_client */;

--
-- Dumping data for table `desiredlocations`
--

LOCK TABLES `desiredlocations` WRITE;
/*!40000 ALTER TABLE `desiredlocations` DISABLE KEYS */;
INSERT INTO `desiredlocations` VALUES ('9a5f9e59-7e31-11ea-8f79-8c1645373715','9a628341-7e31-11ea-8f79-8c1645373715'),('9a5f9ebf-7e31-11ea-8f79-8c1645373715','9a628341-7e31-11ea-8f79-8c1645373715'),('9a5f95cb-7e31-11ea-8f79-8c1645373715','9a62922c-7e31-11ea-8f79-8c1645373715'),('9a5f978e-7e31-11ea-8f79-8c1645373715','9a62922c-7e31-11ea-8f79-8c1645373715'),('9a5f99c6-7e31-11ea-8f79-8c1645373715','9a62922c-7e31-11ea-8f79-8c1645373715'),('9a5f9d0a-7e31-11ea-8f79-8c1645373715','9a62922c-7e31-11ea-8f79-8c1645373715'),('9a5fa5c2-7e31-11ea-8f79-8c1645373715','9a62922c-7e31-11ea-8f79-8c1645373715'),('9a5f962a-7e31-11ea-8f79-8c1645373715','9a62931b-7e31-11ea-8f79-8c1645373715'),('9a5f99c6-7e31-11ea-8f79-8c1645373715','9a62931b-7e31-11ea-8f79-8c1645373715'),('9a5fa37c-7e31-11ea-8f79-8c1645373715','9a62931b-7e31-11ea-8f79-8c1645373715'),('9a5f9bd3-7e31-11ea-8f79-8c1645373715','9a6293c1-7e31-11ea-8f79-8c1645373715'),('9a5fa2fd-7e31-11ea-8f79-8c1645373715','9a6293c1-7e31-11ea-8f79-8c1645373715'),('9a5fa621-7e31-11ea-8f79-8c1645373715','9a6293c1-7e31-11ea-8f79-8c1645373715'),('9a5fa711-7e31-11ea-8f79-8c1645373715','9a6293c1-7e31-11ea-8f79-8c1645373715'),('9a5f8fbc-7e31-11ea-8f79-8c1645373715','9a629435-7e31-11ea-8f79-8c1645373715'),('9a5f96b4-7e31-11ea-8f79-8c1645373715','9a629435-7e31-11ea-8f79-8c1645373715'),('9a5f99c6-7e31-11ea-8f79-8c1645373715','9a6294d1-7e31-11ea-8f79-8c1645373715'),('9a5fa3f7-7e31-11ea-8f79-8c1645373715','9a6294d1-7e31-11ea-8f79-8c1645373715'),('9a5fa621-7e31-11ea-8f79-8c1645373715','9a6294d1-7e31-11ea-8f79-8c1645373715'),('9a5f8e85-7e31-11ea-8f79-8c1645373715','9a629557-7e31-11ea-8f79-8c1645373715'),('9a5f9390-7e31-11ea-8f79-8c1645373715','9a629557-7e31-11ea-8f79-8c1645373715'),('9a5f946a-7e31-11ea-8f79-8c1645373715','9a629557-7e31-11ea-8f79-8c1645373715'),('9a5f972f-7e31-11ea-8f79-8c1645373715','9a629557-7e31-11ea-8f79-8c1645373715'),('9a5f9233-7e31-11ea-8f79-8c1645373715','9a6295eb-7e31-11ea-8f79-8c1645373715'),('9a5f955a-7e31-11ea-8f79-8c1645373715','9a6295eb-7e31-11ea-8f79-8c1645373715'),('9a5f9af9-7e31-11ea-8f79-8c1645373715','9a6295eb-7e31-11ea-8f79-8c1645373715'),('9a5fa69c-7e31-11ea-8f79-8c1645373715','9a62966a-7e31-11ea-8f79-8c1645373715'),('9a5f9390-7e31-11ea-8f79-8c1645373715','9a6296f3-7e31-11ea-8f79-8c1645373715'),('9a5f9f22-7e31-11ea-8f79-8c1645373715','9a6296f3-7e31-11ea-8f79-8c1645373715'),('9a5fa277-7e31-11ea-8f79-8c1645373715','9a6296f3-7e31-11ea-8f79-8c1645373715'),('9a5f8c8d-7e31-11ea-8f79-8c1645373715','9a62977d-7e31-11ea-8f79-8c1645373715'),('9a5f903a-7e31-11ea-8f79-8c1645373715','9a62977d-7e31-11ea-8f79-8c1645373715'),('9a5f9314-7e31-11ea-8f79-8c1645373715','9a62977d-7e31-11ea-8f79-8c1645373715'),('9a5f96b4-7e31-11ea-8f79-8c1645373715','9a62977d-7e31-11ea-8f79-8c1645373715'),('9a5f9314-7e31-11ea-8f79-8c1645373715','9a6297f1-7e31-11ea-8f79-8c1645373715'),('9a5f96b4-7e31-11ea-8f79-8c1645373715','9a6297f1-7e31-11ea-8f79-8c1645373715'),('9a5f9f22-7e31-11ea-8f79-8c1645373715','9a6297f1-7e31-11ea-8f79-8c1645373715'),('9a5f9f9a-7e31-11ea-8f79-8c1645373715','9a6297f1-7e31-11ea-8f79-8c1645373715'),('9a5fa37c-7e31-11ea-8f79-8c1645373715','9a6297f1-7e31-11ea-8f79-8c1645373715'),('9a5f8c8d-7e31-11ea-8f79-8c1645373715','9a62987e-7e31-11ea-8f79-8c1645373715'),('9a5f9bd3-7e31-11ea-8f79-8c1645373715','9a62987e-7e31-11ea-8f79-8c1645373715'),('9a5fa0f7-7e31-11ea-8f79-8c1645373715','9a62987e-7e31-11ea-8f79-8c1645373715'),('9a5fa45a-7e31-11ea-8f79-8c1645373715','9a62987e-7e31-11ea-8f79-8c1645373715'),('9a5f955a-7e31-11ea-8f79-8c1645373715','9a6298eb-7e31-11ea-8f79-8c1645373715'),('9a5f9bd3-7e31-11ea-8f79-8c1645373715','9a6298eb-7e31-11ea-8f79-8c1645373715'),('9a5f9e59-7e31-11ea-8f79-8c1645373715','9a6298eb-7e31-11ea-8f79-8c1645373715'),('9a5fa0f7-7e31-11ea-8f79-8c1645373715','9a6298eb-7e31-11ea-8f79-8c1645373715'),('9a5f903a-7e31-11ea-8f79-8c1645373715','9a62996e-7e31-11ea-8f79-8c1645373715'),('9a5f972f-7e31-11ea-8f79-8c1645373715','9a62996e-7e31-11ea-8f79-8c1645373715'),('9a5f9d0a-7e31-11ea-8f79-8c1645373715','9a62996e-7e31-11ea-8f79-8c1645373715'),('9a5fa2fd-7e31-11ea-8f79-8c1645373715','9a62996e-7e31-11ea-8f79-8c1645373715'),('9a5f903a-7e31-11ea-8f79-8c1645373715','9a6299d4-7e31-11ea-8f79-8c1645373715'),('9a5fa277-7e31-11ea-8f79-8c1645373715','9a6299d4-7e31-11ea-8f79-8c1645373715'),('9a5f8d7d-7e31-11ea-8f79-8c1645373715','9a629a5e-7e31-11ea-8f79-8c1645373715'),('9a5f91b7-7e31-11ea-8f79-8c1645373715','9a629a5e-7e31-11ea-8f79-8c1645373715'),('9a5f94e2-7e31-11ea-8f79-8c1645373715','9a629a5e-7e31-11ea-8f79-8c1645373715'),('9a5fa07b-7e31-11ea-8f79-8c1645373715','9a629a5e-7e31-11ea-8f79-8c1645373715'),('9a5fa37c-7e31-11ea-8f79-8c1645373715','9a629a5e-7e31-11ea-8f79-8c1645373715'),('9a5fa621-7e31-11ea-8f79-8c1645373715','9a629a5e-7e31-11ea-8f79-8c1645373715'),('9a5f9390-7e31-11ea-8f79-8c1645373715','9a629ad9-7e31-11ea-8f79-8c1645373715'),('9a5f946a-7e31-11ea-8f79-8c1645373715','9a629ad9-7e31-11ea-8f79-8c1645373715'),('9a5f9ebf-7e31-11ea-8f79-8c1645373715','9a629ad9-7e31-11ea-8f79-8c1645373715'),('9a5fa5c2-7e31-11ea-8f79-8c1645373715','9a629b66-7e31-11ea-8f79-8c1645373715'),('9a5f94e2-7e31-11ea-8f79-8c1645373715','9a629bcc-7e31-11ea-8f79-8c1645373715'),('9a5f9e59-7e31-11ea-8f79-8c1645373715','9a629bcc-7e31-11ea-8f79-8c1645373715'),('9a5f8c8d-7e31-11ea-8f79-8c1645373715','9a629c6b-7e31-11ea-8f79-8c1645373715'),('9a5f8d7d-7e31-11ea-8f79-8c1645373715','9a629c6b-7e31-11ea-8f79-8c1645373715'),('9a5f9f22-7e31-11ea-8f79-8c1645373715','9a629c6b-7e31-11ea-8f79-8c1645373715'),('9a5fa4d9-7e31-11ea-8f79-8c1645373715','9a629c6b-7e31-11ea-8f79-8c1645373715'),('9a5fa621-7e31-11ea-8f79-8c1645373715','9a629c6b-7e31-11ea-8f79-8c1645373715'),('9a5fa69c-7e31-11ea-8f79-8c1645373715','9a629c6b-7e31-11ea-8f79-8c1645373715'),('9a5f903a-7e31-11ea-8f79-8c1645373715','9a629cd5-7e31-11ea-8f79-8c1645373715'),('9a5f8aaa-7e31-11ea-8f79-8c1645373715','9a629dda-7e31-11ea-8f79-8c1645373715'),('9a5f94e2-7e31-11ea-8f79-8c1645373715','9a629dda-7e31-11ea-8f79-8c1645373715'),('9a5f972f-7e31-11ea-8f79-8c1645373715','9a629dda-7e31-11ea-8f79-8c1645373715'),('9a5f9f9a-7e31-11ea-8f79-8c1645373715','9a629dda-7e31-11ea-8f79-8c1645373715'),('9a5fa07b-7e31-11ea-8f79-8c1645373715','9a629dda-7e31-11ea-8f79-8c1645373715'),('9a5fa0f7-7e31-11ea-8f79-8c1645373715','9a629dda-7e31-11ea-8f79-8c1645373715'),('9a5fa2fd-7e31-11ea-8f79-8c1645373715','9a629dda-7e31-11ea-8f79-8c1645373715'),('9a5fa37c-7e31-11ea-8f79-8c1645373715','9a629dda-7e31-11ea-8f79-8c1645373715'),('9a5f8d0f-7e31-11ea-8f79-8c1645373715','9a629e71-7e31-11ea-8f79-8c1645373715'),('9a5f8fbc-7e31-11ea-8f79-8c1645373715','9a629e71-7e31-11ea-8f79-8c1645373715'),('9a5f928b-7e31-11ea-8f79-8c1645373715','9a629e71-7e31-11ea-8f79-8c1645373715'),('9a5f962a-7e31-11ea-8f79-8c1645373715','9a629e71-7e31-11ea-8f79-8c1645373715'),('9a5fa711-7e31-11ea-8f79-8c1645373715','9a629e71-7e31-11ea-8f79-8c1645373715'),('9a5f95cb-7e31-11ea-8f79-8c1645373715','9a629ef7-7e31-11ea-8f79-8c1645373715'),('9a5fa551-7e31-11ea-8f79-8c1645373715','9a629f5e-7e31-11ea-8f79-8c1645373715'),('9a5f8aaa-7e31-11ea-8f79-8c1645373715','9a629fe0-7e31-11ea-8f79-8c1645373715'),('9a5fa551-7e31-11ea-8f79-8c1645373715','9a629fe0-7e31-11ea-8f79-8c1645373715'),('9a5f8d0f-7e31-11ea-8f79-8c1645373715','9a62a0d3-7e31-11ea-8f79-8c1645373715'),('9a5f8fbc-7e31-11ea-8f79-8c1645373715','9a62a0d3-7e31-11ea-8f79-8c1645373715'),('9a5f903a-7e31-11ea-8f79-8c1645373715','9a62a0d3-7e31-11ea-8f79-8c1645373715'),('9a5f9e59-7e31-11ea-8f79-8c1645373715','9a62a0d3-7e31-11ea-8f79-8c1645373715'),('9a5f95cb-7e31-11ea-8f79-8c1645373715','9a62a144-7e31-11ea-8f79-8c1645373715'),('9a5f978e-7e31-11ea-8f79-8c1645373715','9a62a144-7e31-11ea-8f79-8c1645373715'),('9a5fa45a-7e31-11ea-8f79-8c1645373715','9a62a144-7e31-11ea-8f79-8c1645373715'),('9a5fa5c2-7e31-11ea-8f79-8c1645373715','9a62a144-7e31-11ea-8f79-8c1645373715'),('9a5fa621-7e31-11ea-8f79-8c1645373715','9a62a144-7e31-11ea-8f79-8c1645373715'),('9a5f928b-7e31-11ea-8f79-8c1645373715','9a62a1c7-7e31-11ea-8f79-8c1645373715'),('9a5f9f22-7e31-11ea-8f79-8c1645373715','9a62a1c7-7e31-11ea-8f79-8c1645373715'),('9a5f8aaa-7e31-11ea-8f79-8c1645373715','9a62a22d-7e31-11ea-8f79-8c1645373715'),('9a5f91b7-7e31-11ea-8f79-8c1645373715','9a62a22d-7e31-11ea-8f79-8c1645373715'),('9a5f9af9-7e31-11ea-8f79-8c1645373715','9a62a22d-7e31-11ea-8f79-8c1645373715'),('9a5f955a-7e31-11ea-8f79-8c1645373715','9a62a2b6-7e31-11ea-8f79-8c1645373715'),('9a5f95cb-7e31-11ea-8f79-8c1645373715','9a62a2b6-7e31-11ea-8f79-8c1645373715'),('9a5fa711-7e31-11ea-8f79-8c1645373715','9a62a2b6-7e31-11ea-8f79-8c1645373715'),('9a5f9135-7e31-11ea-8f79-8c1645373715','9a62a32b-7e31-11ea-8f79-8c1645373715'),('9a5f91b7-7e31-11ea-8f79-8c1645373715','9a62a32b-7e31-11ea-8f79-8c1645373715'),('9a5f9d0a-7e31-11ea-8f79-8c1645373715','9a62a32b-7e31-11ea-8f79-8c1645373715'),('9a5fa277-7e31-11ea-8f79-8c1645373715','9a62a32b-7e31-11ea-8f79-8c1645373715'),('9a5f8d7d-7e31-11ea-8f79-8c1645373715','9a62a3cd-7e31-11ea-8f79-8c1645373715'),('9a5fa5c2-7e31-11ea-8f79-8c1645373715','9a62a3cd-7e31-11ea-8f79-8c1645373715'),('9a5f8e85-7e31-11ea-8f79-8c1645373715','9a62a43e-7e31-11ea-8f79-8c1645373715'),('9a5f8fbc-7e31-11ea-8f79-8c1645373715','9a62a43e-7e31-11ea-8f79-8c1645373715'),('9a5f9806-7e31-11ea-8f79-8c1645373715','9a62a43e-7e31-11ea-8f79-8c1645373715'),('9a5f928b-7e31-11ea-8f79-8c1645373715','9a62a4c4-7e31-11ea-8f79-8c1645373715'),('9a5f962a-7e31-11ea-8f79-8c1645373715','9a62a4c4-7e31-11ea-8f79-8c1645373715'),('9a5f9ebf-7e31-11ea-8f79-8c1645373715','9a62a4c4-7e31-11ea-8f79-8c1645373715'),('9a5f955a-7e31-11ea-8f79-8c1645373715','9a62a546-7e31-11ea-8f79-8c1645373715'),('9a5f9806-7e31-11ea-8f79-8c1645373715','9a62a546-7e31-11ea-8f79-8c1645373715'),('9a5f9bd3-7e31-11ea-8f79-8c1645373715','9a62a546-7e31-11ea-8f79-8c1645373715'),('9a5fa551-7e31-11ea-8f79-8c1645373715','9a62a546-7e31-11ea-8f79-8c1645373715'),('9a5f9233-7e31-11ea-8f79-8c1645373715','9a62a5b0-7e31-11ea-8f79-8c1645373715'),('9a5f96b4-7e31-11ea-8f79-8c1645373715','9a62a5b0-7e31-11ea-8f79-8c1645373715'),('9a5f9806-7e31-11ea-8f79-8c1645373715','9a62a5b0-7e31-11ea-8f79-8c1645373715'),('9a5f8d7d-7e31-11ea-8f79-8c1645373715','9a62a636-7e31-11ea-8f79-8c1645373715'),('9a5f978e-7e31-11ea-8f79-8c1645373715','9a62a636-7e31-11ea-8f79-8c1645373715'),('9a5fa277-7e31-11ea-8f79-8c1645373715','9a62a636-7e31-11ea-8f79-8c1645373715'),('9a5fa3f7-7e31-11ea-8f79-8c1645373715','9a62a636-7e31-11ea-8f79-8c1645373715'),('9a5f8d0f-7e31-11ea-8f79-8c1645373715','9a62a6a3-7e31-11ea-8f79-8c1645373715'),('9a5f9e59-7e31-11ea-8f79-8c1645373715','9a62a6a3-7e31-11ea-8f79-8c1645373715'),('9a5f9ff9-7e31-11ea-8f79-8c1645373715','9a62a6a3-7e31-11ea-8f79-8c1645373715'),('9a5fa07b-7e31-11ea-8f79-8c1645373715','9a62a6a3-7e31-11ea-8f79-8c1645373715'),('9a5f946a-7e31-11ea-8f79-8c1645373715','9a62a729-7e31-11ea-8f79-8c1645373715'),('9a5f962a-7e31-11ea-8f79-8c1645373715','9a62a729-7e31-11ea-8f79-8c1645373715'),('9a5f9ff9-7e31-11ea-8f79-8c1645373715','9a62a729-7e31-11ea-8f79-8c1645373715'),('9a5fa07b-7e31-11ea-8f79-8c1645373715','9a62a729-7e31-11ea-8f79-8c1645373715'),('9a5fa0f7-7e31-11ea-8f79-8c1645373715','9a62a729-7e31-11ea-8f79-8c1645373715'),('9a5f94e2-7e31-11ea-8f79-8c1645373715','9a62a793-7e31-11ea-8f79-8c1645373715'),('9a5f955a-7e31-11ea-8f79-8c1645373715','9a62a793-7e31-11ea-8f79-8c1645373715'),('9a5fa4d9-7e31-11ea-8f79-8c1645373715','9a62a793-7e31-11ea-8f79-8c1645373715'),('9a5f928b-7e31-11ea-8f79-8c1645373715','9a62a81d-7e31-11ea-8f79-8c1645373715'),('9a5f9390-7e31-11ea-8f79-8c1645373715','9a62a81d-7e31-11ea-8f79-8c1645373715'),('9a5f9f9a-7e31-11ea-8f79-8c1645373715','9a62a81d-7e31-11ea-8f79-8c1645373715'),('9a5fa551-7e31-11ea-8f79-8c1645373715','9a62a81d-7e31-11ea-8f79-8c1645373715'),('9a5f8aaa-7e31-11ea-8f79-8c1645373715','9a62a88a-7e31-11ea-8f79-8c1645373715'),('9a5f940b-7e31-11ea-8f79-8c1645373715','9a62a88a-7e31-11ea-8f79-8c1645373715'),('9a5f9af9-7e31-11ea-8f79-8c1645373715','9a62a88a-7e31-11ea-8f79-8c1645373715'),('9a5fa2fd-7e31-11ea-8f79-8c1645373715','9a62a88a-7e31-11ea-8f79-8c1645373715'),('9a5f9f22-7e31-11ea-8f79-8c1645373715','9a62a909-7e31-11ea-8f79-8c1645373715'),('9a5fa07b-7e31-11ea-8f79-8c1645373715','9a62a909-7e31-11ea-8f79-8c1645373715'),('9a5fa69c-7e31-11ea-8f79-8c1645373715','9a62a9a1-7e31-11ea-8f79-8c1645373715'),('9a5f9135-7e31-11ea-8f79-8c1645373715','9a62aa3f-7e31-11ea-8f79-8c1645373715'),('9a5f940b-7e31-11ea-8f79-8c1645373715','9a62aa3f-7e31-11ea-8f79-8c1645373715'),('9a5f9806-7e31-11ea-8f79-8c1645373715','9a62aa3f-7e31-11ea-8f79-8c1645373715'),('9a5f972f-7e31-11ea-8f79-8c1645373715','9a62aa9b-7e31-11ea-8f79-8c1645373715'),('9a5f94e2-7e31-11ea-8f79-8c1645373715','9a62ab0f-7e31-11ea-8f79-8c1645373715'),('9a5f9af9-7e31-11ea-8f79-8c1645373715','9a62ab0f-7e31-11ea-8f79-8c1645373715'),('9a5f9ff9-7e31-11ea-8f79-8c1645373715','9a62ab0f-7e31-11ea-8f79-8c1645373715'),('9a5f9135-7e31-11ea-8f79-8c1645373715','9a62ab67-7e31-11ea-8f79-8c1645373715'),('9a5f91b7-7e31-11ea-8f79-8c1645373715','9a62ab67-7e31-11ea-8f79-8c1645373715'),('9a5f9233-7e31-11ea-8f79-8c1645373715','9a62ab67-7e31-11ea-8f79-8c1645373715'),('9a5f940b-7e31-11ea-8f79-8c1645373715','9a62ab67-7e31-11ea-8f79-8c1645373715'),('9a5f972f-7e31-11ea-8f79-8c1645373715','9a62ab67-7e31-11ea-8f79-8c1645373715'),('9a5f9ff9-7e31-11ea-8f79-8c1645373715','9a62ab67-7e31-11ea-8f79-8c1645373715'),('9a5f9314-7e31-11ea-8f79-8c1645373715','9a62abc0-7e31-11ea-8f79-8c1645373715'),('9a5fa4d9-7e31-11ea-8f79-8c1645373715','9a62abc0-7e31-11ea-8f79-8c1645373715'),('9a5f9233-7e31-11ea-8f79-8c1645373715','9a62ac34-7e31-11ea-8f79-8c1645373715'),('9a5f928b-7e31-11ea-8f79-8c1645373715','9a62ac34-7e31-11ea-8f79-8c1645373715'),('9a5f95cb-7e31-11ea-8f79-8c1645373715','9a62ac34-7e31-11ea-8f79-8c1645373715'),('9a5f99c6-7e31-11ea-8f79-8c1645373715','9a62ac34-7e31-11ea-8f79-8c1645373715'),('9a5f9af9-7e31-11ea-8f79-8c1645373715','9a62ac34-7e31-11ea-8f79-8c1645373715'),('9a5f9ff9-7e31-11ea-8f79-8c1645373715','9a62ac34-7e31-11ea-8f79-8c1645373715'),('9a5f8d0f-7e31-11ea-8f79-8c1645373715','9a62ac93-7e31-11ea-8f79-8c1645373715'),('9a5f9d0a-7e31-11ea-8f79-8c1645373715','9a62ad04-7e31-11ea-8f79-8c1645373715'),('9a5f9f9a-7e31-11ea-8f79-8c1645373715','9a62ad04-7e31-11ea-8f79-8c1645373715'),('9a5fa45a-7e31-11ea-8f79-8c1645373715','9a62ad04-7e31-11ea-8f79-8c1645373715'),('9a5f91b7-7e31-11ea-8f79-8c1645373715','9a62ad5c-7e31-11ea-8f79-8c1645373715'),('9a5f9233-7e31-11ea-8f79-8c1645373715','9a62ad5c-7e31-11ea-8f79-8c1645373715'),('9a5fa3f7-7e31-11ea-8f79-8c1645373715','9a62ad5c-7e31-11ea-8f79-8c1645373715'),('9a5f8e85-7e31-11ea-8f79-8c1645373715','9a62adcd-7e31-11ea-8f79-8c1645373715'),('9a5f99c6-7e31-11ea-8f79-8c1645373715','9a62adcd-7e31-11ea-8f79-8c1645373715'),('9a5fa277-7e31-11ea-8f79-8c1645373715','9a62adcd-7e31-11ea-8f79-8c1645373715'),('9a5fa711-7e31-11ea-8f79-8c1645373715','9a62adcd-7e31-11ea-8f79-8c1645373715'),('9a5f8d0f-7e31-11ea-8f79-8c1645373715','9a62ae22-7e31-11ea-8f79-8c1645373715'),('9a5fa0f7-7e31-11ea-8f79-8c1645373715','9a62ae22-7e31-11ea-8f79-8c1645373715'),('9a5f9390-7e31-11ea-8f79-8c1645373715','9a62ae96-7e31-11ea-8f79-8c1645373715'),('9a5f9806-7e31-11ea-8f79-8c1645373715','9a62ae96-7e31-11ea-8f79-8c1645373715'),('9a5f9d0a-7e31-11ea-8f79-8c1645373715','9a62ae96-7e31-11ea-8f79-8c1645373715');
/*!40000 ALTER TABLE `desiredlocations` ENABLE KEYS */;
UNLOCK TABLES;

--
-- Table structure for table `employees`
--

DROP TABLE IF EXISTS `employees`;
/*!40101 SET @saved_cs_client     = @@character_set_client */;
/*!50503 SET character_set_client = utf8mb4 */;
CREATE TABLE `employees` (
  `id` char(36) NOT NULL,
  `name` varchar(100) NOT NULL,
  `phoneNumber` varchar(30) DEFAULT NULL,
  `bio` varchar(200) DEFAULT NULL,
  PRIMARY KEY (`id`),
  CONSTRAINT `employees_ibfk_1` FOREIGN KEY (`id`) REFERENCES `users` (`id`)
) ENGINE=InnoDB DEFAULT CHARSET=utf8mb4 COLLATE=utf8mb4_0900_ai_ci;
/*!40101 SET character_set_client = @saved_cs_client */;

--
-- Dumping data for table `employees`
--

LOCK TABLES `employees` WRITE;
/*!40000 ALTER TABLE `employees` DISABLE KEYS */;
INSERT INTO `employees` VALUES ('9a5f8aaa-7e31-11ea-8f79-8c1645373715','Olen Ernser','748-014-2317 x5167','Libero velit qui pariatur voluptatum vitae laudantium tempora quo.'),('9a5f8c8d-7e31-11ea-8f79-8c1645373715','Juvenal Gaylord','(599) 430-3569 x389','Quia quibusdam ut enim hic inventore alias est et.'),('9a5f8d0f-7e31-11ea-8f79-8c1645373715','Queenie Franecki','033.471.0702','Corrupti corrupti aliquam necessitatibus distinctio quo tempore eveniet fugit.'),('9a5f8d7d-7e31-11ea-8f79-8c1645373715','Cecelia Champlin','509.968.5034 x73399','Quo sunt explicabo.'),('9a5f8e85-7e31-11ea-8f79-8c1645373715','Domenico Ryan','1-639-551-3117','Aut quisquam est et possimus consequuntur provident aliquid corporis.'),('9a5f8fbc-7e31-11ea-8f79-8c1645373715','Cristobal Douglas','765-660-7247 x4618','Labore repellendus qui cupiditate minus consequatur.'),('9a5f903a-7e31-11ea-8f79-8c1645373715','Lowell Dibbert','125.799.1926','Numquam ut omnis iste ut est non fuga occaecati.'),('9a5f9135-7e31-11ea-8f79-8c1645373715','Mr. Donald Conn','206-532-8648 x1939','Deleniti tenetur nam minus quos.'),('9a5f91b7-7e31-11ea-8f79-8c1645373715','Susan Olson DDS','514.789.3587','Minus incidunt rerum repudiandae ullam nemo sunt.'),('9a5f9233-7e31-11ea-8f79-8c1645373715','Aditya Medhurst','1-485-001-6654 x70136','Atque consequuntur asperiores corporis quo adipisci et.'),('9a5f928b-7e31-11ea-8f79-8c1645373715','Lucio Lowe','1-845-966-3203 x2151','Aut non qui laborum tempore illum.'),('9a5f9314-7e31-11ea-8f79-8c1645373715','Cortez Treutel','703-119-3356 x33509','Eum iste aspernatur dolore tempore.'),('9a5f9390-7e31-11ea-8f79-8c1645373715','Elvie Oberbrunner I','665-111-1079 x61195','Similique laboriosam rerum molestiae voluptatem esse pariatur a.'),('9a5f940b-7e31-11ea-8f79-8c1645373715','Lamont Kuhic IV','660.612.2762 x1351','Nesciunt architecto blanditiis nisi reiciendis non quos blanditiis qui.'),('9a5f946a-7e31-11ea-8f79-8c1645373715','Ludie Bosco','391.858.0399','Voluptatum nam dolor qui sunt ut dolores est nihil.'),('9a5f94e2-7e31-11ea-8f79-8c1645373715','Miss Triston Swaniawski','1-626-520-1580 x74836','Saepe officia qui enim aut.'),('9a5f955a-7e31-11ea-8f79-8c1645373715','Coleman Howell','328.381.5749 x093','Reiciendis eos delectus voluptatem repellendus rem velit ut.'),('9a5f95cb-7e31-11ea-8f79-8c1645373715','Dr. Arlene Witting','358.371.8172 x167','Est minus nisi necessitatibus in sit.'),('9a5f962a-7e31-11ea-8f79-8c1645373715','Bart Effertz','1-090-491-0591 x2162','Ab voluptates ut.'),('9a5f96b4-7e31-11ea-8f79-8c1645373715','Aida Rogahn DDS','253-079-6568 x25483','Culpa qui dicta velit ut.'),('9a5f972f-7e31-11ea-8f79-8c1645373715','Milo Howell','004-706-5523','Cum sed dolorem ipsam quos itaque.'),('9a5f978e-7e31-11ea-8f79-8c1645373715','Ricky Watsica','024-805-9800 x209','In et repudiandae voluptatibus minima blanditiis qui fuga ut nisi.'),('9a5f9806-7e31-11ea-8f79-8c1645373715','Catalina Mitchell','1-434-867-5591 x8414','Iusto incidunt ducimus.'),('9a5f99c6-7e31-11ea-8f79-8c1645373715','Pablo Reichel','(730) 882-6801 x3005','Hic iste repudiandae et ut et ab.'),('9a5f9af9-7e31-11ea-8f79-8c1645373715','Florence Keebler','1-819-463-0540','Consequuntur deserunt cumque exercitationem non dolores cupiditate.'),('9a5f9bd3-7e31-11ea-8f79-8c1645373715','Casimer Bogisich','(808) 435-1617 x79610','Ad inventore suscipit occaecati ex tenetur.'),('9a5f9d0a-7e31-11ea-8f79-8c1645373715','Tina Murray','1-004-978-9491','Natus recusandae et quisquam ut aut.'),('9a5f9e59-7e31-11ea-8f79-8c1645373715','Rhiannon Walsh III','688-027-1705 x3602','Quia perspiciatis recusandae dolor incidunt corporis voluptates.'),('9a5f9ebf-7e31-11ea-8f79-8c1645373715','Emilio Streich','824-924-4506','Consequuntur repellat tempore est in ducimus dolores.'),('9a5f9f22-7e31-11ea-8f79-8c1645373715','Armani Kilback','044-289-7686','Fugit quam neque quis mollitia minus doloribus molestias.'),('9a5f9f9a-7e31-11ea-8f79-8c1645373715','Lia Borer','1-784-969-8998','Culpa velit quo et voluptatem quidem dolorum dolores possimus quia.'),('9a5f9ff9-7e31-11ea-8f79-8c1645373715','Columbus Davis','1-147-782-2260','Laudantium fugiat iure non quis.'),('9a5fa07b-7e31-11ea-8f79-8c1645373715','Kirstin Roberts','(123) 781-6561','Illum et est ex.'),('9a5fa0f7-7e31-11ea-8f79-8c1645373715','Wilburn Kulas','1-726-965-8854 x4872','Est ea nulla sit natus rerum inventore aut.'),('9a5fa277-7e31-11ea-8f79-8c1645373715','Oran Waters','867-127-1060 x7722','Rem qui facilis dolorem.'),('9a5fa2fd-7e31-11ea-8f79-8c1645373715','Velda Kuvalis','1-204-523-8736 x274','Voluptatem minus voluptate tenetur deleniti repellat.'),('9a5fa37c-7e31-11ea-8f79-8c1645373715','Annabel Crist','(653) 037-1229 x8540','Qui est amet maxime magni.'),('9a5fa3f7-7e31-11ea-8f79-8c1645373715','Deion Kertzmann III','744.539.2659 x6046','Quaerat distinctio iusto illum non iure mollitia vitae minus ea.'),('9a5fa45a-7e31-11ea-8f79-8c1645373715','Jarrod Legros','621-821-0971 x49452','Tempora ducimus maiores sit voluptatem.'),('9a5fa4d9-7e31-11ea-8f79-8c1645373715','Jarrett Leuschke','108.264.9151 x938','Ipsam unde voluptatem veritatis quo ut nemo placeat quaerat aut.'),('9a5fa551-7e31-11ea-8f79-8c1645373715','Marlene Pouros','1-113-372-0703 x531','Est assumenda eius exercitationem occaecati autem reiciendis ad magni.'),('9a5fa5c2-7e31-11ea-8f79-8c1645373715','Mrs. Herman Sanford','659.965.8986 x0686','Voluptatem quibusdam qui ut sapiente dolor dolore.'),('9a5fa621-7e31-11ea-8f79-8c1645373715','Lucinda Boyer','1-883-553-1752','Qui voluptatem repudiandae ab dolorem quibusdam dolorem rem.'),('9a5fa69c-7e31-11ea-8f79-8c1645373715','Ms. Leonora Will','663.848.0513 x171','Assumenda aliquid accusantium eum voluptas illum.'),('9a5fa711-7e31-11ea-8f79-8c1645373715','Haley Effertz','603-267-4050 x9593','Molestias quas consequuntur facilis rerum nobis numquam.');
/*!40000 ALTER TABLE `employees` ENABLE KEYS */;
UNLOCK TABLES;

--
-- Table structure for table `employers`
--

DROP TABLE IF EXISTS `employers`;
/*!40101 SET @saved_cs_client     = @@character_set_client */;
/*!50503 SET character_set_client = utf8mb4 */;
CREATE TABLE `employers` (
  `id` char(36) NOT NULL,
  `companyName` varchar(100) NOT NULL,
  `phoneNumber` varchar(30) NOT NULL,
  `website` varchar(100) NOT NULL,
  `address` char(36) NOT NULL,
  PRIMARY KEY (`id`),
  KEY `address` (`address`),
  CONSTRAINT `employers_ibfk_1` FOREIGN KEY (`id`) REFERENCES `users` (`id`),
  CONSTRAINT `employers_ibfk_2` FOREIGN KEY (`address`) REFERENCES `locations` (`id`)
) ENGINE=InnoDB DEFAULT CHARSET=utf8mb4 COLLATE=utf8mb4_0900_ai_ci;
/*!40101 SET character_set_client = @saved_cs_client */;

--
-- Dumping data for table `employers`
--

LOCK TABLES `employers` WRITE;
/*!40000 ALTER TABLE `employers` DISABLE KEYS */;
INSERT INTO `employers` VALUES ('9a5f7a6c-7e31-11ea-8f79-8c1645373715','Mante and Sons','(144) 183-4415 x719','http://lera.name','9a629f5e-7e31-11ea-8f79-8c1645373715'),('9a5f8805-7e31-11ea-8f79-8c1645373715','Collins Inc','047-271-8613','https://murphy.com','9a62966a-7e31-11ea-8f79-8c1645373715'),('9a5f8922-7e31-11ea-8f79-8c1645373715','White, Marquardt and Hamill','(259) 548-6255','http://macey.name','9a62a32b-7e31-11ea-8f79-8c1645373715'),('9a5f89b0-7e31-11ea-8f79-8c1645373715','Carter, Jacobson and O\'Hara','1-174-085-4831','https://rowan.org','9a62ad5c-7e31-11ea-8f79-8c1645373715'),('9a5f8a3d-7e31-11ea-8f79-8c1645373715','Von, Cummings and Mitchell','1-217-179-9870 x71029','https://arnoldo.net','9a62ac34-7e31-11ea-8f79-8c1645373715');
/*!40000 ALTER TABLE `employers` ENABLE KEYS */;
UNLOCK TABLES;

--
-- Table structure for table `industries`
--

DROP TABLE IF EXISTS `industries`;
/*!40101 SET @saved_cs_client     = @@character_set_client */;
/*!50503 SET character_set_client = utf8mb4 */;
CREATE TABLE `industries` (
  `id` char(36) NOT NULL,
  `industry` varchar(100) NOT NULL,
  `description` varchar(100) NOT NULL,
  PRIMARY KEY (`id`)
) ENGINE=InnoDB DEFAULT CHARSET=utf8mb4 COLLATE=utf8mb4_0900_ai_ci;
/*!40101 SET character_set_client = @saved_cs_client */;

--
-- Dumping data for table `industries`
--

LOCK TABLES `industries` WRITE;
/*!40000 ALTER TABLE `industries` DISABLE KEYS */;
INSERT INTO `industries` VALUES ('9a60b78f-7e31-11ea-8f79-8c1645373715','Mining & Metals','Laborum dolore quaerat nulla culpa ratione iusto.'),('9a60c839-7e31-11ea-8f79-8c1645373715','Real Estate','Molestiae distinctio enim.'),('9a60c9d9-7e31-11ea-8f79-8c1645373715','Religious Institutions','Et maiores cum porro facere doloremque numquam magni culpa.'),('9a60ca31-7e31-11ea-8f79-8c1645373715','Gambling & Casinos','Quisquam pariatur non.'),('9a60ca9f-7e31-11ea-8f79-8c1645373715','Higher Education','Dicta dolor numquam alias recusandae earum sunt ipsa saepe autem.');
/*!40000 ALTER TABLE `industries` ENABLE KEYS */;
UNLOCK TABLES;

--
-- Table structure for table `interestedroles`
--

DROP TABLE IF EXISTS `interestedroles`;
/*!40101 SET @saved_cs_client     = @@character_set_client */;
/*!50503 SET character_set_client = utf8mb4 */;
CREATE TABLE `interestedroles` (
  `employee` char(36) NOT NULL,
  `roleId` char(36) NOT NULL,
  PRIMARY KEY (`employee`,`roleId`),
  KEY `roleId` (`roleId`),
  CONSTRAINT `interestedroles_ibfk_1` FOREIGN KEY (`employee`) REFERENCES `employees` (`id`),
  CONSTRAINT `interestedroles_ibfk_2` FOREIGN KEY (`roleId`) REFERENCES `roles` (`id`)
) ENGINE=InnoDB DEFAULT CHARSET=utf8mb4 COLLATE=utf8mb4_0900_ai_ci;
/*!40101 SET character_set_client = @saved_cs_client */;

--
-- Dumping data for table `interestedroles`
--

LOCK TABLES `interestedroles` WRITE;
/*!40000 ALTER TABLE `interestedroles` DISABLE KEYS */;
INSERT INTO `interestedroles` VALUES ('9a5f8e85-7e31-11ea-8f79-8c1645373715','9a6192db-7e31-11ea-8f79-8c1645373715'),('9a5f9135-7e31-11ea-8f79-8c1645373715','9a6192db-7e31-11ea-8f79-8c1645373715'),('9a5f9314-7e31-11ea-8f79-8c1645373715','9a6192db-7e31-11ea-8f79-8c1645373715'),('9a5f946a-7e31-11ea-8f79-8c1645373715','9a6192db-7e31-11ea-8f79-8c1645373715'),('9a5f962a-7e31-11ea-8f79-8c1645373715','9a6192db-7e31-11ea-8f79-8c1645373715'),('9a5f978e-7e31-11ea-8f79-8c1645373715','9a6192db-7e31-11ea-8f79-8c1645373715'),('9a5f9806-7e31-11ea-8f79-8c1645373715','9a6192db-7e31-11ea-8f79-8c1645373715'),('9a5f9bd3-7e31-11ea-8f79-8c1645373715','9a6192db-7e31-11ea-8f79-8c1645373715'),('9a5f9ff9-7e31-11ea-8f79-8c1645373715','9a6192db-7e31-11ea-8f79-8c1645373715'),('9a5fa3f7-7e31-11ea-8f79-8c1645373715','9a6192db-7e31-11ea-8f79-8c1645373715'),('9a5fa551-7e31-11ea-8f79-8c1645373715','9a6192db-7e31-11ea-8f79-8c1645373715'),('9a5f8aaa-7e31-11ea-8f79-8c1645373715','9a61a16a-7e31-11ea-8f79-8c1645373715'),('9a5f8d7d-7e31-11ea-8f79-8c1645373715','9a61a16a-7e31-11ea-8f79-8c1645373715'),('9a5f8e85-7e31-11ea-8f79-8c1645373715','9a61a16a-7e31-11ea-8f79-8c1645373715'),('9a5f91b7-7e31-11ea-8f79-8c1645373715','9a61a16a-7e31-11ea-8f79-8c1645373715'),('9a5f928b-7e31-11ea-8f79-8c1645373715','9a61a16a-7e31-11ea-8f79-8c1645373715'),('9a5f972f-7e31-11ea-8f79-8c1645373715','9a61a16a-7e31-11ea-8f79-8c1645373715'),('9a5f9af9-7e31-11ea-8f79-8c1645373715','9a61a16a-7e31-11ea-8f79-8c1645373715'),('9a5f9f9a-7e31-11ea-8f79-8c1645373715','9a61a16a-7e31-11ea-8f79-8c1645373715'),('9a5fa0f7-7e31-11ea-8f79-8c1645373715','9a61a16a-7e31-11ea-8f79-8c1645373715'),('9a5fa711-7e31-11ea-8f79-8c1645373715','9a61a16a-7e31-11ea-8f79-8c1645373715'),('9a5f8aaa-7e31-11ea-8f79-8c1645373715','9a61a369-7e31-11ea-8f79-8c1645373715'),('9a5f8d7d-7e31-11ea-8f79-8c1645373715','9a61a369-7e31-11ea-8f79-8c1645373715'),('9a5f8fbc-7e31-11ea-8f79-8c1645373715','9a61a369-7e31-11ea-8f79-8c1645373715'),('9a5f903a-7e31-11ea-8f79-8c1645373715','9a61a369-7e31-11ea-8f79-8c1645373715'),('9a5f91b7-7e31-11ea-8f79-8c1645373715','9a61a369-7e31-11ea-8f79-8c1645373715'),('9a5f95cb-7e31-11ea-8f79-8c1645373715','9a61a369-7e31-11ea-8f79-8c1645373715'),('9a5f9ff9-7e31-11ea-8f79-8c1645373715','9a61a369-7e31-11ea-8f79-8c1645373715'),('9a5fa07b-7e31-11ea-8f79-8c1645373715','9a61a369-7e31-11ea-8f79-8c1645373715'),('9a5fa69c-7e31-11ea-8f79-8c1645373715','9a61a369-7e31-11ea-8f79-8c1645373715'),('9a5f962a-7e31-11ea-8f79-8c1645373715','9a61a447-7e31-11ea-8f79-8c1645373715'),('9a5f978e-7e31-11ea-8f79-8c1645373715','9a61a447-7e31-11ea-8f79-8c1645373715'),('9a5f99c6-7e31-11ea-8f79-8c1645373715','9a61a447-7e31-11ea-8f79-8c1645373715'),('9a5f9bd3-7e31-11ea-8f79-8c1645373715','9a61a447-7e31-11ea-8f79-8c1645373715'),('9a5f9e59-7e31-11ea-8f79-8c1645373715','9a61a447-7e31-11ea-8f79-8c1645373715'),('9a5fa551-7e31-11ea-8f79-8c1645373715','9a61a447-7e31-11ea-8f79-8c1645373715'),('9a5f91b7-7e31-11ea-8f79-8c1645373715','9a61a53e-7e31-11ea-8f79-8c1645373715'),('9a5f96b4-7e31-11ea-8f79-8c1645373715','9a61a53e-7e31-11ea-8f79-8c1645373715'),('9a5f9ebf-7e31-11ea-8f79-8c1645373715','9a61a53e-7e31-11ea-8f79-8c1645373715'),('9a5fa3f7-7e31-11ea-8f79-8c1645373715','9a61a53e-7e31-11ea-8f79-8c1645373715'),('9a5f8c8d-7e31-11ea-8f79-8c1645373715','9a61a603-7e31-11ea-8f79-8c1645373715'),('9a5f8d7d-7e31-11ea-8f79-8c1645373715','9a61a603-7e31-11ea-8f79-8c1645373715'),('9a5f9135-7e31-11ea-8f79-8c1645373715','9a61a603-7e31-11ea-8f79-8c1645373715'),('9a5f96b4-7e31-11ea-8f79-8c1645373715','9a61a603-7e31-11ea-8f79-8c1645373715'),('9a5f972f-7e31-11ea-8f79-8c1645373715','9a61a603-7e31-11ea-8f79-8c1645373715'),('9a5f9806-7e31-11ea-8f79-8c1645373715','9a61a603-7e31-11ea-8f79-8c1645373715'),('9a5f9f22-7e31-11ea-8f79-8c1645373715','9a61a603-7e31-11ea-8f79-8c1645373715'),('9a5fa277-7e31-11ea-8f79-8c1645373715','9a61a603-7e31-11ea-8f79-8c1645373715'),('9a5f8d0f-7e31-11ea-8f79-8c1645373715','9a61a6d0-7e31-11ea-8f79-8c1645373715'),('9a5f9f22-7e31-11ea-8f79-8c1645373715','9a61a6d0-7e31-11ea-8f79-8c1645373715'),('9a5fa5c2-7e31-11ea-8f79-8c1645373715','9a61a6d0-7e31-11ea-8f79-8c1645373715'),('9a5f8d0f-7e31-11ea-8f79-8c1645373715','9a61a776-7e31-11ea-8f79-8c1645373715'),('9a5f8e85-7e31-11ea-8f79-8c1645373715','9a61a776-7e31-11ea-8f79-8c1645373715'),('9a5f903a-7e31-11ea-8f79-8c1645373715','9a61a776-7e31-11ea-8f79-8c1645373715'),('9a5f9233-7e31-11ea-8f79-8c1645373715','9a61a776-7e31-11ea-8f79-8c1645373715'),('9a5f9314-7e31-11ea-8f79-8c1645373715','9a61a776-7e31-11ea-8f79-8c1645373715'),('9a5f9390-7e31-11ea-8f79-8c1645373715','9a61a776-7e31-11ea-8f79-8c1645373715'),('9a5f9bd3-7e31-11ea-8f79-8c1645373715','9a61a776-7e31-11ea-8f79-8c1645373715'),('9a5f9ebf-7e31-11ea-8f79-8c1645373715','9a61a776-7e31-11ea-8f79-8c1645373715'),('9a5fa277-7e31-11ea-8f79-8c1645373715','9a61a776-7e31-11ea-8f79-8c1645373715'),('9a5fa45a-7e31-11ea-8f79-8c1645373715','9a61a776-7e31-11ea-8f79-8c1645373715'),('9a5fa5c2-7e31-11ea-8f79-8c1645373715','9a61a776-7e31-11ea-8f79-8c1645373715'),('9a5f9390-7e31-11ea-8f79-8c1645373715','9a61a8b7-7e31-11ea-8f79-8c1645373715'),('9a5f946a-7e31-11ea-8f79-8c1645373715','9a61a8b7-7e31-11ea-8f79-8c1645373715'),('9a5fa0f7-7e31-11ea-8f79-8c1645373715','9a61a8b7-7e31-11ea-8f79-8c1645373715'),('9a5fa2fd-7e31-11ea-8f79-8c1645373715','9a61a8b7-7e31-11ea-8f79-8c1645373715'),('9a5f903a-7e31-11ea-8f79-8c1645373715','9a61a971-7e31-11ea-8f79-8c1645373715'),('9a5f91b7-7e31-11ea-8f79-8c1645373715','9a61a971-7e31-11ea-8f79-8c1645373715'),('9a5f9314-7e31-11ea-8f79-8c1645373715','9a61a971-7e31-11ea-8f79-8c1645373715'),('9a5f94e2-7e31-11ea-8f79-8c1645373715','9a61a971-7e31-11ea-8f79-8c1645373715'),('9a5f962a-7e31-11ea-8f79-8c1645373715','9a61a971-7e31-11ea-8f79-8c1645373715'),('9a5f96b4-7e31-11ea-8f79-8c1645373715','9a61a971-7e31-11ea-8f79-8c1645373715'),('9a5f978e-7e31-11ea-8f79-8c1645373715','9a61a971-7e31-11ea-8f79-8c1645373715'),('9a5f9f9a-7e31-11ea-8f79-8c1645373715','9a61a971-7e31-11ea-8f79-8c1645373715'),('9a5fa07b-7e31-11ea-8f79-8c1645373715','9a61a971-7e31-11ea-8f79-8c1645373715'),('9a5fa0f7-7e31-11ea-8f79-8c1645373715','9a61a971-7e31-11ea-8f79-8c1645373715'),('9a5fa37c-7e31-11ea-8f79-8c1645373715','9a61a971-7e31-11ea-8f79-8c1645373715'),('9a5fa4d9-7e31-11ea-8f79-8c1645373715','9a61a971-7e31-11ea-8f79-8c1645373715'),('9a5f8aaa-7e31-11ea-8f79-8c1645373715','9a61aa3a-7e31-11ea-8f79-8c1645373715'),('9a5f8c8d-7e31-11ea-8f79-8c1645373715','9a61aa3a-7e31-11ea-8f79-8c1645373715'),('9a5f8d0f-7e31-11ea-8f79-8c1645373715','9a61aa3a-7e31-11ea-8f79-8c1645373715'),('9a5f903a-7e31-11ea-8f79-8c1645373715','9a61aa3a-7e31-11ea-8f79-8c1645373715'),('9a5f9233-7e31-11ea-8f79-8c1645373715','9a61aa3a-7e31-11ea-8f79-8c1645373715'),('9a5f928b-7e31-11ea-8f79-8c1645373715','9a61aa3a-7e31-11ea-8f79-8c1645373715'),('9a5f95cb-7e31-11ea-8f79-8c1645373715','9a61aa3a-7e31-11ea-8f79-8c1645373715'),('9a5f99c6-7e31-11ea-8f79-8c1645373715','9a61aa3a-7e31-11ea-8f79-8c1645373715'),('9a5f9d0a-7e31-11ea-8f79-8c1645373715','9a61aa3a-7e31-11ea-8f79-8c1645373715'),('9a5f9e59-7e31-11ea-8f79-8c1645373715','9a61aa3a-7e31-11ea-8f79-8c1645373715'),('9a5f9f9a-7e31-11ea-8f79-8c1645373715','9a61aa3a-7e31-11ea-8f79-8c1645373715'),('9a5f9ff9-7e31-11ea-8f79-8c1645373715','9a61aa3a-7e31-11ea-8f79-8c1645373715'),('9a5fa37c-7e31-11ea-8f79-8c1645373715','9a61aa3a-7e31-11ea-8f79-8c1645373715'),('9a5fa3f7-7e31-11ea-8f79-8c1645373715','9a61aa3a-7e31-11ea-8f79-8c1645373715'),('9a5fa711-7e31-11ea-8f79-8c1645373715','9a61aa3a-7e31-11ea-8f79-8c1645373715'),('9a5f8fbc-7e31-11ea-8f79-8c1645373715','9a61aaf9-7e31-11ea-8f79-8c1645373715'),('9a5f928b-7e31-11ea-8f79-8c1645373715','9a61aaf9-7e31-11ea-8f79-8c1645373715'),('9a5f9390-7e31-11ea-8f79-8c1645373715','9a61aaf9-7e31-11ea-8f79-8c1645373715'),('9a5f955a-7e31-11ea-8f79-8c1645373715','9a61aaf9-7e31-11ea-8f79-8c1645373715'),('9a5f95cb-7e31-11ea-8f79-8c1645373715','9a61aaf9-7e31-11ea-8f79-8c1645373715'),('9a5f972f-7e31-11ea-8f79-8c1645373715','9a61aaf9-7e31-11ea-8f79-8c1645373715'),('9a5f9806-7e31-11ea-8f79-8c1645373715','9a61aaf9-7e31-11ea-8f79-8c1645373715'),('9a5f9af9-7e31-11ea-8f79-8c1645373715','9a61aaf9-7e31-11ea-8f79-8c1645373715'),('9a5f9bd3-7e31-11ea-8f79-8c1645373715','9a61aaf9-7e31-11ea-8f79-8c1645373715'),('9a5f9e59-7e31-11ea-8f79-8c1645373715','9a61aaf9-7e31-11ea-8f79-8c1645373715'),('9a5f9ebf-7e31-11ea-8f79-8c1645373715','9a61aaf9-7e31-11ea-8f79-8c1645373715'),('9a5f9f9a-7e31-11ea-8f79-8c1645373715','9a61aaf9-7e31-11ea-8f79-8c1645373715'),('9a5f9ff9-7e31-11ea-8f79-8c1645373715','9a61aaf9-7e31-11ea-8f79-8c1645373715'),('9a5f8c8d-7e31-11ea-8f79-8c1645373715','9a61ab94-7e31-11ea-8f79-8c1645373715'),('9a5f8d7d-7e31-11ea-8f79-8c1645373715','9a61ab94-7e31-11ea-8f79-8c1645373715'),('9a5f928b-7e31-11ea-8f79-8c1645373715','9a61ab94-7e31-11ea-8f79-8c1645373715'),('9a5f9314-7e31-11ea-8f79-8c1645373715','9a61ab94-7e31-11ea-8f79-8c1645373715'),('9a5f94e2-7e31-11ea-8f79-8c1645373715','9a61ab94-7e31-11ea-8f79-8c1645373715'),('9a5f955a-7e31-11ea-8f79-8c1645373715','9a61ab94-7e31-11ea-8f79-8c1645373715'),('9a5f9af9-7e31-11ea-8f79-8c1645373715','9a61ab94-7e31-11ea-8f79-8c1645373715'),('9a5f9f22-7e31-11ea-8f79-8c1645373715','9a61ab94-7e31-11ea-8f79-8c1645373715'),('9a5fa45a-7e31-11ea-8f79-8c1645373715','9a61ab94-7e31-11ea-8f79-8c1645373715'),('9a5fa551-7e31-11ea-8f79-8c1645373715','9a61ab94-7e31-11ea-8f79-8c1645373715'),('9a5fa5c2-7e31-11ea-8f79-8c1645373715','9a61ab94-7e31-11ea-8f79-8c1645373715'),('9a5f9233-7e31-11ea-8f79-8c1645373715','9a61ad0d-7e31-11ea-8f79-8c1645373715'),('9a5f9f9a-7e31-11ea-8f79-8c1645373715','9a61ad0d-7e31-11ea-8f79-8c1645373715'),('9a5fa07b-7e31-11ea-8f79-8c1645373715','9a61ad0d-7e31-11ea-8f79-8c1645373715'),('9a5fa277-7e31-11ea-8f79-8c1645373715','9a61ad0d-7e31-11ea-8f79-8c1645373715'),('9a5fa45a-7e31-11ea-8f79-8c1645373715','9a61ad0d-7e31-11ea-8f79-8c1645373715'),('9a5fa551-7e31-11ea-8f79-8c1645373715','9a61ad0d-7e31-11ea-8f79-8c1645373715'),('9a5fa69c-7e31-11ea-8f79-8c1645373715','9a61ad0d-7e31-11ea-8f79-8c1645373715'),('9a5f946a-7e31-11ea-8f79-8c1645373715','9a61ade1-7e31-11ea-8f79-8c1645373715'),('9a5f96b4-7e31-11ea-8f79-8c1645373715','9a61ade1-7e31-11ea-8f79-8c1645373715'),('9a5f9f22-7e31-11ea-8f79-8c1645373715','9a61ade1-7e31-11ea-8f79-8c1645373715'),('9a5fa07b-7e31-11ea-8f79-8c1645373715','9a61ade1-7e31-11ea-8f79-8c1645373715'),('9a5fa0f7-7e31-11ea-8f79-8c1645373715','9a61ade1-7e31-11ea-8f79-8c1645373715'),('9a5f8e85-7e31-11ea-8f79-8c1645373715','9a61aff2-7e31-11ea-8f79-8c1645373715'),('9a5f9390-7e31-11ea-8f79-8c1645373715','9a61aff2-7e31-11ea-8f79-8c1645373715'),('9a5f955a-7e31-11ea-8f79-8c1645373715','9a61aff2-7e31-11ea-8f79-8c1645373715'),('9a5f9806-7e31-11ea-8f79-8c1645373715','9a61aff2-7e31-11ea-8f79-8c1645373715'),('9a5f9d0a-7e31-11ea-8f79-8c1645373715','9a61aff2-7e31-11ea-8f79-8c1645373715'),('9a5f9ebf-7e31-11ea-8f79-8c1645373715','9a61aff2-7e31-11ea-8f79-8c1645373715'),('9a5fa37c-7e31-11ea-8f79-8c1645373715','9a61aff2-7e31-11ea-8f79-8c1645373715'),('9a5fa69c-7e31-11ea-8f79-8c1645373715','9a61aff2-7e31-11ea-8f79-8c1645373715'),('9a5fa711-7e31-11ea-8f79-8c1645373715','9a61aff2-7e31-11ea-8f79-8c1645373715'),('9a5f940b-7e31-11ea-8f79-8c1645373715','9a61b09f-7e31-11ea-8f79-8c1645373715'),('9a5f96b4-7e31-11ea-8f79-8c1645373715','9a61b09f-7e31-11ea-8f79-8c1645373715'),('9a5f9bd3-7e31-11ea-8f79-8c1645373715','9a61b09f-7e31-11ea-8f79-8c1645373715'),('9a5f9d0a-7e31-11ea-8f79-8c1645373715','9a61b09f-7e31-11ea-8f79-8c1645373715'),('9a5fa551-7e31-11ea-8f79-8c1645373715','9a61b09f-7e31-11ea-8f79-8c1645373715'),('9a5fa621-7e31-11ea-8f79-8c1645373715','9a61b09f-7e31-11ea-8f79-8c1645373715'),('9a5f8c8d-7e31-11ea-8f79-8c1645373715','9a61b1b5-7e31-11ea-8f79-8c1645373715'),('9a5f9135-7e31-11ea-8f79-8c1645373715','9a61b1b5-7e31-11ea-8f79-8c1645373715'),('9a5f94e2-7e31-11ea-8f79-8c1645373715','9a61b1b5-7e31-11ea-8f79-8c1645373715'),('9a5f962a-7e31-11ea-8f79-8c1645373715','9a61b1b5-7e31-11ea-8f79-8c1645373715'),('9a5f9af9-7e31-11ea-8f79-8c1645373715','9a61b1b5-7e31-11ea-8f79-8c1645373715'),('9a5f9d0a-7e31-11ea-8f79-8c1645373715','9a61b1b5-7e31-11ea-8f79-8c1645373715'),('9a5f9ff9-7e31-11ea-8f79-8c1645373715','9a61b1b5-7e31-11ea-8f79-8c1645373715'),('9a5fa45a-7e31-11ea-8f79-8c1645373715','9a61b1b5-7e31-11ea-8f79-8c1645373715'),('9a5fa621-7e31-11ea-8f79-8c1645373715','9a61b1b5-7e31-11ea-8f79-8c1645373715'),('9a5f8e85-7e31-11ea-8f79-8c1645373715','9a61b27b-7e31-11ea-8f79-8c1645373715'),('9a5f8fbc-7e31-11ea-8f79-8c1645373715','9a61b27b-7e31-11ea-8f79-8c1645373715'),('9a5f9390-7e31-11ea-8f79-8c1645373715','9a61b27b-7e31-11ea-8f79-8c1645373715'),('9a5f940b-7e31-11ea-8f79-8c1645373715','9a61b27b-7e31-11ea-8f79-8c1645373715'),('9a5f946a-7e31-11ea-8f79-8c1645373715','9a61b27b-7e31-11ea-8f79-8c1645373715'),('9a5f99c6-7e31-11ea-8f79-8c1645373715','9a61b27b-7e31-11ea-8f79-8c1645373715'),('9a5f9ebf-7e31-11ea-8f79-8c1645373715','9a61b27b-7e31-11ea-8f79-8c1645373715'),('9a5fa2fd-7e31-11ea-8f79-8c1645373715','9a61b27b-7e31-11ea-8f79-8c1645373715'),('9a5fa4d9-7e31-11ea-8f79-8c1645373715','9a61b27b-7e31-11ea-8f79-8c1645373715'),('9a5fa621-7e31-11ea-8f79-8c1645373715','9a61b27b-7e31-11ea-8f79-8c1645373715'),('9a5f8aaa-7e31-11ea-8f79-8c1645373715','9a61b320-7e31-11ea-8f79-8c1645373715'),('9a5f8d7d-7e31-11ea-8f79-8c1645373715','9a61b320-7e31-11ea-8f79-8c1645373715'),('9a5f940b-7e31-11ea-8f79-8c1645373715','9a61b320-7e31-11ea-8f79-8c1645373715'),('9a5f946a-7e31-11ea-8f79-8c1645373715','9a61b320-7e31-11ea-8f79-8c1645373715'),('9a5f9e59-7e31-11ea-8f79-8c1645373715','9a61b320-7e31-11ea-8f79-8c1645373715'),('9a5fa0f7-7e31-11ea-8f79-8c1645373715','9a61b320-7e31-11ea-8f79-8c1645373715'),('9a5fa2fd-7e31-11ea-8f79-8c1645373715','9a61b320-7e31-11ea-8f79-8c1645373715'),('9a5fa4d9-7e31-11ea-8f79-8c1645373715','9a61b320-7e31-11ea-8f79-8c1645373715');
/*!40000 ALTER TABLE `interestedroles` ENABLE KEYS */;
UNLOCK TABLES;

--
-- Table structure for table `jobinterest`
--

DROP TABLE IF EXISTS `jobinterest`;
/*!40101 SET @saved_cs_client     = @@character_set_client */;
/*!50503 SET character_set_client = utf8mb4 */;
CREATE TABLE `jobinterest` (
  `jobId` char(36) NOT NULL,
  `employee` char(36) NOT NULL,
  `initiator` enum('employer','employee') DEFAULT NULL,
  `status` enum('available','liked','offered','done') DEFAULT NULL,
  PRIMARY KEY (`jobId`,`employee`),
  KEY `employee` (`employee`),
  CONSTRAINT `jobinterest_ibfk_1` FOREIGN KEY (`jobId`) REFERENCES `jobs` (`jobId`),
  CONSTRAINT `jobinterest_ibfk_2` FOREIGN KEY (`employee`) REFERENCES `employees` (`id`)
) ENGINE=InnoDB DEFAULT CHARSET=utf8mb4 COLLATE=utf8mb4_0900_ai_ci;
/*!40101 SET character_set_client = @saved_cs_client */;

--
-- Dumping data for table `jobinterest`
--

LOCK TABLES `jobinterest` WRITE;
/*!40000 ALTER TABLE `jobinterest` DISABLE KEYS */;
/*!40000 ALTER TABLE `jobinterest` ENABLE KEYS */;
UNLOCK TABLES;

--
-- Table structure for table `jobs`
--

DROP TABLE IF EXISTS `jobs`;
/*!40101 SET @saved_cs_client     = @@character_set_client */;
/*!50503 SET character_set_client = utf8mb4 */;
CREATE TABLE `jobs` (
  `jobId` char(36) NOT NULL,
  `employer` char(36) NOT NULL,
  `role` char(36) NOT NULL,
  `jobTitle` varchar(100) NOT NULL,
  `salary` varchar(100) DEFAULT NULL,
  `workLocation` varchar(36) NOT NULL,
  `description` varchar(100) DEFAULT NULL,
  PRIMARY KEY (`jobId`),
  KEY `employer` (`employer`),
  KEY `role` (`role`),
  KEY `workLocation` (`workLocation`),
  CONSTRAINT `jobs_ibfk_1` FOREIGN KEY (`employer`) REFERENCES `employers` (`id`),
  CONSTRAINT `jobs_ibfk_2` FOREIGN KEY (`role`) REFERENCES `roles` (`id`),
  CONSTRAINT `jobs_ibfk_3` FOREIGN KEY (`workLocation`) REFERENCES `locations` (`id`)
) ENGINE=InnoDB DEFAULT CHARSET=utf8mb4 COLLATE=utf8mb4_0900_ai_ci;
/*!40101 SET character_set_client = @saved_cs_client */;

--
-- Dumping data for table `jobs`
--

LOCK TABLES `jobs` WRITE;
/*!40000 ALTER TABLE `jobs` DISABLE KEYS */;
INSERT INTO `jobs` VALUES ('9a65ac58-7e31-11ea-8f79-8c1645373715','9a5f8a3d-7e31-11ea-8f79-8c1645373715','9a6192db-7e31-11ea-8f79-8c1645373715','harum consequatur repellat alias sit eos dolore molestiae velit saepe','19943 - 96633','9a62a1c7-7e31-11ea-8f79-8c1645373715','Id a iure.'),('9a65be40-7e31-11ea-8f79-8c1645373715','9a5f89b0-7e31-11ea-8f79-8c1645373715','9a61a369-7e31-11ea-8f79-8c1645373715','quis dolore aut et molestias autem dolores dolores','12182 - 87222','9a62a04d-7e31-11ea-8f79-8c1645373715','Officiis a amet accusamus corrupti officiis.'),('9a65c012-7e31-11ea-8f79-8c1645373715','9a5f8a3d-7e31-11ea-8f79-8c1645373715','9a61aa3a-7e31-11ea-8f79-8c1645373715','odit corporis voluptatem totam ut','12547 - 49023','9a62966a-7e31-11ea-8f79-8c1645373715','Earum molestiae ipsum atque aut vel.'),('9a65c1fc-7e31-11ea-8f79-8c1645373715','9a5f8922-7e31-11ea-8f79-8c1645373715','9a61b1b5-7e31-11ea-8f79-8c1645373715','facilis rerum recusandae sed aut ut laborum est quisquam','14478 - 46369','9a62ab0f-7e31-11ea-8f79-8c1645373715','Similique tempora aut quo dolorem distinctio non voluptas.'),('9a65c44d-7e31-11ea-8f79-8c1645373715','9a5f8922-7e31-11ea-8f79-8c1645373715','9a61a776-7e31-11ea-8f79-8c1645373715','aspernatur non nihil pariatur molestiae dicta temporibus iure maiores sit','11100 - 54437','9a62a6a3-7e31-11ea-8f79-8c1645373715','Qui omnis est cumque cum dolores.'),('9a65c769-7e31-11ea-8f79-8c1645373715','9a5f89b0-7e31-11ea-8f79-8c1645373715','9a61a369-7e31-11ea-8f79-8c1645373715','hic architecto consequatur sequi quae quia quia quibusdam dolorem','14780 - 53293','9a62ad5c-7e31-11ea-8f79-8c1645373715','Harum iste harum nihil accusantium aspernatur aut soluta et itaque.'),('9a65cb96-7e31-11ea-8f79-8c1645373715','9a5f8a3d-7e31-11ea-8f79-8c1645373715','9a61a776-7e31-11ea-8f79-8c1645373715','esse et sit debitis id autem id','12695 - 75316','9a62ad5c-7e31-11ea-8f79-8c1645373715','Quia perferendis consequatur quasi cupiditate ullam.'),('9a65cf71-7e31-11ea-8f79-8c1645373715','9a5f7a6c-7e31-11ea-8f79-8c1645373715','9a61aaf9-7e31-11ea-8f79-8c1645373715','velit est aspernatur illo illum','12163 - 28510','9a62ae22-7e31-11ea-8f79-8c1645373715','Exercitationem voluptate a consequuntur est similique minima.'),('9a65d107-7e31-11ea-8f79-8c1645373715','9a5f8805-7e31-11ea-8f79-8c1645373715','9a61aa3a-7e31-11ea-8f79-8c1645373715','animi eaque error odio deleniti velit quod eos qui','17194 - 59770','9a629ad9-7e31-11ea-8f79-8c1645373715','In at quod error.'),('9a65d322-7e31-11ea-8f79-8c1645373715','9a5f8a3d-7e31-11ea-8f79-8c1645373715','9a61ad0d-7e31-11ea-8f79-8c1645373715','vel aut nisi laudantium iste ab amet quia','11877 - 99579','9a6296f3-7e31-11ea-8f79-8c1645373715','Corrupti ut neque.');
/*!40000 ALTER TABLE `jobs` ENABLE KEYS */;
UNLOCK TABLES;

--
-- Table structure for table `locations`
--

DROP TABLE IF EXISTS `locations`;
/*!40101 SET @saved_cs_client     = @@character_set_client */;
/*!50503 SET character_set_client = utf8mb4 */;
CREATE TABLE `locations` (
  `id` char(36) NOT NULL,
  `address` varchar(200) NOT NULL,
  `location` json NOT NULL,
  `area` varchar(50) NOT NULL,
  PRIMARY KEY (`id`)
) ENGINE=InnoDB DEFAULT CHARSET=utf8mb4 COLLATE=utf8mb4_0900_ai_ci;
/*!40101 SET character_set_client = @saved_cs_client */;

--
-- Dumping data for table `locations`
--

LOCK TABLES `locations` WRITE;
/*!40000 ALTER TABLE `locations` DISABLE KEYS */;
INSERT INTO `locations` VALUES ('9a628341-7e31-11ea-8f79-8c1645373715','314 Lê Thị Riêng, Tân Thới An, Quận 12, Hồ Chí Minh, Vietnam','{\"lat\": 10.8734765, \"lng\": 106.6554024}','Hồ Chí Minh'),('9a62922c-7e31-11ea-8f79-8c1645373715','172 Ông Ích Khiêm, Phường 5, Quận 11, Hồ Chí Minh, Vietnam','{\"lat\": 10.7667661, \"lng\": 106.6429388}','Hồ Chí Minh'),('9a62931b-7e31-11ea-8f79-8c1645373715','403 Cách Mạng Tháng Tám, Phường 13, Quận 10, Hồ Chí Minh, Vietnam','{\"lat\": 10.7809243, \"lng\": 106.6756289}','Hồ Chí Minh'),('9a6293c1-7e31-11ea-8f79-8c1645373715','592 Nguyễn Ảnh Thủ, Trung Mỹ Tây, Quận 12, Hồ Chí Minh, Vietnam','{\"lat\": 10.8592969, \"lng\": 106.6098683}','Hồ Chí Minh'),('9a629435-7e31-11ea-8f79-8c1645373715','28-30 Nguyen Thai Binh Street, Nguyen Thai Binh Ward, District 1, Ho Chi Minh City, Phường Nguyễn Thái Bình, Quận 1, Hồ Chí Minh, Vietnam','{\"lat\": 10.7698733, \"lng\": 106.7003882}','Hồ Chí Minh'),('9a6294d1-7e31-11ea-8f79-8c1645373715','Đồng Văn Cống, Phường Thạnh Mỹ Lợi, Quận 2, Hồ Chí Minh, Vietnam','{\"lat\": 10.7753988, \"lng\": 106.7594779}','Hồ Chí Minh'),('9a629557-7e31-11ea-8f79-8c1645373715','Đường số 50, Bình Trưng Đông, Quận 2, Hồ Chí Minh, Vietnam','{\"lat\": 10.7888971, \"lng\": 106.7749}','Hồ Chí Minh'),('9a6295eb-7e31-11ea-8f79-8c1645373715','Đường Số 1, Liên Tỉnh Lộ 25B, Phường Thạnh Mỹ Lợi, Quận 2, Phường Thạnh Mỹ Lợi, Quận 2, Hồ Chí Minh, Vietnam','{\"lat\": 10.7757492, \"lng\": 106.7599118}','Hồ Chí Minh'),('9a62966a-7e31-11ea-8f79-8c1645373715','34, 31D-Khu C, An Phú, Quận 2, Hồ Chí Minh, Vietnam','{\"lat\": 10.7918944, \"lng\": 106.7404785}','Hồ Chí Minh'),('9a6296f3-7e31-11ea-8f79-8c1645373715','63 đường số 5, phường Cát Lái, Quận 2, Cát Lái, Hồ Chí Minh, Vietnam','{\"lat\": 10.775406, \"lng\": 106.7712947}','Hồ Chí Minh'),('9a62977d-7e31-11ea-8f79-8c1645373715','386/79 Đ. Lê Văn Sỹ, Phường 14, Quận 3, Hồ Chí Minh, Vietnam','{\"lat\": 10.7898918, \"lng\": 106.6772974}','Hồ Chí Minh'),('9a6297f1-7e31-11ea-8f79-8c1645373715','2 Bà Huyện Thanh Quan, Phường 6, Quận 3, Hồ Chí Minh, Vietnam','{\"lat\": 10.7752899, \"lng\": 106.6903125}','Hồ Chí Minh'),('9a62987e-7e31-11ea-8f79-8c1645373715','9 Huỳnh Tịnh Của, Phường 8, Quận 3, Hồ Chí Minh, Vietnam','{\"lat\": 10.7883648, \"lng\": 106.6883543}','Hồ Chí Minh'),('9a6298eb-7e31-11ea-8f79-8c1645373715','139 Nguyễn Đình Chiểu, Phường 6, Quận 3, Hồ Chí Minh, Vietnam','{\"lat\": 10.777158, \"lng\": 106.6890399}','Hồ Chí Minh'),('9a62996e-7e31-11ea-8f79-8c1645373715','243 Cách Mạng Tháng Tám, Phường 4, Quận 3, Hồ Chí Minh, Vietnam','{\"lat\": 10.7770139, \"lng\": 106.6829741}','Hồ Chí Minh'),('9a6299d4-7e31-11ea-8f79-8c1645373715','63, 65 Bến Vân Đồn, Phường 12, Quận 4, Hồ Chí Minh, Vietnam','{\"lat\": 10.7653075, \"lng\": 106.7022376}','Hồ Chí Minh'),('9a629a5e-7e31-11ea-8f79-8c1645373715','Hẻm 42 Hoàng Diệu, Phường 12, Quận 4, Hồ Chí Minh, Vietnam','{\"lat\": 10.7653624, \"lng\": 106.7060284}','Hồ Chí Minh'),('9a629ad9-7e31-11ea-8f79-8c1645373715','18 Đường Đoàn Như Hài, Phường 12, Quận 4, Hồ Chí Minh, Vietnam','{\"lat\": 10.7663214, \"lng\": 106.7051618}','Hồ Chí Minh'),('9a629b66-7e31-11ea-8f79-8c1645373715','64 Nguyễn Khoái, Phường 2, Quận 4, Hồ Chí Minh, Vietnam','{\"lat\": 10.7550974, \"lng\": 106.694483}','Hồ Chí Minh'),('9a629bcc-7e31-11ea-8f79-8c1645373715','14 Đường Đoàn Như Hài, Phường 12, Quận 4, Hồ Chí Minh, Vietnam','{\"lat\": 10.7667587, \"lng\": 106.7057955}','Hồ Chí Minh'),('9a629c6b-7e31-11ea-8f79-8c1645373715','3 Mạc Cửu, Phường 13, Quận 5, Hồ Chí Minh, Vietnam','{\"lat\": 10.750223, \"lng\": 106.659248}','Hồ Chí Minh'),('9a629cd5-7e31-11ea-8f79-8c1645373715','642 A Đ. Nguyễn Trãi, Phường 11, Quận 5, Hồ Chí Minh 700000, Vietnam','{\"lat\": 10.7540801, \"lng\": 106.6657832}','Hồ Chí Minh'),('9a629d62-7e31-11ea-8f79-8c1645373715','642 Đ. Nguyễn Trãi, Phường 11, Quận 5, Hồ Chí Minh, Vietnam','{\"lat\": 10.7541276, \"lng\": 106.6662972}','Hồ Chí Minh'),('9a629dda-7e31-11ea-8f79-8c1645373715','203 An Dương Vương, Phường 8, Quận 5, phường 8 Quận 5 Hồ Chí Minh, Vietnam','{\"lat\": 10.7558049, \"lng\": 106.6675406}','phường 8 Quận 5 Hồ Chí Minh'),('9a629e71-7e31-11ea-8f79-8c1645373715','660 Võ Văn Kiệt, Phường 1, Quận 5, Hồ Chí Minh, Vietnam','{\"lat\": 10.7520489, \"lng\": 106.6836549}','Hồ Chí Minh'),('9a629ef7-7e31-11ea-8f79-8c1645373715','107 Cao Văn Lầu, Phường 1, Quận 6, Hồ Chí Minh, Vietnam','{\"lat\": 10.7464601, \"lng\": 106.6495791}','Hồ Chí Minh'),('9a629f5e-7e31-11ea-8f79-8c1645373715','88 Tháp Mười, Phường 2, Quận 6, Hồ Chí Minh, Vietnam','{\"lat\": 10.7499949, \"lng\": 106.6504626}','Hồ Chí Minh'),('9a629fe0-7e31-11ea-8f79-8c1645373715','Hẻm 45/67 Bình Tiên, Phường 7, Quận 6, Hồ Chí Minh, Vietnam','{\"lat\": 10.7405803, \"lng\": 106.6424917}','Hồ Chí Minh'),('9a62a04d-7e31-11ea-8f79-8c1645373715','114 Đường Phạm Văn Chí, Phường 1, Quận 6, Hồ Chí Minh, Vietnam','{\"lat\": 10.7462002, \"lng\": 106.6490232}','Hồ Chí Minh'),('9a62a0d3-7e31-11ea-8f79-8c1645373715','2D Chợ Lớn, Phường 11, Quận 6, Phường 11 Quận 6 Hồ Chí Minh, Vietnam','{\"lat\": 10.7465793, \"lng\": 106.6348488}','Phường 11 Quận 6 Hồ Chí Minh'),('9a62a144-7e31-11ea-8f79-8c1645373715','3 Tân Phú, P, Quận 7, Hồ Chí Minh, Vietnam','{\"lat\": 10.7327717, \"lng\": 106.725198}','Hồ Chí Minh'),('9a62a1c7-7e31-11ea-8f79-8c1645373715','1 Tân Phú, Hồ Chí Minh, Vietnam','{\"lat\": 10.7328615, \"lng\": 106.7251448}','Hồ Chí Minh'),('9a62a22d-7e31-11ea-8f79-8c1645373715','504, 506 Huỳnh Tấn Phát, Bình Thuận, Quận 7, Hồ Chí Minh, Vietnam','{\"lat\": 10.741525, \"lng\": 106.7292689}','Hồ Chí Minh'),('9a62a2b6-7e31-11ea-8f79-8c1645373715','People\'s Committee Of District 7, 1362, Huynh Tan Phat Street, Phu My Ward, District 7, Tân Phú, Quận 7, Hồ Chí Minh, Vietnam','{\"lat\": 10.7321119, \"lng\": 106.7262769}','Hồ Chí Minh'),('9a62a32b-7e31-11ea-8f79-8c1645373715','1364 Huỳnh Tấn Phát, KP1, Quận 7, Hồ Chí Minh, Vietnam','{\"lat\": 10.713834, \"lng\": 106.7370286}','Hồ Chí Minh'),('9a62a3cd-7e31-11ea-8f79-8c1645373715','175 Phạm Hùng, Phường 4, Quận 8, Phường 5, Quận 8, Hồ Chí Minh, Vietnam','{\"lat\": 10.7395539, \"lng\": 106.6693443}','Hồ Chí Minh'),('9a62a43e-7e31-11ea-8f79-8c1645373715','126 Đường Lê Quyên, Phường 5, Quận 8, Hồ Chí Minh, Vietnam','{\"lat\": 10.740894, \"lng\": 106.6664351}','Hồ Chí Minh'),('9a62a4c4-7e31-11ea-8f79-8c1645373715','993 Phạm Thế Hiển, Phường 5, 8, Hồ Chí Minh, Vietnam','{\"lat\": 10.7428452, \"lng\": 106.667443}','Hồ Chí Minh'),('9a62a546-7e31-11ea-8f79-8c1645373715','993 Phạm Thế Hiển, Phường 5, Quận 8, Hồ Chí Minh, Vietnam','{\"lat\": 10.7422643, \"lng\": 106.6678169}','Hồ Chí Minh'),('9a62a5b0-7e31-11ea-8f79-8c1645373715','250 Tùng Thiện Vương, Phường 11, Quận 8, Hồ Chí Minh, Vietnam','{\"lat\": 10.7471976, \"lng\": 106.6615428}','Hồ Chí Minh'),('9a62a636-7e31-11ea-8f79-8c1645373715','Dong Nai, Vietnam','{\"lat\": 11.0686305, \"lng\": 107.1675976}','Dong Nai'),('9a62a6a3-7e31-11ea-8f79-8c1645373715','Đồng Nai, Cư xá Bắc Hải, Phường 15, Quận 10, Hồ Chí Minh, Vietnam','{\"lat\": 10.7788966, \"lng\": 106.6626316}','Hồ Chí Minh'),('9a62a729-7e31-11ea-8f79-8c1645373715','Kp5 Đường Nguyễn Khuyến, Trảng Dài, Thành phố Biên Hòa, Đồng Nai, Vietnam','{\"lat\": 10.9846076, \"lng\": 106.8691285}','Đồng Nai'),('9a62a793-7e31-11ea-8f79-8c1645373715','4 Lê Quý Đôn, Kp3, Thành phố Biên Hòa, Đồng Nai, Vietnam','{\"lat\": 10.9591332, \"lng\": 106.8613505}','Đồng Nai'),('9a62a81d-7e31-11ea-8f79-8c1645373715','1048A Phạm Văn Thuận, Tân Mai, Thành phố Biên Hòa, Đồng Nai, Vietnam','{\"lat\": 10.9580619, \"lng\": 106.8468985}','Đồng Nai'),('9a62a88a-7e31-11ea-8f79-8c1645373715','Long An, Cần Đước District, Long An Province, Vietnam','{\"lat\": 10.5607168, \"lng\": 106.6497623}','Long An Province'),('9a62a909-7e31-11ea-8f79-8c1645373715','2523 South Blvd, Charlotte, NC 28203, USA','{\"lat\": 35.2023634, \"lng\": -80.8646618}','North Carolina'),('9a62a9a1-7e31-11ea-8f79-8c1645373715','Long An Province, Vietnam','{\"lat\": 10.695572, \"lng\": 106.2431205}','Long An Province'),('9a62aa3f-7e31-11ea-8f79-8c1645373715','Long An, Mỹ Tho, Tien Giang, Vietnam','{\"lat\": 10.4032411, \"lng\": 106.3384114}','Tien Giang'),('9a62aa9b-7e31-11ea-8f79-8c1645373715','211 Nguyễn Thông, Phường 3, Tân An, Long An, Vietnam','{\"lat\": 10.5327197, \"lng\": 106.4261931}','Long An'),('9a62ab0f-7e31-11ea-8f79-8c1645373715','Tien Giang, Vietnam','{\"lat\": 10.4493324, \"lng\": 106.3420504}','Tien Giang'),('9a62ab67-7e31-11ea-8f79-8c1645373715','Cái Bè, Cái Bè District, Tien Giang, Vietnam','{\"lat\": 10.3367347, \"lng\": 106.0298196}','Tien Giang'),('9a62abc0-7e31-11ea-8f79-8c1645373715','Tiền Giang, Phường 2, Tân Bình, Hồ Chí Minh, Vietnam','{\"lat\": 10.8082688, \"lng\": 106.6655128}','Hồ Chí Minh'),('9a62ac34-7e31-11ea-8f79-8c1645373715','02 Đường Hùng Vương, Phường 1, Thành phố Mỹ Tho, Tiền Giang, Vietnam','{\"lat\": 10.3549773, \"lng\": 106.3643284}','Tiền Giang'),('9a62ac93-7e31-11ea-8f79-8c1645373715','Tiền Giang, Lê Lợi, Bắc Giang, Vietnam','{\"lat\": 21.2694124, \"lng\": 106.1992451}','Bắc Giang'),('9a62ad04-7e31-11ea-8f79-8c1645373715','Ishikawa, Japan','{\"lat\": 36.32603169999999, \"lng\": 136.5289653}','Ishikawa'),('9a62ad5c-7e31-11ea-8f79-8c1645373715','Ishikawa, Uruma, Okinawa 904-1106, Japan','{\"lat\": 26.4376186, \"lng\": 127.8220414}','Okinawa'),('9a62adcd-7e31-11ea-8f79-8c1645373715','Ishikawacho, Ota City, Tokyo 145-0061, Japan','{\"lat\": 35.6029663, \"lng\": 139.6822041}','Tokyo'),('9a62ae22-7e31-11ea-8f79-8c1645373715','Ishikawa, Fujisawa, Kanagawa 252-0815, Japan','{\"lat\": 35.3791036, \"lng\": 139.4542268}','Kanagawa'),('9a62ae96-7e31-11ea-8f79-8c1645373715','Ishikawacho, Naka Ward, Yokohama, Kanagawa 231-0868, Japan','{\"lat\": 35.4373853, \"lng\": 139.6410647}','Kanagawa');
/*!40000 ALTER TABLE `locations` ENABLE KEYS */;
UNLOCK TABLES;

--
-- Table structure for table `roles`
--

DROP TABLE IF EXISTS `roles`;
/*!40101 SET @saved_cs_client     = @@character_set_client */;
/*!50503 SET character_set_client = utf8mb4 */;
CREATE TABLE `roles` (
  `id` char(36) NOT NULL,
  `roleName` varchar(100) NOT NULL,
  `industry` char(36) NOT NULL,
  `description` varchar(100) NOT NULL,
  PRIMARY KEY (`id`),
  UNIQUE KEY `roleName` (`roleName`),
  KEY `industry` (`industry`),
  CONSTRAINT `roles_ibfk_1` FOREIGN KEY (`industry`) REFERENCES `industries` (`id`)
) ENGINE=InnoDB DEFAULT CHARSET=utf8mb4 COLLATE=utf8mb4_0900_ai_ci;
/*!40101 SET character_set_client = @saved_cs_client */;

--
-- Dumping data for table `roles`
--

LOCK TABLES `roles` WRITE;
/*!40000 ALTER TABLE `roles` DISABLE KEYS */;
INSERT INTO `roles` VALUES ('9a6192db-7e31-11ea-8f79-8c1645373715','Customer Optimization Agent','9a60c839-7e31-11ea-8f79-8c1645373715','Aliquid ducimus quibusdam iure numquam et architecto et possimus.'),('9a61a16a-7e31-11ea-8f79-8c1645373715','Senior Usability Director','9a60ca9f-7e31-11ea-8f79-8c1645373715','Debitis sint rerum sequi a.'),('9a61a369-7e31-11ea-8f79-8c1645373715','Customer Communications Orchestrator','9a60b78f-7e31-11ea-8f79-8c1645373715','Ipsam error ipsam dolore quae voluptatem quisquam deserunt quia.'),('9a61a447-7e31-11ea-8f79-8c1645373715','Senior Solutions Director','9a60ca9f-7e31-11ea-8f79-8c1645373715','Aperiam perferendis veritatis quisquam est fugiat minima explicabo.'),('9a61a53e-7e31-11ea-8f79-8c1645373715','Product Assurance Designer','9a60c9d9-7e31-11ea-8f79-8c1645373715','Sapiente qui unde eius eaque odio fugiat quidem dolor.'),('9a61a603-7e31-11ea-8f79-8c1645373715','National Metrics Consultant','9a60ca9f-7e31-11ea-8f79-8c1645373715','Numquam cupiditate voluptas.'),('9a61a6d0-7e31-11ea-8f79-8c1645373715','Global Operations Director','9a60ca31-7e31-11ea-8f79-8c1645373715','Velit labore quis.'),('9a61a776-7e31-11ea-8f79-8c1645373715','Dynamic Operations Facilitator','9a60b78f-7e31-11ea-8f79-8c1645373715','Voluptatem dolor minima aut quam quia.'),('9a61a8b7-7e31-11ea-8f79-8c1645373715','Product Integration Producer','9a60ca31-7e31-11ea-8f79-8c1645373715','Voluptatem aut et hic libero minus tenetur quasi.'),('9a61a971-7e31-11ea-8f79-8c1645373715','Internal Accounts Technician','9a60ca9f-7e31-11ea-8f79-8c1645373715','Qui sequi iste quis quia.'),('9a61aa3a-7e31-11ea-8f79-8c1645373715','Internal Accounts Liaison','9a60ca31-7e31-11ea-8f79-8c1645373715','Ipsam ipsum earum et id nesciunt maiores adipisci voluptatem.'),('9a61aaf9-7e31-11ea-8f79-8c1645373715','District Creative Facilitator','9a60c9d9-7e31-11ea-8f79-8c1645373715','Suscipit laboriosam ea et.'),('9a61ab94-7e31-11ea-8f79-8c1645373715','Dynamic Applications Officer','9a60c839-7e31-11ea-8f79-8c1645373715','Molestiae vitae sed doloribus harum enim excepturi soluta.'),('9a61ad0d-7e31-11ea-8f79-8c1645373715','Principal Group Facilitator','9a60ca9f-7e31-11ea-8f79-8c1645373715','Aperiam eligendi sint quia rem et sunt aspernatur.'),('9a61ade1-7e31-11ea-8f79-8c1645373715','Lead Identity Facilitator','9a60ca9f-7e31-11ea-8f79-8c1645373715','Accusamus impedit est perferendis molestiae hic vero.'),('9a61aff2-7e31-11ea-8f79-8c1645373715','Legacy Response Administrator','9a60ca31-7e31-11ea-8f79-8c1645373715','Animi doloremque maiores adipisci dolores odio reiciendis provident et.'),('9a61b09f-7e31-11ea-8f79-8c1645373715','Dynamic Division Analyst','9a60ca9f-7e31-11ea-8f79-8c1645373715','Consectetur ut unde et alias et ullam nemo.'),('9a61b1b5-7e31-11ea-8f79-8c1645373715','Lead Paradigm Analyst','9a60c9d9-7e31-11ea-8f79-8c1645373715','Aut est ut soluta beatae magnam commodi quod maiores sit.'),('9a61b27b-7e31-11ea-8f79-8c1645373715','Forward Implementation Producer','9a60ca31-7e31-11ea-8f79-8c1645373715','Magnam facere voluptas aut qui nihil.'),('9a61b320-7e31-11ea-8f79-8c1645373715','Dynamic Tactics Representative','9a60c839-7e31-11ea-8f79-8c1645373715','Aliquid est assumenda nemo nihil et aut porro.');
/*!40000 ALTER TABLE `roles` ENABLE KEYS */;
UNLOCK TABLES;

--
-- Table structure for table `users`
--

DROP TABLE IF EXISTS `users`;
/*!40101 SET @saved_cs_client     = @@character_set_client */;
/*!50503 SET character_set_client = utf8mb4 */;
CREATE TABLE `users` (
  `id` char(36) NOT NULL,
  `email` varchar(320) NOT NULL,
  `password` binary(64) NOT NULL,
  `salt` binary(128) NOT NULL,
  `customerId` varchar(30) DEFAULT NULL,
  `subscriptionId` varchar(30) DEFAULT NULL,
  `resetCode` char(6) NOT NULL DEFAULT '000000',
  PRIMARY KEY (`id`)
) ENGINE=InnoDB DEFAULT CHARSET=utf8mb4 COLLATE=utf8mb4_0900_ai_ci;
/*!40101 SET character_set_client = @saved_cs_client */;

--
-- Dumping data for table `users`
--

LOCK TABLES `users` WRITE;
/*!40000 ALTER TABLE `users` DISABLE KEYS */;
INSERT INTO `users` VALUES ('9a5f7a6c-7e31-11ea-8f79-8c1645373715','Evan37@hotmail.com',_binary '\n\\6E)/\l\e8U@̘#4\(\hAƉ\ƊɠP5\;\\I',_binary 's\Z\<}\\0^I%gn\\9	I~ \Qc@&\gy\CiS\%7#\ \@\0@4sj\ⷯT\\3z\\\"\oz\r&B\\b}?\Իq\ZAY\$8{G\',NULL,NULL,'hoh25m'),('9a5f8805-7e31-11ea-8f79-8c1645373715','Camilla.Reilly28@yahoo.com',_binary 'rIA5\ѳvUlS\RIx\0b4\̬G\\\Ga02\a\\\Z\Q\'\',_binary 'v\.\0_\r\\	,\4\\'_i\+rd\ڀhBϙ\nAݶV\p\8\\\\K߲\ \B.^\\^\\^\"Ӥ\f9s?E=\~aגէR\rod$\n',NULL,NULL,'m59z4l'),('9a5f8922-7e31-11ea-8f79-8c1645373715','Althea.Bauch43@gmail.com',_binary '\\o6dS\\0FS\\Rl_\\0\rc栴\Znʝ+]\\1Qf%bj6\\"\'\{',_binary '/?~*3<ZvL0ϝ<`FE\6\cp\*I\D\Z\s9\w4<L6L(q,\\1Ju\~mI\Zλm\\E\"䐭ؼ1O\Tn\Kg\n4t3\%\nC[Mr5\Z=?\',NULL,NULL,'2agd49'),('9a5f89b0-7e31-11ea-8f79-8c1645373715','Columbus_Beatty32@gmail.com',_binary '4M;,l)z_coy\Z\\'n\\0L\uϢl)x.F\p|\\\7h\!',_binary '\#<̓\ٝa\\\Ri9]\\6-\\z\k3:\9n\\\\\̢\}\\\=\\YA9~e59\\\z5\5\\.1\\Y\ԋhC',NULL,NULL,'x9r5k0'),('9a5f8a3d-7e31-11ea-8f79-8c1645373715','Henry71@yahoo.com',_binary '\Jm=A(F\\\mܩg\G|\t)ӶCį÷؁\~`^띇\xfJ\0B',_binary 'lMγxݨ\𰺔2&~\%t\wڣ\0\YzkR?_\\[\\\;\\\0&9\=i6y\\Zc\:В\\"\"v\C\av7#\Zzb\\'\P:\',NULL,NULL,'4mvjuw'),('9a5f8aaa-7e31-11ea-8f79-8c1645373715','Raquel_Kuphal@yahoo.com',_binary 'L\j\!an\\dgQh\}\\\"+\l\\%}\uCxB=nM&\\M\G',_binary 'NR\1jM\)\d\#y8,ć\n/b\a*ə\c\\\r\	wܱ\Rk\*\lDq1K؄\\`H\Ծ\nN\\\I`/bp-aDdӅd8\&t,&ƹZ\\:G',NULL,NULL,'0ol1dw'),('9a5f8c8d-7e31-11ea-8f79-8c1645373715','Bailey59@gmail.com',_binary 'NlP\3\2sHk\ǐ[<\\/\#d\\z9s)6js&-Xpܑ',_binary 'ZP\P\nfI\f)\\'<\r\|\\ҋ]\/Uf\"\n\$\}\w?߷h\Lwb\~9&6g\mdnuiiy\\H\ʬO\"L\p`0\\\VF\Z\9q>6NZ@ywz	I\\+',NULL,NULL,'4xmt4z'),('9a5f8d0f-7e31-11ea-8f79-8c1645373715','Maegan18@yahoo.com',_binary '%\\\18>F(\N\F[4N\\\7=_k\$4副a1	,B\\l~\',_binary ')P⌉\4\MP\ų`\\\ZWF&)71$δ\\jMu\\%C\ZЧ\\\H\}b\"\fEfT@>hxR\\\*K,\Ŕ\DCÍz\JC.\\6\r?~\\0\\Z\HС3o',NULL,NULL,'gdk7uo'),('9a5f8d7d-7e31-11ea-8f79-8c1645373715','Camden.Jacobi@hotmail.com',_binary '\_Pj=!	1ΜJ2\0<\rpgҀě7\UtkPbse5\:rzӾI\\',_binary '}V*\g$`\\\\n~\HzW\gxڑ}HUཤ!\P)#p{iט\c\\\9zQ5\X5\Cpxc\\\\/Mq0\XG \\D|\\E\%o\0C\\[gp\P\`\O9\v',NULL,NULL,'xqicnp'),('9a5f8e85-7e31-11ea-8f79-8c1645373715','Mabelle.Nienow41@hotmail.com',_binary '!$\M eڬ/9\\Bm:U;ArDJc\DV\=L	&+\%j\\\hR#*-',_binary 'r4\\"Vci\\\g>bY\\\Q=\Z\]$sν!\iNV͛y\)\\"\}ѶztrjH}Y\?\˓nR[ z\֮9W\n\_\\n~9\/\0mQL֙\\ٮz-w',NULL,NULL,'yq7xkl'),('9a5f8fbc-7e31-11ea-8f79-8c1645373715','Sibyl82@hotmail.com',_binary 'eŹ\\4p\\'u\rĔ\#E\^}Eq$\L{\>	*M=L\(ɘ\\$\\BW\< \D\\',_binary '\\`\I0\'\Z(Õ;pR2\RK\Z)\#\\a\/֘\\|b5U(\\\r1\l\03M\\\jC\K0u)\bb2LǈVϯ\\j+-gF\9qf\G\Sz',NULL,NULL,'aqksll'),('9a5f903a-7e31-11ea-8f79-8c1645373715','Reid_Hoppe@yahoo.com',_binary '~8l\"b\\niD\Y\\,\\\k\[&ڠ ؾW Q\nwnOل&ly\\F',_binary '\Z5iJ\YX6\O<D\\'O\P,\\\\ɚ	L\)~I\a\\&Oׁ)_@*Ea\#6\ƪj_\"\\(P\"E8^hG+0\d\\s)vہ\f[',NULL,NULL,'1t7uz1'),('9a5f9135-7e31-11ea-8f79-8c1645373715','Maximo4@yahoo.com',_binary '<ܭ\G\4\"\\3K\\뙏\ʣSdc\oP@ڹB\\W[P}\5]*',_binary '\w\\\\ތNZ}yD\z\b\\`|Q\);zt3zUN.H\\O\J\"ԉJ0b\\mY\\\\כYFYslIT>\\G`\\\Σ\\0\'&z&\\VҦmtU᷏',NULL,NULL,'tmcgns'),('9a5f91b7-7e31-11ea-8f79-8c1645373715','Lucio_Howell@hotmail.com',_binary 'H\=O\\"%^r\\\\\\ݓ\\q\?(O毽!\n\XL\_h_\H$&',_binary 'J&=\֮۲u7\3o\nKy	3m$O\/3A@\\\\|\a\=1(	ٗq\n*׽G\\P\\\W\0P\hXY\\uR\\ϛ5Z\{\#E^\\\s\Kdܕ',NULL,NULL,'9tzmwl'),('9a5f9233-7e31-11ea-8f79-8c1645373715','Ayla.Senger8@yahoo.com',_binary '\,\O\Y\cϜj<򤯔C[$\"c\dk\{؎\c\\4\\Ў\LTC\\$~',_binary 'slG\\\R}H\n oe\O~,\rH\Z\\\"h\\\PoYE\W8+\e\[\r;8jK^\\\WCc \Z\Ĉ\\Ӓȣ\o]\2?\r5D4E]H\%I(\"OMf\ϖ',NULL,NULL,'twlfxd'),('9a5f928b-7e31-11ea-8f79-8c1645373715','Rodrick50@hotmail.com',_binary '>:C\yU\\\n\\8;[,\&#UW\0\iؚX5K$\nb,+\\&oN\',_binary ']w\	\`?_:\\|ehi$kJװh\\l\n,?\b{sCG\'ܛS\%H\ \0\	W8v9\4\'\.(\->\ʴv\t\\7JfG^\\*\3z',NULL,NULL,'hql14g'),('9a5f9314-7e31-11ea-8f79-8c1645373715','Bernadette_Hahn19@hotmail.com',_binary '\Mwx:.LKjD\%9D&w\I,O\8u2k^j^\\e\ag\\.)',_binary '<\Xi\R\GZ.4\~\E\qµ$V?\yuv\)Q\n\\ҧB\uEq\\r65g\C\͐@\M\ZH9\+,+-]u|A5tV9j\H՛k',NULL,NULL,'dtg5rs'),('9a5f9390-7e31-11ea-8f79-8c1645373715','Lottie_Kutch74@hotmail.com',_binary 'qP\\B\%?@84K7:Z\r|hk\MA\\*yA\nS%FTz\',_binary '\T\o\v\\\s\\ll\0/\pҎڜS\0Lr_e(\&l\\ i\׎lF:\f\u2l\\\\A\$\\$lpFt&S\&f]\mC}\\.\|zVtP2\,ç\n',NULL,NULL,'ygdk8r'),('9a5f940b-7e31-11ea-8f79-8c1645373715','Maida3@gmail.com',_binary 't댂ة5L#nX4t\!hH\\=66ҙ!\o\?~_Z&\\Ԋ47s 27	',_binary 'x\$42(\Vqd\n}B$\@\'\{\6v-Ɋ~L\\+l\\Q}\\\χQ2\\C\s\y\w\yBޕg`YK\x\\!I\󅃽*\V\'k0<8',NULL,NULL,'fqbt3m'),('9a5f946a-7e31-11ea-8f79-8c1645373715','Janick.Sauer@hotmail.com',_binary '\1\0WM[BuK+Ē\"\\h5Uv\[T4Wz`O7qy;\'+cG|',_binary 'H_\n4we\\\\\\RZy\8diW\\yٗ\Ծ\\\\Z\\B_)ɉ\=$!E綿v\U|?~v\6	\{\^}C\\\\\\\0?\e\Sk幌\ZN?#:',NULL,NULL,'1zitot'),('9a5f94e2-7e31-11ea-8f79-8c1645373715','Ferne_Balistreri80@yahoo.com',_binary '\e=_\Y\+;m2)\dn`!_N]\\\\Bft\\7Lv5ҕe',_binary '\\0`EI\")\\r|O\^\n\rT!`2 \d9\{\\n6\"}\ \WIm_ƞ\\u%]\\r(\xkQq\\<\\Z\9HH\'@\'ݣ\|\o[nZ\H	\\\ipdj',NULL,NULL,'eok33w'),('9a5f955a-7e31-11ea-8f79-8c1645373715','Betsy52@hotmail.com',_binary '\\_*ؤ\mQ\Y\\ \\\<\0\\p\b\\\rj۸Tm켤	K\hKz5]\\\\',_binary 'Y\0\\+\v4*\	ŠIc\l\\r\,h*1\\\\&O\h\mM\_3_QnByj;\\\T\[\_\XrZpx%ޥouGD\py=_DR~W\\\\n5o\?z\S',NULL,NULL,'lham1k'),('9a5f95cb-7e31-11ea-8f79-8c1645373715','Jude.Weissnat5@yahoo.com',_binary '\rѮ\\݂j\'N\8t|\ש\ۿT\ځ\xv\\\z\\\5du|\\]',_binary 'kv\Y\C\njِQy)\o;WbeQ\\1#Z~XY@bQUaho\j7`8\gi\`Evc\B_!Q\\_\^rmȡ\L|`,\\\d[\010(2bTm;}\9K\',NULL,NULL,'j72krx'),('9a5f962a-7e31-11ea-8f79-8c1645373715','Madisen.Torphy@gmail.com',_binary 'Dm\wI8\y/>BeueN_At\\8J\\xD\\(\n>\7(\$Y\r\\2',_binary '߃߅?G9	#\u\47)-n	lg5Ζ\)\"2\\\x\\\\"&.7\\v\	782\s\\C{b<4ZVD?\\\\\Z\\SB\w',NULL,NULL,'1h90al'),('9a5f96b4-7e31-11ea-8f79-8c1645373715','Oceane63@yahoo.com',_binary '\\\\\2\\o`9\+WaS{0%/b\\\'k~\\\\˒V\k	1T1\9\N\\\d\r',_binary '4\\WYh0\\x\0\~Au\\ύd\wnKjD\s\rpqDxO3\T2\\\\\r\\%\7볊	ҟ\\"H	G\\\\\r7-zqV3b\dʣ',NULL,NULL,'blcuh1'),('9a5f972f-7e31-11ea-8f79-8c1645373715','Edythe_Bosco85@gmail.com',_binary 'Nm9W_p\`&*(d-z˞\/(u\+\}^ 7\*\\nRw\=\\#c',_binary '*\uL\L\WQ\\ޖݹ7ξ>\Z\ϳ1\5uQsf࣑f\ \\\\k\\Z\l½\\"\\l-\{\\"j]^\Ts\\Ц\i\O\\	E5\*ũo\Z<',NULL,NULL,'fumw7n'),('9a5f978e-7e31-11ea-8f79-8c1645373715','Demarcus80@hotmail.com',_binary '\l\^,*\fS\*9&em^\bKbD\\\).:*OM&_\',_binary 'Ov8\\V,\8*ڣmi\\{8FM\e`.\뷓\@]ss&v猧˗\O\\iP=~\Bܯn	\D,\$\Y:(/筈ɺY\B)䔦uzqC',NULL,NULL,'hbk6k9'),('9a5f9806-7e31-11ea-8f79-8c1645373715','Johathan39@gmail.com',_binary '!C\v\N\&PQԶrbα6&z\T+\l\sr|ߋf\Km',_binary ' \8}RG/SSAI\I$V_cH\&<7\Iw\0b\,R\'ӌ	sxYK[\'	xк\_)Mz4o *a>6\\\'1\\o,X\\,5$⹧K,T\ D\upKS',NULL,NULL,'57uiun'),('9a5f99c6-7e31-11ea-8f79-8c1645373715','Jessica_Kovacek@gmail.com',_binary '\3|\"\Z\Yl\2J\A\n\hUG\$\Zz\b%D+5K\ZM[iu-=\[\T\\',_binary 'Y\&ff裛\\ēd07\H9=P\_[+b(ّPK\\\ml\L|%\E$ɋHY	\5@?\n\8*RT\:`J\k\\\J\/[)\ע\\',NULL,NULL,'75i932'),('9a5f9af9-7e31-11ea-8f79-8c1645373715','Bennie.Mills73@yahoo.com',_binary '9榾pr^ՓHT*=UT\>ӑd\\Y\\"\a9!\eo1R\\w8\\rF',_binary '\`jy@Aé(J\\\E1X?>?7)_U[Bfųi\04S%p\\\"\'\"X-K\c\'vQSt0\;\\?fIvȩEЀg4\\Dd\È\H\\U[y0^\Z\߾',NULL,NULL,'vg4kj1'),('9a5f9bd3-7e31-11ea-8f79-8c1645373715','Lavern60@gmail.com',_binary ']0\f\~f0͠m>gl\\. 肧\nU.\\\\, \m\XZՉ\\!Qq',_binary '1B,\\\56)84\K\\ICsÎ\\\\\܊h|\"e\o\-	[΀qhj\y:\س\0\p#E\\|mks\/\Hԍ\Xݘ~C\ǽnm\yRR1NI\',NULL,NULL,'disgh9'),('9a5f9d0a-7e31-11ea-8f79-8c1645373715','Vanessa44@yahoo.com',_binary '+n(\u|o\\HS\n\"\ltR\\B\C;KgM9\-H\qt\i$\u\\',_binary '\T@e\*k\\:Dk	Ң\Ud\\Uc\\E>\'\\\˳R\0-=16`>\2}t)\sdts`~.\C\*\\\\ڴV\^@䭎ۡ!*q',NULL,NULL,'kfa3fg'),('9a5f9e59-7e31-11ea-8f79-8c1645373715','Thurman.Gorczany35@gmail.com',_binary 'z/+UTN1\ZT8RA\]-ͨלU+7T@)l\ُ4\L\Z\\d1\0',_binary '͊n#:[c.\pu#4g(8\H\ra4X\\ l\\_GU@\\oNk\\V~#T(椨Hҵܡшܾ~y=xr\udǜ4\\lƗ#ч\"ɭ\rA\\T3^zߔ\ҵ',NULL,NULL,'4pja0s'),('9a5f9ebf-7e31-11ea-8f79-8c1645373715','Alyce87@yahoo.com',_binary '\\І%:\\\tvE{~f+ee9FUuϋPݗˀR\$U',_binary '2~e[Zu~Լ|\Qݒ\;R>\l\?\[FI۰hz<{!4F\-\\hM\\B\\\.\.\\}\\|wfA\\\\\0[7\\5\~\\r\SCW\Zڱ+\\:',NULL,NULL,'xrm51k'),('9a5f9f22-7e31-11ea-8f79-8c1645373715','Elvera27@yahoo.com',_binary '[\\\٧\sZ,b\u8M&\$\"W4\\\\\#@o\d\\\\\&\m\',_binary '\Z\h\ɥ\\U	qV\V\ C:H\s\&\n	\ғ\\1`\g^1țt)b#2\ \-\\\\v\r,P3}\Z\\rܹ	Tx%\y\N\\Z\S\\N\\P\J T=)',NULL,NULL,'tix6xv'),('9a5f9f9a-7e31-11ea-8f79-8c1645373715','Buford32@gmail.com',_binary 'x``=i\ґQU\\n%t\\<8\Bq\1,ǅ \k(2\@?!\IJ\rm\=\'',_binary 'ѧ\\\\\\+\w\=\nN\ת5	@H\C\\\Ap9᪱J\"\[\22T\UƄD\\qZуN\"\^P\\%s\R\ugZ=4g<\mb;\r!\',NULL,NULL,'mjn7i4'),('9a5f9ff9-7e31-11ea-8f79-8c1645373715','Freeman_Keebler@gmail.com',_binary '\\\\\4\gR1&\\\r@g\\7\X86=څ\3L9g\_\-Xt\vPY\y)uW',_binary '5wZ=:\\պXKe8`9s[ȣ\++\\a\\\n-ጯTc\\e\\Ix]\j\B5X\\\]\@z\\jrx\\"|QLb\$h1;l\%',NULL,NULL,'j4x8um'),('9a5fa07b-7e31-11ea-8f79-8c1645373715','Martina.Walter@yahoo.com',_binary 'A\A\"\_\_\2_1ShH\)|\ZrZ\"\\\ދdGG}<h_\\ӧʟC\di9^\\{',_binary '\36\\6l\Z^Q\\O\\\C\,Ϧޔ\!n$ 	p\0s\dd\a>j\J⃌\kn9Y|\\G)\\jM\\\H\R.\\iK\[\}\\0\&s2T',NULL,NULL,'ji1l86'),('9a5fa0f7-7e31-11ea-8f79-8c1645373715','Clarabelle42@gmail.com',_binary '\.3\\\\zAB\\Z\\\\z\Z>B=\yV\\+\\\S1A\"z\r\pg9P$+\\n',_binary '\8ༀ\\\\S(A\~\@yu$V\o\kzJ\\ct-c,F`H-\A\IKխ0t	M\Rv4z\\\y&\g\\bG\r\U۴\\.\\\\|\LKp\0Ɇ,\0\\k\Z\j\t&',NULL,NULL,'90u1yt'),('9a5fa277-7e31-11ea-8f79-8c1645373715','Tillman65@yahoo.com',_binary '\\)ʑwQZ8ZcFSSOE#L\Ի\Xáq[<i|\"-=\+A\\ \\',_binary '\r[s\O\\ޑp)\W\B\\\[\~HTw\u 5\\Ϥ8@\\\u4\0\c@q\ZfQFU\\x)[\~)N\o\\&$IH_BVQ\(e\9\@\',NULL,NULL,'21x2wn'),('9a5fa2fd-7e31-11ea-8f79-8c1645373715','Shannon.Walter@gmail.com',_binary 'Υ+wG\\\{6\@]@\.W9Syf\Ajp\xf\0ĥ#7I\IOmj^o',_binary 'l\\\e\\X$g3\hNznɅ/4pbq\:LhɖPj$\"3\}_ʟ\\\JC\ڄ\\\I,\+D{2$\nH_ðޭ|Ħ\"\´ܲ\E\U\',NULL,NULL,'0kbg8r'),('9a5fa37c-7e31-11ea-8f79-8c1645373715','Raymond_Boehm@gmail.com',_binary 'Kw0n\bfw?H\.\刓c@\p܍&\\<\\_h\\Z\\\g\\-\"d',_binary 'W\\1+\\0l\/\A\\N\'*շAl$x\$,(43\\\&\`9\U\V\XU_N]\\\4\CG<mW~\\\\\f}\V2y6O\H\Z7s\n{_\r\l+N',NULL,NULL,'ti6ylz'),('9a5fa3f7-7e31-11ea-8f79-8c1645373715','Terrance.Wisozk@gmail.com',_binary '-Lu\Mzum܏\\\D\0\\iN)\R\\\\[GB+\\ HX b8\J\\(@C\',_binary '>9\|N\:Mf}\\\\r8\d\ѨwWSX\\\05J\G;5\'GOx{<(g\\V+Fk\/\<\<\(I\v\[DS\\\QZ\\bސ\\@%\o$\\\0/\\',NULL,NULL,'6gyacf'),('9a5fa45a-7e31-11ea-8f79-8c1645373715','Neil_Toy@hotmail.com',_binary '\\O{ܝ\\\\e\ܨrl9\1\g\u4[C[\S\9q\\\\nH>[nS',_binary '\X JMN@+!\\\\H(\vh\pBӮ,\h4.g1$8<U\H-\{ۄ\xX\6\\$[\4\^ݏRa\\\Q\\>\v[dp\o49\\\\*kD\,m\',NULL,NULL,'p451o9'),('9a5fa4d9-7e31-11ea-8f79-8c1645373715','Titus_Ernser@gmail.com',_binary '6Y3&^6)I%\}Uxŋv\0D\N\_\)pM t⡡z\4o\\9h9\0&4qtq*	\',_binary 'h^\Zu+\K\\2ԫ\ɬ\\%9FV]v\ĦJ)<\\\\UЂO[&\Z\J=yܙ[N\l\aE\\\\\G\\Z\Ov\Z\݆=\\'\(i#z\"\\p\=\Z\rk\',NULL,NULL,'k5gnhn'),('9a5fa551-7e31-11ea-8f79-8c1645373715','Bennie92@hotmail.com',_binary '\^\o\Z|QW\97CAD\w\[rQQ\rB[\\\1\D]Xy\1\\\C~mZ',_binary 'm\a\V@b_\\\\5,\J\\0\\\\\b\$3bVh\r#Q\'\%\\n\\\/\9n?\Vrq~\94Ǒ6*`\,ބҍK\-KD\6\(\ڝw[&',NULL,NULL,'m89u1f'),('9a5fa5c2-7e31-11ea-8f79-8c1645373715','Ansel_Cruickshank3@gmail.com',_binary 'PV\1\'u\&\\_h\\\\DƸ9KZGj\M\-\bN\0r\)\(S]\',_binary '\#8:h#\\\$RvA	\\'Q\Q\\1=@T>\\\؁\n7Ǥ\p+F6vzz0\\\I3\\"ZE!\ܻ@\I]T8y0䵲I$~)\ZL~\[ۗP]b\ɝ]\n',NULL,NULL,'l4r1c5'),('9a5fa621-7e31-11ea-8f79-8c1645373715','Buster.Vandervort90@gmail.com',_binary '\\ɂ[\\\"\'W;\^v\pkYL\|~߲͚\A\\rQڳ\;=\',_binary 'DSB\\rГ&7Jw\rګ\\}\\\\\m[%\0\y[\k\\qD,JZza\"^-E\2@m\b`Ku\	\(V@C_\FUeĶ\\b嗌\\MN\$o\,3\dH',NULL,NULL,'p722tg'),('9a5fa69c-7e31-11ea-8f79-8c1645373715','Fatima_Gusikowski@hotmail.com',_binary '\\\=\\U\\\ߘF\A	\lm#S0O\)U(\\Rf\\Vi~\6;8\\3`',_binary ',\鏯\w\\3+;#\7W\=ߝo\lv\\8\;\"SX-Q\z2\\)4\\(w\59\\T-q\?\0`ݺh\D|\":4s$\t\X.\r\'\\\',NULL,NULL,'644o2c'),('9a5fa711-7e31-11ea-8f79-8c1645373715','Timothy.Becker@yahoo.com',_binary 'ζ6t\ɚ#vq\]EX<\\nr\v$;.\0\'\̢\\\tZ&aC\',_binary '\\vs\^\Z\gD;!5\\<p\rΛ\\]\/zJ[gKd]\tP\\Do\It\4G8\8,Ě+@=\6Ys5WrV[/7$\\1\\\RX<\Za\Pa#',NULL,NULL,'tbf69w');
/*!40000 ALTER TABLE `users` ENABLE KEYS */;
UNLOCK TABLES;
/*!40103 SET TIME_ZONE=@OLD_TIME_ZONE */;

/*!40101 SET SQL_MODE=@OLD_SQL_MODE */;
/*!40014 SET FOREIGN_KEY_CHECKS=@OLD_FOREIGN_KEY_CHECKS */;
/*!40014 SET UNIQUE_CHECKS=@OLD_UNIQUE_CHECKS */;
/*!40101 SET CHARACTER_SET_CLIENT=@OLD_CHARACTER_SET_CLIENT */;
/*!40101 SET CHARACTER_SET_RESULTS=@OLD_CHARACTER_SET_RESULTS */;
/*!40101 SET COLLATION_CONNECTION=@OLD_COLLATION_CONNECTION */;
/*!40111 SET SQL_NOTES=@OLD_SQL_NOTES */;

-- Dump completed on 2020-04-14 16:23:45
