-- MySQL dump 10.13  Distrib 8.0.19, for Win64 (x86_64)
--
-- Host: localhost    Database: recruiter
-- ------------------------------------------------------
-- Server version	8.0.19

/*!40101 SET @OLD_CHARACTER_SET_CLIENT=@@CHARACTER_SET_CLIENT */;
/*!40101 SET @OLD_CHARACTER_SET_RESULTS=@@CHARACTER_SET_RESULTS */;
/*!40101 SET @OLD_COLLATION_CONNECTION=@@COLLATION_CONNECTION */;
/*!50503 SET NAMES utf8mb4 */;
/*!40103 SET @OLD_TIME_ZONE=@@TIME_ZONE */;
/*!40103 SET TIME_ZONE='+00:00' */;
/*!40014 SET @OLD_UNIQUE_CHECKS=@@UNIQUE_CHECKS, UNIQUE_CHECKS=0 */;
/*!40014 SET @OLD_FOREIGN_KEY_CHECKS=@@FOREIGN_KEY_CHECKS, FOREIGN_KEY_CHECKS=0 */;
/*!40101 SET @OLD_SQL_MODE=@@SQL_MODE, SQL_MODE='NO_AUTO_VALUE_ON_ZERO' */;
/*!40111 SET @OLD_SQL_NOTES=@@SQL_NOTES, SQL_NOTES=0 */;

--
-- Table structure for table `desiredlocations`
--

DROP TABLE IF EXISTS `desiredlocations`;
/*!40101 SET @saved_cs_client     = @@character_set_client */;
/*!50503 SET character_set_client = utf8mb4 */;
CREATE TABLE `desiredlocations` (
  `employee` char(36) NOT NULL,
  `locationId` char(36) NOT NULL,
  PRIMARY KEY (`employee`,`locationId`),
  KEY `locationId` (`locationId`),
  CONSTRAINT `desiredlocations_ibfk_1` FOREIGN KEY (`employee`) REFERENCES `employees` (`id`),
  CONSTRAINT `desiredlocations_ibfk_2` FOREIGN KEY (`locationId`) REFERENCES `locations` (`id`)
) ENGINE=InnoDB DEFAULT CHARSET=utf8mb4 COLLATE=utf8mb4_0900_ai_ci;
/*!40101 SET character_set_client = @saved_cs_client */;

--
-- Dumping data for table `desiredlocations`
--

LOCK TABLES `desiredlocations` WRITE;
/*!40000 ALTER TABLE `desiredlocations` DISABLE KEYS */;
INSERT INTO `desiredlocations` VALUES ('2801ca52-7e0b-11ea-8f79-8c1645373715','280518a0-7e0b-11ea-8f79-8c1645373715'),('2801c91c-7e0b-11ea-8f79-8c1645373715','28053d60-7e0b-11ea-8f79-8c1645373715'),('2801cbb6-7e0b-11ea-8f79-8c1645373715','28053d60-7e0b-11ea-8f79-8c1645373715'),('2801d2b5-7e0b-11ea-8f79-8c1645373715','28053d60-7e0b-11ea-8f79-8c1645373715'),('2801c2db-7e0b-11ea-8f79-8c1645373715','28053e65-7e0b-11ea-8f79-8c1645373715'),('2801c97b-7e0b-11ea-8f79-8c1645373715','28053e65-7e0b-11ea-8f79-8c1645373715'),('2801cab5-7e0b-11ea-8f79-8c1645373715','28053ef6-7e0b-11ea-8f79-8c1645373715'),('2801c84f-7e0b-11ea-8f79-8c1645373715','28053f5f-7e0b-11ea-8f79-8c1645373715'),('2801caff-7e0b-11ea-8f79-8c1645373715','28053f5f-7e0b-11ea-8f79-8c1645373715'),('2801cb5a-7e0b-11ea-8f79-8c1645373715','28053f5f-7e0b-11ea-8f79-8c1645373715'),('2801ce1f-7e0b-11ea-8f79-8c1645373715','28053f5f-7e0b-11ea-8f79-8c1645373715'),('2801d115-7e0b-11ea-8f79-8c1645373715','28053f5f-7e0b-11ea-8f79-8c1645373715'),('2801d2b5-7e0b-11ea-8f79-8c1645373715','28053f5f-7e0b-11ea-8f79-8c1645373715'),('2801d780-7e0b-11ea-8f79-8c1645373715','28053f5f-7e0b-11ea-8f79-8c1645373715'),('2801cca2-7e0b-11ea-8f79-8c1645373715','28053ffb-7e0b-11ea-8f79-8c1645373715'),('2801d780-7e0b-11ea-8f79-8c1645373715','28053ffb-7e0b-11ea-8f79-8c1645373715'),('2801d81c-7e0b-11ea-8f79-8c1645373715','28053ffb-7e0b-11ea-8f79-8c1645373715'),('2801c513-7e0b-11ea-8f79-8c1645373715','2805409d-7e0b-11ea-8f79-8c1645373715'),('2801d208-7e0b-11ea-8f79-8c1645373715','2805409d-7e0b-11ea-8f79-8c1645373715'),('2801d483-7e0b-11ea-8f79-8c1645373715','2805409d-7e0b-11ea-8f79-8c1645373715'),('2801c48d-7e0b-11ea-8f79-8c1645373715','2805411f-7e0b-11ea-8f79-8c1645373715'),('2801c513-7e0b-11ea-8f79-8c1645373715','2805411f-7e0b-11ea-8f79-8c1645373715'),('2801c778-7e0b-11ea-8f79-8c1645373715','2805411f-7e0b-11ea-8f79-8c1645373715'),('2801c91c-7e0b-11ea-8f79-8c1645373715','2805411f-7e0b-11ea-8f79-8c1645373715'),('2801caff-7e0b-11ea-8f79-8c1645373715','2805411f-7e0b-11ea-8f79-8c1645373715'),('2801cd3d-7e0b-11ea-8f79-8c1645373715','2805411f-7e0b-11ea-8f79-8c1645373715'),('2801d0b6-7e0b-11ea-8f79-8c1645373715','2805411f-7e0b-11ea-8f79-8c1645373715'),('2801d208-7e0b-11ea-8f79-8c1645373715','2805411f-7e0b-11ea-8f79-8c1645373715'),('2801d6ec-7e0b-11ea-8f79-8c1645373715','2805411f-7e0b-11ea-8f79-8c1645373715'),('2801cf5c-7e0b-11ea-8f79-8c1645373715','2805419e-7e0b-11ea-8f79-8c1645373715'),('2801d208-7e0b-11ea-8f79-8c1645373715','2805419e-7e0b-11ea-8f79-8c1645373715'),('2801c8ce-7e0b-11ea-8f79-8c1645373715','2805420b-7e0b-11ea-8f79-8c1645373715'),('2801cc0e-7e0b-11ea-8f79-8c1645373715','2805420b-7e0b-11ea-8f79-8c1645373715'),('2801ce97-7e0b-11ea-8f79-8c1645373715','2805420b-7e0b-11ea-8f79-8c1645373715'),('2801c418-7e0b-11ea-8f79-8c1645373715','28054267-7e0b-11ea-8f79-8c1645373715'),('2801c97b-7e0b-11ea-8f79-8c1645373715','28054267-7e0b-11ea-8f79-8c1645373715'),('2801d208-7e0b-11ea-8f79-8c1645373715','28054267-7e0b-11ea-8f79-8c1645373715'),('2801d893-7e0b-11ea-8f79-8c1645373715','28054267-7e0b-11ea-8f79-8c1645373715'),('2801c5d8-7e0b-11ea-8f79-8c1645373715','280542d8-7e0b-11ea-8f79-8c1645373715'),('2801d0b6-7e0b-11ea-8f79-8c1645373715','280542d8-7e0b-11ea-8f79-8c1645373715'),('2801c778-7e0b-11ea-8f79-8c1645373715','28054350-7e0b-11ea-8f79-8c1645373715'),('2801c97b-7e0b-11ea-8f79-8c1645373715','28054350-7e0b-11ea-8f79-8c1645373715'),('2801d55a-7e0b-11ea-8f79-8c1645373715','28054350-7e0b-11ea-8f79-8c1645373715'),('2801c38b-7e0b-11ea-8f79-8c1645373715','280543c1-7e0b-11ea-8f79-8c1645373715'),('2801c8ce-7e0b-11ea-8f79-8c1645373715','280543c1-7e0b-11ea-8f79-8c1645373715'),('2801ce1f-7e0b-11ea-8f79-8c1645373715','280543c1-7e0b-11ea-8f79-8c1645373715'),('2801d25a-7e0b-11ea-8f79-8c1645373715','280543c1-7e0b-11ea-8f79-8c1645373715'),('2801c7f0-7e0b-11ea-8f79-8c1645373715','28054420-7e0b-11ea-8f79-8c1645373715'),('2801caff-7e0b-11ea-8f79-8c1645373715','28054420-7e0b-11ea-8f79-8c1645373715'),('2801d05a-7e0b-11ea-8f79-8c1645373715','28054420-7e0b-11ea-8f79-8c1645373715'),('2801d81c-7e0b-11ea-8f79-8c1645373715','28054420-7e0b-11ea-8f79-8c1645373715'),('2801c7f0-7e0b-11ea-8f79-8c1645373715','2805448d-7e0b-11ea-8f79-8c1645373715'),('2801cc0e-7e0b-11ea-8f79-8c1645373715','280544ec-7e0b-11ea-8f79-8c1645373715'),('2801cd3d-7e0b-11ea-8f79-8c1645373715','280544ec-7e0b-11ea-8f79-8c1645373715'),('2801d6ec-7e0b-11ea-8f79-8c1645373715','280544ec-7e0b-11ea-8f79-8c1645373715'),('2801d893-7e0b-11ea-8f79-8c1645373715','280544ec-7e0b-11ea-8f79-8c1645373715'),('2801c778-7e0b-11ea-8f79-8c1645373715','28054572-7e0b-11ea-8f79-8c1645373715'),('2801cbb6-7e0b-11ea-8f79-8c1645373715','28054572-7e0b-11ea-8f79-8c1645373715'),('2801ce97-7e0b-11ea-8f79-8c1645373715','28054572-7e0b-11ea-8f79-8c1645373715'),('2801d3c8-7e0b-11ea-8f79-8c1645373715','28054572-7e0b-11ea-8f79-8c1645373715'),('2801cf5c-7e0b-11ea-8f79-8c1645373715','280545d5-7e0b-11ea-8f79-8c1645373715'),('2801c48d-7e0b-11ea-8f79-8c1645373715','2805464a-7e0b-11ea-8f79-8c1645373715'),('2801c8ce-7e0b-11ea-8f79-8c1645373715','2805464a-7e0b-11ea-8f79-8c1645373715'),('2801c9da-7e0b-11ea-8f79-8c1645373715','2805464a-7e0b-11ea-8f79-8c1645373715'),('2801d2b5-7e0b-11ea-8f79-8c1645373715','2805464a-7e0b-11ea-8f79-8c1645373715'),('2801d208-7e0b-11ea-8f79-8c1645373715','280546b3-7e0b-11ea-8f79-8c1645373715'),('2801d3c8-7e0b-11ea-8f79-8c1645373715','280546b3-7e0b-11ea-8f79-8c1645373715'),('2801d780-7e0b-11ea-8f79-8c1645373715','280546b3-7e0b-11ea-8f79-8c1645373715'),('2801cfa6-7e0b-11ea-8f79-8c1645373715','2805472f-7e0b-11ea-8f79-8c1645373715'),('2801d2b5-7e0b-11ea-8f79-8c1645373715','2805472f-7e0b-11ea-8f79-8c1645373715'),('2801d331-7e0b-11ea-8f79-8c1645373715','2805472f-7e0b-11ea-8f79-8c1645373715'),('2801c5d8-7e0b-11ea-8f79-8c1645373715','28054826-7e0b-11ea-8f79-8c1645373715'),('2801c778-7e0b-11ea-8f79-8c1645373715','28054826-7e0b-11ea-8f79-8c1645373715'),('2801ce1f-7e0b-11ea-8f79-8c1645373715','28054826-7e0b-11ea-8f79-8c1645373715'),('2801d163-7e0b-11ea-8f79-8c1645373715','28054826-7e0b-11ea-8f79-8c1645373715'),('2801c418-7e0b-11ea-8f79-8c1645373715','2805489d-7e0b-11ea-8f79-8c1645373715'),('2801c513-7e0b-11ea-8f79-8c1645373715','2805489d-7e0b-11ea-8f79-8c1645373715'),('2801d163-7e0b-11ea-8f79-8c1645373715','2805489d-7e0b-11ea-8f79-8c1645373715'),('2801cf5c-7e0b-11ea-8f79-8c1645373715','28054943-7e0b-11ea-8f79-8c1645373715'),('2801d25a-7e0b-11ea-8f79-8c1645373715','28054943-7e0b-11ea-8f79-8c1645373715'),('2801d61c-7e0b-11ea-8f79-8c1645373715','28054943-7e0b-11ea-8f79-8c1645373715'),('2801d6ec-7e0b-11ea-8f79-8c1645373715','28054943-7e0b-11ea-8f79-8c1645373715'),('2801c5d8-7e0b-11ea-8f79-8c1645373715','280549bb-7e0b-11ea-8f79-8c1645373715'),('2801cd3d-7e0b-11ea-8f79-8c1645373715','280549bb-7e0b-11ea-8f79-8c1645373715'),('2801cee1-7e0b-11ea-8f79-8c1645373715','28054a50-7e0b-11ea-8f79-8c1645373715'),('2801cfa6-7e0b-11ea-8f79-8c1645373715','28054a50-7e0b-11ea-8f79-8c1645373715'),('2801d05a-7e0b-11ea-8f79-8c1645373715','28054a50-7e0b-11ea-8f79-8c1645373715'),('2801d163-7e0b-11ea-8f79-8c1645373715','28054a50-7e0b-11ea-8f79-8c1645373715'),('2801d331-7e0b-11ea-8f79-8c1645373715','28054a50-7e0b-11ea-8f79-8c1645373715'),('2801d00d-7e0b-11ea-8f79-8c1645373715','28054ad6-7e0b-11ea-8f79-8c1645373715'),('2801d0b6-7e0b-11ea-8f79-8c1645373715','28054ad6-7e0b-11ea-8f79-8c1645373715'),('2801d483-7e0b-11ea-8f79-8c1645373715','28054ad6-7e0b-11ea-8f79-8c1645373715'),('2801c48d-7e0b-11ea-8f79-8c1645373715','28054e98-7e0b-11ea-8f79-8c1645373715'),('2801c778-7e0b-11ea-8f79-8c1645373715','28054e98-7e0b-11ea-8f79-8c1645373715'),('2801cdb9-7e0b-11ea-8f79-8c1645373715','28054e98-7e0b-11ea-8f79-8c1645373715'),('2801ce1f-7e0b-11ea-8f79-8c1645373715','28054e98-7e0b-11ea-8f79-8c1645373715'),('2801cee1-7e0b-11ea-8f79-8c1645373715','28054e98-7e0b-11ea-8f79-8c1645373715'),('2801d331-7e0b-11ea-8f79-8c1645373715','28054f2c-7e0b-11ea-8f79-8c1645373715'),('2801c7f0-7e0b-11ea-8f79-8c1645373715','28054fb9-7e0b-11ea-8f79-8c1645373715'),('2801cbb6-7e0b-11ea-8f79-8c1645373715','28054fb9-7e0b-11ea-8f79-8c1645373715'),('2801cca2-7e0b-11ea-8f79-8c1645373715','28054fb9-7e0b-11ea-8f79-8c1645373715'),('2801d115-7e0b-11ea-8f79-8c1645373715','28054fb9-7e0b-11ea-8f79-8c1645373715'),('2801d81c-7e0b-11ea-8f79-8c1645373715','28054fb9-7e0b-11ea-8f79-8c1645373715'),('2801d25a-7e0b-11ea-8f79-8c1645373715','2805507f-7e0b-11ea-8f79-8c1645373715'),('2801d6ec-7e0b-11ea-8f79-8c1645373715','2805507f-7e0b-11ea-8f79-8c1645373715'),('2801cee1-7e0b-11ea-8f79-8c1645373715','280551b5-7e0b-11ea-8f79-8c1645373715'),('2801ca52-7e0b-11ea-8f79-8c1645373715','280552b3-7e0b-11ea-8f79-8c1645373715'),('2801cdb9-7e0b-11ea-8f79-8c1645373715','280552b3-7e0b-11ea-8f79-8c1645373715'),('2801cfa6-7e0b-11ea-8f79-8c1645373715','280552b3-7e0b-11ea-8f79-8c1645373715'),('2801d00d-7e0b-11ea-8f79-8c1645373715','280552b3-7e0b-11ea-8f79-8c1645373715'),('2801c697-7e0b-11ea-8f79-8c1645373715','28055344-7e0b-11ea-8f79-8c1645373715'),('2801c97b-7e0b-11ea-8f79-8c1645373715','28055344-7e0b-11ea-8f79-8c1645373715'),('2801cdb9-7e0b-11ea-8f79-8c1645373715','28055344-7e0b-11ea-8f79-8c1645373715'),('2801d00d-7e0b-11ea-8f79-8c1645373715','28055344-7e0b-11ea-8f79-8c1645373715'),('2801d163-7e0b-11ea-8f79-8c1645373715','28055344-7e0b-11ea-8f79-8c1645373715'),('2801c9da-7e0b-11ea-8f79-8c1645373715','280553b8-7e0b-11ea-8f79-8c1645373715'),('2801c2db-7e0b-11ea-8f79-8c1645373715','2805542c-7e0b-11ea-8f79-8c1645373715'),('2801c697-7e0b-11ea-8f79-8c1645373715','2805542c-7e0b-11ea-8f79-8c1645373715'),('2801c7f0-7e0b-11ea-8f79-8c1645373715','2805542c-7e0b-11ea-8f79-8c1645373715'),('2801c8ce-7e0b-11ea-8f79-8c1645373715','2805542c-7e0b-11ea-8f79-8c1645373715'),('2801cb5a-7e0b-11ea-8f79-8c1645373715','2805542c-7e0b-11ea-8f79-8c1645373715'),('2801cd3d-7e0b-11ea-8f79-8c1645373715','2805542c-7e0b-11ea-8f79-8c1645373715'),('2801c2db-7e0b-11ea-8f79-8c1645373715','280554a4-7e0b-11ea-8f79-8c1645373715'),('2801ca52-7e0b-11ea-8f79-8c1645373715','280554a4-7e0b-11ea-8f79-8c1645373715'),('2801ce97-7e0b-11ea-8f79-8c1645373715','280554a4-7e0b-11ea-8f79-8c1645373715'),('2801d483-7e0b-11ea-8f79-8c1645373715','280554a4-7e0b-11ea-8f79-8c1645373715'),('2801c697-7e0b-11ea-8f79-8c1645373715','28055520-7e0b-11ea-8f79-8c1645373715'),('2801c91c-7e0b-11ea-8f79-8c1645373715','28055520-7e0b-11ea-8f79-8c1645373715'),('2801c97b-7e0b-11ea-8f79-8c1645373715','28055520-7e0b-11ea-8f79-8c1645373715'),('2801d00d-7e0b-11ea-8f79-8c1645373715','28055520-7e0b-11ea-8f79-8c1645373715'),('2801d3c8-7e0b-11ea-8f79-8c1645373715','28055520-7e0b-11ea-8f79-8c1645373715'),('2801c38b-7e0b-11ea-8f79-8c1645373715','2805559b-7e0b-11ea-8f79-8c1645373715'),('2801c7f0-7e0b-11ea-8f79-8c1645373715','2805559b-7e0b-11ea-8f79-8c1645373715'),('2801c84f-7e0b-11ea-8f79-8c1645373715','2805559b-7e0b-11ea-8f79-8c1645373715'),('2801ce1f-7e0b-11ea-8f79-8c1645373715','2805559b-7e0b-11ea-8f79-8c1645373715'),('2801d115-7e0b-11ea-8f79-8c1645373715','2805559b-7e0b-11ea-8f79-8c1645373715'),('2801cfa6-7e0b-11ea-8f79-8c1645373715','280555fe-7e0b-11ea-8f79-8c1645373715'),('2801d05a-7e0b-11ea-8f79-8c1645373715','280555fe-7e0b-11ea-8f79-8c1645373715'),('2801d25a-7e0b-11ea-8f79-8c1645373715','280555fe-7e0b-11ea-8f79-8c1645373715'),('2801ce97-7e0b-11ea-8f79-8c1645373715','28055672-7e0b-11ea-8f79-8c1645373715'),('2801d0b6-7e0b-11ea-8f79-8c1645373715','28055672-7e0b-11ea-8f79-8c1645373715'),('2801c84f-7e0b-11ea-8f79-8c1645373715','280556f5-7e0b-11ea-8f79-8c1645373715'),('2801d0b6-7e0b-11ea-8f79-8c1645373715','280556f5-7e0b-11ea-8f79-8c1645373715'),('2801d331-7e0b-11ea-8f79-8c1645373715','280556f5-7e0b-11ea-8f79-8c1645373715'),('2801cab5-7e0b-11ea-8f79-8c1645373715','280557fa-7e0b-11ea-8f79-8c1645373715'),('2801d55a-7e0b-11ea-8f79-8c1645373715','280557fa-7e0b-11ea-8f79-8c1645373715'),('2801c5d8-7e0b-11ea-8f79-8c1645373715','280558f4-7e0b-11ea-8f79-8c1645373715'),('2801cca2-7e0b-11ea-8f79-8c1645373715','28055961-7e0b-11ea-8f79-8c1645373715'),('2801d163-7e0b-11ea-8f79-8c1645373715','28055961-7e0b-11ea-8f79-8c1645373715'),('2801d61c-7e0b-11ea-8f79-8c1645373715','28055961-7e0b-11ea-8f79-8c1645373715'),('2801d00d-7e0b-11ea-8f79-8c1645373715','280559cf-7e0b-11ea-8f79-8c1645373715'),('2801cc0e-7e0b-11ea-8f79-8c1645373715','28055a2e-7e0b-11ea-8f79-8c1645373715'),('2801d483-7e0b-11ea-8f79-8c1645373715','28055a2e-7e0b-11ea-8f79-8c1645373715'),('2801c91c-7e0b-11ea-8f79-8c1645373715','28055a86-7e0b-11ea-8f79-8c1645373715'),('2801cb5a-7e0b-11ea-8f79-8c1645373715','28055a86-7e0b-11ea-8f79-8c1645373715'),('2801cd3d-7e0b-11ea-8f79-8c1645373715','28055a86-7e0b-11ea-8f79-8c1645373715'),('2801c2db-7e0b-11ea-8f79-8c1645373715','28055afa-7e0b-11ea-8f79-8c1645373715'),('2801c418-7e0b-11ea-8f79-8c1645373715','28055afa-7e0b-11ea-8f79-8c1645373715'),('2801cee1-7e0b-11ea-8f79-8c1645373715','28055afa-7e0b-11ea-8f79-8c1645373715'),('2801d6ec-7e0b-11ea-8f79-8c1645373715','28055afa-7e0b-11ea-8f79-8c1645373715'),('2801d81c-7e0b-11ea-8f79-8c1645373715','28055afa-7e0b-11ea-8f79-8c1645373715'),('2801c418-7e0b-11ea-8f79-8c1645373715','28055b64-7e0b-11ea-8f79-8c1645373715'),('2801cab5-7e0b-11ea-8f79-8c1645373715','28055b64-7e0b-11ea-8f79-8c1645373715'),('2801cc0e-7e0b-11ea-8f79-8c1645373715','28055b64-7e0b-11ea-8f79-8c1645373715'),('2801c38b-7e0b-11ea-8f79-8c1645373715','28055bea-7e0b-11ea-8f79-8c1645373715'),('2801cca2-7e0b-11ea-8f79-8c1645373715','28055bea-7e0b-11ea-8f79-8c1645373715'),('2801d61c-7e0b-11ea-8f79-8c1645373715','28055bea-7e0b-11ea-8f79-8c1645373715'),('2801d2b5-7e0b-11ea-8f79-8c1645373715','28055c46-7e0b-11ea-8f79-8c1645373715'),('2801c697-7e0b-11ea-8f79-8c1645373715','28055cb3-7e0b-11ea-8f79-8c1645373715'),('2801c91c-7e0b-11ea-8f79-8c1645373715','28055cb3-7e0b-11ea-8f79-8c1645373715'),('2801d780-7e0b-11ea-8f79-8c1645373715','28055cb3-7e0b-11ea-8f79-8c1645373715'),('2801c5d8-7e0b-11ea-8f79-8c1645373715','28055d91-7e0b-11ea-8f79-8c1645373715'),('2801d05a-7e0b-11ea-8f79-8c1645373715','28055d91-7e0b-11ea-8f79-8c1645373715'),('2801d55a-7e0b-11ea-8f79-8c1645373715','28055d91-7e0b-11ea-8f79-8c1645373715'),('2801d893-7e0b-11ea-8f79-8c1645373715','28055d91-7e0b-11ea-8f79-8c1645373715'),('2801c2db-7e0b-11ea-8f79-8c1645373715','28055e02-7e0b-11ea-8f79-8c1645373715'),('2801c9da-7e0b-11ea-8f79-8c1645373715','28055e02-7e0b-11ea-8f79-8c1645373715'),('2801cca2-7e0b-11ea-8f79-8c1645373715','28055e02-7e0b-11ea-8f79-8c1645373715'),('2801cdb9-7e0b-11ea-8f79-8c1645373715','28055e02-7e0b-11ea-8f79-8c1645373715'),('2801d483-7e0b-11ea-8f79-8c1645373715','28055e02-7e0b-11ea-8f79-8c1645373715');
/*!40000 ALTER TABLE `desiredlocations` ENABLE KEYS */;
UNLOCK TABLES;

--
-- Table structure for table `employees`
--

DROP TABLE IF EXISTS `employees`;
/*!40101 SET @saved_cs_client     = @@character_set_client */;
/*!50503 SET character_set_client = utf8mb4 */;
CREATE TABLE `employees` (
  `id` char(36) NOT NULL,
  `name` varchar(100) NOT NULL,
  `phoneNumber` varchar(30) DEFAULT NULL,
  `bio` varchar(200) DEFAULT NULL,
  PRIMARY KEY (`id`),
  CONSTRAINT `employees_ibfk_1` FOREIGN KEY (`id`) REFERENCES `users` (`id`)
) ENGINE=InnoDB DEFAULT CHARSET=utf8mb4 COLLATE=utf8mb4_0900_ai_ci;
/*!40101 SET character_set_client = @saved_cs_client */;

--
-- Dumping data for table `employees`
--

LOCK TABLES `employees` WRITE;
/*!40000 ALTER TABLE `employees` DISABLE KEYS */;
INSERT INTO `employees` VALUES ('2801c2db-7e0b-11ea-8f79-8c1645373715','Eloy Marks PhD','(315) 052-5552','Et itaque vel ad.'),('2801c38b-7e0b-11ea-8f79-8c1645373715','Jaden Doyle','282.811.2766','Dolorem esse ad vitae.'),('2801c418-7e0b-11ea-8f79-8c1645373715','Nestor Brakus','1-603-531-3592','Dolores possimus quaerat sed molestiae.'),('2801c48d-7e0b-11ea-8f79-8c1645373715','Andrew Lesch','107-729-0363 x89969','Exercitationem sunt amet nihil.'),('2801c513-7e0b-11ea-8f79-8c1645373715','Miss Annie O\'Conner','(170) 069-7288 x1734','Optio nisi accusamus quasi cupiditate.'),('2801c5d8-7e0b-11ea-8f79-8c1645373715','Claudine Ferry','(900) 528-4935 x85344','Debitis sit asperiores pariatur quo repudiandae sint reiciendis eius consectetur.'),('2801c697-7e0b-11ea-8f79-8c1645373715','Jameson Crona','214.822.0038 x877','Aut mollitia sint.'),('2801c778-7e0b-11ea-8f79-8c1645373715','Ella Smitham','396.283.0056 x4654','Sed sed accusantium porro amet illo perspiciatis quo fugit dignissimos.'),('2801c7f0-7e0b-11ea-8f79-8c1645373715','Isabelle Kiehn IV','692-010-8327','Omnis repellendus voluptas temporibus atque placeat aspernatur.'),('2801c84f-7e0b-11ea-8f79-8c1645373715','Hilton Lebsack','000-956-9559','Explicabo officiis fugiat maiores veritatis.'),('2801c8ce-7e0b-11ea-8f79-8c1645373715','Jessica Paucek','1-963-960-6875 x948','Facere qui facere sit quia nulla molestias et eos minima.'),('2801c91c-7e0b-11ea-8f79-8c1645373715','Carlotta Lindgren','1-447-692-5394 x30714','Numquam laudantium et dignissimos voluptatum fugiat voluptate eius earum sed.'),('2801c97b-7e0b-11ea-8f79-8c1645373715','Lance Hyatt','(508) 228-5145 x44102','Dicta non debitis illo.'),('2801c9da-7e0b-11ea-8f79-8c1645373715','Cade Tromp DDS','(117) 252-4152','Quam reiciendis ad consequatur placeat consequatur eos.'),('2801ca52-7e0b-11ea-8f79-8c1645373715','Lea Mertz','1-218-563-4100 x90870','Dignissimos voluptatem corporis est temporibus similique rerum odio.'),('2801cab5-7e0b-11ea-8f79-8c1645373715','Mervin Ryan','(856) 971-8428','Dolor sit dolor commodi ad.'),('2801caff-7e0b-11ea-8f79-8c1645373715','Ivah Vandervort','895.129.6238','Est aut doloremque praesentium ut quia ut pariatur ea.'),('2801cb5a-7e0b-11ea-8f79-8c1645373715','Tremaine Cole','576-975-6076 x577','Non tempora est consectetur ullam perspiciatis soluta accusantium autem autem.'),('2801cbb6-7e0b-11ea-8f79-8c1645373715','Liana McKenzie','176-403-3369 x64041','Dolor corporis atque quam unde sit.'),('2801cc0e-7e0b-11ea-8f79-8c1645373715','Dan Frami','(410) 888-5759 x829','Et aperiam sint debitis eaque est.'),('2801cca2-7e0b-11ea-8f79-8c1645373715','Mr. Kari Mitchell','1-627-920-1707 x6872','Distinctio sit voluptas dolores illum quia voluptatum voluptatem accusantium qui.'),('2801cd3d-7e0b-11ea-8f79-8c1645373715','Madilyn Herzog','1-736-639-9812 x9933','Libero officia adipisci rem molestiae.'),('2801cdb9-7e0b-11ea-8f79-8c1645373715','Andy Nienow','669.539.4641 x1945','Eveniet rerum fuga accusantium nihil deleniti.'),('2801ce1f-7e0b-11ea-8f79-8c1645373715','Damon Bruen DDS','1-879-500-7386 x996','Fugit dolores odio sint voluptatem quo dolore et dolores quis.'),('2801ce97-7e0b-11ea-8f79-8c1645373715','Ms. Yasmin Zieme','1-602-657-5487','Autem optio asperiores fugit sit dolores neque quas.'),('2801cee1-7e0b-11ea-8f79-8c1645373715','Flo Corkery','1-001-478-8391','Corporis debitis rerum.'),('2801cf5c-7e0b-11ea-8f79-8c1645373715','Kurtis Kuvalis','(726) 715-0080 x33593','Veritatis voluptas molestias corporis aut earum corrupti excepturi.'),('2801cfa6-7e0b-11ea-8f79-8c1645373715','Darby Pacocha','(524) 133-6822 x46451','Saepe tenetur consequatur velit minus rerum.'),('2801d00d-7e0b-11ea-8f79-8c1645373715','Kimberly Will','329.827.2163 x91041','Tempora ut odio vitae rem tempore.'),('2801d05a-7e0b-11ea-8f79-8c1645373715','Oceane Shanahan','197-548-3336 x1078','Odio aliquam minima molestias voluptas officiis fugit sed expedita.'),('2801d0b6-7e0b-11ea-8f79-8c1645373715','Vinnie Mayer','667-303-2304 x25741','Sed quia animi.'),('2801d115-7e0b-11ea-8f79-8c1645373715','Edwin Wisozk','1-386-229-4643','Voluptas impedit dicta tempora quas totam harum porro.'),('2801d163-7e0b-11ea-8f79-8c1645373715','Anabel Bashirian','981-115-4163','Officia nulla autem nihil quam ducimus.'),('2801d208-7e0b-11ea-8f79-8c1645373715','Chesley Grady','(331) 448-6931','Dolorem et in officiis et repellendus doloribus.'),('2801d25a-7e0b-11ea-8f79-8c1645373715','Alene Stehr MD','(281) 758-1946','Provident ab dolor quo ut excepturi maxime ea.'),('2801d2b5-7e0b-11ea-8f79-8c1645373715','Easton Gerhold','718-844-6835 x577','Rerum incidunt aspernatur deleniti consequuntur sunt aut.'),('2801d331-7e0b-11ea-8f79-8c1645373715','Randi McClure','391-196-6686 x40994','In ut ad et et esse mollitia error.'),('2801d3c8-7e0b-11ea-8f79-8c1645373715','Mrs. Eliza Goyette','(009) 160-6896 x1927','Eveniet et id itaque.'),('2801d483-7e0b-11ea-8f79-8c1645373715','Haylie Reinger','(230) 778-3847','Ut dolore est voluptates error aut.'),('2801d55a-7e0b-11ea-8f79-8c1645373715','Trystan Nikolaus','522-823-4386','Quisquam suscipit sed aut sint mollitia.'),('2801d61c-7e0b-11ea-8f79-8c1645373715','Garrick Haag','399.246.9727','Expedita nisi quia ut dolores similique cumque et.'),('2801d6ec-7e0b-11ea-8f79-8c1645373715','Missouri Schimmel','259-066-5925 x2657','Omnis voluptatem fugit rerum debitis recusandae amet tempore ipsam.'),('2801d780-7e0b-11ea-8f79-8c1645373715','Jaclyn Hills','1-136-752-3396','Modi autem aut ab.'),('2801d81c-7e0b-11ea-8f79-8c1645373715','Bethany McClure','(807) 831-7247 x85866','Molestiae et laboriosam veritatis enim harum dolor sed dolorem incidunt.'),('2801d893-7e0b-11ea-8f79-8c1645373715','Felipa Jacobi','1-535-275-9557 x40026','Expedita sed ut ut corrupti eaque.');
/*!40000 ALTER TABLE `employees` ENABLE KEYS */;
UNLOCK TABLES;

--
-- Table structure for table `employers`
--

DROP TABLE IF EXISTS `employers`;
/*!40101 SET @saved_cs_client     = @@character_set_client */;
/*!50503 SET character_set_client = utf8mb4 */;
CREATE TABLE `employers` (
  `id` char(36) NOT NULL,
  `companyName` varchar(100) NOT NULL,
  `phoneNumber` varchar(30) NOT NULL,
  `website` varchar(100) NOT NULL,
  `address` char(36) NOT NULL,
  PRIMARY KEY (`id`),
  KEY `address` (`address`),
  CONSTRAINT `employers_ibfk_1` FOREIGN KEY (`id`) REFERENCES `users` (`id`),
  CONSTRAINT `employers_ibfk_2` FOREIGN KEY (`address`) REFERENCES `locations` (`id`)
) ENGINE=InnoDB DEFAULT CHARSET=utf8mb4 COLLATE=utf8mb4_0900_ai_ci;
/*!40101 SET character_set_client = @saved_cs_client */;

--
-- Dumping data for table `employers`
--

LOCK TABLES `employers` WRITE;
/*!40000 ALTER TABLE `employers` DISABLE KEYS */;
INSERT INTO `employers` VALUES ('2801b094-7e0b-11ea-8f79-8c1645373715','Lakin - Cole','334.946.5891 x28427','https://jeanne.org','2805411f-7e0b-11ea-8f79-8c1645373715'),('2801bf51-7e0b-11ea-8f79-8c1645373715','Bins Group','143-547-0873 x58161','http://neal.name','280552b3-7e0b-11ea-8f79-8c1645373715'),('2801c064-7e0b-11ea-8f79-8c1645373715','Herman Inc','108.951.8284 x38345','https://guiseppe.org','28054ad6-7e0b-11ea-8f79-8c1645373715'),('2801c0e6-7e0b-11ea-8f79-8c1645373715','Fadel - Willms','255-444-1870 x19052','http://darlene.com','2805489d-7e0b-11ea-8f79-8c1645373715'),('2801c1da-7e0b-11ea-8f79-8c1645373715','Hahn Group','739-427-8755 x005','http://herminio.info','28053f5f-7e0b-11ea-8f79-8c1645373715');
/*!40000 ALTER TABLE `employers` ENABLE KEYS */;
UNLOCK TABLES;

--
-- Table structure for table `industries`
--

DROP TABLE IF EXISTS `industries`;
/*!40101 SET @saved_cs_client     = @@character_set_client */;
/*!50503 SET character_set_client = utf8mb4 */;
CREATE TABLE `industries` (
  `id` char(36) NOT NULL,
  `industry` varchar(100) NOT NULL,
  `description` varchar(100) NOT NULL,
  PRIMARY KEY (`id`)
) ENGINE=InnoDB DEFAULT CHARSET=utf8mb4 COLLATE=utf8mb4_0900_ai_ci;
/*!40101 SET character_set_client = @saved_cs_client */;

--
-- Dumping data for table `industries`
--

LOCK TABLES `industries` WRITE;
/*!40000 ALTER TABLE `industries` DISABLE KEYS */;
INSERT INTO `industries` VALUES ('28033298-7e0b-11ea-8f79-8c1645373715','Gambling & Casinos','Itaque ut nihil ut tenetur quibusdam et.'),('28033e58-7e0b-11ea-8f79-8c1645373715','Shipbuilding','Assumenda dolorem atque eaque.'),('28033f2b-7e0b-11ea-8f79-8c1645373715','Philanthropy','Libero cumque aut ad velit ullam quos.'),('28033f80-7e0b-11ea-8f79-8c1645373715','Import & Export','Occaecati aut voluptatem est ipsum aut aspernatur aut sapiente.'),('28033fce-7e0b-11ea-8f79-8c1645373715','Translation & Localization','Ea molestiae amet et quidem nihil magni accusamus.');
/*!40000 ALTER TABLE `industries` ENABLE KEYS */;
UNLOCK TABLES;

--
-- Table structure for table `interestedroles`
--

DROP TABLE IF EXISTS `interestedroles`;
/*!40101 SET @saved_cs_client     = @@character_set_client */;
/*!50503 SET character_set_client = utf8mb4 */;
CREATE TABLE `interestedroles` (
  `employee` char(36) NOT NULL,
  `roleId` char(36) NOT NULL,
  PRIMARY KEY (`employee`,`roleId`),
  KEY `roleId` (`roleId`),
  CONSTRAINT `interestedroles_ibfk_1` FOREIGN KEY (`employee`) REFERENCES `employees` (`id`),
  CONSTRAINT `interestedroles_ibfk_2` FOREIGN KEY (`roleId`) REFERENCES `roles` (`id`)
) ENGINE=InnoDB DEFAULT CHARSET=utf8mb4 COLLATE=utf8mb4_0900_ai_ci;
/*!40101 SET character_set_client = @saved_cs_client */;

--
-- Dumping data for table `interestedroles`
--

LOCK TABLES `interestedroles` WRITE;
/*!40000 ALTER TABLE `interestedroles` DISABLE KEYS */;
INSERT INTO `interestedroles` VALUES ('2801c513-7e0b-11ea-8f79-8c1645373715','2803e585-7e0b-11ea-8f79-8c1645373715'),('2801c91c-7e0b-11ea-8f79-8c1645373715','2803e585-7e0b-11ea-8f79-8c1645373715'),('2801ca52-7e0b-11ea-8f79-8c1645373715','2803e585-7e0b-11ea-8f79-8c1645373715'),('2801cc0e-7e0b-11ea-8f79-8c1645373715','2803e585-7e0b-11ea-8f79-8c1645373715'),('2801d331-7e0b-11ea-8f79-8c1645373715','2803e585-7e0b-11ea-8f79-8c1645373715'),('2801d6ec-7e0b-11ea-8f79-8c1645373715','2803e585-7e0b-11ea-8f79-8c1645373715'),('2801d81c-7e0b-11ea-8f79-8c1645373715','2803e585-7e0b-11ea-8f79-8c1645373715'),('2801c513-7e0b-11ea-8f79-8c1645373715','2803f294-7e0b-11ea-8f79-8c1645373715'),('2801c7f0-7e0b-11ea-8f79-8c1645373715','2803f294-7e0b-11ea-8f79-8c1645373715'),('2801c97b-7e0b-11ea-8f79-8c1645373715','2803f294-7e0b-11ea-8f79-8c1645373715'),('2801cca2-7e0b-11ea-8f79-8c1645373715','2803f294-7e0b-11ea-8f79-8c1645373715'),('2801cdb9-7e0b-11ea-8f79-8c1645373715','2803f294-7e0b-11ea-8f79-8c1645373715'),('2801cee1-7e0b-11ea-8f79-8c1645373715','2803f294-7e0b-11ea-8f79-8c1645373715'),('2801d05a-7e0b-11ea-8f79-8c1645373715','2803f294-7e0b-11ea-8f79-8c1645373715'),('2801d115-7e0b-11ea-8f79-8c1645373715','2803f294-7e0b-11ea-8f79-8c1645373715'),('2801d780-7e0b-11ea-8f79-8c1645373715','2803f294-7e0b-11ea-8f79-8c1645373715'),('2801d893-7e0b-11ea-8f79-8c1645373715','2803f294-7e0b-11ea-8f79-8c1645373715'),('2801c778-7e0b-11ea-8f79-8c1645373715','2803f3ed-7e0b-11ea-8f79-8c1645373715'),('2801c84f-7e0b-11ea-8f79-8c1645373715','2803f3ed-7e0b-11ea-8f79-8c1645373715'),('2801c91c-7e0b-11ea-8f79-8c1645373715','2803f3ed-7e0b-11ea-8f79-8c1645373715'),('2801cb5a-7e0b-11ea-8f79-8c1645373715','2803f3ed-7e0b-11ea-8f79-8c1645373715'),('2801ce1f-7e0b-11ea-8f79-8c1645373715','2803f3ed-7e0b-11ea-8f79-8c1645373715'),('2801cee1-7e0b-11ea-8f79-8c1645373715','2803f3ed-7e0b-11ea-8f79-8c1645373715'),('2801cf5c-7e0b-11ea-8f79-8c1645373715','2803f3ed-7e0b-11ea-8f79-8c1645373715'),('2801d00d-7e0b-11ea-8f79-8c1645373715','2803f3ed-7e0b-11ea-8f79-8c1645373715'),('2801d25a-7e0b-11ea-8f79-8c1645373715','2803f3ed-7e0b-11ea-8f79-8c1645373715'),('2801d2b5-7e0b-11ea-8f79-8c1645373715','2803f3ed-7e0b-11ea-8f79-8c1645373715'),('2801d331-7e0b-11ea-8f79-8c1645373715','2803f3ed-7e0b-11ea-8f79-8c1645373715'),('2801d3c8-7e0b-11ea-8f79-8c1645373715','2803f3ed-7e0b-11ea-8f79-8c1645373715'),('2801d55a-7e0b-11ea-8f79-8c1645373715','2803f3ed-7e0b-11ea-8f79-8c1645373715'),('2801d61c-7e0b-11ea-8f79-8c1645373715','2803f3ed-7e0b-11ea-8f79-8c1645373715'),('2801d893-7e0b-11ea-8f79-8c1645373715','2803f3ed-7e0b-11ea-8f79-8c1645373715'),('2801c418-7e0b-11ea-8f79-8c1645373715','2803f4c4-7e0b-11ea-8f79-8c1645373715'),('2801c9da-7e0b-11ea-8f79-8c1645373715','2803f4c4-7e0b-11ea-8f79-8c1645373715'),('2801ca52-7e0b-11ea-8f79-8c1645373715','2803f4c4-7e0b-11ea-8f79-8c1645373715'),('2801cd3d-7e0b-11ea-8f79-8c1645373715','2803f4c4-7e0b-11ea-8f79-8c1645373715'),('2801ce97-7e0b-11ea-8f79-8c1645373715','2803f4c4-7e0b-11ea-8f79-8c1645373715'),('2801d05a-7e0b-11ea-8f79-8c1645373715','2803f4c4-7e0b-11ea-8f79-8c1645373715'),('2801d115-7e0b-11ea-8f79-8c1645373715','2803f4c4-7e0b-11ea-8f79-8c1645373715'),('2801d163-7e0b-11ea-8f79-8c1645373715','2803f4c4-7e0b-11ea-8f79-8c1645373715'),('2801d3c8-7e0b-11ea-8f79-8c1645373715','2803f4c4-7e0b-11ea-8f79-8c1645373715'),('2801d780-7e0b-11ea-8f79-8c1645373715','2803f4c4-7e0b-11ea-8f79-8c1645373715'),('2801c38b-7e0b-11ea-8f79-8c1645373715','2803f583-7e0b-11ea-8f79-8c1645373715'),('2801ce1f-7e0b-11ea-8f79-8c1645373715','2803f583-7e0b-11ea-8f79-8c1645373715'),('2801d0b6-7e0b-11ea-8f79-8c1645373715','2803f583-7e0b-11ea-8f79-8c1645373715'),('2801d115-7e0b-11ea-8f79-8c1645373715','2803f583-7e0b-11ea-8f79-8c1645373715'),('2801d61c-7e0b-11ea-8f79-8c1645373715','2803f583-7e0b-11ea-8f79-8c1645373715'),('2801c2db-7e0b-11ea-8f79-8c1645373715','2803f65a-7e0b-11ea-8f79-8c1645373715'),('2801c778-7e0b-11ea-8f79-8c1645373715','2803f65a-7e0b-11ea-8f79-8c1645373715'),('2801c91c-7e0b-11ea-8f79-8c1645373715','2803f65a-7e0b-11ea-8f79-8c1645373715'),('2801c97b-7e0b-11ea-8f79-8c1645373715','2803f65a-7e0b-11ea-8f79-8c1645373715'),('2801cab5-7e0b-11ea-8f79-8c1645373715','2803f65a-7e0b-11ea-8f79-8c1645373715'),('2801cc0e-7e0b-11ea-8f79-8c1645373715','2803f65a-7e0b-11ea-8f79-8c1645373715'),('2801ce97-7e0b-11ea-8f79-8c1645373715','2803f65a-7e0b-11ea-8f79-8c1645373715'),('2801cee1-7e0b-11ea-8f79-8c1645373715','2803f65a-7e0b-11ea-8f79-8c1645373715'),('2801cfa6-7e0b-11ea-8f79-8c1645373715','2803f65a-7e0b-11ea-8f79-8c1645373715'),('2801d05a-7e0b-11ea-8f79-8c1645373715','2803f65a-7e0b-11ea-8f79-8c1645373715'),('2801d163-7e0b-11ea-8f79-8c1645373715','2803f65a-7e0b-11ea-8f79-8c1645373715'),('2801d55a-7e0b-11ea-8f79-8c1645373715','2803f65a-7e0b-11ea-8f79-8c1645373715'),('2801c48d-7e0b-11ea-8f79-8c1645373715','2803f72a-7e0b-11ea-8f79-8c1645373715'),('2801c97b-7e0b-11ea-8f79-8c1645373715','2803f72a-7e0b-11ea-8f79-8c1645373715'),('2801c9da-7e0b-11ea-8f79-8c1645373715','2803f72a-7e0b-11ea-8f79-8c1645373715'),('2801caff-7e0b-11ea-8f79-8c1645373715','2803f72a-7e0b-11ea-8f79-8c1645373715'),('2801cbb6-7e0b-11ea-8f79-8c1645373715','2803f72a-7e0b-11ea-8f79-8c1645373715'),('2801cca2-7e0b-11ea-8f79-8c1645373715','2803f72a-7e0b-11ea-8f79-8c1645373715'),('2801ce97-7e0b-11ea-8f79-8c1645373715','2803f72a-7e0b-11ea-8f79-8c1645373715'),('2801d00d-7e0b-11ea-8f79-8c1645373715','2803f72a-7e0b-11ea-8f79-8c1645373715'),('2801d208-7e0b-11ea-8f79-8c1645373715','2803f72a-7e0b-11ea-8f79-8c1645373715'),('2801c2db-7e0b-11ea-8f79-8c1645373715','2803f801-7e0b-11ea-8f79-8c1645373715'),('2801c38b-7e0b-11ea-8f79-8c1645373715','2803f801-7e0b-11ea-8f79-8c1645373715'),('2801c418-7e0b-11ea-8f79-8c1645373715','2803f801-7e0b-11ea-8f79-8c1645373715'),('2801c5d8-7e0b-11ea-8f79-8c1645373715','2803f801-7e0b-11ea-8f79-8c1645373715'),('2801c8ce-7e0b-11ea-8f79-8c1645373715','2803f801-7e0b-11ea-8f79-8c1645373715'),('2801c97b-7e0b-11ea-8f79-8c1645373715','2803f801-7e0b-11ea-8f79-8c1645373715'),('2801c9da-7e0b-11ea-8f79-8c1645373715','2803f801-7e0b-11ea-8f79-8c1645373715'),('2801cab5-7e0b-11ea-8f79-8c1645373715','2803f801-7e0b-11ea-8f79-8c1645373715'),('2801cb5a-7e0b-11ea-8f79-8c1645373715','2803f801-7e0b-11ea-8f79-8c1645373715'),('2801cd3d-7e0b-11ea-8f79-8c1645373715','2803f801-7e0b-11ea-8f79-8c1645373715'),('2801cf5c-7e0b-11ea-8f79-8c1645373715','2803f801-7e0b-11ea-8f79-8c1645373715'),('2801cfa6-7e0b-11ea-8f79-8c1645373715','2803f801-7e0b-11ea-8f79-8c1645373715'),('2801d331-7e0b-11ea-8f79-8c1645373715','2803f801-7e0b-11ea-8f79-8c1645373715'),('2801d81c-7e0b-11ea-8f79-8c1645373715','2803f801-7e0b-11ea-8f79-8c1645373715'),('2801c2db-7e0b-11ea-8f79-8c1645373715','2803f8b1-7e0b-11ea-8f79-8c1645373715'),('2801c5d8-7e0b-11ea-8f79-8c1645373715','2803f8b1-7e0b-11ea-8f79-8c1645373715'),('2801c84f-7e0b-11ea-8f79-8c1645373715','2803f8b1-7e0b-11ea-8f79-8c1645373715'),('2801c8ce-7e0b-11ea-8f79-8c1645373715','2803f8b1-7e0b-11ea-8f79-8c1645373715'),('2801ce97-7e0b-11ea-8f79-8c1645373715','2803f8b1-7e0b-11ea-8f79-8c1645373715'),('2801d163-7e0b-11ea-8f79-8c1645373715','2803f8b1-7e0b-11ea-8f79-8c1645373715'),('2801d483-7e0b-11ea-8f79-8c1645373715','2803f8b1-7e0b-11ea-8f79-8c1645373715'),('2801d61c-7e0b-11ea-8f79-8c1645373715','2803f8b1-7e0b-11ea-8f79-8c1645373715'),('2801d780-7e0b-11ea-8f79-8c1645373715','2803f8b1-7e0b-11ea-8f79-8c1645373715'),('2801c48d-7e0b-11ea-8f79-8c1645373715','2803f969-7e0b-11ea-8f79-8c1645373715'),('2801c513-7e0b-11ea-8f79-8c1645373715','2803f969-7e0b-11ea-8f79-8c1645373715'),('2801c778-7e0b-11ea-8f79-8c1645373715','2803f969-7e0b-11ea-8f79-8c1645373715'),('2801c84f-7e0b-11ea-8f79-8c1645373715','2803f969-7e0b-11ea-8f79-8c1645373715'),('2801c8ce-7e0b-11ea-8f79-8c1645373715','2803f969-7e0b-11ea-8f79-8c1645373715'),('2801d208-7e0b-11ea-8f79-8c1645373715','2803f969-7e0b-11ea-8f79-8c1645373715'),('2801d483-7e0b-11ea-8f79-8c1645373715','2803f969-7e0b-11ea-8f79-8c1645373715'),('2801d55a-7e0b-11ea-8f79-8c1645373715','2803f969-7e0b-11ea-8f79-8c1645373715'),('2801d893-7e0b-11ea-8f79-8c1645373715','2803f969-7e0b-11ea-8f79-8c1645373715'),('2801c5d8-7e0b-11ea-8f79-8c1645373715','2803fa20-7e0b-11ea-8f79-8c1645373715'),('2801c697-7e0b-11ea-8f79-8c1645373715','2803fa20-7e0b-11ea-8f79-8c1645373715'),('2801c91c-7e0b-11ea-8f79-8c1645373715','2803fa20-7e0b-11ea-8f79-8c1645373715'),('2801cbb6-7e0b-11ea-8f79-8c1645373715','2803fa20-7e0b-11ea-8f79-8c1645373715'),('2801cd3d-7e0b-11ea-8f79-8c1645373715','2803fa20-7e0b-11ea-8f79-8c1645373715'),('2801cdb9-7e0b-11ea-8f79-8c1645373715','2803fa20-7e0b-11ea-8f79-8c1645373715'),('2801d208-7e0b-11ea-8f79-8c1645373715','2803fa20-7e0b-11ea-8f79-8c1645373715'),('2801d25a-7e0b-11ea-8f79-8c1645373715','2803fa20-7e0b-11ea-8f79-8c1645373715'),('2801d780-7e0b-11ea-8f79-8c1645373715','2803fa20-7e0b-11ea-8f79-8c1645373715'),('2801c2db-7e0b-11ea-8f79-8c1645373715','2803fac6-7e0b-11ea-8f79-8c1645373715'),('2801c697-7e0b-11ea-8f79-8c1645373715','2803fac6-7e0b-11ea-8f79-8c1645373715'),('2801c84f-7e0b-11ea-8f79-8c1645373715','2803fac6-7e0b-11ea-8f79-8c1645373715'),('2801caff-7e0b-11ea-8f79-8c1645373715','2803fac6-7e0b-11ea-8f79-8c1645373715'),('2801cca2-7e0b-11ea-8f79-8c1645373715','2803fac6-7e0b-11ea-8f79-8c1645373715'),('2801d05a-7e0b-11ea-8f79-8c1645373715','2803fac6-7e0b-11ea-8f79-8c1645373715'),('2801d2b5-7e0b-11ea-8f79-8c1645373715','2803fac6-7e0b-11ea-8f79-8c1645373715'),('2801c8ce-7e0b-11ea-8f79-8c1645373715','2803fb7d-7e0b-11ea-8f79-8c1645373715'),('2801ca52-7e0b-11ea-8f79-8c1645373715','2803fb7d-7e0b-11ea-8f79-8c1645373715'),('2801caff-7e0b-11ea-8f79-8c1645373715','2803fb7d-7e0b-11ea-8f79-8c1645373715'),('2801cc0e-7e0b-11ea-8f79-8c1645373715','2803fb7d-7e0b-11ea-8f79-8c1645373715'),('2801cca2-7e0b-11ea-8f79-8c1645373715','2803fb7d-7e0b-11ea-8f79-8c1645373715'),('2801d00d-7e0b-11ea-8f79-8c1645373715','2803fb7d-7e0b-11ea-8f79-8c1645373715'),('2801d81c-7e0b-11ea-8f79-8c1645373715','2803fb7d-7e0b-11ea-8f79-8c1645373715'),('2801d893-7e0b-11ea-8f79-8c1645373715','2803fb7d-7e0b-11ea-8f79-8c1645373715'),('2801c7f0-7e0b-11ea-8f79-8c1645373715','2803fc3f-7e0b-11ea-8f79-8c1645373715'),('2801c9da-7e0b-11ea-8f79-8c1645373715','2803fc3f-7e0b-11ea-8f79-8c1645373715'),('2801ca52-7e0b-11ea-8f79-8c1645373715','2803fc3f-7e0b-11ea-8f79-8c1645373715'),('2801cab5-7e0b-11ea-8f79-8c1645373715','2803fc3f-7e0b-11ea-8f79-8c1645373715'),('2801d115-7e0b-11ea-8f79-8c1645373715','2803fc3f-7e0b-11ea-8f79-8c1645373715'),('2801d25a-7e0b-11ea-8f79-8c1645373715','2803fc3f-7e0b-11ea-8f79-8c1645373715'),('2801d2b5-7e0b-11ea-8f79-8c1645373715','2803fc3f-7e0b-11ea-8f79-8c1645373715'),('2801d483-7e0b-11ea-8f79-8c1645373715','2803fc3f-7e0b-11ea-8f79-8c1645373715'),('2801d81c-7e0b-11ea-8f79-8c1645373715','2803fc3f-7e0b-11ea-8f79-8c1645373715'),('2801c38b-7e0b-11ea-8f79-8c1645373715','2803fd0c-7e0b-11ea-8f79-8c1645373715'),('2801c8ce-7e0b-11ea-8f79-8c1645373715','2803fd0c-7e0b-11ea-8f79-8c1645373715'),('2801d0b6-7e0b-11ea-8f79-8c1645373715','2803fd0c-7e0b-11ea-8f79-8c1645373715'),('2801d2b5-7e0b-11ea-8f79-8c1645373715','2803fd0c-7e0b-11ea-8f79-8c1645373715'),('2801d3c8-7e0b-11ea-8f79-8c1645373715','2803fd0c-7e0b-11ea-8f79-8c1645373715'),('2801d55a-7e0b-11ea-8f79-8c1645373715','2803fd0c-7e0b-11ea-8f79-8c1645373715'),('2801c418-7e0b-11ea-8f79-8c1645373715','2803fded-7e0b-11ea-8f79-8c1645373715'),('2801c697-7e0b-11ea-8f79-8c1645373715','2803fded-7e0b-11ea-8f79-8c1645373715'),('2801c97b-7e0b-11ea-8f79-8c1645373715','2803fded-7e0b-11ea-8f79-8c1645373715'),('2801c9da-7e0b-11ea-8f79-8c1645373715','2803fded-7e0b-11ea-8f79-8c1645373715'),('2801cbb6-7e0b-11ea-8f79-8c1645373715','2803fded-7e0b-11ea-8f79-8c1645373715'),('2801cf5c-7e0b-11ea-8f79-8c1645373715','2803fded-7e0b-11ea-8f79-8c1645373715'),('2801cfa6-7e0b-11ea-8f79-8c1645373715','2803fded-7e0b-11ea-8f79-8c1645373715'),('2801d00d-7e0b-11ea-8f79-8c1645373715','2803fded-7e0b-11ea-8f79-8c1645373715'),('2801d05a-7e0b-11ea-8f79-8c1645373715','2803fded-7e0b-11ea-8f79-8c1645373715'),('2801d163-7e0b-11ea-8f79-8c1645373715','2803fded-7e0b-11ea-8f79-8c1645373715'),('2801c418-7e0b-11ea-8f79-8c1645373715','2803fe8c-7e0b-11ea-8f79-8c1645373715'),('2801c48d-7e0b-11ea-8f79-8c1645373715','2803fe8c-7e0b-11ea-8f79-8c1645373715'),('2801c513-7e0b-11ea-8f79-8c1645373715','2803fe8c-7e0b-11ea-8f79-8c1645373715'),('2801c91c-7e0b-11ea-8f79-8c1645373715','2803fe8c-7e0b-11ea-8f79-8c1645373715'),('2801cf5c-7e0b-11ea-8f79-8c1645373715','2803fe8c-7e0b-11ea-8f79-8c1645373715'),('2801d0b6-7e0b-11ea-8f79-8c1645373715','2803fe8c-7e0b-11ea-8f79-8c1645373715'),('2801d331-7e0b-11ea-8f79-8c1645373715','2803fe8c-7e0b-11ea-8f79-8c1645373715'),('2801d61c-7e0b-11ea-8f79-8c1645373715','2803fe8c-7e0b-11ea-8f79-8c1645373715'),('2801d6ec-7e0b-11ea-8f79-8c1645373715','2803fe8c-7e0b-11ea-8f79-8c1645373715'),('2801c697-7e0b-11ea-8f79-8c1645373715','2803ff8d-7e0b-11ea-8f79-8c1645373715'),('2801cb5a-7e0b-11ea-8f79-8c1645373715','2803ff8d-7e0b-11ea-8f79-8c1645373715'),('2801cca2-7e0b-11ea-8f79-8c1645373715','2803ff8d-7e0b-11ea-8f79-8c1645373715'),('2801cd3d-7e0b-11ea-8f79-8c1645373715','2803ff8d-7e0b-11ea-8f79-8c1645373715'),('2801ce1f-7e0b-11ea-8f79-8c1645373715','2803ff8d-7e0b-11ea-8f79-8c1645373715'),('2801d331-7e0b-11ea-8f79-8c1645373715','2803ff8d-7e0b-11ea-8f79-8c1645373715'),('2801d6ec-7e0b-11ea-8f79-8c1645373715','2803ff8d-7e0b-11ea-8f79-8c1645373715'),('2801c418-7e0b-11ea-8f79-8c1645373715','2804003e-7e0b-11ea-8f79-8c1645373715'),('2801cbb6-7e0b-11ea-8f79-8c1645373715','2804003e-7e0b-11ea-8f79-8c1645373715'),('2801cee1-7e0b-11ea-8f79-8c1645373715','2804003e-7e0b-11ea-8f79-8c1645373715'),('2801d0b6-7e0b-11ea-8f79-8c1645373715','2804003e-7e0b-11ea-8f79-8c1645373715'),('2801d25a-7e0b-11ea-8f79-8c1645373715','2804003e-7e0b-11ea-8f79-8c1645373715'),('2801d2b5-7e0b-11ea-8f79-8c1645373715','2804003e-7e0b-11ea-8f79-8c1645373715'),('2801d3c8-7e0b-11ea-8f79-8c1645373715','2804003e-7e0b-11ea-8f79-8c1645373715'),('2801d55a-7e0b-11ea-8f79-8c1645373715','2804003e-7e0b-11ea-8f79-8c1645373715'),('2801d81c-7e0b-11ea-8f79-8c1645373715','2804003e-7e0b-11ea-8f79-8c1645373715'),('2801c697-7e0b-11ea-8f79-8c1645373715','280400fc-7e0b-11ea-8f79-8c1645373715'),('2801c7f0-7e0b-11ea-8f79-8c1645373715','280400fc-7e0b-11ea-8f79-8c1645373715'),('2801cdb9-7e0b-11ea-8f79-8c1645373715','280400fc-7e0b-11ea-8f79-8c1645373715'),('2801d00d-7e0b-11ea-8f79-8c1645373715','280400fc-7e0b-11ea-8f79-8c1645373715'),('2801d780-7e0b-11ea-8f79-8c1645373715','280400fc-7e0b-11ea-8f79-8c1645373715'),('2801d893-7e0b-11ea-8f79-8c1645373715','280400fc-7e0b-11ea-8f79-8c1645373715');
/*!40000 ALTER TABLE `interestedroles` ENABLE KEYS */;
UNLOCK TABLES;

--
-- Table structure for table `jobinterest`
--

DROP TABLE IF EXISTS `jobinterest`;
/*!40101 SET @saved_cs_client     = @@character_set_client */;
/*!50503 SET character_set_client = utf8mb4 */;
CREATE TABLE `jobinterest` (
  `jobId` char(36) NOT NULL,
  `employee` char(36) NOT NULL,
  `initiator` enum('employer','employee') DEFAULT NULL,
  `status` enum('available','liked','offered','done') DEFAULT NULL,
  PRIMARY KEY (`jobId`,`employee`),
  KEY `employee` (`employee`),
  CONSTRAINT `jobinterest_ibfk_1` FOREIGN KEY (`jobId`) REFERENCES `jobs` (`jobId`),
  CONSTRAINT `jobinterest_ibfk_2` FOREIGN KEY (`employee`) REFERENCES `employees` (`id`)
) ENGINE=InnoDB DEFAULT CHARSET=utf8mb4 COLLATE=utf8mb4_0900_ai_ci;
/*!40101 SET character_set_client = @saved_cs_client */;

--
-- Dumping data for table `jobinterest`
--

LOCK TABLES `jobinterest` WRITE;
/*!40000 ALTER TABLE `jobinterest` DISABLE KEYS */;
/*!40000 ALTER TABLE `jobinterest` ENABLE KEYS */;
UNLOCK TABLES;

--
-- Table structure for table `jobs`
--

DROP TABLE IF EXISTS `jobs`;
/*!40101 SET @saved_cs_client     = @@character_set_client */;
/*!50503 SET character_set_client = utf8mb4 */;
CREATE TABLE `jobs` (
  `jobId` char(36) NOT NULL,
  `employer` char(36) NOT NULL,
  `role` char(36) NOT NULL,
  `jobTitle` varchar(100) NOT NULL,
  `salary` varchar(100) DEFAULT NULL,
  `workLocation` varchar(36) NOT NULL,
  `description` varchar(100) DEFAULT NULL,
  PRIMARY KEY (`jobId`),
  KEY `employer` (`employer`),
  KEY `role` (`role`),
  KEY `workLocation` (`workLocation`),
  CONSTRAINT `jobs_ibfk_1` FOREIGN KEY (`employer`) REFERENCES `employers` (`id`),
  CONSTRAINT `jobs_ibfk_2` FOREIGN KEY (`role`) REFERENCES `roles` (`id`),
  CONSTRAINT `jobs_ibfk_3` FOREIGN KEY (`workLocation`) REFERENCES `locations` (`id`)
) ENGINE=InnoDB DEFAULT CHARSET=utf8mb4 COLLATE=utf8mb4_0900_ai_ci;
/*!40101 SET character_set_client = @saved_cs_client */;

--
-- Dumping data for table `jobs`
--

LOCK TABLES `jobs` WRITE;
/*!40000 ALTER TABLE `jobs` DISABLE KEYS */;
INSERT INTO `jobs` VALUES ('28086252-7e0b-11ea-8f79-8c1645373715','2801c1da-7e0b-11ea-8f79-8c1645373715','2803e585-7e0b-11ea-8f79-8c1645373715','vel vero beatae ut rerum dignissimos fuga','10191 - 94270','280518a0-7e0b-11ea-8f79-8c1645373715','Et et minima id unde et ea.'),('28086e74-7e0b-11ea-8f79-8c1645373715','2801bf51-7e0b-11ea-8f79-8c1645373715','2803f3ed-7e0b-11ea-8f79-8c1645373715','accusamus vel illo error similique omnis sit adipisci nisi aut','10354 - 83871','280543c1-7e0b-11ea-8f79-8c1645373715','Nisi sed voluptatem et qui atque aspernatur.'),('28086ff1-7e0b-11ea-8f79-8c1645373715','2801b094-7e0b-11ea-8f79-8c1645373715','2803f3ed-7e0b-11ea-8f79-8c1645373715','velit facere at mollitia quia in et consectetur voluptas','11129 - 60669','2805542c-7e0b-11ea-8f79-8c1645373715','Quas iste fuga eaque.'),('28087116-7e0b-11ea-8f79-8c1645373715','2801c064-7e0b-11ea-8f79-8c1645373715','2803fc3f-7e0b-11ea-8f79-8c1645373715','odit assumenda a sequi aut corporis ratione','14119 - 69726','28054572-7e0b-11ea-8f79-8c1645373715','Voluptate dignissimos consequatur sint.'),('28087230-7e0b-11ea-8f79-8c1645373715','2801c0e6-7e0b-11ea-8f79-8c1645373715','2803f801-7e0b-11ea-8f79-8c1645373715','autem fuga sunt eos eligendi nam corrupti harum esse consequatur','15409 - 70378','28054ad6-7e0b-11ea-8f79-8c1645373715','At blanditiis doloremque nostrum repudiandae illo ut qui aut.'),('28087355-7e0b-11ea-8f79-8c1645373715','2801bf51-7e0b-11ea-8f79-8c1645373715','2803f3ed-7e0b-11ea-8f79-8c1645373715','omnis velit aliquam et et aut','13049 - 66212','2805489d-7e0b-11ea-8f79-8c1645373715','Odio minima amet mollitia exercitationem accusantium accusantium tempora.'),('2808747d-7e0b-11ea-8f79-8c1645373715','2801c0e6-7e0b-11ea-8f79-8c1645373715','2803f801-7e0b-11ea-8f79-8c1645373715','velit corrupti quo in ipsam eius','12945 - 96852','28053f5f-7e0b-11ea-8f79-8c1645373715','Minima autem distinctio officia explicabo ea.'),('28087594-7e0b-11ea-8f79-8c1645373715','2801c0e6-7e0b-11ea-8f79-8c1645373715','2804003e-7e0b-11ea-8f79-8c1645373715','et quae impedit omnis omnis','12561 - 27103','28055d91-7e0b-11ea-8f79-8c1645373715','Aliquam velit odit eveniet quia.'),('280876b8-7e0b-11ea-8f79-8c1645373715','2801bf51-7e0b-11ea-8f79-8c1645373715','2803e585-7e0b-11ea-8f79-8c1645373715','aut modi deserunt dolores et dolorem dignissimos','17448 - 50940','280545d5-7e0b-11ea-8f79-8c1645373715','In et id ea accusantium repellat vel sint cum.'),('280877d2-7e0b-11ea-8f79-8c1645373715','2801c0e6-7e0b-11ea-8f79-8c1645373715','2803f8b1-7e0b-11ea-8f79-8c1645373715','repellat adipisci eaque earum est aut','14439 - 32795','2805420b-7e0b-11ea-8f79-8c1645373715','Itaque recusandae saepe cum autem earum nihil quia natus perspiciatis.');
/*!40000 ALTER TABLE `jobs` ENABLE KEYS */;
UNLOCK TABLES;

--
-- Table structure for table `locations`
--

DROP TABLE IF EXISTS `locations`;
/*!40101 SET @saved_cs_client     = @@character_set_client */;
/*!50503 SET character_set_client = utf8mb4 */;
CREATE TABLE `locations` (
  `id` char(36) NOT NULL,
  `address` varchar(200) NOT NULL,
  `location` json NOT NULL,
  `area` varchar(50) NOT NULL,
  PRIMARY KEY (`id`)
) ENGINE=InnoDB DEFAULT CHARSET=utf8mb4 COLLATE=utf8mb4_0900_ai_ci;
/*!40101 SET character_set_client = @saved_cs_client */;

--
-- Dumping data for table `locations`
--

LOCK TABLES `locations` WRITE;
/*!40000 ALTER TABLE `locations` DISABLE KEYS */;
INSERT INTO `locations` VALUES ('280518a0-7e0b-11ea-8f79-8c1645373715','314 Lê Thị Riêng, Tân Thới An, Quận 12, Hồ Chí Minh, Vietnam','{\"lat\": 10.8734765, \"lng\": 106.6554024}','Hồ Chí Minh'),('28053d60-7e0b-11ea-8f79-8c1645373715','172 Ông Ích Khiêm, Phường 5, Quận 11, Hồ Chí Minh, Vietnam','{\"lat\": 10.7667661, \"lng\": 106.6429388}','Hồ Chí Minh'),('28053e65-7e0b-11ea-8f79-8c1645373715','403 Cách Mạng Tháng Tám, Phường 13, Quận 10, Hồ Chí Minh, Vietnam','{\"lat\": 10.7809243, \"lng\": 106.6756289}','Hồ Chí Minh'),('28053ef6-7e0b-11ea-8f79-8c1645373715','592 Nguyễn Ảnh Thủ, Trung Mỹ Tây, Quận 12, Hồ Chí Minh, Vietnam','{\"lat\": 10.8592969, \"lng\": 106.6098683}','Hồ Chí Minh'),('28053f5f-7e0b-11ea-8f79-8c1645373715','28-30 Nguyen Thai Binh Street, Nguyen Thai Binh Ward, District 1, Ho Chi Minh City, Phường Nguyễn Thái Bình, Quận 1, Hồ Chí Minh, Vietnam','{\"lat\": 10.7698733, \"lng\": 106.7003882}','Hồ Chí Minh'),('28053ffb-7e0b-11ea-8f79-8c1645373715','Đồng Văn Cống, Phường Thạnh Mỹ Lợi, Quận 2, Hồ Chí Minh, Vietnam','{\"lat\": 10.7753988, \"lng\": 106.7594779}','Hồ Chí Minh'),('2805409d-7e0b-11ea-8f79-8c1645373715','Đường số 50, Bình Trưng Đông, Quận 2, Hồ Chí Minh, Vietnam','{\"lat\": 10.7888971, \"lng\": 106.7749}','Hồ Chí Minh'),('2805411f-7e0b-11ea-8f79-8c1645373715','Đường Số 1, Liên Tỉnh Lộ 25B, Phường Thạnh Mỹ Lợi, Quận 2, Phường Thạnh Mỹ Lợi, Quận 2, Hồ Chí Minh, Vietnam','{\"lat\": 10.7757492, \"lng\": 106.7599118}','Hồ Chí Minh'),('2805419e-7e0b-11ea-8f79-8c1645373715','34, 31D-Khu C, An Phú, Quận 2, Hồ Chí Minh, Vietnam','{\"lat\": 10.7918944, \"lng\": 106.7404785}','Hồ Chí Minh'),('2805420b-7e0b-11ea-8f79-8c1645373715','63 đường số 5, phường Cát Lái, Quận 2, Cát Lái, Hồ Chí Minh, Vietnam','{\"lat\": 10.775406, \"lng\": 106.7712947}','Hồ Chí Minh'),('28054267-7e0b-11ea-8f79-8c1645373715','386/79 Đ. Lê Văn Sỹ, Phường 14, Quận 3, Hồ Chí Minh, Vietnam','{\"lat\": 10.7898918, \"lng\": 106.6772974}','Hồ Chí Minh'),('280542d8-7e0b-11ea-8f79-8c1645373715','2 Bà Huyện Thanh Quan, Phường 6, Quận 3, Hồ Chí Minh, Vietnam','{\"lat\": 10.7752899, \"lng\": 106.6903125}','Hồ Chí Minh'),('28054350-7e0b-11ea-8f79-8c1645373715','9 Huỳnh Tịnh Của, Phường 8, Quận 3, Hồ Chí Minh, Vietnam','{\"lat\": 10.7883648, \"lng\": 106.6883543}','Hồ Chí Minh'),('280543c1-7e0b-11ea-8f79-8c1645373715','139 Nguyễn Đình Chiểu, Phường 6, Quận 3, Hồ Chí Minh, Vietnam','{\"lat\": 10.777158, \"lng\": 106.6890399}','Hồ Chí Minh'),('28054420-7e0b-11ea-8f79-8c1645373715','243 Cách Mạng Tháng Tám, Phường 4, Quận 3, Hồ Chí Minh, Vietnam','{\"lat\": 10.7770139, \"lng\": 106.6829741}','Hồ Chí Minh'),('2805448d-7e0b-11ea-8f79-8c1645373715','63, 65 Bến Vân Đồn, Phường 12, Quận 4, Hồ Chí Minh, Vietnam','{\"lat\": 10.7653075, \"lng\": 106.7022376}','Hồ Chí Minh'),('280544ec-7e0b-11ea-8f79-8c1645373715','Hẻm 42 Hoàng Diệu, Phường 12, Quận 4, Hồ Chí Minh, Vietnam','{\"lat\": 10.7653624, \"lng\": 106.7060284}','Hồ Chí Minh'),('28054572-7e0b-11ea-8f79-8c1645373715','18 Đường Đoàn Như Hài, Phường 12, Quận 4, Hồ Chí Minh, Vietnam','{\"lat\": 10.7663214, \"lng\": 106.7051618}','Hồ Chí Minh'),('280545d5-7e0b-11ea-8f79-8c1645373715','64 Nguyễn Khoái, Phường 2, Quận 4, Hồ Chí Minh, Vietnam','{\"lat\": 10.7550974, \"lng\": 106.694483}','Hồ Chí Minh'),('2805464a-7e0b-11ea-8f79-8c1645373715','14 Đường Đoàn Như Hài, Phường 12, Quận 4, Hồ Chí Minh, Vietnam','{\"lat\": 10.7667587, \"lng\": 106.7057955}','Hồ Chí Minh'),('280546b3-7e0b-11ea-8f79-8c1645373715','3 Mạc Cửu, Phường 13, Quận 5, Hồ Chí Minh, Vietnam','{\"lat\": 10.750223, \"lng\": 106.659248}','Hồ Chí Minh'),('2805472f-7e0b-11ea-8f79-8c1645373715','642 A Đ. Nguyễn Trãi, Phường 11, Quận 5, Hồ Chí Minh 700000, Vietnam','{\"lat\": 10.7540801, \"lng\": 106.6657832}','Hồ Chí Minh'),('280547aa-7e0b-11ea-8f79-8c1645373715','642 Đ. Nguyễn Trãi, Phường 11, Quận 5, Hồ Chí Minh, Vietnam','{\"lat\": 10.7541276, \"lng\": 106.6662972}','Hồ Chí Minh'),('28054826-7e0b-11ea-8f79-8c1645373715','203 An Dương Vương, Phường 8, Quận 5, phường 8 Quận 5 Hồ Chí Minh, Vietnam','{\"lat\": 10.7558049, \"lng\": 106.6675406}','phường 8 Quận 5 Hồ Chí Minh'),('2805489d-7e0b-11ea-8f79-8c1645373715','660 Võ Văn Kiệt, Phường 1, Quận 5, Hồ Chí Minh, Vietnam','{\"lat\": 10.7520489, \"lng\": 106.6836549}','Hồ Chí Minh'),('28054943-7e0b-11ea-8f79-8c1645373715','107 Cao Văn Lầu, Phường 1, Quận 6, Hồ Chí Minh, Vietnam','{\"lat\": 10.7464601, \"lng\": 106.6495791}','Hồ Chí Minh'),('280549bb-7e0b-11ea-8f79-8c1645373715','88 Tháp Mười, Phường 2, Quận 6, Hồ Chí Minh, Vietnam','{\"lat\": 10.7499949, \"lng\": 106.6504626}','Hồ Chí Minh'),('28054a50-7e0b-11ea-8f79-8c1645373715','Hẻm 45/67 Bình Tiên, Phường 7, Quận 6, Hồ Chí Minh, Vietnam','{\"lat\": 10.7405803, \"lng\": 106.6424917}','Hồ Chí Minh'),('28054ad6-7e0b-11ea-8f79-8c1645373715','114 Đường Phạm Văn Chí, Phường 1, Quận 6, Hồ Chí Minh, Vietnam','{\"lat\": 10.7462002, \"lng\": 106.6490232}','Hồ Chí Minh'),('28054d06-7e0b-11ea-8f79-8c1645373715','2D Chợ Lớn, Phường 11, Quận 6, Phường 11 Quận 6 Hồ Chí Minh, Vietnam','{\"lat\": 10.7465793, \"lng\": 106.6348488}','Phường 11 Quận 6 Hồ Chí Minh'),('28054e98-7e0b-11ea-8f79-8c1645373715','3 Tân Phú, P, Quận 7, Hồ Chí Minh, Vietnam','{\"lat\": 10.7327717, \"lng\": 106.725198}','Hồ Chí Minh'),('28054f2c-7e0b-11ea-8f79-8c1645373715','1 Tân Phú, Hồ Chí Minh, Vietnam','{\"lat\": 10.7328615, \"lng\": 106.7251448}','Hồ Chí Minh'),('28054fb9-7e0b-11ea-8f79-8c1645373715','504, 506 Huỳnh Tấn Phát, Bình Thuận, Quận 7, Hồ Chí Minh, Vietnam','{\"lat\": 10.741525, \"lng\": 106.7292689}','Hồ Chí Minh'),('2805507f-7e0b-11ea-8f79-8c1645373715','People\'s Committee Of District 7, 1362, Huynh Tan Phat Street, Phu My Ward, District 7, Tân Phú, Quận 7, Hồ Chí Minh, Vietnam','{\"lat\": 10.7321119, \"lng\": 106.7262769}','Hồ Chí Minh'),('280551b5-7e0b-11ea-8f79-8c1645373715','1364 Huỳnh Tấn Phát, KP1, Quận 7, Hồ Chí Minh, Vietnam','{\"lat\": 10.713834, \"lng\": 106.7370286}','Hồ Chí Minh'),('280552b3-7e0b-11ea-8f79-8c1645373715','175 Phạm Hùng, Phường 4, Quận 8, Phường 5, Quận 8, Hồ Chí Minh, Vietnam','{\"lat\": 10.7395539, \"lng\": 106.6693443}','Hồ Chí Minh'),('28055344-7e0b-11ea-8f79-8c1645373715','126 Đường Lê Quyên, Phường 5, Quận 8, Hồ Chí Minh, Vietnam','{\"lat\": 10.740894, \"lng\": 106.6664351}','Hồ Chí Minh'),('280553b8-7e0b-11ea-8f79-8c1645373715','993 Phạm Thế Hiển, Phường 5, 8, Hồ Chí Minh, Vietnam','{\"lat\": 10.7428452, \"lng\": 106.667443}','Hồ Chí Minh'),('2805542c-7e0b-11ea-8f79-8c1645373715','993 Phạm Thế Hiển, Phường 5, Quận 8, Hồ Chí Minh, Vietnam','{\"lat\": 10.7422643, \"lng\": 106.6678169}','Hồ Chí Minh'),('280554a4-7e0b-11ea-8f79-8c1645373715','250 Tùng Thiện Vương, Phường 11, Quận 8, Hồ Chí Minh, Vietnam','{\"lat\": 10.7471976, \"lng\": 106.6615428}','Hồ Chí Minh'),('28055520-7e0b-11ea-8f79-8c1645373715','Dong Nai, Vietnam','{\"lat\": 11.0686305, \"lng\": 107.1675976}','Dong Nai'),('2805559b-7e0b-11ea-8f79-8c1645373715','Đồng Nai, Cư xá Bắc Hải, Phường 15, Quận 10, Hồ Chí Minh, Vietnam','{\"lat\": 10.7788966, \"lng\": 106.6626316}','Hồ Chí Minh'),('280555fe-7e0b-11ea-8f79-8c1645373715','Kp5 Đường Nguyễn Khuyến, Trảng Dài, Thành phố Biên Hòa, Đồng Nai, Vietnam','{\"lat\": 10.9846076, \"lng\": 106.8691285}','Đồng Nai'),('28055672-7e0b-11ea-8f79-8c1645373715','4 Lê Quý Đôn, Kp3, Thành phố Biên Hòa, Đồng Nai, Vietnam','{\"lat\": 10.9591332, \"lng\": 106.8613505}','Đồng Nai'),('280556f5-7e0b-11ea-8f79-8c1645373715','1048A Phạm Văn Thuận, Tân Mai, Thành phố Biên Hòa, Đồng Nai, Vietnam','{\"lat\": 10.9580619, \"lng\": 106.8468985}','Đồng Nai'),('28055769-7e0b-11ea-8f79-8c1645373715','Long An, Cần Đước District, Long An Province, Vietnam','{\"lat\": 10.5607168, \"lng\": 106.6497623}','Long An Province'),('280557fa-7e0b-11ea-8f79-8c1645373715','2523 South Blvd, Charlotte, NC 28203, USA','{\"lat\": 35.2023634, \"lng\": -80.8646618}','North Carolina'),('280558f4-7e0b-11ea-8f79-8c1645373715','Long An Province, Vietnam','{\"lat\": 10.695572, \"lng\": 106.2431205}','Long An Province'),('28055961-7e0b-11ea-8f79-8c1645373715','Long An, Mỹ Tho, Tien Giang, Vietnam','{\"lat\": 10.4032411, \"lng\": 106.3384114}','Tien Giang'),('280559cf-7e0b-11ea-8f79-8c1645373715','211 Nguyễn Thông, Phường 3, Tân An, Long An, Vietnam','{\"lat\": 10.5327197, \"lng\": 106.4261931}','Long An'),('28055a2e-7e0b-11ea-8f79-8c1645373715','Tien Giang, Vietnam','{\"lat\": 10.4493324, \"lng\": 106.3420504}','Tien Giang'),('28055a86-7e0b-11ea-8f79-8c1645373715','Cái Bè, Cái Bè District, Tien Giang, Vietnam','{\"lat\": 10.3367347, \"lng\": 106.0298196}','Tien Giang'),('28055afa-7e0b-11ea-8f79-8c1645373715','Tiền Giang, Phường 2, Tân Bình, Hồ Chí Minh, Vietnam','{\"lat\": 10.8082688, \"lng\": 106.6655128}','Hồ Chí Minh'),('28055b64-7e0b-11ea-8f79-8c1645373715','02 Đường Hùng Vương, Phường 1, Thành phố Mỹ Tho, Tiền Giang, Vietnam','{\"lat\": 10.3549773, \"lng\": 106.3643284}','Tiền Giang'),('28055bea-7e0b-11ea-8f79-8c1645373715','Tiền Giang, Lê Lợi, Bắc Giang, Vietnam','{\"lat\": 21.2694124, \"lng\": 106.1992451}','Bắc Giang'),('28055c46-7e0b-11ea-8f79-8c1645373715','Ishikawa, Japan','{\"lat\": 36.32603169999999, \"lng\": 136.5289653}','Ishikawa'),('28055cb3-7e0b-11ea-8f79-8c1645373715','Ishikawa, Uruma, Okinawa 904-1106, Japan','{\"lat\": 26.4376186, \"lng\": 127.8220414}','Okinawa'),('28055d19-7e0b-11ea-8f79-8c1645373715','Ishikawacho, Ota City, Tokyo 145-0061, Japan','{\"lat\": 35.6029663, \"lng\": 139.6822041}','Tokyo'),('28055d91-7e0b-11ea-8f79-8c1645373715','Ishikawa, Fujisawa, Kanagawa 252-0815, Japan','{\"lat\": 35.3791036, \"lng\": 139.4542268}','Kanagawa'),('28055e02-7e0b-11ea-8f79-8c1645373715','Ishikawacho, Naka Ward, Yokohama, Kanagawa 231-0868, Japan','{\"lat\": 35.4373853, \"lng\": 139.6410647}','Kanagawa');
/*!40000 ALTER TABLE `locations` ENABLE KEYS */;
UNLOCK TABLES;

--
-- Table structure for table `roles`
--

DROP TABLE IF EXISTS `roles`;
/*!40101 SET @saved_cs_client     = @@character_set_client */;
/*!50503 SET character_set_client = utf8mb4 */;
CREATE TABLE `roles` (
  `id` char(36) NOT NULL,
  `roleName` varchar(100) NOT NULL,
  `industry` char(36) NOT NULL,
  `description` varchar(100) NOT NULL,
  PRIMARY KEY (`id`),
  UNIQUE KEY `roleName` (`roleName`),
  KEY `industry` (`industry`),
  CONSTRAINT `roles_ibfk_1` FOREIGN KEY (`industry`) REFERENCES `industries` (`id`)
) ENGINE=InnoDB DEFAULT CHARSET=utf8mb4 COLLATE=utf8mb4_0900_ai_ci;
/*!40101 SET character_set_client = @saved_cs_client */;

--
-- Dumping data for table `roles`
--

LOCK TABLES `roles` WRITE;
/*!40000 ALTER TABLE `roles` DISABLE KEYS */;
INSERT INTO `roles` VALUES ('2803e585-7e0b-11ea-8f79-8c1645373715','Direct Interactions Planner','28033f2b-7e0b-11ea-8f79-8c1645373715','Accusamus corporis quod ipsam tempore.'),('2803f294-7e0b-11ea-8f79-8c1645373715','Global Metrics Architect','28033f2b-7e0b-11ea-8f79-8c1645373715','Ducimus impedit quis sunt ratione nobis eligendi minus sit.'),('2803f3ed-7e0b-11ea-8f79-8c1645373715','Internal Intranet Designer','28033f80-7e0b-11ea-8f79-8c1645373715','Ut necessitatibus doloribus voluptas explicabo debitis qui corrupti aliquam doloremque.'),('2803f4c4-7e0b-11ea-8f79-8c1645373715','Lead Research Designer','28033298-7e0b-11ea-8f79-8c1645373715','Id quod rerum suscipit dolorem ratione tenetur doloribus.'),('2803f583-7e0b-11ea-8f79-8c1645373715','Lead Intranet Assistant','28033298-7e0b-11ea-8f79-8c1645373715','Eaque reiciendis quia amet voluptatem maiores vel voluptates nesciunt aliquid.'),('2803f65a-7e0b-11ea-8f79-8c1645373715','Product Group Officer','28033f80-7e0b-11ea-8f79-8c1645373715','Deserunt consectetur error voluptas illum omnis sit.'),('2803f72a-7e0b-11ea-8f79-8c1645373715','Lead Program Supervisor','28033f2b-7e0b-11ea-8f79-8c1645373715','Et incidunt quisquam molestias dolorem voluptatibus molestiae et eveniet.'),('2803f801-7e0b-11ea-8f79-8c1645373715','Dynamic Brand Associate','28033e58-7e0b-11ea-8f79-8c1645373715','Esse dicta aut nulla at et alias ut eos quasi.'),('2803f8b1-7e0b-11ea-8f79-8c1645373715','Customer Group Developer','28033f80-7e0b-11ea-8f79-8c1645373715','Id perspiciatis harum est laborum quo qui.'),('2803f969-7e0b-11ea-8f79-8c1645373715','Regional Paradigm Coordinator','28033fce-7e0b-11ea-8f79-8c1645373715','Asperiores aliquid et sint incidunt cumque at repellendus quam quaerat.'),('2803fa20-7e0b-11ea-8f79-8c1645373715','Product Operations Specialist','28033fce-7e0b-11ea-8f79-8c1645373715','Rerum et amet nobis alias dolor.'),('2803fac6-7e0b-11ea-8f79-8c1645373715','Investor Assurance Specialist','28033f2b-7e0b-11ea-8f79-8c1645373715','Doloribus accusamus eius illum.'),('2803fb7d-7e0b-11ea-8f79-8c1645373715','Global Communications Consultant','28033f2b-7e0b-11ea-8f79-8c1645373715','Sed omnis totam.'),('2803fc3f-7e0b-11ea-8f79-8c1645373715','Central Assurance Administrator','28033f2b-7e0b-11ea-8f79-8c1645373715','Consequatur eum iure rem quis.'),('2803fd0c-7e0b-11ea-8f79-8c1645373715','District Assurance Orchestrator','28033f80-7e0b-11ea-8f79-8c1645373715','Enim consequatur quia sint autem nulla et blanditiis atque quasi.'),('2803fded-7e0b-11ea-8f79-8c1645373715','Direct Intranet Supervisor','28033e58-7e0b-11ea-8f79-8c1645373715','Velit eligendi non vel neque officia.'),('2803fe8c-7e0b-11ea-8f79-8c1645373715','Forward Operations Analyst','28033f80-7e0b-11ea-8f79-8c1645373715','Fugit laboriosam exercitationem non eos sunt.'),('2803ff8d-7e0b-11ea-8f79-8c1645373715','Legacy Infrastructure Coordinator','28033f2b-7e0b-11ea-8f79-8c1645373715','Illo optio qui corporis quia dolore.'),('2804003e-7e0b-11ea-8f79-8c1645373715','Chief Research Officer','28033fce-7e0b-11ea-8f79-8c1645373715','Consequatur et atque voluptate magni est nemo aut.'),('280400fc-7e0b-11ea-8f79-8c1645373715','Corporate Creative Orchestrator','28033f2b-7e0b-11ea-8f79-8c1645373715','Quisquam explicabo distinctio natus vel fugiat fuga earum.');
/*!40000 ALTER TABLE `roles` ENABLE KEYS */;
UNLOCK TABLES;

--
-- Table structure for table `users`
--

DROP TABLE IF EXISTS `users`;
/*!40101 SET @saved_cs_client     = @@character_set_client */;
/*!50503 SET character_set_client = utf8mb4 */;
CREATE TABLE `users` (
  `id` char(36) NOT NULL,
  `email` varchar(320) NOT NULL,
  `password` varbinary(512) NOT NULL,
  `salt` varchar(100) NOT NULL,
  `customerId` varchar(30) DEFAULT NULL,
  `subscriptionId` varchar(30) DEFAULT NULL,
  `resetCode` char(6) NOT NULL,
  PRIMARY KEY (`id`)
) ENGINE=InnoDB DEFAULT CHARSET=utf8mb4 COLLATE=utf8mb4_0900_ai_ci;
/*!40101 SET character_set_client = @saved_cs_client */;

--
-- Dumping data for table `users`
--

LOCK TABLES `users` WRITE;
/*!40000 ALTER TABLE `users` DISABLE KEYS */;
INSERT INTO `users` VALUES ('2801b094-7e0b-11ea-8f79-8c1645373715','Nestor.Bins@hotmail.com',_binary '2bffefd2e900cbc64d4044cdadb9d51eb01f612fd9decb7ce9a0202f27bf38165efcc78edf1b69ddc74dd6664b8ceac7c1b8d7d891e2737d4bb8c2839d7fc9b1','subject to change',NULL,NULL,'bf8m29'),('2801bf51-7e0b-11ea-8f79-8c1645373715','Arnold12@hotmail.com',_binary '2bffefd2e900cbc64d4044cdadb9d51eb01f612fd9decb7ce9a0202f27bf38165efcc78edf1b69ddc74dd6664b8ceac7c1b8d7d891e2737d4bb8c2839d7fc9b1','subject to change',NULL,NULL,'tfbo4f'),('2801c064-7e0b-11ea-8f79-8c1645373715','Ansley52@hotmail.com',_binary '2bffefd2e900cbc64d4044cdadb9d51eb01f612fd9decb7ce9a0202f27bf38165efcc78edf1b69ddc74dd6664b8ceac7c1b8d7d891e2737d4bb8c2839d7fc9b1','subject to change',NULL,NULL,'nnh7b1'),('2801c0e6-7e0b-11ea-8f79-8c1645373715','Muriel_King42@gmail.com',_binary '2bffefd2e900cbc64d4044cdadb9d51eb01f612fd9decb7ce9a0202f27bf38165efcc78edf1b69ddc74dd6664b8ceac7c1b8d7d891e2737d4bb8c2839d7fc9b1','subject to change',NULL,NULL,'58bbis'),('2801c1da-7e0b-11ea-8f79-8c1645373715','Vickie.Gottlieb92@gmail.com',_binary '2bffefd2e900cbc64d4044cdadb9d51eb01f612fd9decb7ce9a0202f27bf38165efcc78edf1b69ddc74dd6664b8ceac7c1b8d7d891e2737d4bb8c2839d7fc9b1','subject to change',NULL,NULL,'hebqpz'),('2801c2db-7e0b-11ea-8f79-8c1645373715','Lilla_OKon@gmail.com',_binary '2bffefd2e900cbc64d4044cdadb9d51eb01f612fd9decb7ce9a0202f27bf38165efcc78edf1b69ddc74dd6664b8ceac7c1b8d7d891e2737d4bb8c2839d7fc9b1','subject to change',NULL,NULL,'hdpg1v'),('2801c38b-7e0b-11ea-8f79-8c1645373715','Cornell_Jacobs@hotmail.com',_binary '2bffefd2e900cbc64d4044cdadb9d51eb01f612fd9decb7ce9a0202f27bf38165efcc78edf1b69ddc74dd6664b8ceac7c1b8d7d891e2737d4bb8c2839d7fc9b1','subject to change',NULL,NULL,'bxz1o2'),('2801c418-7e0b-11ea-8f79-8c1645373715','Isaias_Littel@hotmail.com',_binary '2bffefd2e900cbc64d4044cdadb9d51eb01f612fd9decb7ce9a0202f27bf38165efcc78edf1b69ddc74dd6664b8ceac7c1b8d7d891e2737d4bb8c2839d7fc9b1','subject to change',NULL,NULL,'3g4bhi'),('2801c48d-7e0b-11ea-8f79-8c1645373715','Greyson_Farrell@yahoo.com',_binary '2bffefd2e900cbc64d4044cdadb9d51eb01f612fd9decb7ce9a0202f27bf38165efcc78edf1b69ddc74dd6664b8ceac7c1b8d7d891e2737d4bb8c2839d7fc9b1','subject to change',NULL,NULL,'372dkk'),('2801c513-7e0b-11ea-8f79-8c1645373715','Randi_Dare@gmail.com',_binary '2bffefd2e900cbc64d4044cdadb9d51eb01f612fd9decb7ce9a0202f27bf38165efcc78edf1b69ddc74dd6664b8ceac7c1b8d7d891e2737d4bb8c2839d7fc9b1','subject to change',NULL,NULL,'wwsiv1'),('2801c5d8-7e0b-11ea-8f79-8c1645373715','Baylee.Kemmer53@gmail.com',_binary '2bffefd2e900cbc64d4044cdadb9d51eb01f612fd9decb7ce9a0202f27bf38165efcc78edf1b69ddc74dd6664b8ceac7c1b8d7d891e2737d4bb8c2839d7fc9b1','subject to change',NULL,NULL,'44jsyc'),('2801c697-7e0b-11ea-8f79-8c1645373715','Halle_Bode98@hotmail.com',_binary '2bffefd2e900cbc64d4044cdadb9d51eb01f612fd9decb7ce9a0202f27bf38165efcc78edf1b69ddc74dd6664b8ceac7c1b8d7d891e2737d4bb8c2839d7fc9b1','subject to change',NULL,NULL,'4nwnd2'),('2801c778-7e0b-11ea-8f79-8c1645373715','Kamren.Corkery@yahoo.com',_binary '2bffefd2e900cbc64d4044cdadb9d51eb01f612fd9decb7ce9a0202f27bf38165efcc78edf1b69ddc74dd6664b8ceac7c1b8d7d891e2737d4bb8c2839d7fc9b1','subject to change',NULL,NULL,'sa74ll'),('2801c7f0-7e0b-11ea-8f79-8c1645373715','Bertha.Bailey@yahoo.com',_binary '2bffefd2e900cbc64d4044cdadb9d51eb01f612fd9decb7ce9a0202f27bf38165efcc78edf1b69ddc74dd6664b8ceac7c1b8d7d891e2737d4bb8c2839d7fc9b1','subject to change',NULL,NULL,'b2l3ou'),('2801c84f-7e0b-11ea-8f79-8c1645373715','Lois25@gmail.com',_binary '2bffefd2e900cbc64d4044cdadb9d51eb01f612fd9decb7ce9a0202f27bf38165efcc78edf1b69ddc74dd6664b8ceac7c1b8d7d891e2737d4bb8c2839d7fc9b1','subject to change',NULL,NULL,'pau16v'),('2801c8ce-7e0b-11ea-8f79-8c1645373715','Cassie47@yahoo.com',_binary '2bffefd2e900cbc64d4044cdadb9d51eb01f612fd9decb7ce9a0202f27bf38165efcc78edf1b69ddc74dd6664b8ceac7c1b8d7d891e2737d4bb8c2839d7fc9b1','subject to change',NULL,NULL,'yzv2gt'),('2801c91c-7e0b-11ea-8f79-8c1645373715','Arnold.Hermiston@yahoo.com',_binary '2bffefd2e900cbc64d4044cdadb9d51eb01f612fd9decb7ce9a0202f27bf38165efcc78edf1b69ddc74dd6664b8ceac7c1b8d7d891e2737d4bb8c2839d7fc9b1','subject to change',NULL,NULL,'mj3p6f'),('2801c97b-7e0b-11ea-8f79-8c1645373715','Jorge.Ebert@gmail.com',_binary '2bffefd2e900cbc64d4044cdadb9d51eb01f612fd9decb7ce9a0202f27bf38165efcc78edf1b69ddc74dd6664b8ceac7c1b8d7d891e2737d4bb8c2839d7fc9b1','subject to change',NULL,NULL,'0wp1sc'),('2801c9da-7e0b-11ea-8f79-8c1645373715','Mikel.Windler@hotmail.com',_binary '2bffefd2e900cbc64d4044cdadb9d51eb01f612fd9decb7ce9a0202f27bf38165efcc78edf1b69ddc74dd6664b8ceac7c1b8d7d891e2737d4bb8c2839d7fc9b1','subject to change',NULL,NULL,'potfve'),('2801ca52-7e0b-11ea-8f79-8c1645373715','Lloyd.Renner4@gmail.com',_binary '2bffefd2e900cbc64d4044cdadb9d51eb01f612fd9decb7ce9a0202f27bf38165efcc78edf1b69ddc74dd6664b8ceac7c1b8d7d891e2737d4bb8c2839d7fc9b1','subject to change',NULL,NULL,'cmrf5h'),('2801cab5-7e0b-11ea-8f79-8c1645373715','Trey_Schimmel@gmail.com',_binary '2bffefd2e900cbc64d4044cdadb9d51eb01f612fd9decb7ce9a0202f27bf38165efcc78edf1b69ddc74dd6664b8ceac7c1b8d7d891e2737d4bb8c2839d7fc9b1','subject to change',NULL,NULL,'74rrmn'),('2801caff-7e0b-11ea-8f79-8c1645373715','Russell18@yahoo.com',_binary '2bffefd2e900cbc64d4044cdadb9d51eb01f612fd9decb7ce9a0202f27bf38165efcc78edf1b69ddc74dd6664b8ceac7c1b8d7d891e2737d4bb8c2839d7fc9b1','subject to change',NULL,NULL,'1lm5ho'),('2801cb5a-7e0b-11ea-8f79-8c1645373715','Lee.Ondricka71@hotmail.com',_binary '2bffefd2e900cbc64d4044cdadb9d51eb01f612fd9decb7ce9a0202f27bf38165efcc78edf1b69ddc74dd6664b8ceac7c1b8d7d891e2737d4bb8c2839d7fc9b1','subject to change',NULL,NULL,'kbxcmm'),('2801cbb6-7e0b-11ea-8f79-8c1645373715','Danika.Torp@hotmail.com',_binary '2bffefd2e900cbc64d4044cdadb9d51eb01f612fd9decb7ce9a0202f27bf38165efcc78edf1b69ddc74dd6664b8ceac7c1b8d7d891e2737d4bb8c2839d7fc9b1','subject to change',NULL,NULL,'qvsm7z'),('2801cc0e-7e0b-11ea-8f79-8c1645373715','Zella.Howe@yahoo.com',_binary '2bffefd2e900cbc64d4044cdadb9d51eb01f612fd9decb7ce9a0202f27bf38165efcc78edf1b69ddc74dd6664b8ceac7c1b8d7d891e2737d4bb8c2839d7fc9b1','subject to change',NULL,NULL,'pcxnuv'),('2801cca2-7e0b-11ea-8f79-8c1645373715','Orlo46@gmail.com',_binary '2bffefd2e900cbc64d4044cdadb9d51eb01f612fd9decb7ce9a0202f27bf38165efcc78edf1b69ddc74dd6664b8ceac7c1b8d7d891e2737d4bb8c2839d7fc9b1','subject to change',NULL,NULL,'so7xp2'),('2801cd3d-7e0b-11ea-8f79-8c1645373715','Woodrow89@gmail.com',_binary '2bffefd2e900cbc64d4044cdadb9d51eb01f612fd9decb7ce9a0202f27bf38165efcc78edf1b69ddc74dd6664b8ceac7c1b8d7d891e2737d4bb8c2839d7fc9b1','subject to change',NULL,NULL,'n7svds'),('2801cdb9-7e0b-11ea-8f79-8c1645373715','Emelie33@hotmail.com',_binary '2bffefd2e900cbc64d4044cdadb9d51eb01f612fd9decb7ce9a0202f27bf38165efcc78edf1b69ddc74dd6664b8ceac7c1b8d7d891e2737d4bb8c2839d7fc9b1','subject to change',NULL,NULL,'gzj5c6'),('2801ce1f-7e0b-11ea-8f79-8c1645373715','Hubert_Reichel@yahoo.com',_binary '2bffefd2e900cbc64d4044cdadb9d51eb01f612fd9decb7ce9a0202f27bf38165efcc78edf1b69ddc74dd6664b8ceac7c1b8d7d891e2737d4bb8c2839d7fc9b1','subject to change',NULL,NULL,'x6fyja'),('2801ce97-7e0b-11ea-8f79-8c1645373715','Karson.Moore@gmail.com',_binary '2bffefd2e900cbc64d4044cdadb9d51eb01f612fd9decb7ce9a0202f27bf38165efcc78edf1b69ddc74dd6664b8ceac7c1b8d7d891e2737d4bb8c2839d7fc9b1','subject to change',NULL,NULL,'uvbthe'),('2801cee1-7e0b-11ea-8f79-8c1645373715','Mac_Kuhic61@gmail.com',_binary '2bffefd2e900cbc64d4044cdadb9d51eb01f612fd9decb7ce9a0202f27bf38165efcc78edf1b69ddc74dd6664b8ceac7c1b8d7d891e2737d4bb8c2839d7fc9b1','subject to change',NULL,NULL,'4uufrb'),('2801cf5c-7e0b-11ea-8f79-8c1645373715','Mauricio_Murazik@yahoo.com',_binary '2bffefd2e900cbc64d4044cdadb9d51eb01f612fd9decb7ce9a0202f27bf38165efcc78edf1b69ddc74dd6664b8ceac7c1b8d7d891e2737d4bb8c2839d7fc9b1','subject to change',NULL,NULL,'6i3yas'),('2801cfa6-7e0b-11ea-8f79-8c1645373715','Ryan.Von13@yahoo.com',_binary '2bffefd2e900cbc64d4044cdadb9d51eb01f612fd9decb7ce9a0202f27bf38165efcc78edf1b69ddc74dd6664b8ceac7c1b8d7d891e2737d4bb8c2839d7fc9b1','subject to change',NULL,NULL,'4pywld'),('2801d00d-7e0b-11ea-8f79-8c1645373715','Idella.Kuhn4@gmail.com',_binary '2bffefd2e900cbc64d4044cdadb9d51eb01f612fd9decb7ce9a0202f27bf38165efcc78edf1b69ddc74dd6664b8ceac7c1b8d7d891e2737d4bb8c2839d7fc9b1','subject to change',NULL,NULL,'8h0xqs'),('2801d05a-7e0b-11ea-8f79-8c1645373715','Ashleigh.Kirlin78@gmail.com',_binary '2bffefd2e900cbc64d4044cdadb9d51eb01f612fd9decb7ce9a0202f27bf38165efcc78edf1b69ddc74dd6664b8ceac7c1b8d7d891e2737d4bb8c2839d7fc9b1','subject to change',NULL,NULL,'8yvnvj'),('2801d0b6-7e0b-11ea-8f79-8c1645373715','Wilford20@yahoo.com',_binary '2bffefd2e900cbc64d4044cdadb9d51eb01f612fd9decb7ce9a0202f27bf38165efcc78edf1b69ddc74dd6664b8ceac7c1b8d7d891e2737d4bb8c2839d7fc9b1','subject to change',NULL,NULL,'ntz00n'),('2801d115-7e0b-11ea-8f79-8c1645373715','Alek_Glover@gmail.com',_binary '2bffefd2e900cbc64d4044cdadb9d51eb01f612fd9decb7ce9a0202f27bf38165efcc78edf1b69ddc74dd6664b8ceac7c1b8d7d891e2737d4bb8c2839d7fc9b1','subject to change',NULL,NULL,'uwanuw'),('2801d163-7e0b-11ea-8f79-8c1645373715','Zackary_Schaefer@hotmail.com',_binary '2bffefd2e900cbc64d4044cdadb9d51eb01f612fd9decb7ce9a0202f27bf38165efcc78edf1b69ddc74dd6664b8ceac7c1b8d7d891e2737d4bb8c2839d7fc9b1','subject to change',NULL,NULL,'hgipzn'),('2801d208-7e0b-11ea-8f79-8c1645373715','Estefania.Lakin86@gmail.com',_binary '2bffefd2e900cbc64d4044cdadb9d51eb01f612fd9decb7ce9a0202f27bf38165efcc78edf1b69ddc74dd6664b8ceac7c1b8d7d891e2737d4bb8c2839d7fc9b1','subject to change',NULL,NULL,'alz927'),('2801d25a-7e0b-11ea-8f79-8c1645373715','Elnora3@yahoo.com',_binary '2bffefd2e900cbc64d4044cdadb9d51eb01f612fd9decb7ce9a0202f27bf38165efcc78edf1b69ddc74dd6664b8ceac7c1b8d7d891e2737d4bb8c2839d7fc9b1','subject to change',NULL,NULL,'pghm37'),('2801d2b5-7e0b-11ea-8f79-8c1645373715','Eulah90@yahoo.com',_binary '2bffefd2e900cbc64d4044cdadb9d51eb01f612fd9decb7ce9a0202f27bf38165efcc78edf1b69ddc74dd6664b8ceac7c1b8d7d891e2737d4bb8c2839d7fc9b1','subject to change',NULL,NULL,'im86an'),('2801d331-7e0b-11ea-8f79-8c1645373715','Hanna_Senger@gmail.com',_binary '2bffefd2e900cbc64d4044cdadb9d51eb01f612fd9decb7ce9a0202f27bf38165efcc78edf1b69ddc74dd6664b8ceac7c1b8d7d891e2737d4bb8c2839d7fc9b1','subject to change',NULL,NULL,'tn04xz'),('2801d3c8-7e0b-11ea-8f79-8c1645373715','Ashton.Terry@gmail.com',_binary '2bffefd2e900cbc64d4044cdadb9d51eb01f612fd9decb7ce9a0202f27bf38165efcc78edf1b69ddc74dd6664b8ceac7c1b8d7d891e2737d4bb8c2839d7fc9b1','subject to change',NULL,NULL,'mway2h'),('2801d483-7e0b-11ea-8f79-8c1645373715','Fiona55@yahoo.com',_binary '2bffefd2e900cbc64d4044cdadb9d51eb01f612fd9decb7ce9a0202f27bf38165efcc78edf1b69ddc74dd6664b8ceac7c1b8d7d891e2737d4bb8c2839d7fc9b1','subject to change',NULL,NULL,'u0wkyu'),('2801d55a-7e0b-11ea-8f79-8c1645373715','Armand.Bosco9@hotmail.com',_binary '2bffefd2e900cbc64d4044cdadb9d51eb01f612fd9decb7ce9a0202f27bf38165efcc78edf1b69ddc74dd6664b8ceac7c1b8d7d891e2737d4bb8c2839d7fc9b1','subject to change',NULL,NULL,'gtgfs3'),('2801d61c-7e0b-11ea-8f79-8c1645373715','Ebba_Terry57@yahoo.com',_binary '2bffefd2e900cbc64d4044cdadb9d51eb01f612fd9decb7ce9a0202f27bf38165efcc78edf1b69ddc74dd6664b8ceac7c1b8d7d891e2737d4bb8c2839d7fc9b1','subject to change',NULL,NULL,'k11pzs'),('2801d6ec-7e0b-11ea-8f79-8c1645373715','Celia_Shields@yahoo.com',_binary '2bffefd2e900cbc64d4044cdadb9d51eb01f612fd9decb7ce9a0202f27bf38165efcc78edf1b69ddc74dd6664b8ceac7c1b8d7d891e2737d4bb8c2839d7fc9b1','subject to change',NULL,NULL,'w7kphu'),('2801d780-7e0b-11ea-8f79-8c1645373715','Stephon_Schmeler@yahoo.com',_binary '2bffefd2e900cbc64d4044cdadb9d51eb01f612fd9decb7ce9a0202f27bf38165efcc78edf1b69ddc74dd6664b8ceac7c1b8d7d891e2737d4bb8c2839d7fc9b1','subject to change',NULL,NULL,'ya52s2'),('2801d81c-7e0b-11ea-8f79-8c1645373715','Orrin27@yahoo.com',_binary '2bffefd2e900cbc64d4044cdadb9d51eb01f612fd9decb7ce9a0202f27bf38165efcc78edf1b69ddc74dd6664b8ceac7c1b8d7d891e2737d4bb8c2839d7fc9b1','subject to change',NULL,NULL,'l7l00r'),('2801d893-7e0b-11ea-8f79-8c1645373715','Buford17@hotmail.com',_binary '2bffefd2e900cbc64d4044cdadb9d51eb01f612fd9decb7ce9a0202f27bf38165efcc78edf1b69ddc74dd6664b8ceac7c1b8d7d891e2737d4bb8c2839d7fc9b1','subject to change',NULL,NULL,'kmhlm5');
/*!40000 ALTER TABLE `users` ENABLE KEYS */;
UNLOCK TABLES;
/*!40103 SET TIME_ZONE=@OLD_TIME_ZONE */;

/*!40101 SET SQL_MODE=@OLD_SQL_MODE */;
/*!40014 SET FOREIGN_KEY_CHECKS=@OLD_FOREIGN_KEY_CHECKS */;
/*!40014 SET UNIQUE_CHECKS=@OLD_UNIQUE_CHECKS */;
/*!40101 SET CHARACTER_SET_CLIENT=@OLD_CHARACTER_SET_CLIENT */;
/*!40101 SET CHARACTER_SET_RESULTS=@OLD_CHARACTER_SET_RESULTS */;
/*!40101 SET COLLATION_CONNECTION=@OLD_COLLATION_CONNECTION */;
/*!40111 SET SQL_NOTES=@OLD_SQL_NOTES */;

-- Dump completed on 2020-04-14 11:48:52
