-- MySQL dump 10.13  Distrib 8.0.19, for Win64 (x86_64)
--
-- Host: localhost    Database: recruiter
-- ------------------------------------------------------
-- Server version	8.0.19

/*!40101 SET @OLD_CHARACTER_SET_CLIENT=@@CHARACTER_SET_CLIENT */;
/*!40101 SET @OLD_CHARACTER_SET_RESULTS=@@CHARACTER_SET_RESULTS */;
/*!40101 SET @OLD_COLLATION_CONNECTION=@@COLLATION_CONNECTION */;
/*!50503 SET NAMES utf8mb4 */;
/*!40103 SET @OLD_TIME_ZONE=@@TIME_ZONE */;
/*!40103 SET TIME_ZONE='+00:00' */;
/*!40014 SET @OLD_UNIQUE_CHECKS=@@UNIQUE_CHECKS, UNIQUE_CHECKS=0 */;
/*!40014 SET @OLD_FOREIGN_KEY_CHECKS=@@FOREIGN_KEY_CHECKS, FOREIGN_KEY_CHECKS=0 */;
/*!40101 SET @OLD_SQL_MODE=@@SQL_MODE, SQL_MODE='NO_AUTO_VALUE_ON_ZERO' */;
/*!40111 SET @OLD_SQL_NOTES=@@SQL_NOTES, SQL_NOTES=0 */;

--
-- Table structure for table `employees`
--

DROP TABLE IF EXISTS `employees`;
/*!40101 SET @saved_cs_client     = @@character_set_client */;
/*!50503 SET character_set_client = utf8mb4 */;
CREATE TABLE `employees` (
  `id` char(36) NOT NULL,
  `firstName` varchar(100) NOT NULL,
  `lastName` varchar(100) NOT NULL,
  `phoneNumber` varchar(30) DEFAULT NULL,
  `birthday` date NOT NULL,
  `availableFrom` date NOT NULL,
  `availableTo` date DEFAULT NULL,
  `location` char(36) NOT NULL,
  `bio` varchar(200) NOT NULL,
  PRIMARY KEY (`id`),
  KEY `location` (`location`),
  CONSTRAINT `employees_ibfk_1` FOREIGN KEY (`id`) REFERENCES `users` (`id`),
  CONSTRAINT `employees_ibfk_2` FOREIGN KEY (`location`) REFERENCES `locations` (`id`)
) ENGINE=InnoDB DEFAULT CHARSET=utf8mb4 COLLATE=utf8mb4_0900_ai_ci;
/*!40101 SET character_set_client = @saved_cs_client */;

--
-- Dumping data for table `employees`
--

LOCK TABLES `employees` WRITE;
/*!40000 ALTER TABLE `employees` DISABLE KEYS */;
INSERT INTO `employees` VALUES ('057e0fe6-85f3-11ea-9959-8c1645373715','Lou','Bauch','738.576.7681 x57850','1984-08-27','2020-09-22',NULL,'05815db7-85f3-11ea-9959-8c1645373715','Maiores fuga est totam architecto sit expedita hic provident.'),('057e1057-85f3-11ea-9959-8c1645373715','Trevion','Block','1-990-459-4563','1996-09-28','2020-06-04','2022-04-13','05814e06-85f3-11ea-9959-8c1645373715','Veniam ea perferendis enim architecto voluptatibus.'),('057e10cb-85f3-11ea-9959-8c1645373715','Fern','Fadel','727.029.9173','1990-06-20','2020-11-03',NULL,'05814cb4-85f3-11ea-9959-8c1645373715','Possimus distinctio doloremque id enim laudantium velit.'),('057e1178-85f3-11ea-9959-8c1645373715','Winona','Bins','843-772-6532','2000-02-19','2020-12-30','2021-01-26','05814eb0-85f3-11ea-9959-8c1645373715','Ut blanditiis aut consequatur eos vitae assumenda.'),('057e1213-85f3-11ea-9959-8c1645373715','Hermina','Kris','1-223-332-2974','1995-01-10','2020-09-17',NULL,'05814d09-85f3-11ea-9959-8c1645373715','Culpa sint veniam est ea magnam quas ab.'),('057e132d-85f3-11ea-9959-8c1645373715','Maye','Wyman','1-976-787-1728 x0333','1993-04-26','2020-10-01',NULL,'05814524-85f3-11ea-9959-8c1645373715','Molestias nam magnam et inventore.'),('057e13de-85f3-11ea-9959-8c1645373715','Ray','Zieme','525-800-1758 x228','1980-11-21','2020-06-05',NULL,'05815b82-85f3-11ea-9959-8c1645373715','Beatae nam enim ipsum rerum velit adipisci molestias.'),('057e14a0-85f3-11ea-9959-8c1645373715','Kristofer','Nader','653-785-9455 x418','1992-07-04','2020-08-21','2022-06-08','05816094-85f3-11ea-9959-8c1645373715','Necessitatibus mollitia iusto aliquid voluptatibus beatae atque ut.'),('057e159a-85f3-11ea-9959-8c1645373715','Marquis','Kemmer','524.957.7990 x0297','1999-10-31','2020-09-01',NULL,'05815b00-85f3-11ea-9959-8c1645373715','Cupiditate voluptatem eum deleniti non.'),('057e165c-85f3-11ea-9959-8c1645373715','Virginie','Leannon','344.319.3454 x853','1996-05-07','2020-10-16',NULL,'05814336-85f3-11ea-9959-8c1645373715','Assumenda qui non iure quas.'),('057e17ee-85f3-11ea-9959-8c1645373715','Ashlee','Wunsch','255-678-0815','1996-08-27','2020-08-13','2022-03-25','058150d6-85f3-11ea-9959-8c1645373715','Dicta ut libero architecto aut sint soluta nostrum qui.'),('057e18d0-85f3-11ea-9959-8c1645373715','Rosemary','Kiehn','1-180-426-4407','1996-08-17','2020-12-24','2022-06-24','058148f8-85f3-11ea-9959-8c1645373715','Vel adipisci rerum et accusantium illum consequuntur voluptatum necessitatibus.'),('057e1af9-85f3-11ea-9959-8c1645373715','Vena','Gaylord','(855) 075-2776 x53160','1987-01-09','2020-05-23','2021-08-14','0581570c-85f3-11ea-9959-8c1645373715','Ex nihil et amet consequatur qui eos aut eius nam.'),('057e1b83-85f3-11ea-9959-8c1645373715','Marcia','Quigley','827-605-6361 x05465','1992-09-15','2020-08-09','2022-07-06','058160e9-85f3-11ea-9959-8c1645373715','Quod voluptas eum.'),('057e1bf4-85f3-11ea-9959-8c1645373715','Pearl','Zulauf','426-338-3810 x5449','1988-11-16','2020-11-18',NULL,'05814c66-85f3-11ea-9959-8c1645373715','Error accusantium qui eum sint voluptas unde doloremque dolorem nihil.'),('057e1c61-85f3-11ea-9959-8c1645373715','Hassan','Kuvalis','715-953-3403 x266','1995-12-02','2020-08-13','2022-11-04','05815776-85f3-11ea-9959-8c1645373715','Cupiditate non quae libero.'),('057e1cce-85f3-11ea-9959-8c1645373715','Ubaldo','Bernhard','408.846.8933 x9602','1991-11-01','2020-09-17',NULL,'058154e6-85f3-11ea-9959-8c1645373715','Laudantium adipisci et autem sit.'),('057e1d38-85f3-11ea-9959-8c1645373715','Garland','Konopelski','1-259-933-0679 x371','1995-07-27','2020-09-29','2022-04-23','058156a9-85f3-11ea-9959-8c1645373715','Ipsam reiciendis fuga provident.'),('057e1d9e-85f3-11ea-9959-8c1645373715','Bradford','Mann','729-882-1773 x189','1990-11-13','2020-11-08',NULL,'05814dae-85f3-11ea-9959-8c1645373715','Eaque sed laboriosam voluptatibus aut recusandae modi odio et.'),('057e1e16-85f3-11ea-9959-8c1645373715','Jazmin','Pagac','972-680-5594 x71637','1996-02-06','2020-09-20','2022-04-17','05815db7-85f3-11ea-9959-8c1645373715','Ducimus et corrupti et tempora.'),('057e1e80-85f3-11ea-9959-8c1645373715','Katherine','Collins','463.465.0617 x770','1999-11-17','2020-12-27','2021-06-25','05814adb-85f3-11ea-9959-8c1645373715','Mollitia laudantium ipsam reiciendis.'),('057e1f77-85f3-11ea-9959-8c1645373715','Lexi','Kris','1-633-231-8136','1982-11-27','2020-11-09',NULL,'05815ab6-85f3-11ea-9959-8c1645373715','Quos ratione laudantium fugiat ut.'),('057e1feb-85f3-11ea-9959-8c1645373715','Ashleigh','Gaylord','502.134.8179','1999-07-05','2020-08-30','2022-09-25','05814336-85f3-11ea-9959-8c1645373715','Reprehenderit harum illum consequuntur praesentium impedit quae adipisci officiis.'),('057e2055-85f3-11ea-9959-8c1645373715','Lambert','Purdy','(747) 472-3522 x4828','1985-04-08','2020-11-22','2021-07-13','05815bd4-85f3-11ea-9959-8c1645373715','Ut iste consequatur qui similique velit vero vero.'),('057e20b8-85f3-11ea-9959-8c1645373715','Orion','Koepp','415.504.7808 x72014','1980-05-07','2020-05-27','2021-07-14','05814f91-85f3-11ea-9959-8c1645373715','Ut excepturi facilis numquam omnis ullam temporibus nihil illum.'),('057e2128-85f3-11ea-9959-8c1645373715','Lourdes','Simonis','805.436.1482','1988-03-17','2020-07-04',NULL,'058148ab-85f3-11ea-9959-8c1645373715','Rerum rerum sit neque et.'),('057e21cb-85f3-11ea-9959-8c1645373715','Alba','McClure','018.663.1363','2000-01-01','2020-08-19','2021-01-18','05814c66-85f3-11ea-9959-8c1645373715','Ut accusantium quia explicabo.'),('057e2243-85f3-11ea-9959-8c1645373715','Stephon','Klein','(608) 148-5845 x960','2000-05-25','2020-09-21','2021-02-27','05814dae-85f3-11ea-9959-8c1645373715','Recusandae sed ipsam qui.'),('057e22ba-85f3-11ea-9959-8c1645373715','Lillie','Lebsack','(054) 290-6329 x6371','1984-06-21','2020-09-03',NULL,'05815b43-85f3-11ea-9959-8c1645373715','Esse vero rerum non molestias sit molestiae.'),('057e23df-85f3-11ea-9959-8c1645373715','Ivory','Borer','736.145.4602 x726','1993-02-03','2020-08-21',NULL,'05814cb4-85f3-11ea-9959-8c1645373715','Dolorem dolorem amet vel.'),('057e2477-85f3-11ea-9959-8c1645373715','Marianna','Roberts','(642) 689-4485 x568','2000-05-24','2020-12-21','2021-07-06','058160e9-85f3-11ea-9959-8c1645373715','Autem consequatur et non cum.'),('057e24e4-85f3-11ea-9959-8c1645373715','Pinkie','Von','682-147-0321','1990-01-21','2020-07-29','2022-10-09','05814e06-85f3-11ea-9959-8c1645373715','Autem voluptatem quia perferendis unde temporibus.'),('057e2544-85f3-11ea-9959-8c1645373715','Ervin','Halvorson','(265) 689-0050 x63211','1995-12-10','2020-05-13','2021-02-21','05814497-85f3-11ea-9959-8c1645373715','Aut eligendi quibusdam culpa est veniam reiciendis dolor adipisci.'),('057e25b5-85f3-11ea-9959-8c1645373715','Ricky','Hirthe','815-269-6479','1996-05-01','2020-12-18',NULL,'05815d70-85f3-11ea-9959-8c1645373715','Eligendi deserunt eligendi omnis esse accusamus.'),('057e261b-85f3-11ea-9959-8c1645373715','Mabelle','Wolf','980-638-9280','2000-05-22','2020-11-14',NULL,'05814a87-85f3-11ea-9959-8c1645373715','Id est qui.'),('057e267a-85f3-11ea-9959-8c1645373715','Sandra','Thompson','490-779-5702','2000-07-20','2020-09-23',NULL,'05815545-85f3-11ea-9959-8c1645373715','Hic ut quasi aperiam.'),('057e26eb-85f3-11ea-9959-8c1645373715','Alda','Cartwright','(431) 525-1356 x39758','1985-02-01','2020-10-04',NULL,'05814c23-85f3-11ea-9959-8c1645373715','Quo quis vel qui laborum magnam culpa suscipit aut aliquid.'),('057e2758-85f3-11ea-9959-8c1645373715','Nya','Ullrich','(786) 920-3473','1998-04-19','2020-12-18',NULL,'05815983-85f3-11ea-9959-8c1645373715','Impedit voluptate corrupti ea vero asperiores ex iure quia tenetur.'),('057e27bb-85f3-11ea-9959-8c1645373715','Beatrice','Bogan','787.191.7515 x69311','1986-07-22','2020-09-16',NULL,'058149a2-85f3-11ea-9959-8c1645373715','Asperiores reiciendis perspiciatis aliquid magni hic eos tenetur reprehenderit error.'),('057e2821-85f3-11ea-9959-8c1645373715','Seamus','Senger','145-218-6466','1990-03-07','2020-12-17',NULL,'0581511c-85f3-11ea-9959-8c1645373715','Laudantium possimus eos.'),('057e2884-85f3-11ea-9959-8c1645373715','Santa','Ledner','(783) 948-5602 x64763','1992-09-01','2020-11-17',NULL,'05814e69-85f3-11ea-9959-8c1645373715','Dolore et impedit eaque vitae debitis.'),('057e2a63-85f3-11ea-9959-8c1645373715','Jessyca','Haag','611.447.4633 x853','1997-04-27','2020-11-10','2021-03-15','05814ef3-85f3-11ea-9959-8c1645373715','Blanditiis voluptas quaerat.'),('057e2b4c-85f3-11ea-9959-8c1645373715','Deon','Treutel','1-733-360-9235 x1106','1988-01-04','2020-12-15','2021-05-06','05814595-85f3-11ea-9959-8c1645373715','Asperiores culpa autem similique.'),('057e2c3c-85f3-11ea-9959-8c1645373715','Rebekah','Johnson','362-330-1269','1989-10-04','2020-10-21','2022-01-20','05815a09-85f3-11ea-9959-8c1645373715','Libero aut id quas ratione saepe quia.'),('057e2d33-85f3-11ea-9959-8c1645373715','Lawrence','Conroy','1-447-115-3139 x087','1999-03-04','2020-09-01',NULL,'0581479f-85f3-11ea-9959-8c1645373715','Magni libero rerum quasi quaerat voluptatem ut vel rerum assumenda.');
/*!40000 ALTER TABLE `employees` ENABLE KEYS */;
UNLOCK TABLES;

--
-- Table structure for table `employers`
--

DROP TABLE IF EXISTS `employers`;
/*!40101 SET @saved_cs_client     = @@character_set_client */;
/*!50503 SET character_set_client = utf8mb4 */;
CREATE TABLE `employers` (
  `id` char(36) NOT NULL,
  `companyName` varchar(100) NOT NULL,
  `phoneNumber` varchar(30) NOT NULL,
  `website` varchar(100) NOT NULL,
  `address` char(36) NOT NULL,
  PRIMARY KEY (`id`),
  KEY `address` (`address`),
  CONSTRAINT `employers_ibfk_1` FOREIGN KEY (`id`) REFERENCES `users` (`id`),
  CONSTRAINT `employers_ibfk_2` FOREIGN KEY (`address`) REFERENCES `locations` (`id`)
) ENGINE=InnoDB DEFAULT CHARSET=utf8mb4 COLLATE=utf8mb4_0900_ai_ci;
/*!40101 SET character_set_client = @saved_cs_client */;

--
-- Dumping data for table `employers`
--

LOCK TABLES `employers` WRITE;
/*!40000 ALTER TABLE `employers` DISABLE KEYS */;
INSERT INTO `employers` VALUES ('057dfa15-85f3-11ea-9959-8c1645373715','Prohaska, Smitham and Zulauf','(456) 143-8359','https://haley.com','058143f5-85f3-11ea-9959-8c1645373715'),('057e0ccd-85f3-11ea-9959-8c1645373715','Hahn Group','1-293-080-7132','https://chadrick.name','05814ef3-85f3-11ea-9959-8c1645373715'),('057e0dee-85f3-11ea-9959-8c1645373715','Huel - Orn','277-961-8607 x281','https://jewell.net','05815e12-85f3-11ea-9959-8c1645373715'),('057e0e77-85f3-11ea-9959-8c1645373715','Roberts - Nienow','401-251-2710','https://stewart.net','05815936-85f3-11ea-9959-8c1645373715'),('057e0f6b-85f3-11ea-9959-8c1645373715','Collier Inc','152-178-8007','http://ahmed.name','05815e59-85f3-11ea-9959-8c1645373715');
/*!40000 ALTER TABLE `employers` ENABLE KEYS */;
UNLOCK TABLES;

--
-- Table structure for table `industries`
--

DROP TABLE IF EXISTS `industries`;
/*!40101 SET @saved_cs_client     = @@character_set_client */;
/*!50503 SET character_set_client = utf8mb4 */;
CREATE TABLE `industries` (
  `id` char(36) NOT NULL,
  `industry` varchar(100) NOT NULL,
  `description` varchar(100) NOT NULL,
  PRIMARY KEY (`id`)
) ENGINE=InnoDB DEFAULT CHARSET=utf8mb4 COLLATE=utf8mb4_0900_ai_ci;
/*!40101 SET character_set_client = @saved_cs_client */;

--
-- Dumping data for table `industries`
--

LOCK TABLES `industries` WRITE;
/*!40000 ALTER TABLE `industries` DISABLE KEYS */;
INSERT INTO `industries` VALUES ('057f63c3-85f3-11ea-9959-8c1645373715','Warehousing','Repudiandae officiis consequuntur aut numquam amet molestiae est numquam.'),('057f70c0-85f3-11ea-9959-8c1645373715','Glass, Ceramics & Concrete','Nemo sapiente aut similique.'),('057f7169-85f3-11ea-9959-8c1645373715','Research','Dolores et quae nostrum.'),('057f71b7-85f3-11ea-9959-8c1645373715','Industrial Automation','Velit accusamus voluptas et et.'),('057f7204-85f3-11ea-9959-8c1645373715','Pharmaceuticals','Velit enim voluptatem eaque vel dolor hic dolor sed quo.');
/*!40000 ALTER TABLE `industries` ENABLE KEYS */;
UNLOCK TABLES;

--
-- Table structure for table `interestedroles`
--

DROP TABLE IF EXISTS `interestedroles`;
/*!40101 SET @saved_cs_client     = @@character_set_client */;
/*!50503 SET character_set_client = utf8mb4 */;
CREATE TABLE `interestedroles` (
  `employee` char(36) NOT NULL,
  `roleId` char(36) NOT NULL,
  PRIMARY KEY (`employee`,`roleId`),
  KEY `roleId` (`roleId`),
  CONSTRAINT `interestedroles_ibfk_1` FOREIGN KEY (`employee`) REFERENCES `employees` (`id`),
  CONSTRAINT `interestedroles_ibfk_2` FOREIGN KEY (`roleId`) REFERENCES `roles` (`id`)
) ENGINE=InnoDB DEFAULT CHARSET=utf8mb4 COLLATE=utf8mb4_0900_ai_ci;
/*!40101 SET character_set_client = @saved_cs_client */;

--
-- Dumping data for table `interestedroles`
--

LOCK TABLES `interestedroles` WRITE;
/*!40000 ALTER TABLE `interestedroles` DISABLE KEYS */;
INSERT INTO `interestedroles` VALUES ('057e0fe6-85f3-11ea-9959-8c1645373715','05801bec-85f3-11ea-9959-8c1645373715'),('057e1057-85f3-11ea-9959-8c1645373715','05801bec-85f3-11ea-9959-8c1645373715'),('057e165c-85f3-11ea-9959-8c1645373715','05801bec-85f3-11ea-9959-8c1645373715'),('057e21cb-85f3-11ea-9959-8c1645373715','05801bec-85f3-11ea-9959-8c1645373715'),('057e2243-85f3-11ea-9959-8c1645373715','05801bec-85f3-11ea-9959-8c1645373715'),('057e267a-85f3-11ea-9959-8c1645373715','05801bec-85f3-11ea-9959-8c1645373715'),('057e2884-85f3-11ea-9959-8c1645373715','05801bec-85f3-11ea-9959-8c1645373715'),('057e2d33-85f3-11ea-9959-8c1645373715','05801bec-85f3-11ea-9959-8c1645373715'),('057e1057-85f3-11ea-9959-8c1645373715','05802bf1-85f3-11ea-9959-8c1645373715'),('057e10cb-85f3-11ea-9959-8c1645373715','05802bf1-85f3-11ea-9959-8c1645373715'),('057e14a0-85f3-11ea-9959-8c1645373715','05802bf1-85f3-11ea-9959-8c1645373715'),('057e159a-85f3-11ea-9959-8c1645373715','05802bf1-85f3-11ea-9959-8c1645373715'),('057e165c-85f3-11ea-9959-8c1645373715','05802bf1-85f3-11ea-9959-8c1645373715'),('057e17ee-85f3-11ea-9959-8c1645373715','05802bf1-85f3-11ea-9959-8c1645373715'),('057e18d0-85f3-11ea-9959-8c1645373715','05802bf1-85f3-11ea-9959-8c1645373715'),('057e22ba-85f3-11ea-9959-8c1645373715','05802bf1-85f3-11ea-9959-8c1645373715'),('057e24e4-85f3-11ea-9959-8c1645373715','05802bf1-85f3-11ea-9959-8c1645373715'),('057e2a63-85f3-11ea-9959-8c1645373715','05802bf1-85f3-11ea-9959-8c1645373715'),('057e1213-85f3-11ea-9959-8c1645373715','05802cfd-85f3-11ea-9959-8c1645373715'),('057e1af9-85f3-11ea-9959-8c1645373715','05802cfd-85f3-11ea-9959-8c1645373715'),('057e1b83-85f3-11ea-9959-8c1645373715','05802cfd-85f3-11ea-9959-8c1645373715'),('057e2128-85f3-11ea-9959-8c1645373715','05802cfd-85f3-11ea-9959-8c1645373715'),('057e2477-85f3-11ea-9959-8c1645373715','05802cfd-85f3-11ea-9959-8c1645373715'),('057e2544-85f3-11ea-9959-8c1645373715','05802cfd-85f3-11ea-9959-8c1645373715'),('057e261b-85f3-11ea-9959-8c1645373715','05802cfd-85f3-11ea-9959-8c1645373715'),('057e26eb-85f3-11ea-9959-8c1645373715','05802cfd-85f3-11ea-9959-8c1645373715'),('057e2758-85f3-11ea-9959-8c1645373715','05802cfd-85f3-11ea-9959-8c1645373715'),('057e2821-85f3-11ea-9959-8c1645373715','05802cfd-85f3-11ea-9959-8c1645373715'),('057e1178-85f3-11ea-9959-8c1645373715','05802daa-85f3-11ea-9959-8c1645373715'),('057e17ee-85f3-11ea-9959-8c1645373715','05802daa-85f3-11ea-9959-8c1645373715'),('057e1e16-85f3-11ea-9959-8c1645373715','05802daa-85f3-11ea-9959-8c1645373715'),('057e1f77-85f3-11ea-9959-8c1645373715','05802daa-85f3-11ea-9959-8c1645373715'),('057e2a63-85f3-11ea-9959-8c1645373715','05802daa-85f3-11ea-9959-8c1645373715'),('057e2b4c-85f3-11ea-9959-8c1645373715','05802daa-85f3-11ea-9959-8c1645373715'),('057e132d-85f3-11ea-9959-8c1645373715','05802e53-85f3-11ea-9959-8c1645373715'),('057e17ee-85f3-11ea-9959-8c1645373715','05802e53-85f3-11ea-9959-8c1645373715'),('057e1af9-85f3-11ea-9959-8c1645373715','05802e53-85f3-11ea-9959-8c1645373715'),('057e1bf4-85f3-11ea-9959-8c1645373715','05802e53-85f3-11ea-9959-8c1645373715'),('057e1feb-85f3-11ea-9959-8c1645373715','05802e53-85f3-11ea-9959-8c1645373715'),('057e2128-85f3-11ea-9959-8c1645373715','05802e53-85f3-11ea-9959-8c1645373715'),('057e2477-85f3-11ea-9959-8c1645373715','05802e53-85f3-11ea-9959-8c1645373715'),('057e261b-85f3-11ea-9959-8c1645373715','05802e53-85f3-11ea-9959-8c1645373715'),('057e267a-85f3-11ea-9959-8c1645373715','05802e53-85f3-11ea-9959-8c1645373715'),('057e27bb-85f3-11ea-9959-8c1645373715','05802e53-85f3-11ea-9959-8c1645373715'),('057e2884-85f3-11ea-9959-8c1645373715','05802e53-85f3-11ea-9959-8c1645373715'),('057e165c-85f3-11ea-9959-8c1645373715','05802f00-85f3-11ea-9959-8c1645373715'),('057e1b83-85f3-11ea-9959-8c1645373715','05802f00-85f3-11ea-9959-8c1645373715'),('057e1cce-85f3-11ea-9959-8c1645373715','05802f00-85f3-11ea-9959-8c1645373715'),('057e2055-85f3-11ea-9959-8c1645373715','05802f00-85f3-11ea-9959-8c1645373715'),('057e21cb-85f3-11ea-9959-8c1645373715','05802f00-85f3-11ea-9959-8c1645373715'),('057e2477-85f3-11ea-9959-8c1645373715','05802f00-85f3-11ea-9959-8c1645373715'),('057e25b5-85f3-11ea-9959-8c1645373715','05802f00-85f3-11ea-9959-8c1645373715'),('057e2758-85f3-11ea-9959-8c1645373715','05802f00-85f3-11ea-9959-8c1645373715'),('057e10cb-85f3-11ea-9959-8c1645373715','05802fa6-85f3-11ea-9959-8c1645373715'),('057e13de-85f3-11ea-9959-8c1645373715','05802fa6-85f3-11ea-9959-8c1645373715'),('057e1af9-85f3-11ea-9959-8c1645373715','05802fa6-85f3-11ea-9959-8c1645373715'),('057e1c61-85f3-11ea-9959-8c1645373715','05802fa6-85f3-11ea-9959-8c1645373715'),('057e1d9e-85f3-11ea-9959-8c1645373715','05802fa6-85f3-11ea-9959-8c1645373715'),('057e1e16-85f3-11ea-9959-8c1645373715','05802fa6-85f3-11ea-9959-8c1645373715'),('057e22ba-85f3-11ea-9959-8c1645373715','05802fa6-85f3-11ea-9959-8c1645373715'),('057e23df-85f3-11ea-9959-8c1645373715','05802fa6-85f3-11ea-9959-8c1645373715'),('057e2758-85f3-11ea-9959-8c1645373715','05802fa6-85f3-11ea-9959-8c1645373715'),('057e2b4c-85f3-11ea-9959-8c1645373715','05802fa6-85f3-11ea-9959-8c1645373715'),('057e2d33-85f3-11ea-9959-8c1645373715','05802fa6-85f3-11ea-9959-8c1645373715'),('057e1213-85f3-11ea-9959-8c1645373715','05803056-85f3-11ea-9959-8c1645373715'),('057e13de-85f3-11ea-9959-8c1645373715','05803056-85f3-11ea-9959-8c1645373715'),('057e1cce-85f3-11ea-9959-8c1645373715','05803056-85f3-11ea-9959-8c1645373715'),('057e20b8-85f3-11ea-9959-8c1645373715','05803056-85f3-11ea-9959-8c1645373715'),('057e21cb-85f3-11ea-9959-8c1645373715','05803056-85f3-11ea-9959-8c1645373715'),('057e2544-85f3-11ea-9959-8c1645373715','05803056-85f3-11ea-9959-8c1645373715'),('057e267a-85f3-11ea-9959-8c1645373715','05803056-85f3-11ea-9959-8c1645373715'),('057e2758-85f3-11ea-9959-8c1645373715','05803056-85f3-11ea-9959-8c1645373715'),('057e13de-85f3-11ea-9959-8c1645373715','058030f8-85f3-11ea-9959-8c1645373715'),('057e159a-85f3-11ea-9959-8c1645373715','058030f8-85f3-11ea-9959-8c1645373715'),('057e1c61-85f3-11ea-9959-8c1645373715','058030f8-85f3-11ea-9959-8c1645373715'),('057e1d9e-85f3-11ea-9959-8c1645373715','058030f8-85f3-11ea-9959-8c1645373715'),('057e1feb-85f3-11ea-9959-8c1645373715','058030f8-85f3-11ea-9959-8c1645373715'),('057e20b8-85f3-11ea-9959-8c1645373715','058030f8-85f3-11ea-9959-8c1645373715'),('057e22ba-85f3-11ea-9959-8c1645373715','058030f8-85f3-11ea-9959-8c1645373715'),('057e267a-85f3-11ea-9959-8c1645373715','058030f8-85f3-11ea-9959-8c1645373715'),('057e2a63-85f3-11ea-9959-8c1645373715','058030f8-85f3-11ea-9959-8c1645373715'),('057e10cb-85f3-11ea-9959-8c1645373715','05803197-85f3-11ea-9959-8c1645373715'),('057e159a-85f3-11ea-9959-8c1645373715','05803197-85f3-11ea-9959-8c1645373715'),('057e18d0-85f3-11ea-9959-8c1645373715','05803197-85f3-11ea-9959-8c1645373715'),('057e1c61-85f3-11ea-9959-8c1645373715','05803197-85f3-11ea-9959-8c1645373715'),('057e2055-85f3-11ea-9959-8c1645373715','05803197-85f3-11ea-9959-8c1645373715'),('057e20b8-85f3-11ea-9959-8c1645373715','05803197-85f3-11ea-9959-8c1645373715'),('057e2128-85f3-11ea-9959-8c1645373715','05803197-85f3-11ea-9959-8c1645373715'),('057e2477-85f3-11ea-9959-8c1645373715','05803197-85f3-11ea-9959-8c1645373715'),('057e24e4-85f3-11ea-9959-8c1645373715','05803197-85f3-11ea-9959-8c1645373715'),('057e2544-85f3-11ea-9959-8c1645373715','05803197-85f3-11ea-9959-8c1645373715'),('057e2c3c-85f3-11ea-9959-8c1645373715','05803197-85f3-11ea-9959-8c1645373715'),('057e132d-85f3-11ea-9959-8c1645373715','05803240-85f3-11ea-9959-8c1645373715'),('057e20b8-85f3-11ea-9959-8c1645373715','05803240-85f3-11ea-9959-8c1645373715'),('057e22ba-85f3-11ea-9959-8c1645373715','05803240-85f3-11ea-9959-8c1645373715'),('057e23df-85f3-11ea-9959-8c1645373715','05803240-85f3-11ea-9959-8c1645373715'),('057e25b5-85f3-11ea-9959-8c1645373715','05803240-85f3-11ea-9959-8c1645373715'),('057e27bb-85f3-11ea-9959-8c1645373715','05803240-85f3-11ea-9959-8c1645373715'),('057e2a63-85f3-11ea-9959-8c1645373715','05803240-85f3-11ea-9959-8c1645373715'),('057e10cb-85f3-11ea-9959-8c1645373715','058032e2-85f3-11ea-9959-8c1645373715'),('057e132d-85f3-11ea-9959-8c1645373715','058032e2-85f3-11ea-9959-8c1645373715'),('057e1c61-85f3-11ea-9959-8c1645373715','058032e2-85f3-11ea-9959-8c1645373715'),('057e1e80-85f3-11ea-9959-8c1645373715','058032e2-85f3-11ea-9959-8c1645373715'),('057e261b-85f3-11ea-9959-8c1645373715','058032e2-85f3-11ea-9959-8c1645373715'),('057e2821-85f3-11ea-9959-8c1645373715','058032e2-85f3-11ea-9959-8c1645373715'),('057e2d33-85f3-11ea-9959-8c1645373715','058032e2-85f3-11ea-9959-8c1645373715'),('057e0fe6-85f3-11ea-9959-8c1645373715','05803388-85f3-11ea-9959-8c1645373715'),('057e1178-85f3-11ea-9959-8c1645373715','05803388-85f3-11ea-9959-8c1645373715'),('057e13de-85f3-11ea-9959-8c1645373715','05803388-85f3-11ea-9959-8c1645373715'),('057e14a0-85f3-11ea-9959-8c1645373715','05803388-85f3-11ea-9959-8c1645373715'),('057e165c-85f3-11ea-9959-8c1645373715','05803388-85f3-11ea-9959-8c1645373715'),('057e1d38-85f3-11ea-9959-8c1645373715','05803388-85f3-11ea-9959-8c1645373715'),('057e1e80-85f3-11ea-9959-8c1645373715','05803388-85f3-11ea-9959-8c1645373715'),('057e2055-85f3-11ea-9959-8c1645373715','05803388-85f3-11ea-9959-8c1645373715'),('057e1178-85f3-11ea-9959-8c1645373715','05803427-85f3-11ea-9959-8c1645373715'),('057e132d-85f3-11ea-9959-8c1645373715','05803427-85f3-11ea-9959-8c1645373715'),('057e1e80-85f3-11ea-9959-8c1645373715','05803427-85f3-11ea-9959-8c1645373715'),('057e1feb-85f3-11ea-9959-8c1645373715','05803427-85f3-11ea-9959-8c1645373715'),('057e22ba-85f3-11ea-9959-8c1645373715','05803427-85f3-11ea-9959-8c1645373715'),('057e2544-85f3-11ea-9959-8c1645373715','05803427-85f3-11ea-9959-8c1645373715'),('057e27bb-85f3-11ea-9959-8c1645373715','05803427-85f3-11ea-9959-8c1645373715'),('057e2821-85f3-11ea-9959-8c1645373715','05803427-85f3-11ea-9959-8c1645373715'),('057e2b4c-85f3-11ea-9959-8c1645373715','05803427-85f3-11ea-9959-8c1645373715'),('057e0fe6-85f3-11ea-9959-8c1645373715','058034c5-85f3-11ea-9959-8c1645373715'),('057e1057-85f3-11ea-9959-8c1645373715','058034c5-85f3-11ea-9959-8c1645373715'),('057e1213-85f3-11ea-9959-8c1645373715','058034c5-85f3-11ea-9959-8c1645373715'),('057e1cce-85f3-11ea-9959-8c1645373715','058034c5-85f3-11ea-9959-8c1645373715'),('057e1f77-85f3-11ea-9959-8c1645373715','058034c5-85f3-11ea-9959-8c1645373715'),('057e1feb-85f3-11ea-9959-8c1645373715','058034c5-85f3-11ea-9959-8c1645373715'),('057e2243-85f3-11ea-9959-8c1645373715','058034c5-85f3-11ea-9959-8c1645373715'),('057e2477-85f3-11ea-9959-8c1645373715','058034c5-85f3-11ea-9959-8c1645373715'),('057e267a-85f3-11ea-9959-8c1645373715','058034c5-85f3-11ea-9959-8c1645373715'),('057e26eb-85f3-11ea-9959-8c1645373715','058034c5-85f3-11ea-9959-8c1645373715'),('057e2c3c-85f3-11ea-9959-8c1645373715','058034c5-85f3-11ea-9959-8c1645373715'),('057e1b83-85f3-11ea-9959-8c1645373715','0580356b-85f3-11ea-9959-8c1645373715'),('057e1f77-85f3-11ea-9959-8c1645373715','0580356b-85f3-11ea-9959-8c1645373715'),('057e20b8-85f3-11ea-9959-8c1645373715','0580356b-85f3-11ea-9959-8c1645373715'),('057e21cb-85f3-11ea-9959-8c1645373715','0580356b-85f3-11ea-9959-8c1645373715'),('057e261b-85f3-11ea-9959-8c1645373715','0580356b-85f3-11ea-9959-8c1645373715'),('057e26eb-85f3-11ea-9959-8c1645373715','0580356b-85f3-11ea-9959-8c1645373715'),('057e2758-85f3-11ea-9959-8c1645373715','0580356b-85f3-11ea-9959-8c1645373715'),('057e2821-85f3-11ea-9959-8c1645373715','0580356b-85f3-11ea-9959-8c1645373715'),('057e13de-85f3-11ea-9959-8c1645373715','05803618-85f3-11ea-9959-8c1645373715'),('057e159a-85f3-11ea-9959-8c1645373715','05803618-85f3-11ea-9959-8c1645373715'),('057e1d38-85f3-11ea-9959-8c1645373715','05803618-85f3-11ea-9959-8c1645373715'),('057e1e16-85f3-11ea-9959-8c1645373715','05803618-85f3-11ea-9959-8c1645373715'),('057e24e4-85f3-11ea-9959-8c1645373715','05803618-85f3-11ea-9959-8c1645373715'),('057e261b-85f3-11ea-9959-8c1645373715','05803618-85f3-11ea-9959-8c1645373715'),('057e2821-85f3-11ea-9959-8c1645373715','05803618-85f3-11ea-9959-8c1645373715'),('057e2884-85f3-11ea-9959-8c1645373715','05803618-85f3-11ea-9959-8c1645373715'),('057e2c3c-85f3-11ea-9959-8c1645373715','05803618-85f3-11ea-9959-8c1645373715'),('057e1213-85f3-11ea-9959-8c1645373715','058036cc-85f3-11ea-9959-8c1645373715'),('057e165c-85f3-11ea-9959-8c1645373715','058036cc-85f3-11ea-9959-8c1645373715'),('057e18d0-85f3-11ea-9959-8c1645373715','058036cc-85f3-11ea-9959-8c1645373715'),('057e1bf4-85f3-11ea-9959-8c1645373715','058036cc-85f3-11ea-9959-8c1645373715'),('057e1c61-85f3-11ea-9959-8c1645373715','058036cc-85f3-11ea-9959-8c1645373715'),('057e1d9e-85f3-11ea-9959-8c1645373715','058036cc-85f3-11ea-9959-8c1645373715'),('057e2243-85f3-11ea-9959-8c1645373715','058036cc-85f3-11ea-9959-8c1645373715'),('057e2884-85f3-11ea-9959-8c1645373715','058036cc-85f3-11ea-9959-8c1645373715'),('057e1057-85f3-11ea-9959-8c1645373715','0580377c-85f3-11ea-9959-8c1645373715'),('057e10cb-85f3-11ea-9959-8c1645373715','0580377c-85f3-11ea-9959-8c1645373715'),('057e1178-85f3-11ea-9959-8c1645373715','0580377c-85f3-11ea-9959-8c1645373715'),('057e17ee-85f3-11ea-9959-8c1645373715','0580377c-85f3-11ea-9959-8c1645373715'),('057e1d38-85f3-11ea-9959-8c1645373715','0580377c-85f3-11ea-9959-8c1645373715'),('057e1f77-85f3-11ea-9959-8c1645373715','0580377c-85f3-11ea-9959-8c1645373715'),('057e2544-85f3-11ea-9959-8c1645373715','0580377c-85f3-11ea-9959-8c1645373715'),('057e26eb-85f3-11ea-9959-8c1645373715','0580377c-85f3-11ea-9959-8c1645373715'),('057e2b4c-85f3-11ea-9959-8c1645373715','0580377c-85f3-11ea-9959-8c1645373715'),('057e1178-85f3-11ea-9959-8c1645373715','05803817-85f3-11ea-9959-8c1645373715'),('057e1213-85f3-11ea-9959-8c1645373715','05803817-85f3-11ea-9959-8c1645373715'),('057e14a0-85f3-11ea-9959-8c1645373715','05803817-85f3-11ea-9959-8c1645373715'),('057e1af9-85f3-11ea-9959-8c1645373715','05803817-85f3-11ea-9959-8c1645373715'),('057e1bf4-85f3-11ea-9959-8c1645373715','05803817-85f3-11ea-9959-8c1645373715'),('057e2128-85f3-11ea-9959-8c1645373715','05803817-85f3-11ea-9959-8c1645373715'),('057e23df-85f3-11ea-9959-8c1645373715','05803817-85f3-11ea-9959-8c1645373715'),('057e25b5-85f3-11ea-9959-8c1645373715','05803817-85f3-11ea-9959-8c1645373715'),('057e27bb-85f3-11ea-9959-8c1645373715','05803817-85f3-11ea-9959-8c1645373715'),('057e2b4c-85f3-11ea-9959-8c1645373715','05803817-85f3-11ea-9959-8c1645373715'),('057e2d33-85f3-11ea-9959-8c1645373715','05803817-85f3-11ea-9959-8c1645373715');
/*!40000 ALTER TABLE `interestedroles` ENABLE KEYS */;
UNLOCK TABLES;

--
-- Table structure for table `jobinterest`
--

DROP TABLE IF EXISTS `jobinterest`;
/*!40101 SET @saved_cs_client     = @@character_set_client */;
/*!50503 SET character_set_client = utf8mb4 */;
CREATE TABLE `jobinterest` (
  `jobId` char(36) NOT NULL,
  `employee` char(36) NOT NULL,
  `initiator` enum('employer','employee') DEFAULT NULL,
  `status` enum('available','liked','offered','done') DEFAULT NULL,
  PRIMARY KEY (`jobId`,`employee`),
  KEY `employee` (`employee`),
  CONSTRAINT `jobinterest_ibfk_1` FOREIGN KEY (`jobId`) REFERENCES `jobs` (`jobId`),
  CONSTRAINT `jobinterest_ibfk_2` FOREIGN KEY (`employee`) REFERENCES `employees` (`id`)
) ENGINE=InnoDB DEFAULT CHARSET=utf8mb4 COLLATE=utf8mb4_0900_ai_ci;
/*!40101 SET character_set_client = @saved_cs_client */;

--
-- Dumping data for table `jobinterest`
--

LOCK TABLES `jobinterest` WRITE;
/*!40000 ALTER TABLE `jobinterest` DISABLE KEYS */;
/*!40000 ALTER TABLE `jobinterest` ENABLE KEYS */;
UNLOCK TABLES;

--
-- Table structure for table `jobs`
--

DROP TABLE IF EXISTS `jobs`;
/*!40101 SET @saved_cs_client     = @@character_set_client */;
/*!50503 SET character_set_client = utf8mb4 */;
CREATE TABLE `jobs` (
  `jobId` char(36) NOT NULL,
  `employer` char(36) NOT NULL,
  `role` char(36) NOT NULL,
  `jobTitle` varchar(100) NOT NULL,
  `salary` varchar(100) DEFAULT NULL,
  `startDate` date DEFAULT NULL,
  `workLocation` varchar(36) NOT NULL,
  `description` varchar(100) DEFAULT NULL,
  PRIMARY KEY (`jobId`),
  KEY `employer` (`employer`),
  KEY `role` (`role`),
  KEY `workLocation` (`workLocation`),
  CONSTRAINT `jobs_ibfk_1` FOREIGN KEY (`employer`) REFERENCES `employers` (`id`),
  CONSTRAINT `jobs_ibfk_2` FOREIGN KEY (`role`) REFERENCES `roles` (`id`),
  CONSTRAINT `jobs_ibfk_3` FOREIGN KEY (`workLocation`) REFERENCES `locations` (`id`)
) ENGINE=InnoDB DEFAULT CHARSET=utf8mb4 COLLATE=utf8mb4_0900_ai_ci;
/*!40101 SET character_set_client = @saved_cs_client */;

--
-- Dumping data for table `jobs`
--

LOCK TABLES `jobs` WRITE;
/*!40000 ALTER TABLE `jobs` DISABLE KEYS */;
INSERT INTO `jobs` VALUES ('0585038a-85f3-11ea-9959-8c1645373715','057e0f6b-85f3-11ea-9959-8c1645373715','05802cfd-85f3-11ea-9959-8c1645373715','quibusdam autem corrupti quibusdam iusto ex velit','12349 - 20634','2022-02-11','05815b00-85f3-11ea-9959-8c1645373715','In vitae veritatis ullam doloribus id sunt quisquam quia.'),('0585165f-85f3-11ea-9959-8c1645373715','057e0f6b-85f3-11ea-9959-8c1645373715','05802e53-85f3-11ea-9959-8c1645373715','nihil earum corrupti saepe quos ipsa dicta autem quia','18096 - 30043','2021-01-27','05815bd4-85f3-11ea-9959-8c1645373715','Laudantium ut consequuntur sit voluptates eveniet laudantium voluptatem molestiae modi.'),('05851853-85f3-11ea-9959-8c1645373715','057e0ccd-85f3-11ea-9959-8c1645373715','05802fa6-85f3-11ea-9959-8c1645373715','ad qui ducimus dignissimos aut doloribus et tenetur','15014 - 98949','2022-03-06','0581479f-85f3-11ea-9959-8c1645373715','Et quis tempore.'),('0585196e-85f3-11ea-9959-8c1645373715','057e0ccd-85f3-11ea-9959-8c1645373715','05802e53-85f3-11ea-9959-8c1645373715','animi omnis illo laborum et facere','12201 - 51936','2021-09-20','05814336-85f3-11ea-9959-8c1645373715','Iste corrupti tempore corporis perspiciatis qui ea.'),('05851a81-85f3-11ea-9959-8c1645373715','057dfa15-85f3-11ea-9959-8c1645373715','05802fa6-85f3-11ea-9959-8c1645373715','itaque sequi voluptatem consequuntur nisi sunt ab dolores perferendis','14320 - 74077','2021-10-09','05815545-85f3-11ea-9959-8c1645373715','Velit odio ut pariatur.'),('05851c08-85f3-11ea-9959-8c1645373715','057e0dee-85f3-11ea-9959-8c1645373715','05803817-85f3-11ea-9959-8c1645373715','explicabo aut labore accusamus quo culpa enim necessitatibus','11505 - 31012','2022-09-06','05814b22-85f3-11ea-9959-8c1645373715','Qui est quae.'),('05851cff-85f3-11ea-9959-8c1645373715','057e0ccd-85f3-11ea-9959-8c1645373715','05802fa6-85f3-11ea-9959-8c1645373715','qui molestiae dolor incidunt dolor molestias sed aperiam ea','16557 - 96402','2022-04-10','05814336-85f3-11ea-9959-8c1645373715','Quibusdam repellat quo cupiditate.'),('05851e07-85f3-11ea-9959-8c1645373715','057e0e77-85f3-11ea-9959-8c1645373715','05803817-85f3-11ea-9959-8c1645373715','est et cumque est velit praesentium ipsa','11013 - 87684','2022-09-22','05815bd4-85f3-11ea-9959-8c1645373715','Aut sit temporibus voluptatibus cupiditate.'),('05851f25-85f3-11ea-9959-8c1645373715','057dfa15-85f3-11ea-9959-8c1645373715','05802e53-85f3-11ea-9959-8c1645373715','adipisci officiis explicabo quos harum qui sint','11711 - 31438','2021-06-09','05814a87-85f3-11ea-9959-8c1645373715','Mollitia blanditiis impedit dolor nostrum praesentium.'),('05852026-85f3-11ea-9959-8c1645373715','057e0dee-85f3-11ea-9959-8c1645373715','058032e2-85f3-11ea-9959-8c1645373715','et qui corrupti cupiditate in cumque ratione officia','17393 - 64231','2022-05-26','05814d09-85f3-11ea-9959-8c1645373715','Dolor repellendus accusamus praesentium vero.');
/*!40000 ALTER TABLE `jobs` ENABLE KEYS */;
UNLOCK TABLES;

--
-- Table structure for table `locations`
--

DROP TABLE IF EXISTS `locations`;
/*!40101 SET @saved_cs_client     = @@character_set_client */;
/*!50503 SET character_set_client = utf8mb4 */;
CREATE TABLE `locations` (
  `id` char(36) NOT NULL,
  `address` varchar(200) NOT NULL,
  `longitude` decimal(18,12) NOT NULL,
  `latitude` decimal(18,12) NOT NULL,
  PRIMARY KEY (`id`)
) ENGINE=InnoDB DEFAULT CHARSET=utf8mb4 COLLATE=utf8mb4_0900_ai_ci;
/*!40101 SET character_set_client = @saved_cs_client */;

--
-- Dumping data for table `locations`
--

LOCK TABLES `locations` WRITE;
/*!40000 ALTER TABLE `locations` DISABLE KEYS */;
INSERT INTO `locations` VALUES ('058132e7-85f3-11ea-9959-8c1645373715','111 Dương Thị Mười, Tân Chánh Hiệp, Quận 12, Hồ Chí Minh 700000, Vietnam',106.638962300000,10.873732600000),('05814336-85f3-11ea-9959-8c1645373715','District 1, Ho Chi Minh City, Vietnam',106.700423800000,10.775658700000),('058143f5-85f3-11ea-9959-8c1645373715','District 10, Ho Chi Minh City, Vietnam',106.667954200000,10.774596500000),('05814449-85f3-11ea-9959-8c1645373715','District 12, Ho Chi Minh City, Vietnam',106.641332200000,10.867153100000),('05814497-85f3-11ea-9959-8c1645373715','District 11, Ho Chi Minh City, Vietnam',106.650084000000,10.762973900000),('058144e1-85f3-11ea-9959-8c1645373715','District 2, Ho Chi Minh City, Vietnam',106.749810500000,10.787272900000),('05814524-85f3-11ea-9959-8c1645373715','20 Đường Thảo Điền, Thảo Điền, Quận 2, Hồ Chí Minh, Vietnam',106.737471700000,10.804090500000),('05814595-85f3-11ea-9959-8c1645373715','989 2 Đồng Văn Cống, Phường Bình Trưng Tây, Quận 2, Hồ Chí Minh, Vietnam',106.756602100000,10.780497700000),('058145f1-85f3-11ea-9959-8c1645373715','130 Đường Lê Văn Thịnh, Phường Bình Trưng Tây, Quận 2, Hồ Chí Minh, Vietnam',106.769255900000,10.782703000000),('05814657-85f3-11ea-9959-8c1645373715','District 3, Ho Chi Minh City, Vietnam',106.684408900000,10.784369500000),('0581469a-85f3-11ea-9959-8c1645373715','153, 155-157 Trần Quốc Thảo, Phường 9, Quận 3, Hồ Chí Minh 70010, Vietnam',106.684026800000,10.784352200000),('058146f9-85f3-11ea-9959-8c1645373715','District 4, Ho Chi Minh City, Vietnam',106.701296800000,10.757826300000),('0581474a-85f3-11ea-9959-8c1645373715','63, 65 Bến Vân Đồn, Phường 12, Quận 4, Hồ Chí Minh, Vietnam',106.702237600000,10.765307500000),('0581479f-85f3-11ea-9959-8c1645373715','18 Đường Đoàn Như Hài, Phường 12, Quận 4, Hồ Chí Minh, Vietnam',106.705161800000,10.766321400000),('058147fa-85f3-11ea-9959-8c1645373715','120_122 Đường Khánh Hội, Phường 3, Quận 4, Hồ Chí Minh, Vietnam',106.700874000000,10.757037500000),('05814856-85f3-11ea-9959-8c1645373715','District 5, Ho Chi Minh City, Vietnam',106.663374600000,10.754027900000),('058148ab-85f3-11ea-9959-8c1645373715','3 Mạc Cửu, Phường 13, Quận 5, Hồ Chí Minh, Vietnam',106.659248000000,10.750223000000),('058148f8-85f3-11ea-9959-8c1645373715','203 An Dương Vương, Phường 8, Quận 5, phường 8 Quận 5 Hồ Chí Minh, Vietnam',106.667540600000,10.755804900000),('05814957-85f3-11ea-9959-8c1645373715','642 A Đ. Nguyễn Trãi, Phường 11, Quận 5, Hồ Chí Minh 700000, Vietnam',106.665783200000,10.754080100000),('058149a2-85f3-11ea-9959-8c1645373715','District 6, Ho Chi Minh City, Vietnam',106.635236200000,10.748092900000),('058149fa-85f3-11ea-9959-8c1645373715','107 Cao Văn Lầu, Phường 1, Quận 6, Hồ Chí Minh, Vietnam',106.649579100000,10.746460100000),('05814a40-85f3-11ea-9959-8c1645373715','88 Tháp Mười, Phường 2, Quận 6, Hồ Chí Minh, Vietnam',106.650462600000,10.749994900000),('05814a87-85f3-11ea-9959-8c1645373715','2D Chợ Lớn, Phường 11, Quận 6, Phường 11 Quận 6 Hồ Chí Minh, Vietnam',106.634848800000,10.746579300000),('05814adb-85f3-11ea-9959-8c1645373715','122 Minh Phụng, Phường 6, Quận 6, Hồ Chí Minh, Vietnam',106.642594900000,10.750283400000),('05814b22-85f3-11ea-9959-8c1645373715','District 7, Ho Chi Minh City, Vietnam',106.721578700000,10.734034400000),('05814b77-85f3-11ea-9959-8c1645373715','3 Tân Phú, P, Quận 7, Hồ Chí Minh, Vietnam',106.725198000000,10.732771700000),('05814bc8-85f3-11ea-9959-8c1645373715','504, 506 Huỳnh Tấn Phát, Bình Thuận, Quận 7, Hồ Chí Minh, Vietnam',106.729268900000,10.741525000000),('05814c23-85f3-11ea-9959-8c1645373715','101 Nguyễn Thị Thập, Tân Phú, Quận 7, Hồ Chí Minh, Vietnam',106.724182700000,10.737306600000),('05814c66-85f3-11ea-9959-8c1645373715','1441 Huỳnh Tấn Phát, Phú Mỹ, Quận 7, Hồ Chí Minh, Vietnam',106.737430600000,10.713484700000),('05814cb4-85f3-11ea-9959-8c1645373715','District 8, Ho Chi Minh City, Vietnam',106.628625900000,10.724087800000),('05814d09-85f3-11ea-9959-8c1645373715','126 Đường Lê Quyên, Phường 5, Quận 8, Hồ Chí Minh, Vietnam',106.666435100000,10.740894000000),('05814d4f-85f3-11ea-9959-8c1645373715','993 Phạm Thế Hiển, Phường 5, Quận 8, Hồ Chí Minh, Vietnam',106.667816900000,10.742264300000),('05814dae-85f3-11ea-9959-8c1645373715','82 Đường Cao Lỗ, Phường 4, Quận 8, Hồ Chí Minh, Vietnam',106.676410000000,10.741574300000),('05814e06-85f3-11ea-9959-8c1645373715','302 Phạm Hùng, Phường 5, Quận 8, Hồ Chí Minh, Vietnam',106.667632700000,10.739722600000),('05814e69-85f3-11ea-9959-8c1645373715','Ho Chi Minh City, Vietnam',106.629663800000,10.823098900000),('05814eb0-85f3-11ea-9959-8c1645373715','District 9, Ho Chi Minh City, Vietnam',106.828685100000,10.842840200000),('05814ef3-85f3-11ea-9959-8c1645373715','9 Xa lộ Hà Nội, Hiệp Phú, Quận 9, Hồ Chí Minh, Vietnam',106.775624900000,10.849117200000),('05814f47-85f3-11ea-9959-8c1645373715','Khu Phố 2, 387 Lê Văn Việt, Tăng Nhơn Phú A, Quận 9, Hồ Chí Minh 715143, Vietnam',106.790147100000,10.844923500000),('05814f91-85f3-11ea-9959-8c1645373715','48A Tăng Nhơn Phú, Tăng Nhơn Phú B, Quận 9, Hồ Chí Minh, Vietnam',106.779904000000,10.833476000000),('05814ff1-85f3-11ea-9959-8c1645373715','571 Sư Vạn Hạnh, Phường 12, Quận 10, Hồ Chí Minh, Vietnam',106.666596300000,10.776170200000),('05815037-85f3-11ea-9959-8c1645373715','47 Thành Thái, Phường 14, Quận 10, Hồ Chí Minh, Vietnam',106.665163400000,10.772151200000),('05815088-85f3-11ea-9959-8c1645373715','Công viên Hồ Kỳ Hoà, Cao Thắng, Phường 12, Quận 10, Hồ Chí Minh, Vietnam',106.671473000000,10.774660900000),('058150d6-85f3-11ea-9959-8c1645373715','Jumeirah Village Circle - Dubai - United Arab Emirates',55.213494500000,25.054493800000),('0581511c-85f3-11ea-9959-8c1645373715','1275 K St NW, 1275 K St NW, Washington, DC 20005, USA',-77.029233800000,38.902846000000),('058154e6-85f3-11ea-9959-8c1645373715','District 12 K - Dubai - United Arab Emirates',55.216772200000,25.053610800000),('05815545-85f3-11ea-9959-8c1645373715','72 Đường số 5 - CX Bình Thới, Phường 8, Quận 11, Phường 8 District 11 Ho Chi Minh City, Vietnam',106.647890600000,10.760772200000),('05815596-85f3-11ea-9959-8c1645373715','215a Lý Thường Kiệt, Phường 9, Quận 11, Hồ Chí Minh, Vietnam',106.655477300000,10.778853100000),('058155dd-85f3-11ea-9959-8c1645373715','Gò Vấp, Ho Chi Minh City, Vietnam',106.665290400000,10.838677900000),('05815623-85f3-11ea-9959-8c1645373715','48/338D Quang Trung, Phường 12, Gò Vấp, Hồ Chí Minh, Vietnam',106.643063400000,10.840686200000),('058156a9-85f3-11ea-9959-8c1645373715','90A Nguyễn Thái Sơn, Phường 3, Gò Vấp, Hồ Chí Minh, Vietnam',106.680746200000,10.816345500000),('0581570c-85f3-11ea-9959-8c1645373715','641 Quang Trung, Phường 11, Gò Vấp, Hồ Chí Minh, Vietnam',106.661565700000,10.834685400000),('05815776-85f3-11ea-9959-8c1645373715','312 Đường Nguyễn Văn Nghi, Phường 7, Gò Vấp, Hồ Chí Minh, Vietnam',106.683027300000,10.826341700000),('058157d5-85f3-11ea-9959-8c1645373715','Tan Binh, Ho Chi Minh City, Vietnam',106.652597400000,10.801465900000),('0581582a-85f3-11ea-9959-8c1645373715','Số 172 Lý Thường Kiệt, Phường 6, Tân Bình, Hồ Chí Minh 700000, Vietnam',106.653372600000,10.786006800000),('058158b0-85f3-11ea-9959-8c1645373715','450 Trường Chinh, Phường 13, Tân Bình, Hồ Chí Minh, Vietnam',106.639041700000,10.800721200000),('05815936-85f3-11ea-9959-8c1645373715','873 Cách Mạng Tháng Tám, Phường 7, Tân Bình, Hồ Chí Minh, Vietnam',106.660012800000,10.788691900000),('05815983-85f3-11ea-9959-8c1645373715','446 Hoàng Văn Thụ, Phường 4, Tân Bình, Hồ Chí Minh, Vietnam',106.654797500000,10.795685800000),('058159cd-85f3-11ea-9959-8c1645373715','Tân Phú, Ho Chi Minh City, Vietnam',106.628190100000,10.790051700000),('05815a09-85f3-11ea-9959-8c1645373715','Tân Phú, District 7, Ho Chi Minh City, Vietnam',106.726412500000,10.725101400000),('05815a61-85f3-11ea-9959-8c1645373715','Tân Phú Trung, Củ Chi, Ho Chi Minh City, Vietnam',106.541106500000,10.938937500000),('05815ab6-85f3-11ea-9959-8c1645373715','Tân Phú, District 9, Ho Chi Minh City, Vietnam',106.803089200000,10.856965600000),('05815b00-85f3-11ea-9959-8c1645373715','Tân Phước, Quận 10, Hồ Chí Minh, Vietnam',106.663336200000,10.761712700000),('05815b43-85f3-11ea-9959-8c1645373715','Bình Thạnh, Ho Chi Minh City, Vietnam',106.709142200000,10.810583100000),('05815b82-85f3-11ea-9959-8c1645373715','Bình Thành, Bình Hưng Hòa B, Bình Tân, Hồ Chí Minh, Vietnam',106.588417400000,10.806879800000),('05815bd4-85f3-11ea-9959-8c1645373715','368 Bạch Đằng, Phường 14, Bình Thạnh, Hồ Chí Minh, Vietnam',106.698978500000,10.803134000000),('05815c1e-85f3-11ea-9959-8c1645373715','112AB Đinh Tiên Hoàng, Phường 1, Bình Thạnh, Hồ Chí Minh, Vietnam',106.696609300000,10.798054900000),('05815c64-85f3-11ea-9959-8c1645373715','164 Xô Viết Nghệ Tĩnh, Phường 21, Bình Thạnh, Hồ Chí Minh, Vietnam',106.710928700000,10.797424800000),('05815ca7-85f3-11ea-9959-8c1645373715','Phú Nhuận, Ho Chi Minh City, Vietnam',106.680263900000,10.799194400000),('05815d23-85f3-11ea-9959-8c1645373715','5 Hoàng Minh Giám, Phường 9, Phú Nhuận, Hồ Chí Minh, Vietnam',106.675626800000,10.809559400000),('05815d70-85f3-11ea-9959-8c1645373715','274 Nguyễn Trọng Tuyển, Phường 8, Phú Nhuận, Hồ Chí Minh 40503, Vietnam',106.671828000000,10.798203100000),('05815db7-85f3-11ea-9959-8c1645373715','145/9 Nguyễn Văn Trỗi, Phường 11, Phú Nhuận, Hồ Chí Minh, Vietnam',106.676238800000,10.794032900000),('05815e12-85f3-11ea-9959-8c1645373715','82 Trần Huy Liệu, Phường 15, Phú Nhuận, Hồ Chí Minh, Vietnam',106.678094000000,10.794784200000),('05815e59-85f3-11ea-9959-8c1645373715','Bình Tân, Ho Chi Minh City, Vietnam',106.603853500000,10.765258100000),('05815eaa-85f3-11ea-9959-8c1645373715','Hương Lộ 2, Bình Trị Đông A, Bình Tân, Hồ Chí Minh, Vietnam',106.593216400000,10.769046600000),('05815eed-85f3-11ea-9959-8c1645373715','1114 QL1A, Bình Trị Đông B, Bình Tân, Hồ Chí Minh, Vietnam',106.601924300000,10.730651600000),('05815f34-85f3-11ea-9959-8c1645373715','521 Kinh Dương Vương, An Lạc, Bình Tân, Hồ Chí Minh, Vietnam',106.615660500000,10.737207500000),('05815f9d-85f3-11ea-9959-8c1645373715','1 Đường số 48, Tân Tạo, Bình Tân, Hồ Chí Minh, Vietnam',106.598099800000,10.751845300000),('05815feb-85f3-11ea-9959-8c1645373715','Thủ Đức, Ho Chi Minh City, Vietnam',106.753705500000,10.849409400000),('0581603c-85f3-11ea-9959-8c1645373715','27 Đường Số 3, Hiệp Bình Phước, Thủ Đức, Hồ Chí Minh, Vietnam',106.710787200000,10.836314600000),('05816094-85f3-11ea-9959-8c1645373715','54 Đường Gò Dưa, Bình Chiểu, Thủ Đức, Hồ Chí Minh, Vietnam',106.743008000000,10.870593000000),('058160e9-85f3-11ea-9959-8c1645373715','Hoàng Diệu 2, Phường 7, Thủ Đức, Hồ Chí Minh, Vietnam',106.690699000000,10.800623000000);
/*!40000 ALTER TABLE `locations` ENABLE KEYS */;
UNLOCK TABLES;

--
-- Table structure for table `roles`
--

DROP TABLE IF EXISTS `roles`;
/*!40101 SET @saved_cs_client     = @@character_set_client */;
/*!50503 SET character_set_client = utf8mb4 */;
CREATE TABLE `roles` (
  `id` char(36) NOT NULL,
  `roleName` varchar(100) NOT NULL,
  `industry` char(36) NOT NULL,
  `description` varchar(100) NOT NULL,
  PRIMARY KEY (`id`),
  UNIQUE KEY `roleName` (`roleName`),
  KEY `industry` (`industry`),
  CONSTRAINT `roles_ibfk_1` FOREIGN KEY (`industry`) REFERENCES `industries` (`id`)
) ENGINE=InnoDB DEFAULT CHARSET=utf8mb4 COLLATE=utf8mb4_0900_ai_ci;
/*!40101 SET character_set_client = @saved_cs_client */;

--
-- Dumping data for table `roles`
--

LOCK TABLES `roles` WRITE;
/*!40000 ALTER TABLE `roles` DISABLE KEYS */;
INSERT INTO `roles` VALUES ('05801bec-85f3-11ea-9959-8c1645373715','Corporate Directives Technician','057f7169-85f3-11ea-9959-8c1645373715','Similique dignissimos maxime eos.'),('05802bf1-85f3-11ea-9959-8c1645373715','Direct Security Designer','057f71b7-85f3-11ea-9959-8c1645373715','Ducimus est itaque explicabo quisquam et accusamus et qui.'),('05802cfd-85f3-11ea-9959-8c1645373715','Product Operations Technician','057f63c3-85f3-11ea-9959-8c1645373715','Quos tempore qui consequatur.'),('05802daa-85f3-11ea-9959-8c1645373715','Future Communications Facilitator','057f70c0-85f3-11ea-9959-8c1645373715','Quo nihil minus quidem consequuntur voluptate consequatur omnis.'),('05802e53-85f3-11ea-9959-8c1645373715','International Research Developer','057f7204-85f3-11ea-9959-8c1645373715','Sit id cupiditate ipsam.'),('05802f00-85f3-11ea-9959-8c1645373715','Legacy Web Specialist','057f7169-85f3-11ea-9959-8c1645373715','Suscipit est consequatur maxime voluptatem.'),('05802fa6-85f3-11ea-9959-8c1645373715','Future Applications Specialist','057f7204-85f3-11ea-9959-8c1645373715','Aperiam corrupti qui accusantium nam.'),('05803056-85f3-11ea-9959-8c1645373715','Dynamic Security Strategist','057f63c3-85f3-11ea-9959-8c1645373715','Fuga vero ut.'),('058030f8-85f3-11ea-9959-8c1645373715','Internal Factors Developer','057f70c0-85f3-11ea-9959-8c1645373715','Et perspiciatis perferendis est molestiae et facilis qui soluta est.'),('05803197-85f3-11ea-9959-8c1645373715','Chief Functionality Officer','057f70c0-85f3-11ea-9959-8c1645373715','Quam ut incidunt ut esse consequatur quidem.'),('05803240-85f3-11ea-9959-8c1645373715','International Program Representative','057f7204-85f3-11ea-9959-8c1645373715','Soluta occaecati ipsa nesciunt ea maxime doloribus quia.'),('058032e2-85f3-11ea-9959-8c1645373715','Legacy Identity Producer','057f70c0-85f3-11ea-9959-8c1645373715','Neque nobis ipsum.'),('05803388-85f3-11ea-9959-8c1645373715','Senior Usability Executive','057f7169-85f3-11ea-9959-8c1645373715','Enim in molestiae in asperiores ut.'),('05803427-85f3-11ea-9959-8c1645373715','Global Creative Developer','057f71b7-85f3-11ea-9959-8c1645373715','Distinctio eum quae.'),('058034c5-85f3-11ea-9959-8c1645373715','Regional Implementation Officer','057f63c3-85f3-11ea-9959-8c1645373715','Eos tempora voluptates.'),('0580356b-85f3-11ea-9959-8c1645373715','District Research Manager','057f7204-85f3-11ea-9959-8c1645373715','Aut ab distinctio fugit fugit nisi consectetur cumque.'),('05803618-85f3-11ea-9959-8c1645373715','Internal Functionality Liaison','057f7204-85f3-11ea-9959-8c1645373715','Magnam possimus tempora sit.'),('058036cc-85f3-11ea-9959-8c1645373715','District Intranet Designer','057f7204-85f3-11ea-9959-8c1645373715','Maxime dolorem minima ut perferendis sunt fugiat facilis voluptatem aut.'),('0580377c-85f3-11ea-9959-8c1645373715','Legacy Assurance Director','057f71b7-85f3-11ea-9959-8c1645373715','Deserunt saepe iusto totam et corrupti quaerat praesentium.'),('05803817-85f3-11ea-9959-8c1645373715','International Accounts Assistant','057f71b7-85f3-11ea-9959-8c1645373715','Et quibusdam earum cumque sapiente.');
/*!40000 ALTER TABLE `roles` ENABLE KEYS */;
UNLOCK TABLES;

--
-- Table structure for table `users`
--

DROP TABLE IF EXISTS `users`;
/*!40101 SET @saved_cs_client     = @@character_set_client */;
/*!50503 SET character_set_client = utf8mb4 */;
CREATE TABLE `users` (
  `id` char(36) NOT NULL,
  `email` varchar(320) NOT NULL,
  `password` binary(64) NOT NULL,
  `salt` binary(128) NOT NULL,
  `customerId` varchar(30) DEFAULT NULL,
  `userType` enum('employer','employee') DEFAULT NULL,
  `active` tinyint(1) NOT NULL DEFAULT '0',
  `subscriptionId` varchar(30) DEFAULT NULL,
  `resetCode` char(6) NOT NULL DEFAULT '000000',
  PRIMARY KEY (`id`)
) ENGINE=InnoDB DEFAULT CHARSET=utf8mb4 COLLATE=utf8mb4_0900_ai_ci;
/*!40101 SET character_set_client = @saved_cs_client */;

--
-- Dumping data for table `users`
--

LOCK TABLES `users` WRITE;
/*!40000 ALTER TABLE `users` DISABLE KEYS */;
INSERT INTO `users` VALUES ('057dfa15-85f3-11ea-9959-8c1645373715','Beulah_Mann74@yahoo.com',_binary '\(0|\C*L]쁡\HLWcIj\\!f/$61\\\\lȍh\\pBє̀o\N',_binary '7pr4d\\\\\9\6f8pf?8\\ּP\\˂$~1Ru->\S\ʑʭ\4?!Sa\\r\\\'F>\jS\'r_O&CW$p{6vl\c=b)',NULL,'employer',1,NULL,'prkhv1'),('057e0ccd-85f3-11ea-9959-8c1645373715','Creola75@yahoo.com',_binary '8\-l\i=x3@K\V^G\8릩#]\؍_P\5lᖑ\\wv0\Z\ed',_binary '\\Gd_0~4P\[\ج-e|c\h\}\b!\.o&\n(\\"A\\\"\W\eLG\%~Z$\\Z\W\`\\\{0\)\@\}Bp\\}t\',NULL,'employer',1,NULL,'6hc34o'),('057e0dee-85f3-11ea-9959-8c1645373715','Lori.OKon@yahoo.com',_binary 'ub\\R\=zV4\׿\\\/$~N\\̗?eXp\o	X;qRk\:\I=I8\\\'/7橒Lh	1',_binary '\\\U\\XZJx]\\,C(e9\0 ,13\KU\\^Pڶr]*\\4\Z\\Y\χ\1B\"_\\\\XJ	\L\3\\Ex(\\{\\'\#\@|.',NULL,'employer',1,NULL,'1iusjq'),('057e0e77-85f3-11ea-9959-8c1645373715','Ettie87@gmail.com',_binary '\գԕ\\\,0\Zl\D\=l\;e*\c/g<\\(\Z?}-]\}\f\?I\\',_binary 'vjm\llC~\h\<	\h0!/[3PRݲ7IHVzt\kRI|쮀q\SDi	ĩ\l\]=ۢ\Q?^	NV\j:x7V\Sr\$,.\(',NULL,'employer',1,NULL,'8w5ex0'),('057e0f6b-85f3-11ea-9959-8c1645373715','Sidney.Schimmel13@hotmail.com',_binary '㴧\j\m\"C$V\\'o8dP\\\\g\\\HQ\\\u%K\c\\\\\\\Z|\D *Fv\',_binary 'չH\>\11)\=\Z0pfg0\H\2\6\	\BlR\Á*\08\\\\\0m,:hdnR}2rT?5o\\FnT\\Y$\<\M/ \n\\oX\vO]mi^\r\'b7SbOVH',NULL,'employer',1,NULL,'h8288q'),('057e0fe6-85f3-11ea-9959-8c1645373715','Rashawn_Hettinger@yahoo.com',_binary '\RKbq=\\X7f\Zc\\t^1ao\\\\\/0\\'Xs6=$*-oZYdE\Hׅw',_binary '\\Z4\\M\\N8<-]P!mG׺L]g-y\E[37|Ŝ\\\`nIJ\\I(r\n6\\;RLV.b0L\\L \\rl&\F\\dmrc',NULL,'employee',1,NULL,'k22enm'),('057e1057-85f3-11ea-9959-8c1645373715','Tremayne_Johnston40@yahoo.com',_binary '\<U@xHH12\\n)Ӏ\t\\Wp:\0 6]N\cq\n\rO\e{\\3O\\',_binary ' ~\\\2n\jΓ?P\\n{\ZN\r\*^[W\<zb\0\"\\\[h#KSw|N\\;\\[Iز\?7\<)\lc\rFȘ\K\h\JsMB`7!\g<@',NULL,'employee',1,NULL,'rcez2c'),('057e10cb-85f3-11ea-9959-8c1645373715','Benton62@yahoo.com',_binary '\S\Ťh6\n%Jgp#Zy=\?ohP\P:\[\L\KϠ\:\e	k\\\',_binary '9s! \I`܀\Vm\Z{\Z<!\\\\\okE\SC.*\'Sa3KF\(\օS+\\Y̻2)9 o\J+\'\\"u\*9By\\̼md!\r\^\?g4\\',NULL,'employee',1,NULL,'78w11y'),('057e1178-85f3-11ea-9959-8c1645373715','Estelle29@gmail.com',_binary '\\AgE\H\q;\qJϋc\\Z3~\?oɖ\\D\\x\]Tۮ\\n2^\\OT',_binary '\g&1\b+\Ti\\jqOO^]el\A5\F `\\0%S>Td\\\-7\nG\\\\"}\0`\X\-\\\g\<\o\7%\ZQP+\'\\gr\Z[?R\\\zKH:7Ė',NULL,'employee',1,NULL,'sy8hg3'),('057e1213-85f3-11ea-9959-8c1645373715','Lane_Towne9@hotmail.com',_binary '\|\\W\\np)_@Ϋ\'\n\X\N_\k\./a\&j\\n$B<JLK?H',_binary 'Z\q\\\\_P>a\4;\::\\yt\e8\\8\\\\	LT(=\uƅM&\d\S:9\\\	}%`t՘E\n\\m\Z{\mg(\=}\H\\}P\`~\\/-',NULL,'employee',1,NULL,'dcydw8'),('057e132d-85f3-11ea-9959-8c1645373715','Ebony43@yahoo.com',_binary ':\*.\l\Z\I*\:w\P_\\fh`$\Z\n\\1-Bsw\	=í6\瀞a',_binary '\\3f\	ƚG\\6tqx\f\vd^\5ZS\w\\'\\C\\x;\唽\\\[q\rg\$^8v\\5\"nG\n;\1>\ń\\aDGN*\,zgL\D]ŘĐ4tA\\',NULL,'employee',1,NULL,'f48ciu'),('057e13de-85f3-11ea-9959-8c1645373715','Kaelyn_Mann@yahoo.com',_binary '\Z͑*s\z\\ÀVZ(\ifQM\\\Rl9x\8;=\o\\pM^H\&o\V.\_\',_binary '\PCL\Ѳ\\kZ\$F\\փut\2.\J\\c{\5}\m]\Z|mguk+,\\\\'#WXC(\R^>?\PE\Oe@\~ \Z\\\\n>Ԍ:E\AϾr&g#~\*',NULL,'employee',1,NULL,'uact30'),('057e14a0-85f3-11ea-9959-8c1645373715','Telly.Kohler49@hotmail.com',_binary 'Bc\Ԕ\:\1\}@nBg\?\\sz\\A8\}\yG\\P魈,J#',_binary 'R(vg/Y\YK\\\:\#F~%*x9UIp/d0\\Fƥ*7\\xM	ו\T\\D4uo\\\t	\_\}jgζ[8\"_T\tBs:\|qC\\W\@\p}\\\ij\\',NULL,'employee',1,NULL,'o00vbz'),('057e159a-85f3-11ea-9959-8c1645373715','Shanny10@yahoo.com',_binary '\=I:}\<\\̄?<jB\28۱\\_\\WqX&\\\\\ڑƫ\\\rP\G\\\?;:',_binary '59@^*0$D\n\Yo\׾ަx)\\+\Ȱ\\0.:B4\\j\Y\Z\\q	pK6tEu\j9\\r9!\i\\\*a61\@\\~\\<\-\\Rq\0xS׋\xD\%7n',NULL,'employee',1,NULL,'iuojvd'),('057e165c-85f3-11ea-9959-8c1645373715','Rosalinda90@yahoo.com',_binary '\\)f\\g\F\\L\\܍O\\qrɕ\=Ҭ\۴F\)\~ᣙF\}ߑ\\(',_binary '\" 76ȧ9\\ѧvû淭X\/6xfjjv\Y\o\!\>\\\\@C|T\t\\O\f\OX&\/\\\ZGV\iRH>$QLޠ׶\\Ts\c',NULL,'employee',1,NULL,'n1sewi'),('057e17ee-85f3-11ea-9959-8c1645373715','Reilly62@gmail.com',_binary '6I+\i\@n\B t4\@\TE\rGsH/0\j*K \!/{נ&\\\R\#\ra',_binary 'l\.R^\|H\;\NK\pc|.06}i\\X\\!\'&)%sgv\Vi:\\ʣ¦\]LѪX\m87As̈́k\0 0\\\cA3HD\B;i\\2\e\q\T\',NULL,'employee',1,NULL,'mm7c8j'),('057e18d0-85f3-11ea-9959-8c1645373715','Lon8@hotmail.com',_binary '\VxK~.@\㞧mp\e\~L\喏#\\\\|\\\e\ui\4\la!U8\\U',_binary '_lP%=\CTPp\lГ\\\\^p\tp3ױ,Z5V\JK\\s\:rEygV\(I\p\o\\\1\\ÙF\@g.\r ENJ\cOX\Jz\n+\ΞM̐q+\r',NULL,'employee',1,NULL,'4p8ckn'),('057e1af9-85f3-11ea-9959-8c1645373715','Anne91@gmail.com',_binary '\\0!ʳB5c%ZjI\[{\\6Vv\\`\\(8S\"\W[?A\}XIWj)?',_binary 'B\\@j0\V8WO:`\\\Qь\4f]n\\$\\\\+\\ߙ\LL\}Sr(A\\S\7\\}^.\\w\\0ȞɃOFfO>\\\Lk\-\0\\n\\MP',NULL,'employee',1,NULL,'zient4'),('057e1b83-85f3-11ea-9959-8c1645373715','Adriel.Bins@hotmail.com',_binary '\"0\$n\m4Q8E\"\a[\\>{X&\\\\\D\:I\FۙuJ\8O',_binary 'Q\d7Vo\\f\@P\ox\\V\j\j\\ګ4\\\\\DATz\\r\\n0W\\)H+qx\r\x\>yp>.A\n\.\cn鑾xj\ўę|\j|C4`\Ė',NULL,'employee',1,NULL,'8gtlhq'),('057e1bf4-85f3-11ea-9959-8c1645373715','Sonny.Kertzmann59@yahoo.com',_binary '\bJ\r/vZ:kw\\Ȟ,\\ q\\@\ZRv#C\ =k<`\rk2R',_binary 'QK\5\\\0ݟ\ВN\,pD-{wz[84Y\FA&\'\9\vj\\n7H\\&+M-g\\Z͑\0gٔyMh\P*M\]\x^8IR\^\L\$8)(',NULL,'employee',1,NULL,'tehamu'),('057e1c61-85f3-11ea-9959-8c1645373715','Sid55@hotmail.com',_binary '^*u\I\NjvY\\\Z(YH5\W3K-$*<1\<=4\Q\2\M7 \\7\-',_binary 'Yj|-ZJwR#\\an\\\j!\\RhbB1s\8_V_S\\A/*¼p\\Бj\\$Y\F,9g4H~#(Gױ\\\\\ڞ\u\wMNT\Y\\x\9M\\X\j',NULL,'employee',1,NULL,'rr88j2'),('057e1cce-85f3-11ea-9959-8c1645373715','Dena83@yahoo.com',_binary '68몆*\\\U\nG\0\R|*&g\%\E0ߋ\S\L{\/@xB\\n\n',_binary '&8\0\\Z\*x8\<vMI\r95_%Z5\|WM[\ZEh\\L؉D_\ZZ\'}u6@/3_\~D\Z\`ᬡ@f\\\gE\!Rp/|hB\ѥ\za`b.',NULL,'employee',1,NULL,'0ia506'),('057e1d38-85f3-11ea-9959-8c1645373715','Dennis48@yahoo.com',_binary '^\麌V\\"!\Z>{\Zٛ2G\Vz\U\\ǹ\'\RJU̬y^%n%owM\*h(G)U7S',_binary '#G\\0Nz\+n?u\>m\\~\oCI\Dk/)\\-\!~\2{WBUIjsb>.d3\Z<\Σ\\9\lZ^\ZA\[h\rIg:m\x\1l\\?bry-\=',NULL,'employee',1,NULL,'qjrn0o'),('057e1d9e-85f3-11ea-9959-8c1645373715','Alexandre_Hintz@yahoo.com',_binary 'TֿMrT.yʸa/醤C\,\0j]!I\\nX+=\\3\Kq]9',_binary '\u\	,\\3Gw\\"i>qVv\Z+)vвds-c\\\\Me:+WJ|+	&s	oD/\\40S2\Tg4wjj8\\o\AFs\\'H\\c0)+M`B|[',NULL,'employee',1,NULL,'ge5n0w'),('057e1e16-85f3-11ea-9959-8c1645373715','Hudson.Parisian91@gmail.com',_binary 'O\}\ZP.\\\tH\r\',	\K\6;SO\/ l\2^ivK\¡\w\뭾s\\"\ȃ\',_binary 'ʄgEvUa\\-xIEG%r5l$\\k\\\\*~۰\!\S\\\\\wjZWҊ_܏c@\h\ѽ\\6\}\x˒\\9p+]+Z',NULL,'employee',1,NULL,'igfntc'),('057e1e80-85f3-11ea-9959-8c1645373715','Rahsaan_Mraz@yahoo.com',_binary '3N=b\(\ccb1o\\ZǢqW	zR/TWf\\6XT\h\'\s\_Q8S',_binary '=O\+\\\BėhX\\Y\yPX9N\~>l|\hr)U\gX\\R\@\V\\\*ɹ\$|\Oǅ:Z`\\\0\W=\*9o\\*^\}Xi\\\r:',NULL,'employee',1,NULL,'9boc9m'),('057e1f77-85f3-11ea-9959-8c1645373715','Alda64@hotmail.com',_binary '\7[!~\s:,Yd\ѫ5H㇆\\#Q\Z\'Ɲ$\eRR\\\,v\\',_binary '0(\9\E\\\H\Y\'{[80\\A\9\')9\n\0\;P\ߵ\t\Hw	PCE&Zv\rHž\4~N]Hڧ\Y\|\s[;2\,\\A\n^=\ \\r\Z',NULL,'employee',1,NULL,'22c0h5'),('057e1feb-85f3-11ea-9959-8c1645373715','Leland84@gmail.com',_binary '$ay:XOc\r<ob>\3TC\]*\WW[Dvq\\_vVÿ\\\^\\',_binary '\*\F$;gS\bh@Ysk\\􃵸\n\"\n%~\\b\i8\"5l{پӎy\ZUH\\ֺ\"\~aW{ĭ;,V\iRo\=\\\\<^\	(x>s\Yp+\rV\D|+M}',NULL,'employee',1,NULL,'bepac3'),('057e2055-85f3-11ea-9959-8c1645373715','Madisyn.Howell@hotmail.com',_binary '&S\\4~\0	\\Z\Z\tWv\ٿy\c\wp\˲9(\6N!\\\`\',_binary '\DUf\0I\7N<>a)u?\\\"@\\\\\XY\L\0\8l)\ZYY\\x\MԛkZ@Z\\L-\\\A>3kΓVqHS:\Z\0(\Z2\Ht\gПF\XbBtp\ \OQ',NULL,'employee',1,NULL,'nk75s8'),('057e20b8-85f3-11ea-9959-8c1645373715','Edmond45@hotmail.com',_binary '\[\\W\\\\\n:k\;\'v\\\x=\\PDU䔨܅>\\n䩂?ĉ',_binary 'T){7޳eJ\IR\dY|\l\-\\=-\ZJ`[d>6M09\d!\\\\&\R8F\ksN\\Z\"\Ͼ\J@d\Fܳrp\j]3u\r)ï\.U`\DO/2̺C\',NULL,'employee',1,NULL,'rwv8zg'),('057e2128-85f3-11ea-9959-8c1645373715','Andreanne_Swaniawski38@gmail.com',_binary ')_Khכ	Rsq\Z|E׏-7ܟ\\2\z\V\	沣\.t\N#',_binary ' TNcj>6PNr]\3@*iMO.\{\\ZJ	Z5<	\\ml!s1¼PƘ\\J\&m\nS;\B\n\\\KԈb&\^\\\jJHUF6us\"l\',NULL,'employee',1,NULL,'2fm7ln'),('057e21cb-85f3-11ea-9959-8c1645373715','Ramiro.Conn52@hotmail.com',_binary 'dh46\ĥ9\un\!\\n\W\QHp񂀠Ј5+ސ\\өZzY\\l\rJ~',_binary 'a\r\o,\ =\'hm\"ε>vE,P$x\B%жAc=q\@\jfl\:\Q\Q\O\\\G8~Lܞʷq\]Xl%)\\} Q\\LAM\P\\',NULL,'employee',1,NULL,'acozjj'),('057e2243-85f3-11ea-9959-8c1645373715','Zander55@gmail.com',_binary 'Sk{\0MYk\x\\\	0++}@ˤ\>\ץ\H\)2b}	M\',_binary '\0kų<J\\ƞw=\\-E#mDU[\H\\LN\\0\\hYl8\'\\\_\0*7ގQwE^\j塴&o\'Ë\R\vc~`Q\#ݝ\+\r3\[+',NULL,'employee',1,NULL,'k2somu'),('057e22ba-85f3-11ea-9959-8c1645373715','Mekhi62@yahoo.com',_binary '\-k\\\	p\]\\\5\ﭬ\tZՖ\1qo&\f\\\d',_binary 'ͥA\\$B%k\\_C˖\7g_6Yh\h\{{y\\-<\E\\F\\=+\\QQ\YZ36n\ӎDU.D뙐\rp6\*b/ۭ\J\\D\I\\\Xh^[@',NULL,'employee',1,NULL,'082gzv'),('057e23df-85f3-11ea-9959-8c1645373715','Ernestina.Skiles71@gmail.com',_binary 'xsW޺\\M+p>mTlv-Lg\\\j$u[ƭG\\\7o=\Av\Z?Y\\E\q',_binary '\bÓ18t0\ј6\\W<+\\36Xk?+\;t `e;(\\\N@rx_Ħ\qƄ\y|a\_Soŧ\'jP\]\\K\a&\wMQ?!xzfƾ\\',NULL,'employee',1,NULL,'emxlur'),('057e2477-85f3-11ea-9959-8c1645373715','Vida_Kunde90@gmail.com',_binary '\8Gݧ\\&^\rژ̮P\\u\\\\\\1RtVl#B\r\/s\ms3S߾b]',_binary '\\?~\Iu.:\\n7\*E3c񰴭f\$\Z\\\/]\\?}k\p:\\\PD\\馣\ڊ\B3]W8W0U4+.(d$i\@A\rgJ\E\2=Z`',NULL,'employee',1,NULL,'781rl6'),('057e24e4-85f3-11ea-9959-8c1645373715','Ciara_Tromp@yahoo.com',_binary '/=\ǮŐMcF\M	I\ۺ\&jl\nbS/\ǽJN\N`\0Ǿ0\\_ZH\',_binary '\\\zqL1\\\jo[R\sa\" JXc\\\\֩\ܥ\\j@vWeC\8i89\\{\]g\gs\\Z\)sN\nE\\\x6j1v^\U\"SRY8<s6\I\',NULL,'employee',1,NULL,'3u6c8v'),('057e2544-85f3-11ea-9959-8c1645373715','Gerhard.Roob@yahoo.com',_binary '#\l:2&:d5\_F)\"\\Z\@O#H\\"\P\\"r\'\9(x\"\\=!',_binary '@]c%\OߙHHIk9\=|)\Sj&[X\2̢/v\\N\e6{¼s\_W+yh]\\\\=2uF\c<Ӵ\/&-\ycTm\r\4ux\\\H#\}vw',NULL,'employee',1,NULL,'6lninh'),('057e25b5-85f3-11ea-9959-8c1645373715','Brianne_Willms42@gmail.com',_binary '\5\b\Ǘ`\[ǄX2qŬ]jL\"+k}\\\\)\\7\\Ľ\U\4{',_binary '\\\\KN\צ\v\	\\Iڵ\\\\aUyY\\I3f9P\Ph>9:\玜pd֭\Ӛf6\"o_\AnH \rajJ\@g?Lén\0[/RVC',NULL,'employee',1,NULL,'l7oeqe'),('057e261b-85f3-11ea-9959-8c1645373715','Brandon.Herzog61@yahoo.com',_binary 'k=R)ֵ\菝sL;ٖj\QҲm\N`D-\\7Ǔl\Ù\\\:9]M',_binary 'MEC\YCǻG0s\\\\9]\\\54ux\r8KWQ0\"#-\sZ#T\03rmNM\Ε\\E\d-\"Q(J!w\\\R)*\m\-\nⳓR8ܐ\\\4\Ps\',NULL,'employee',1,NULL,'9hv7fy'),('057e267a-85f3-11ea-9959-8c1645373715','Raoul54@gmail.com',_binary '^VͰ V#;}3S\ZvfٖF|XW3\\n:\\Q\\'c\5u_d',_binary 'w9#\B\#\$\Rf\=D%\\|Ľ\\>#\\\^%0>\R\qb-\0\sƾ\\-\g\"\GPnX\B\\\~//\8y5\\WX	\^x:\\מ\\\YXI\\\w9u\\\',NULL,'employee',1,NULL,'6olufo'),('057e26eb-85f3-11ea-9959-8c1645373715','Shyann_Barton@gmail.com',_binary '\\6\6\\\\\B%.K\\T5(\g\\9/q\	\ĵe:@\B\\nG\^\I',_binary '	\Ql\ح1\'i5L}Nl):\\`\(\\Z\\Bd0N\Z\HPxD3*\?<xw5@ϚWdfE&\\\\r_\\\\K\Do\\*-d\n\{g\rhN',NULL,'employee',1,NULL,'5alved'),('057e2758-85f3-11ea-9959-8c1645373715','Enid_Schimmel@gmail.com',_binary '\DwS`\PcAzf\\{̛T/D:\ܚ\U\\\\`8e	\A\\\Q\"\WS0?',_binary '%qKg\ݱӺ\H2H\\*ubow\e`3\+h_AY\a\6\0b\^\8\Ix\\aj<c`5\V\\\\:_\>\\\x\n S4\g~\b\\Q',NULL,'employee',1,NULL,'licjj9'),('057e27bb-85f3-11ea-9959-8c1645373715','Bruce_Mitchell@hotmail.com',_binary '\\\\</\\Y\'h19\9k	L\~Zȑ\\#H\,\n5~\\\\)xD\\',_binary 'A\9\{Y\<̓\\.x\p\Ǩm\14+竚۠|\\Z\\RPr/5_\t\\u,\[J(λ\\}m\u`\m\rw\Fz(_\\#I+\},Y\3\\Z=n',NULL,'employee',1,NULL,'e0fwce'),('057e2821-85f3-11ea-9959-8c1645373715','Janet_Kunze66@hotmail.com',_binary '߅[D\WքP\\\i\\\X4AȠW\I\'\\_L%1D\Zu\D,u',_binary '`*!UV\PDh4\ IU\\>\i.s\1\00\\\-l&U\ZvF\\l\\W\0\m\\\\0+JWvcFASQn.\F\\m\2#\L\\qq\M&0*',NULL,'employee',1,NULL,'h63sob'),('057e2884-85f3-11ea-9959-8c1645373715','Florence_Ferry73@hotmail.com',_binary '~\zhk#\\ҸLM]C\88\:\ɾ@e\d\'内4\\q5YO\\p\\',_binary '\\\\Qwǥ\\\5T\\\S\\nX*0\Kp|\wƓ\"\\nn\\m\|	QCp\\-E\3䓁l\Hߌ\\!.z\\J\Nr\$F2\K![;\u}\\\',NULL,'employee',1,NULL,'8c2aam'),('057e2a63-85f3-11ea-9959-8c1645373715','Marquis.Walter@gmail.com',_binary '\\\\r\<\'@\\Lо~\\C\dx\N\5\GO`7\\\IFM\\"/\=E',_binary '{\6D>\nGbC_\	Y{\	\\9Sؑu\%<\Ys\\\X\0j \\Z\Ҍ;tv\:-$kC\\\N&UY	\)Y6d~;ڏi50-\eW$s\tݕá,̯F6*s?L)Y]',NULL,'employee',1,NULL,'gb4r7d'),('057e2b4c-85f3-11ea-9959-8c1645373715','Kamryn.Luettgen65@gmail.com',_binary '/oFlV\\\\a-\6ʹԂ8\kRP.*\q|_᫭_M\',_binary 'eK\\jZ\	\fP8\kz5#<YbewsgHq@\eo쒠4G4ͯthωp\\w\"0+\\n@Z|e2\\@\Ǝ\ן\q\=$UFOu>\>7Cvwn2',NULL,'employee',1,NULL,'nufwdf'),('057e2c3c-85f3-11ea-9959-8c1645373715','Ethyl.Streich2@hotmail.com',_binary '\\FO\\\1oܝ\%-\kuN\0t\6\n	ϒ:\{j\5\\H\"\:\N',_binary '6\1\॥>oES\\S?\,\0>\'!dx`cƫ8\"D\B$\+f\ݓ\VM\'KIV\؄w͊tb#\n2\Z`>\$nsm\j\PN',NULL,'employee',1,NULL,'wauqbu'),('057e2d33-85f3-11ea-9959-8c1645373715','Marilou_Quigley82@yahoo.com',_binary '$Pi_ؾ\\/g\Z\\\wWVJ\\6\\\;WA\X\R3~Imc{*Rq%Ƹ\\',_binary 'I!\\\Y#\Yy\\jaq\\\'9J\pd\\v\\#\%\\"H0\kMHPRO\d9u\'\$\&;x\]^Z˃В\ڗy|f1R\4\\\\cM{\\g\[N',NULL,'employee',1,NULL,'7h8az5');
/*!40000 ALTER TABLE `users` ENABLE KEYS */;
UNLOCK TABLES;
/*!40103 SET TIME_ZONE=@OLD_TIME_ZONE */;

/*!40101 SET SQL_MODE=@OLD_SQL_MODE */;
/*!40014 SET FOREIGN_KEY_CHECKS=@OLD_FOREIGN_KEY_CHECKS */;
/*!40014 SET UNIQUE_CHECKS=@OLD_UNIQUE_CHECKS */;
/*!40101 SET CHARACTER_SET_CLIENT=@OLD_CHARACTER_SET_CLIENT */;
/*!40101 SET CHARACTER_SET_RESULTS=@OLD_CHARACTER_SET_RESULTS */;
/*!40101 SET COLLATION_CONNECTION=@OLD_COLLATION_CONNECTION */;
/*!40111 SET SQL_NOTES=@OLD_SQL_NOTES */;

-- Dump completed on 2020-04-24 13:26:49
