-- MySQL dump 10.13  Distrib 8.0.19, for Win64 (x86_64)
--
-- Host: localhost    Database: recruiter
-- ------------------------------------------------------
-- Server version	8.0.19

/*!40101 SET @OLD_CHARACTER_SET_CLIENT=@@CHARACTER_SET_CLIENT */;
/*!40101 SET @OLD_CHARACTER_SET_RESULTS=@@CHARACTER_SET_RESULTS */;
/*!40101 SET @OLD_COLLATION_CONNECTION=@@COLLATION_CONNECTION */;
/*!50503 SET NAMES utf8mb4 */;
/*!40103 SET @OLD_TIME_ZONE=@@TIME_ZONE */;
/*!40103 SET TIME_ZONE='+00:00' */;
/*!40014 SET @OLD_UNIQUE_CHECKS=@@UNIQUE_CHECKS, UNIQUE_CHECKS=0 */;
/*!40014 SET @OLD_FOREIGN_KEY_CHECKS=@@FOREIGN_KEY_CHECKS, FOREIGN_KEY_CHECKS=0 */;
/*!40101 SET @OLD_SQL_MODE=@@SQL_MODE, SQL_MODE='NO_AUTO_VALUE_ON_ZERO' */;
/*!40111 SET @OLD_SQL_NOTES=@@SQL_NOTES, SQL_NOTES=0 */;

--
-- Table structure for table `desiredlocations`
--

DROP TABLE IF EXISTS `desiredlocations`;
/*!40101 SET @saved_cs_client     = @@character_set_client */;
/*!50503 SET character_set_client = utf8mb4 */;
CREATE TABLE `desiredlocations` (
  `employee` char(36) NOT NULL,
  `locationId` char(36) NOT NULL,
  PRIMARY KEY (`employee`,`locationId`),
  KEY `locationId` (`locationId`),
  CONSTRAINT `desiredlocations_ibfk_1` FOREIGN KEY (`employee`) REFERENCES `employees` (`id`),
  CONSTRAINT `desiredlocations_ibfk_2` FOREIGN KEY (`locationId`) REFERENCES `locations` (`id`)
) ENGINE=InnoDB DEFAULT CHARSET=utf8mb4 COLLATE=utf8mb4_0900_ai_ci;
/*!40101 SET character_set_client = @saved_cs_client */;

--
-- Dumping data for table `desiredlocations`
--

LOCK TABLES `desiredlocations` WRITE;
/*!40000 ALTER TABLE `desiredlocations` DISABLE KEYS */;
INSERT INTO `desiredlocations` VALUES ('cd0ba0bd-7e84-11ea-8f79-8c1645373715','cd0f3298-7e84-11ea-8f79-8c1645373715'),('cd0ba5e0-7e84-11ea-8f79-8c1645373715','cd0f3298-7e84-11ea-8f79-8c1645373715'),('cd0bac7d-7e84-11ea-8f79-8c1645373715','cd0f3298-7e84-11ea-8f79-8c1645373715'),('cd0ba9d4-7e84-11ea-8f79-8c1645373715','cd0f3f0c-7e84-11ea-8f79-8c1645373715'),('cd0bb238-7e84-11ea-8f79-8c1645373715','cd0f3f0c-7e84-11ea-8f79-8c1645373715'),('cd0bb294-7e84-11ea-8f79-8c1645373715','cd0f3f0c-7e84-11ea-8f79-8c1645373715'),('cd0ba2b9-7e84-11ea-8f79-8c1645373715','cd0f3ff4-7e84-11ea-8f79-8c1645373715'),('cd0bb0de-7e84-11ea-8f79-8c1645373715','cd0f3ff4-7e84-11ea-8f79-8c1645373715'),('cd0ba745-7e84-11ea-8f79-8c1645373715','cd0f4062-7e84-11ea-8f79-8c1645373715'),('cd0baaa4-7e84-11ea-8f79-8c1645373715','cd0f4062-7e84-11ea-8f79-8c1645373715'),('cd0bab0e-7e84-11ea-8f79-8c1645373715','cd0f4062-7e84-11ea-8f79-8c1645373715'),('cd0bacf5-7e84-11ea-8f79-8c1645373715','cd0f4062-7e84-11ea-8f79-8c1645373715'),('cd0bb0de-7e84-11ea-8f79-8c1645373715','cd0f4062-7e84-11ea-8f79-8c1645373715'),('cd0bb294-7e84-11ea-8f79-8c1645373715','cd0f4062-7e84-11ea-8f79-8c1645373715'),('cd0babe2-7e84-11ea-8f79-8c1645373715','cd0f40dd-7e84-11ea-8f79-8c1645373715'),('cd0bb153-7e84-11ea-8f79-8c1645373715','cd0f414a-7e84-11ea-8f79-8c1645373715'),('cd0bb294-7e84-11ea-8f79-8c1645373715','cd0f41cd-7e84-11ea-8f79-8c1645373715'),('cd0bb380-7e84-11ea-8f79-8c1645373715','cd0f41cd-7e84-11ea-8f79-8c1645373715'),('cd0ba3a2-7e84-11ea-8f79-8c1645373715','cd0f422c-7e84-11ea-8f79-8c1645373715'),('cd0ba745-7e84-11ea-8f79-8c1645373715','cd0f422c-7e84-11ea-8f79-8c1645373715'),('cd0ba1a9-7e84-11ea-8f79-8c1645373715','cd0f42ab-7e84-11ea-8f79-8c1645373715'),('cd0ba6d0-7e84-11ea-8f79-8c1645373715','cd0f42ab-7e84-11ea-8f79-8c1645373715'),('cd0ba745-7e84-11ea-8f79-8c1645373715','cd0f42ab-7e84-11ea-8f79-8c1645373715'),('cd0bb1c7-7e84-11ea-8f79-8c1645373715','cd0f42ab-7e84-11ea-8f79-8c1645373715'),('cd0bb238-7e84-11ea-8f79-8c1645373715','cd0f42ab-7e84-11ea-8f79-8c1645373715'),('cd0ba7ab-7e84-11ea-8f79-8c1645373715','cd0f431c-7e84-11ea-8f79-8c1645373715'),('cd0baf96-7e84-11ea-8f79-8c1645373715','cd0f431c-7e84-11ea-8f79-8c1645373715'),('cd0bb437-7e84-11ea-8f79-8c1645373715','cd0f431c-7e84-11ea-8f79-8c1645373715'),('cd0ba3a2-7e84-11ea-8f79-8c1645373715','cd0f4377-7e84-11ea-8f79-8c1645373715'),('cd0ba65c-7e84-11ea-8f79-8c1645373715','cd0f4377-7e84-11ea-8f79-8c1645373715'),('cd0bab7f-7e84-11ea-8f79-8c1645373715','cd0f4377-7e84-11ea-8f79-8c1645373715'),('cd0bad54-7e84-11ea-8f79-8c1645373715','cd0f4377-7e84-11ea-8f79-8c1645373715'),('cd0ba6d0-7e84-11ea-8f79-8c1645373715','cd0f43ef-7e84-11ea-8f79-8c1645373715'),('cd0ba7ab-7e84-11ea-8f79-8c1645373715','cd0f43ef-7e84-11ea-8f79-8c1645373715'),('cd0badda-7e84-11ea-8f79-8c1645373715','cd0f43ef-7e84-11ea-8f79-8c1645373715'),('cd0bb07f-7e84-11ea-8f79-8c1645373715','cd0f43ef-7e84-11ea-8f79-8c1645373715'),('cd0ba2b9-7e84-11ea-8f79-8c1645373715','cd0f444b-7e84-11ea-8f79-8c1645373715'),('cd0ba88c-7e84-11ea-8f79-8c1645373715','cd0f444b-7e84-11ea-8f79-8c1645373715'),('cd0ba8fa-7e84-11ea-8f79-8c1645373715','cd0f444b-7e84-11ea-8f79-8c1645373715'),('cd0bad54-7e84-11ea-8f79-8c1645373715','cd0f444b-7e84-11ea-8f79-8c1645373715'),('cd0baf96-7e84-11ea-8f79-8c1645373715','cd0f444b-7e84-11ea-8f79-8c1645373715'),('cd0ba0bd-7e84-11ea-8f79-8c1645373715','cd0f44b8-7e84-11ea-8f79-8c1645373715'),('cd0ba135-7e84-11ea-8f79-8c1645373715','cd0f44b8-7e84-11ea-8f79-8c1645373715'),('cd0ba570-7e84-11ea-8f79-8c1645373715','cd0f44b8-7e84-11ea-8f79-8c1645373715'),('cd0baaa4-7e84-11ea-8f79-8c1645373715','cd0f44b8-7e84-11ea-8f79-8c1645373715'),('cd0baebc-7e84-11ea-8f79-8c1645373715','cd0f44b8-7e84-11ea-8f79-8c1645373715'),('cd0baf96-7e84-11ea-8f79-8c1645373715','cd0f44b8-7e84-11ea-8f79-8c1645373715'),('cd0bb00e-7e84-11ea-8f79-8c1645373715','cd0f44b8-7e84-11ea-8f79-8c1645373715'),('cd0bb1c7-7e84-11ea-8f79-8c1645373715','cd0f44b8-7e84-11ea-8f79-8c1645373715'),('cd0bb238-7e84-11ea-8f79-8c1645373715','cd0f44b8-7e84-11ea-8f79-8c1645373715'),('cd0ba3a2-7e84-11ea-8f79-8c1645373715','cd0f4514-7e84-11ea-8f79-8c1645373715'),('cd0baa45-7e84-11ea-8f79-8c1645373715','cd0f4514-7e84-11ea-8f79-8c1645373715'),('cd0bb30b-7e84-11ea-8f79-8c1645373715','cd0f4514-7e84-11ea-8f79-8c1645373715'),('cd0bb3db-7e84-11ea-8f79-8c1645373715','cd0f4514-7e84-11ea-8f79-8c1645373715'),('cd0ba48a-7e84-11ea-8f79-8c1645373715','cd0f4581-7e84-11ea-8f79-8c1645373715'),('cd0ba24c-7e84-11ea-8f79-8c1645373715','cd0f45dd-7e84-11ea-8f79-8c1645373715'),('cd0baf96-7e84-11ea-8f79-8c1645373715','cd0f45dd-7e84-11ea-8f79-8c1645373715'),('cd0bb07f-7e84-11ea-8f79-8c1645373715','cd0f45dd-7e84-11ea-8f79-8c1645373715'),('cd0ba8fa-7e84-11ea-8f79-8c1645373715','cd0f465f-7e84-11ea-8f79-8c1645373715'),('cd0bb380-7e84-11ea-8f79-8c1645373715','cd0f465f-7e84-11ea-8f79-8c1645373715'),('cd0ba5e0-7e84-11ea-8f79-8c1645373715','cd0f472c-7e84-11ea-8f79-8c1645373715'),('cd0babe2-7e84-11ea-8f79-8c1645373715','cd0f472c-7e84-11ea-8f79-8c1645373715'),('cd0ba412-7e84-11ea-8f79-8c1645373715','cd0f4784-7e84-11ea-8f79-8c1645373715'),('cd0ba135-7e84-11ea-8f79-8c1645373715','cd0f47f5-7e84-11ea-8f79-8c1645373715'),('cd0ba48a-7e84-11ea-8f79-8c1645373715','cd0f47f5-7e84-11ea-8f79-8c1645373715'),('cd0ba4fb-7e84-11ea-8f79-8c1645373715','cd0f47f5-7e84-11ea-8f79-8c1645373715'),('cd0bb07f-7e84-11ea-8f79-8c1645373715','cd0f47f5-7e84-11ea-8f79-8c1645373715'),('cd0bb3db-7e84-11ea-8f79-8c1645373715','cd0f47f5-7e84-11ea-8f79-8c1645373715'),('cd0ba7ab-7e84-11ea-8f79-8c1645373715','cd0f4851-7e84-11ea-8f79-8c1645373715'),('cd0baa45-7e84-11ea-8f79-8c1645373715','cd0f4851-7e84-11ea-8f79-8c1645373715'),('cd0ba4fb-7e84-11ea-8f79-8c1645373715','cd0f48d0-7e84-11ea-8f79-8c1645373715'),('cd0ba745-7e84-11ea-8f79-8c1645373715','cd0f48d0-7e84-11ea-8f79-8c1645373715'),('cd0ba9d4-7e84-11ea-8f79-8c1645373715','cd0f48d0-7e84-11ea-8f79-8c1645373715'),('cd0baaa4-7e84-11ea-8f79-8c1645373715','cd0f48d0-7e84-11ea-8f79-8c1645373715'),('cd0ba65c-7e84-11ea-8f79-8c1645373715','cd0f4952-7e84-11ea-8f79-8c1645373715'),('cd0ba8fa-7e84-11ea-8f79-8c1645373715','cd0f4952-7e84-11ea-8f79-8c1645373715'),('cd0bb0de-7e84-11ea-8f79-8c1645373715','cd0f4952-7e84-11ea-8f79-8c1645373715'),('cd0ba0bd-7e84-11ea-8f79-8c1645373715','cd0f49b5-7e84-11ea-8f79-8c1645373715'),('cd0ba412-7e84-11ea-8f79-8c1645373715','cd0f49b5-7e84-11ea-8f79-8c1645373715'),('cd0ba81f-7e84-11ea-8f79-8c1645373715','cd0f49b5-7e84-11ea-8f79-8c1645373715'),('cd0bac7d-7e84-11ea-8f79-8c1645373715','cd0f49b5-7e84-11ea-8f79-8c1645373715'),('cd0bb294-7e84-11ea-8f79-8c1645373715','cd0f49b5-7e84-11ea-8f79-8c1645373715'),('cd0ba1a9-7e84-11ea-8f79-8c1645373715','cd0f4a22-7e84-11ea-8f79-8c1645373715'),('cd0ba5e0-7e84-11ea-8f79-8c1645373715','cd0f4a22-7e84-11ea-8f79-8c1645373715'),('cd0baf22-7e84-11ea-8f79-8c1645373715','cd0f4a22-7e84-11ea-8f79-8c1645373715'),('cd0bb294-7e84-11ea-8f79-8c1645373715','cd0f4a22-7e84-11ea-8f79-8c1645373715'),('cd0bacf5-7e84-11ea-8f79-8c1645373715','cd0f4ae8-7e84-11ea-8f79-8c1645373715'),('cd0ba4fb-7e84-11ea-8f79-8c1645373715','cd0f4b43-7e84-11ea-8f79-8c1645373715'),('cd0ba8fa-7e84-11ea-8f79-8c1645373715','cd0f4b43-7e84-11ea-8f79-8c1645373715'),('cd0baebc-7e84-11ea-8f79-8c1645373715','cd0f4b43-7e84-11ea-8f79-8c1645373715'),('cd0bb153-7e84-11ea-8f79-8c1645373715','cd0f4b43-7e84-11ea-8f79-8c1645373715'),('cd0bb30b-7e84-11ea-8f79-8c1645373715','cd0f4b43-7e84-11ea-8f79-8c1645373715'),('cd0ba964-7e84-11ea-8f79-8c1645373715','cd0f4bb4-7e84-11ea-8f79-8c1645373715'),('cd0bb00e-7e84-11ea-8f79-8c1645373715','cd0f4bb4-7e84-11ea-8f79-8c1645373715'),('cd0bb153-7e84-11ea-8f79-8c1645373715','cd0f4bb4-7e84-11ea-8f79-8c1645373715'),('cd0bab7f-7e84-11ea-8f79-8c1645373715','cd0f4c0c-7e84-11ea-8f79-8c1645373715'),('cd0ba1a9-7e84-11ea-8f79-8c1645373715','cd0f4c76-7e84-11ea-8f79-8c1645373715'),('cd0ba964-7e84-11ea-8f79-8c1645373715','cd0f4c76-7e84-11ea-8f79-8c1645373715'),('cd0bacf5-7e84-11ea-8f79-8c1645373715','cd0f4c76-7e84-11ea-8f79-8c1645373715'),('cd0bb437-7e84-11ea-8f79-8c1645373715','cd0f4c76-7e84-11ea-8f79-8c1645373715'),('cd0ba24c-7e84-11ea-8f79-8c1645373715','cd0f4cce-7e84-11ea-8f79-8c1645373715'),('cd0ba65c-7e84-11ea-8f79-8c1645373715','cd0f4d43-7e84-11ea-8f79-8c1645373715'),('cd0ba81f-7e84-11ea-8f79-8c1645373715','cd0f4da9-7e84-11ea-8f79-8c1645373715'),('cd0ba412-7e84-11ea-8f79-8c1645373715','cd0f4e1d-7e84-11ea-8f79-8c1645373715'),('cd0baa45-7e84-11ea-8f79-8c1645373715','cd0f4e1d-7e84-11ea-8f79-8c1645373715'),('cd0ba0bd-7e84-11ea-8f79-8c1645373715','cd0f4e87-7e84-11ea-8f79-8c1645373715'),('cd0ba2b9-7e84-11ea-8f79-8c1645373715','cd0f4e87-7e84-11ea-8f79-8c1645373715'),('cd0ba65c-7e84-11ea-8f79-8c1645373715','cd0f4e87-7e84-11ea-8f79-8c1645373715'),('cd0bae4b-7e84-11ea-8f79-8c1645373715','cd0f4e87-7e84-11ea-8f79-8c1645373715'),('cd0bab7f-7e84-11ea-8f79-8c1645373715','cd0f4edf-7e84-11ea-8f79-8c1645373715'),('cd0bacf5-7e84-11ea-8f79-8c1645373715','cd0f4edf-7e84-11ea-8f79-8c1645373715'),('cd0bb07f-7e84-11ea-8f79-8c1645373715','cd0f4edf-7e84-11ea-8f79-8c1645373715'),('cd0ba48a-7e84-11ea-8f79-8c1645373715','cd0f4f4c-7e84-11ea-8f79-8c1645373715'),('cd0ba6d0-7e84-11ea-8f79-8c1645373715','cd0f4f4c-7e84-11ea-8f79-8c1645373715'),('cd0bab0e-7e84-11ea-8f79-8c1645373715','cd0f4f4c-7e84-11ea-8f79-8c1645373715'),('cd0bac7d-7e84-11ea-8f79-8c1645373715','cd0f4f4c-7e84-11ea-8f79-8c1645373715'),('cd0bb380-7e84-11ea-8f79-8c1645373715','cd0f4f4c-7e84-11ea-8f79-8c1645373715'),('cd0bb3db-7e84-11ea-8f79-8c1645373715','cd0f4f4c-7e84-11ea-8f79-8c1645373715'),('cd0ba5e0-7e84-11ea-8f79-8c1645373715','cd0f4fa5-7e84-11ea-8f79-8c1645373715'),('cd0ba32d-7e84-11ea-8f79-8c1645373715','cd0f500e-7e84-11ea-8f79-8c1645373715'),('cd0ba9d4-7e84-11ea-8f79-8c1645373715','cd0f50d7-7e84-11ea-8f79-8c1645373715'),('cd0baa45-7e84-11ea-8f79-8c1645373715','cd0f50d7-7e84-11ea-8f79-8c1645373715'),('cd0bab7f-7e84-11ea-8f79-8c1645373715','cd0f50d7-7e84-11ea-8f79-8c1645373715'),('cd0baebc-7e84-11ea-8f79-8c1645373715','cd0f50d7-7e84-11ea-8f79-8c1645373715'),('cd0bb30b-7e84-11ea-8f79-8c1645373715','cd0f50d7-7e84-11ea-8f79-8c1645373715'),('cd0ba4fb-7e84-11ea-8f79-8c1645373715','cd0f5133-7e84-11ea-8f79-8c1645373715'),('cd0bab7f-7e84-11ea-8f79-8c1645373715','cd0f5133-7e84-11ea-8f79-8c1645373715'),('cd0bacf5-7e84-11ea-8f79-8c1645373715','cd0f5133-7e84-11ea-8f79-8c1645373715'),('cd0bb30b-7e84-11ea-8f79-8c1645373715','cd0f5133-7e84-11ea-8f79-8c1645373715'),('cd0badda-7e84-11ea-8f79-8c1645373715','cd0f51a0-7e84-11ea-8f79-8c1645373715'),('cd0bae4b-7e84-11ea-8f79-8c1645373715','cd0f51a0-7e84-11ea-8f79-8c1645373715'),('cd0bb1c7-7e84-11ea-8f79-8c1645373715','cd0f51a0-7e84-11ea-8f79-8c1645373715'),('cd0ba3a2-7e84-11ea-8f79-8c1645373715','cd0f5212-7e84-11ea-8f79-8c1645373715'),('cd0ba88c-7e84-11ea-8f79-8c1645373715','cd0f5212-7e84-11ea-8f79-8c1645373715'),('cd0bb153-7e84-11ea-8f79-8c1645373715','cd0f5212-7e84-11ea-8f79-8c1645373715'),('cd0ba24c-7e84-11ea-8f79-8c1645373715','cd0f529b-7e84-11ea-8f79-8c1645373715'),('cd0ba32d-7e84-11ea-8f79-8c1645373715','cd0f529b-7e84-11ea-8f79-8c1645373715'),('cd0ba570-7e84-11ea-8f79-8c1645373715','cd0f529b-7e84-11ea-8f79-8c1645373715'),('cd0ba81f-7e84-11ea-8f79-8c1645373715','cd0f529b-7e84-11ea-8f79-8c1645373715'),('cd0baf22-7e84-11ea-8f79-8c1645373715','cd0f529b-7e84-11ea-8f79-8c1645373715'),('cd0bab0e-7e84-11ea-8f79-8c1645373715','cd0f52f7-7e84-11ea-8f79-8c1645373715'),('cd0ba0bd-7e84-11ea-8f79-8c1645373715','cd0f5372-7e84-11ea-8f79-8c1645373715'),('cd0ba135-7e84-11ea-8f79-8c1645373715','cd0f5372-7e84-11ea-8f79-8c1645373715'),('cd0ba1a9-7e84-11ea-8f79-8c1645373715','cd0f5372-7e84-11ea-8f79-8c1645373715'),('cd0ba4fb-7e84-11ea-8f79-8c1645373715','cd0f5372-7e84-11ea-8f79-8c1645373715'),('cd0ba5e0-7e84-11ea-8f79-8c1645373715','cd0f5372-7e84-11ea-8f79-8c1645373715'),('cd0ba88c-7e84-11ea-8f79-8c1645373715','cd0f5372-7e84-11ea-8f79-8c1645373715'),('cd0bb00e-7e84-11ea-8f79-8c1645373715','cd0f5372-7e84-11ea-8f79-8c1645373715'),('cd0bb437-7e84-11ea-8f79-8c1645373715','cd0f5372-7e84-11ea-8f79-8c1645373715'),('cd0badda-7e84-11ea-8f79-8c1645373715','cd0f53ca-7e84-11ea-8f79-8c1645373715'),('cd0baf22-7e84-11ea-8f79-8c1645373715','cd0f53ca-7e84-11ea-8f79-8c1645373715'),('cd0ba1a9-7e84-11ea-8f79-8c1645373715','cd0f5434-7e84-11ea-8f79-8c1645373715'),('cd0ba32d-7e84-11ea-8f79-8c1645373715','cd0f5434-7e84-11ea-8f79-8c1645373715'),('cd0ba570-7e84-11ea-8f79-8c1645373715','cd0f5434-7e84-11ea-8f79-8c1645373715'),('cd0babe2-7e84-11ea-8f79-8c1645373715','cd0f5434-7e84-11ea-8f79-8c1645373715'),('cd0bb07f-7e84-11ea-8f79-8c1645373715','cd0f548c-7e84-11ea-8f79-8c1645373715'),('cd0ba32d-7e84-11ea-8f79-8c1645373715','cd0f54e5-7e84-11ea-8f79-8c1645373715'),('cd0ba570-7e84-11ea-8f79-8c1645373715','cd0f54e5-7e84-11ea-8f79-8c1645373715'),('cd0bac7d-7e84-11ea-8f79-8c1645373715','cd0f54e5-7e84-11ea-8f79-8c1645373715'),('cd0baebc-7e84-11ea-8f79-8c1645373715','cd0f54e5-7e84-11ea-8f79-8c1645373715'),('cd0ba964-7e84-11ea-8f79-8c1645373715','cd0f5552-7e84-11ea-8f79-8c1645373715'),('cd0bab0e-7e84-11ea-8f79-8c1645373715','cd0f5552-7e84-11ea-8f79-8c1645373715'),('cd0bad54-7e84-11ea-8f79-8c1645373715','cd0f5552-7e84-11ea-8f79-8c1645373715'),('cd0baf22-7e84-11ea-8f79-8c1645373715','cd0f55b8-7e84-11ea-8f79-8c1645373715'),('cd0bae4b-7e84-11ea-8f79-8c1645373715','cd0f561e-7e84-11ea-8f79-8c1645373715'),('cd0ba3a2-7e84-11ea-8f79-8c1645373715','cd0f5677-7e84-11ea-8f79-8c1645373715'),('cd0bb00e-7e84-11ea-8f79-8c1645373715','cd0f5677-7e84-11ea-8f79-8c1645373715'),('cd0ba88c-7e84-11ea-8f79-8c1645373715','cd0f56dd-7e84-11ea-8f79-8c1645373715'),('cd0bae4b-7e84-11ea-8f79-8c1645373715','cd0f56dd-7e84-11ea-8f79-8c1645373715'),('cd0babe2-7e84-11ea-8f79-8c1645373715','cd0f5731-7e84-11ea-8f79-8c1645373715'),('cd0bae4b-7e84-11ea-8f79-8c1645373715','cd0f5731-7e84-11ea-8f79-8c1645373715');
/*!40000 ALTER TABLE `desiredlocations` ENABLE KEYS */;
UNLOCK TABLES;

--
-- Table structure for table `employees`
--

DROP TABLE IF EXISTS `employees`;
/*!40101 SET @saved_cs_client     = @@character_set_client */;
/*!50503 SET character_set_client = utf8mb4 */;
CREATE TABLE `employees` (
  `id` char(36) NOT NULL,
  `name` varchar(100) NOT NULL,
  `phoneNumber` varchar(30) DEFAULT NULL,
  `bio` varchar(200) DEFAULT NULL,
  PRIMARY KEY (`id`),
  CONSTRAINT `employees_ibfk_1` FOREIGN KEY (`id`) REFERENCES `users` (`id`)
) ENGINE=InnoDB DEFAULT CHARSET=utf8mb4 COLLATE=utf8mb4_0900_ai_ci;
/*!40101 SET character_set_client = @saved_cs_client */;

--
-- Dumping data for table `employees`
--

LOCK TABLES `employees` WRITE;
/*!40000 ALTER TABLE `employees` DISABLE KEYS */;
INSERT INTO `employees` VALUES ('cd0ba0bd-7e84-11ea-8f79-8c1645373715','Jaiden Ryan','436.849.1885 x480','Nihil quas quae corrupti odio possimus placeat sapiente totam unde.'),('cd0ba135-7e84-11ea-8f79-8c1645373715','Elroy Osinski','414.080.2626 x2000','Voluptas dignissimos reprehenderit mollitia veritatis veniam quia ipsum.'),('cd0ba1a9-7e84-11ea-8f79-8c1645373715','Ricardo Gleason','230-515-2458','Et enim qui molestiae aut libero.'),('cd0ba24c-7e84-11ea-8f79-8c1645373715','Andre Rau','635-494-9395','Et ut et nihil dolorem sit.'),('cd0ba2b9-7e84-11ea-8f79-8c1645373715','Kamille Herman','(882) 815-0574 x3969','Ad voluptatem quasi consequatur aut.'),('cd0ba32d-7e84-11ea-8f79-8c1645373715','Bryon Nolan','837.603.5511','Rerum ipsa nesciunt suscipit id cumque reiciendis.'),('cd0ba3a2-7e84-11ea-8f79-8c1645373715','Tiara Hessel','1-472-587-9270 x51447','Asperiores voluptas aspernatur aut praesentium.'),('cd0ba412-7e84-11ea-8f79-8c1645373715','Zelda Huels','924.712.8032','Et quisquam ut nam inventore maxime quasi.'),('cd0ba48a-7e84-11ea-8f79-8c1645373715','Nichole Cronin','545.476.6610 x4362','Exercitationem sint quis dolorem vitae facere numquam ipsa libero.'),('cd0ba4fb-7e84-11ea-8f79-8c1645373715','Jace Bruen','283.402.2144 x57016','Voluptatibus sit enim in voluptate.'),('cd0ba570-7e84-11ea-8f79-8c1645373715','Justen Lynch','571-813-8110','Magni expedita iure hic sunt nam.'),('cd0ba5e0-7e84-11ea-8f79-8c1645373715','Johnnie Carter','1-513-263-3467 x885','Sequi distinctio est id nulla perferendis quo quia.'),('cd0ba65c-7e84-11ea-8f79-8c1645373715','Fay Reynolds','222-287-0760 x911','Voluptas et cumque quidem est vel.'),('cd0ba6d0-7e84-11ea-8f79-8c1645373715','Kelsie Windler','100.278.1830 x514','Asperiores non delectus totam quia sit quas.'),('cd0ba745-7e84-11ea-8f79-8c1645373715','Victoria Mills Jr.','(458) 350-8729','Eligendi est ducimus et deleniti in velit.'),('cd0ba7ab-7e84-11ea-8f79-8c1645373715','Ms. Emelia Rau','(747) 746-9012','Odit dolor cumque odio et repellat deleniti porro quas et.'),('cd0ba81f-7e84-11ea-8f79-8c1645373715','Isaac Moore','229-327-1337 x221','Nobis voluptatem accusamus est quos sit dolores ut.'),('cd0ba88c-7e84-11ea-8f79-8c1645373715','Holden Schuppe','1-154-820-9933','Ut eos rerum qui non voluptatibus quia voluptas et.'),('cd0ba8fa-7e84-11ea-8f79-8c1645373715','Rodrick Cummerata','620.052.3627 x4509','Explicabo eligendi porro aspernatur atque atque in fuga dicta dolor.'),('cd0ba964-7e84-11ea-8f79-8c1645373715','Dr. Tracey Marks','711-081-8121','Placeat est alias natus veniam error eos tempore.'),('cd0ba9d4-7e84-11ea-8f79-8c1645373715','Eve Mayer III','(323) 067-6341','Sit labore omnis iure qui possimus provident totam.'),('cd0baa45-7e84-11ea-8f79-8c1645373715','Ms. Bud Champlin','510.505.8695 x2548','Labore delectus neque.'),('cd0baaa4-7e84-11ea-8f79-8c1645373715','Norwood Hettinger','992.948.0112','Fugiat porro molestiae nam et et voluptatibus quia.'),('cd0bab0e-7e84-11ea-8f79-8c1645373715','Rashawn Wiza','(588) 916-6930','Tempora dolores aperiam distinctio est ut.'),('cd0bab7f-7e84-11ea-8f79-8c1645373715','Kassandra Keebler','126-050-8162 x01512','Fuga quis corporis dolorem itaque quia dolor.'),('cd0babe2-7e84-11ea-8f79-8c1645373715','Miss Andreane Murray','1-823-786-6726 x08995','Quia labore aliquid.'),('cd0bac7d-7e84-11ea-8f79-8c1645373715','Rhett West','(908) 665-6908 x774','Maxime delectus quia.'),('cd0bacf5-7e84-11ea-8f79-8c1645373715','Marjory O\'Connell','(919) 601-6341','Commodi dolores libero asperiores adipisci iure.'),('cd0bad54-7e84-11ea-8f79-8c1645373715','Darrin Doyle','655-077-8668 x278','Quisquam enim quos magni.'),('cd0badda-7e84-11ea-8f79-8c1645373715','Kenton Feest','532.755.0647 x07350','Quaerat voluptas ut laborum.'),('cd0bae4b-7e84-11ea-8f79-8c1645373715','Reyna Kohler','391-794-1164','Ab aut porro.'),('cd0baebc-7e84-11ea-8f79-8c1645373715','Francesco Herman','848.238.6146','Id nihil assumenda minima fugit et.'),('cd0baf22-7e84-11ea-8f79-8c1645373715','Luna Thompson Jr.','889-643-4108 x103','Consequuntur explicabo aliquam.'),('cd0baf96-7e84-11ea-8f79-8c1645373715','Orie Larson','(575) 959-8656','Ea deleniti iusto quam ea veritatis.'),('cd0bb00e-7e84-11ea-8f79-8c1645373715','Keven O\'Connell','1-401-848-9224','Quod nobis quae.'),('cd0bb07f-7e84-11ea-8f79-8c1645373715','Wiley Runolfsson','298-664-7234','Officia vero dolor voluptas aliquid dolorum non harum adipisci.'),('cd0bb0de-7e84-11ea-8f79-8c1645373715','Dr. Delilah Goodwin','927.289.9416 x44271','Doloribus qui dolor nostrum in laudantium rem omnis unde veritatis.'),('cd0bb153-7e84-11ea-8f79-8c1645373715','Nathaniel Stroman','(117) 628-6148 x8951','Veritatis rerum qui occaecati repudiandae ad eos nostrum.'),('cd0bb1c7-7e84-11ea-8f79-8c1645373715','Khalil Rogahn III','1-800-466-0138 x4498','Assumenda praesentium nam pariatur consectetur vero.'),('cd0bb238-7e84-11ea-8f79-8c1645373715','Alvina Mohr','969-310-1128','Facilis veritatis qui saepe minus similique reiciendis exercitationem eos delectus.'),('cd0bb294-7e84-11ea-8f79-8c1645373715','Adonis Tromp','302-433-7910 x73366','Error consequatur ducimus laboriosam.'),('cd0bb30b-7e84-11ea-8f79-8c1645373715','Jovani Skiles','787-142-9716 x356','Dolorem in officiis qui sint sapiente recusandae itaque.'),('cd0bb380-7e84-11ea-8f79-8c1645373715','Kiana Reynolds','(586) 677-4909 x235','Aut ab modi nihil eos doloribus explicabo dolorem aspernatur fugit.'),('cd0bb3db-7e84-11ea-8f79-8c1645373715','Arely Mills','1-769-780-6131','Sed quidem rerum dicta quis qui ex.'),('cd0bb437-7e84-11ea-8f79-8c1645373715','Ignatius Blick','712.444.1891 x8792','Odit dolores et voluptate voluptatum quibusdam.');
/*!40000 ALTER TABLE `employees` ENABLE KEYS */;
UNLOCK TABLES;

--
-- Table structure for table `employers`
--

DROP TABLE IF EXISTS `employers`;
/*!40101 SET @saved_cs_client     = @@character_set_client */;
/*!50503 SET character_set_client = utf8mb4 */;
CREATE TABLE `employers` (
  `id` char(36) NOT NULL,
  `companyName` varchar(100) NOT NULL,
  `phoneNumber` varchar(30) NOT NULL,
  `website` varchar(100) NOT NULL,
  `address` char(36) NOT NULL,
  PRIMARY KEY (`id`),
  KEY `address` (`address`),
  CONSTRAINT `employers_ibfk_1` FOREIGN KEY (`id`) REFERENCES `users` (`id`),
  CONSTRAINT `employers_ibfk_2` FOREIGN KEY (`address`) REFERENCES `locations` (`id`)
) ENGINE=InnoDB DEFAULT CHARSET=utf8mb4 COLLATE=utf8mb4_0900_ai_ci;
/*!40101 SET character_set_client = @saved_cs_client */;

--
-- Dumping data for table `employers`
--

LOCK TABLES `employers` WRITE;
/*!40000 ALTER TABLE `employers` DISABLE KEYS */;
INSERT INTO `employers` VALUES ('cd0b8e21-7e84-11ea-8f79-8c1645373715','Mayert - Wehner','1-773-801-7864 x988','http://alexandrine.org','cd0f53ca-7e84-11ea-8f79-8c1645373715'),('cd0b9dc4-7e84-11ea-8f79-8c1645373715','Hartmann, Raynor and Schuppe','1-856-648-7641','http://casandra.name','cd0f431c-7e84-11ea-8f79-8c1645373715'),('cd0b9ecc-7e84-11ea-8f79-8c1645373715','Krajcik - Jakubowski','(995) 384-5450 x306','http://carissa.name','cd0f4ae8-7e84-11ea-8f79-8c1645373715'),('cd0b9f55-7e84-11ea-8f79-8c1645373715','Gibson - Rath','506-308-8284','https://karli.name','cd0f49b5-7e84-11ea-8f79-8c1645373715'),('cd0ba057-7e84-11ea-8f79-8c1645373715','Beahan Inc','398-236-9836 x03760','http://donna.info','cd0f444b-7e84-11ea-8f79-8c1645373715');
/*!40000 ALTER TABLE `employers` ENABLE KEYS */;
UNLOCK TABLES;

--
-- Table structure for table `industries`
--

DROP TABLE IF EXISTS `industries`;
/*!40101 SET @saved_cs_client     = @@character_set_client */;
/*!50503 SET character_set_client = utf8mb4 */;
CREATE TABLE `industries` (
  `id` char(36) NOT NULL,
  `industry` varchar(100) NOT NULL,
  `description` varchar(100) NOT NULL,
  PRIMARY KEY (`id`)
) ENGINE=InnoDB DEFAULT CHARSET=utf8mb4 COLLATE=utf8mb4_0900_ai_ci;
/*!40101 SET character_set_client = @saved_cs_client */;

--
-- Dumping data for table `industries`
--

LOCK TABLES `industries` WRITE;
/*!40000 ALTER TABLE `industries` DISABLE KEYS */;
INSERT INTO `industries` VALUES ('cd0da18c-7e84-11ea-8f79-8c1645373715','Photography','Commodi sint perspiciatis ipsam id quis quam itaque nesciunt aliquid.'),('cd0dada0-7e84-11ea-8f79-8c1645373715','Machinery','Quas sed blanditiis voluptatem sint sint illo fugit corrupti.'),('cd0dae46-7e84-11ea-8f79-8c1645373715','Financial Services','Exercitationem quia consequatur placeat voluptatem at expedita aut dolor.'),('cd0daeb3-7e84-11ea-8f79-8c1645373715','Retail','Minus est sequi delectus asperiores debitis eos.'),('cd0daefa-7e84-11ea-8f79-8c1645373715','Venture Capital','Laboriosam fugit aut occaecati quidem omnis.');
/*!40000 ALTER TABLE `industries` ENABLE KEYS */;
UNLOCK TABLES;

--
-- Table structure for table `interestedroles`
--

DROP TABLE IF EXISTS `interestedroles`;
/*!40101 SET @saved_cs_client     = @@character_set_client */;
/*!50503 SET character_set_client = utf8mb4 */;
CREATE TABLE `interestedroles` (
  `employee` char(36) NOT NULL,
  `roleId` char(36) NOT NULL,
  PRIMARY KEY (`employee`,`roleId`),
  KEY `roleId` (`roleId`),
  CONSTRAINT `interestedroles_ibfk_1` FOREIGN KEY (`employee`) REFERENCES `employees` (`id`),
  CONSTRAINT `interestedroles_ibfk_2` FOREIGN KEY (`roleId`) REFERENCES `roles` (`id`)
) ENGINE=InnoDB DEFAULT CHARSET=utf8mb4 COLLATE=utf8mb4_0900_ai_ci;
/*!40101 SET character_set_client = @saved_cs_client */;

--
-- Dumping data for table `interestedroles`
--

LOCK TABLES `interestedroles` WRITE;
/*!40000 ALTER TABLE `interestedroles` DISABLE KEYS */;
INSERT INTO `interestedroles` VALUES ('cd0ba1a9-7e84-11ea-8f79-8c1645373715','cd0e713c-7e84-11ea-8f79-8c1645373715'),('cd0ba8fa-7e84-11ea-8f79-8c1645373715','cd0e713c-7e84-11ea-8f79-8c1645373715'),('cd0ba964-7e84-11ea-8f79-8c1645373715','cd0e713c-7e84-11ea-8f79-8c1645373715'),('cd0baa45-7e84-11ea-8f79-8c1645373715','cd0e713c-7e84-11ea-8f79-8c1645373715'),('cd0bac7d-7e84-11ea-8f79-8c1645373715','cd0e713c-7e84-11ea-8f79-8c1645373715'),('cd0bad54-7e84-11ea-8f79-8c1645373715','cd0e713c-7e84-11ea-8f79-8c1645373715'),('cd0baebc-7e84-11ea-8f79-8c1645373715','cd0e713c-7e84-11ea-8f79-8c1645373715'),('cd0baf22-7e84-11ea-8f79-8c1645373715','cd0e713c-7e84-11ea-8f79-8c1645373715'),('cd0bb00e-7e84-11ea-8f79-8c1645373715','cd0e713c-7e84-11ea-8f79-8c1645373715'),('cd0bb238-7e84-11ea-8f79-8c1645373715','cd0e713c-7e84-11ea-8f79-8c1645373715'),('cd0bb30b-7e84-11ea-8f79-8c1645373715','cd0e713c-7e84-11ea-8f79-8c1645373715'),('cd0ba0bd-7e84-11ea-8f79-8c1645373715','cd0e80be-7e84-11ea-8f79-8c1645373715'),('cd0ba1a9-7e84-11ea-8f79-8c1645373715','cd0e80be-7e84-11ea-8f79-8c1645373715'),('cd0ba6d0-7e84-11ea-8f79-8c1645373715','cd0e80be-7e84-11ea-8f79-8c1645373715'),('cd0ba745-7e84-11ea-8f79-8c1645373715','cd0e80be-7e84-11ea-8f79-8c1645373715'),('cd0ba9d4-7e84-11ea-8f79-8c1645373715','cd0e80be-7e84-11ea-8f79-8c1645373715'),('cd0bad54-7e84-11ea-8f79-8c1645373715','cd0e80be-7e84-11ea-8f79-8c1645373715'),('cd0badda-7e84-11ea-8f79-8c1645373715','cd0e80be-7e84-11ea-8f79-8c1645373715'),('cd0bb00e-7e84-11ea-8f79-8c1645373715','cd0e80be-7e84-11ea-8f79-8c1645373715'),('cd0bb380-7e84-11ea-8f79-8c1645373715','cd0e80be-7e84-11ea-8f79-8c1645373715'),('cd0ba4fb-7e84-11ea-8f79-8c1645373715','cd0e81ea-7e84-11ea-8f79-8c1645373715'),('cd0ba570-7e84-11ea-8f79-8c1645373715','cd0e81ea-7e84-11ea-8f79-8c1645373715'),('cd0ba745-7e84-11ea-8f79-8c1645373715','cd0e81ea-7e84-11ea-8f79-8c1645373715'),('cd0ba964-7e84-11ea-8f79-8c1645373715','cd0e81ea-7e84-11ea-8f79-8c1645373715'),('cd0baa45-7e84-11ea-8f79-8c1645373715','cd0e81ea-7e84-11ea-8f79-8c1645373715'),('cd0bab0e-7e84-11ea-8f79-8c1645373715','cd0e81ea-7e84-11ea-8f79-8c1645373715'),('cd0bacf5-7e84-11ea-8f79-8c1645373715','cd0e81ea-7e84-11ea-8f79-8c1645373715'),('cd0bad54-7e84-11ea-8f79-8c1645373715','cd0e81ea-7e84-11ea-8f79-8c1645373715'),('cd0bb238-7e84-11ea-8f79-8c1645373715','cd0e81ea-7e84-11ea-8f79-8c1645373715'),('cd0bb380-7e84-11ea-8f79-8c1645373715','cd0e81ea-7e84-11ea-8f79-8c1645373715'),('cd0ba135-7e84-11ea-8f79-8c1645373715','cd0e82a8-7e84-11ea-8f79-8c1645373715'),('cd0ba2b9-7e84-11ea-8f79-8c1645373715','cd0e82a8-7e84-11ea-8f79-8c1645373715'),('cd0ba32d-7e84-11ea-8f79-8c1645373715','cd0e82a8-7e84-11ea-8f79-8c1645373715'),('cd0ba6d0-7e84-11ea-8f79-8c1645373715','cd0e82a8-7e84-11ea-8f79-8c1645373715'),('cd0ba745-7e84-11ea-8f79-8c1645373715','cd0e82a8-7e84-11ea-8f79-8c1645373715'),('cd0ba81f-7e84-11ea-8f79-8c1645373715','cd0e82a8-7e84-11ea-8f79-8c1645373715'),('cd0bab7f-7e84-11ea-8f79-8c1645373715','cd0e82a8-7e84-11ea-8f79-8c1645373715'),('cd0bac7d-7e84-11ea-8f79-8c1645373715','cd0e82a8-7e84-11ea-8f79-8c1645373715'),('cd0baf96-7e84-11ea-8f79-8c1645373715','cd0e82a8-7e84-11ea-8f79-8c1645373715'),('cd0bb0de-7e84-11ea-8f79-8c1645373715','cd0e82a8-7e84-11ea-8f79-8c1645373715'),('cd0bb380-7e84-11ea-8f79-8c1645373715','cd0e82a8-7e84-11ea-8f79-8c1645373715'),('cd0ba3a2-7e84-11ea-8f79-8c1645373715','cd0e8367-7e84-11ea-8f79-8c1645373715'),('cd0ba412-7e84-11ea-8f79-8c1645373715','cd0e8367-7e84-11ea-8f79-8c1645373715'),('cd0ba81f-7e84-11ea-8f79-8c1645373715','cd0e8367-7e84-11ea-8f79-8c1645373715'),('cd0ba88c-7e84-11ea-8f79-8c1645373715','cd0e8367-7e84-11ea-8f79-8c1645373715'),('cd0bae4b-7e84-11ea-8f79-8c1645373715','cd0e8367-7e84-11ea-8f79-8c1645373715'),('cd0baf22-7e84-11ea-8f79-8c1645373715','cd0e8367-7e84-11ea-8f79-8c1645373715'),('cd0baf96-7e84-11ea-8f79-8c1645373715','cd0e8367-7e84-11ea-8f79-8c1645373715'),('cd0bb3db-7e84-11ea-8f79-8c1645373715','cd0e8367-7e84-11ea-8f79-8c1645373715'),('cd0ba4fb-7e84-11ea-8f79-8c1645373715','cd0e8429-7e84-11ea-8f79-8c1645373715'),('cd0ba7ab-7e84-11ea-8f79-8c1645373715','cd0e8429-7e84-11ea-8f79-8c1645373715'),('cd0baa45-7e84-11ea-8f79-8c1645373715','cd0e8429-7e84-11ea-8f79-8c1645373715'),('cd0baf96-7e84-11ea-8f79-8c1645373715','cd0e8429-7e84-11ea-8f79-8c1645373715'),('cd0bb1c7-7e84-11ea-8f79-8c1645373715','cd0e8429-7e84-11ea-8f79-8c1645373715'),('cd0bb30b-7e84-11ea-8f79-8c1645373715','cd0e8429-7e84-11ea-8f79-8c1645373715'),('cd0bb437-7e84-11ea-8f79-8c1645373715','cd0e8429-7e84-11ea-8f79-8c1645373715'),('cd0ba3a2-7e84-11ea-8f79-8c1645373715','cd0e84e4-7e84-11ea-8f79-8c1645373715'),('cd0ba4fb-7e84-11ea-8f79-8c1645373715','cd0e84e4-7e84-11ea-8f79-8c1645373715'),('cd0ba5e0-7e84-11ea-8f79-8c1645373715','cd0e84e4-7e84-11ea-8f79-8c1645373715'),('cd0ba6d0-7e84-11ea-8f79-8c1645373715','cd0e84e4-7e84-11ea-8f79-8c1645373715'),('cd0ba81f-7e84-11ea-8f79-8c1645373715','cd0e84e4-7e84-11ea-8f79-8c1645373715'),('cd0ba964-7e84-11ea-8f79-8c1645373715','cd0e84e4-7e84-11ea-8f79-8c1645373715'),('cd0bab7f-7e84-11ea-8f79-8c1645373715','cd0e84e4-7e84-11ea-8f79-8c1645373715'),('cd0bacf5-7e84-11ea-8f79-8c1645373715','cd0e84e4-7e84-11ea-8f79-8c1645373715'),('cd0bb294-7e84-11ea-8f79-8c1645373715','cd0e84e4-7e84-11ea-8f79-8c1645373715'),('cd0bb30b-7e84-11ea-8f79-8c1645373715','cd0e84e4-7e84-11ea-8f79-8c1645373715'),('cd0ba32d-7e84-11ea-8f79-8c1645373715','cd0e859e-7e84-11ea-8f79-8c1645373715'),('cd0ba3a2-7e84-11ea-8f79-8c1645373715','cd0e859e-7e84-11ea-8f79-8c1645373715'),('cd0ba4fb-7e84-11ea-8f79-8c1645373715','cd0e859e-7e84-11ea-8f79-8c1645373715'),('cd0ba570-7e84-11ea-8f79-8c1645373715','cd0e859e-7e84-11ea-8f79-8c1645373715'),('cd0ba5e0-7e84-11ea-8f79-8c1645373715','cd0e859e-7e84-11ea-8f79-8c1645373715'),('cd0ba6d0-7e84-11ea-8f79-8c1645373715','cd0e859e-7e84-11ea-8f79-8c1645373715'),('cd0ba81f-7e84-11ea-8f79-8c1645373715','cd0e859e-7e84-11ea-8f79-8c1645373715'),('cd0ba9d4-7e84-11ea-8f79-8c1645373715','cd0e859e-7e84-11ea-8f79-8c1645373715'),('cd0bab0e-7e84-11ea-8f79-8c1645373715','cd0e859e-7e84-11ea-8f79-8c1645373715'),('cd0bb00e-7e84-11ea-8f79-8c1645373715','cd0e859e-7e84-11ea-8f79-8c1645373715'),('cd0bb07f-7e84-11ea-8f79-8c1645373715','cd0e859e-7e84-11ea-8f79-8c1645373715'),('cd0bb1c7-7e84-11ea-8f79-8c1645373715','cd0e859e-7e84-11ea-8f79-8c1645373715'),('cd0bb437-7e84-11ea-8f79-8c1645373715','cd0e859e-7e84-11ea-8f79-8c1645373715'),('cd0ba0bd-7e84-11ea-8f79-8c1645373715','cd0e8660-7e84-11ea-8f79-8c1645373715'),('cd0ba24c-7e84-11ea-8f79-8c1645373715','cd0e8660-7e84-11ea-8f79-8c1645373715'),('cd0ba2b9-7e84-11ea-8f79-8c1645373715','cd0e8660-7e84-11ea-8f79-8c1645373715'),('cd0ba7ab-7e84-11ea-8f79-8c1645373715','cd0e8660-7e84-11ea-8f79-8c1645373715'),('cd0ba88c-7e84-11ea-8f79-8c1645373715','cd0e8660-7e84-11ea-8f79-8c1645373715'),('cd0bab0e-7e84-11ea-8f79-8c1645373715','cd0e8660-7e84-11ea-8f79-8c1645373715'),('cd0bb07f-7e84-11ea-8f79-8c1645373715','cd0e8660-7e84-11ea-8f79-8c1645373715'),('cd0bb3db-7e84-11ea-8f79-8c1645373715','cd0e8660-7e84-11ea-8f79-8c1645373715'),('cd0ba32d-7e84-11ea-8f79-8c1645373715','cd0e8706-7e84-11ea-8f79-8c1645373715'),('cd0ba65c-7e84-11ea-8f79-8c1645373715','cd0e8706-7e84-11ea-8f79-8c1645373715'),('cd0ba6d0-7e84-11ea-8f79-8c1645373715','cd0e8706-7e84-11ea-8f79-8c1645373715'),('cd0ba745-7e84-11ea-8f79-8c1645373715','cd0e8706-7e84-11ea-8f79-8c1645373715'),('cd0baa45-7e84-11ea-8f79-8c1645373715','cd0e8706-7e84-11ea-8f79-8c1645373715'),('cd0babe2-7e84-11ea-8f79-8c1645373715','cd0e8706-7e84-11ea-8f79-8c1645373715'),('cd0bac7d-7e84-11ea-8f79-8c1645373715','cd0e8706-7e84-11ea-8f79-8c1645373715'),('cd0bae4b-7e84-11ea-8f79-8c1645373715','cd0e8706-7e84-11ea-8f79-8c1645373715'),('cd0baebc-7e84-11ea-8f79-8c1645373715','cd0e8706-7e84-11ea-8f79-8c1645373715'),('cd0bb0de-7e84-11ea-8f79-8c1645373715','cd0e8706-7e84-11ea-8f79-8c1645373715'),('cd0bb294-7e84-11ea-8f79-8c1645373715','cd0e8706-7e84-11ea-8f79-8c1645373715'),('cd0bb437-7e84-11ea-8f79-8c1645373715','cd0e8706-7e84-11ea-8f79-8c1645373715'),('cd0ba24c-7e84-11ea-8f79-8c1645373715','cd0e87be-7e84-11ea-8f79-8c1645373715'),('cd0bab0e-7e84-11ea-8f79-8c1645373715','cd0e87be-7e84-11ea-8f79-8c1645373715'),('cd0bab7f-7e84-11ea-8f79-8c1645373715','cd0e87be-7e84-11ea-8f79-8c1645373715'),('cd0baebc-7e84-11ea-8f79-8c1645373715','cd0e87be-7e84-11ea-8f79-8c1645373715'),('cd0baf96-7e84-11ea-8f79-8c1645373715','cd0e87be-7e84-11ea-8f79-8c1645373715'),('cd0ba412-7e84-11ea-8f79-8c1645373715','cd0e8875-7e84-11ea-8f79-8c1645373715'),('cd0ba7ab-7e84-11ea-8f79-8c1645373715','cd0e8875-7e84-11ea-8f79-8c1645373715'),('cd0ba964-7e84-11ea-8f79-8c1645373715','cd0e8875-7e84-11ea-8f79-8c1645373715'),('cd0baa45-7e84-11ea-8f79-8c1645373715','cd0e8875-7e84-11ea-8f79-8c1645373715'),('cd0bac7d-7e84-11ea-8f79-8c1645373715','cd0e8875-7e84-11ea-8f79-8c1645373715'),('cd0bad54-7e84-11ea-8f79-8c1645373715','cd0e8875-7e84-11ea-8f79-8c1645373715'),('cd0baebc-7e84-11ea-8f79-8c1645373715','cd0e8875-7e84-11ea-8f79-8c1645373715'),('cd0bb0de-7e84-11ea-8f79-8c1645373715','cd0e8875-7e84-11ea-8f79-8c1645373715'),('cd0bb294-7e84-11ea-8f79-8c1645373715','cd0e8875-7e84-11ea-8f79-8c1645373715'),('cd0bb380-7e84-11ea-8f79-8c1645373715','cd0e8875-7e84-11ea-8f79-8c1645373715'),('cd0bb3db-7e84-11ea-8f79-8c1645373715','cd0e8875-7e84-11ea-8f79-8c1645373715'),('cd0ba3a2-7e84-11ea-8f79-8c1645373715','cd0e8925-7e84-11ea-8f79-8c1645373715'),('cd0ba8fa-7e84-11ea-8f79-8c1645373715','cd0e8925-7e84-11ea-8f79-8c1645373715'),('cd0ba9d4-7e84-11ea-8f79-8c1645373715','cd0e8925-7e84-11ea-8f79-8c1645373715'),('cd0bae4b-7e84-11ea-8f79-8c1645373715','cd0e8925-7e84-11ea-8f79-8c1645373715'),('cd0bb153-7e84-11ea-8f79-8c1645373715','cd0e8925-7e84-11ea-8f79-8c1645373715'),('cd0bb294-7e84-11ea-8f79-8c1645373715','cd0e8925-7e84-11ea-8f79-8c1645373715'),('cd0ba135-7e84-11ea-8f79-8c1645373715','cd0e89b9-7e84-11ea-8f79-8c1645373715'),('cd0ba1a9-7e84-11ea-8f79-8c1645373715','cd0e89b9-7e84-11ea-8f79-8c1645373715'),('cd0ba24c-7e84-11ea-8f79-8c1645373715','cd0e89b9-7e84-11ea-8f79-8c1645373715'),('cd0ba65c-7e84-11ea-8f79-8c1645373715','cd0e89b9-7e84-11ea-8f79-8c1645373715'),('cd0ba88c-7e84-11ea-8f79-8c1645373715','cd0e89b9-7e84-11ea-8f79-8c1645373715'),('cd0babe2-7e84-11ea-8f79-8c1645373715','cd0e89b9-7e84-11ea-8f79-8c1645373715'),('cd0badda-7e84-11ea-8f79-8c1645373715','cd0e89b9-7e84-11ea-8f79-8c1645373715'),('cd0bb238-7e84-11ea-8f79-8c1645373715','cd0e89b9-7e84-11ea-8f79-8c1645373715'),('cd0bb3db-7e84-11ea-8f79-8c1645373715','cd0e89b9-7e84-11ea-8f79-8c1645373715'),('cd0ba1a9-7e84-11ea-8f79-8c1645373715','cd0e8a6a-7e84-11ea-8f79-8c1645373715'),('cd0ba24c-7e84-11ea-8f79-8c1645373715','cd0e8a6a-7e84-11ea-8f79-8c1645373715'),('cd0baaa4-7e84-11ea-8f79-8c1645373715','cd0e8a6a-7e84-11ea-8f79-8c1645373715'),('cd0bab7f-7e84-11ea-8f79-8c1645373715','cd0e8a6a-7e84-11ea-8f79-8c1645373715'),('cd0bb07f-7e84-11ea-8f79-8c1645373715','cd0e8a6a-7e84-11ea-8f79-8c1645373715'),('cd0bb238-7e84-11ea-8f79-8c1645373715','cd0e8a6a-7e84-11ea-8f79-8c1645373715'),('cd0bb380-7e84-11ea-8f79-8c1645373715','cd0e8a6a-7e84-11ea-8f79-8c1645373715'),('cd0bb3db-7e84-11ea-8f79-8c1645373715','cd0e8a6a-7e84-11ea-8f79-8c1645373715'),('cd0ba0bd-7e84-11ea-8f79-8c1645373715','cd0e8b3a-7e84-11ea-8f79-8c1645373715'),('cd0ba135-7e84-11ea-8f79-8c1645373715','cd0e8b3a-7e84-11ea-8f79-8c1645373715'),('cd0ba570-7e84-11ea-8f79-8c1645373715','cd0e8b3a-7e84-11ea-8f79-8c1645373715'),('cd0ba8fa-7e84-11ea-8f79-8c1645373715','cd0e8b3a-7e84-11ea-8f79-8c1645373715'),('cd0ba964-7e84-11ea-8f79-8c1645373715','cd0e8b3a-7e84-11ea-8f79-8c1645373715'),('cd0ba9d4-7e84-11ea-8f79-8c1645373715','cd0e8b3a-7e84-11ea-8f79-8c1645373715'),('cd0baaa4-7e84-11ea-8f79-8c1645373715','cd0e8b3a-7e84-11ea-8f79-8c1645373715'),('cd0babe2-7e84-11ea-8f79-8c1645373715','cd0e8b3a-7e84-11ea-8f79-8c1645373715'),('cd0bacf5-7e84-11ea-8f79-8c1645373715','cd0e8b3a-7e84-11ea-8f79-8c1645373715'),('cd0baf22-7e84-11ea-8f79-8c1645373715','cd0e8b3a-7e84-11ea-8f79-8c1645373715'),('cd0bb07f-7e84-11ea-8f79-8c1645373715','cd0e8b3a-7e84-11ea-8f79-8c1645373715'),('cd0ba135-7e84-11ea-8f79-8c1645373715','cd0e8bfc-7e84-11ea-8f79-8c1645373715'),('cd0ba1a9-7e84-11ea-8f79-8c1645373715','cd0e8bfc-7e84-11ea-8f79-8c1645373715'),('cd0ba32d-7e84-11ea-8f79-8c1645373715','cd0e8bfc-7e84-11ea-8f79-8c1645373715'),('cd0ba3a2-7e84-11ea-8f79-8c1645373715','cd0e8bfc-7e84-11ea-8f79-8c1645373715'),('cd0ba412-7e84-11ea-8f79-8c1645373715','cd0e8bfc-7e84-11ea-8f79-8c1645373715'),('cd0ba48a-7e84-11ea-8f79-8c1645373715','cd0e8bfc-7e84-11ea-8f79-8c1645373715'),('cd0ba570-7e84-11ea-8f79-8c1645373715','cd0e8bfc-7e84-11ea-8f79-8c1645373715'),('cd0ba7ab-7e84-11ea-8f79-8c1645373715','cd0e8bfc-7e84-11ea-8f79-8c1645373715'),('cd0ba81f-7e84-11ea-8f79-8c1645373715','cd0e8bfc-7e84-11ea-8f79-8c1645373715'),('cd0ba8fa-7e84-11ea-8f79-8c1645373715','cd0e8bfc-7e84-11ea-8f79-8c1645373715'),('cd0baaa4-7e84-11ea-8f79-8c1645373715','cd0e8bfc-7e84-11ea-8f79-8c1645373715'),('cd0bac7d-7e84-11ea-8f79-8c1645373715','cd0e8bfc-7e84-11ea-8f79-8c1645373715'),('cd0badda-7e84-11ea-8f79-8c1645373715','cd0e8bfc-7e84-11ea-8f79-8c1645373715'),('cd0bb0de-7e84-11ea-8f79-8c1645373715','cd0e8bfc-7e84-11ea-8f79-8c1645373715'),('cd0bb294-7e84-11ea-8f79-8c1645373715','cd0e8bfc-7e84-11ea-8f79-8c1645373715'),('cd0bb437-7e84-11ea-8f79-8c1645373715','cd0e8bfc-7e84-11ea-8f79-8c1645373715'),('cd0ba0bd-7e84-11ea-8f79-8c1645373715','cd0e8cbe-7e84-11ea-8f79-8c1645373715'),('cd0ba135-7e84-11ea-8f79-8c1645373715','cd0e8cbe-7e84-11ea-8f79-8c1645373715'),('cd0ba24c-7e84-11ea-8f79-8c1645373715','cd0e8cbe-7e84-11ea-8f79-8c1645373715'),('cd0ba2b9-7e84-11ea-8f79-8c1645373715','cd0e8cbe-7e84-11ea-8f79-8c1645373715'),('cd0ba48a-7e84-11ea-8f79-8c1645373715','cd0e8cbe-7e84-11ea-8f79-8c1645373715'),('cd0ba88c-7e84-11ea-8f79-8c1645373715','cd0e8cbe-7e84-11ea-8f79-8c1645373715'),('cd0bab7f-7e84-11ea-8f79-8c1645373715','cd0e8cbe-7e84-11ea-8f79-8c1645373715'),('cd0bad54-7e84-11ea-8f79-8c1645373715','cd0e8cbe-7e84-11ea-8f79-8c1645373715'),('cd0badda-7e84-11ea-8f79-8c1645373715','cd0e8cbe-7e84-11ea-8f79-8c1645373715'),('cd0baf22-7e84-11ea-8f79-8c1645373715','cd0e8cbe-7e84-11ea-8f79-8c1645373715'),('cd0bb00e-7e84-11ea-8f79-8c1645373715','cd0e8cbe-7e84-11ea-8f79-8c1645373715'),('cd0bb153-7e84-11ea-8f79-8c1645373715','cd0e8cbe-7e84-11ea-8f79-8c1645373715'),('cd0bb1c7-7e84-11ea-8f79-8c1645373715','cd0e8cbe-7e84-11ea-8f79-8c1645373715'),('cd0bb30b-7e84-11ea-8f79-8c1645373715','cd0e8cbe-7e84-11ea-8f79-8c1645373715'),('cd0ba0bd-7e84-11ea-8f79-8c1645373715','cd0e8d75-7e84-11ea-8f79-8c1645373715'),('cd0ba48a-7e84-11ea-8f79-8c1645373715','cd0e8d75-7e84-11ea-8f79-8c1645373715'),('cd0ba4fb-7e84-11ea-8f79-8c1645373715','cd0e8d75-7e84-11ea-8f79-8c1645373715'),('cd0ba5e0-7e84-11ea-8f79-8c1645373715','cd0e8d75-7e84-11ea-8f79-8c1645373715'),('cd0ba65c-7e84-11ea-8f79-8c1645373715','cd0e8d75-7e84-11ea-8f79-8c1645373715'),('cd0ba7ab-7e84-11ea-8f79-8c1645373715','cd0e8d75-7e84-11ea-8f79-8c1645373715'),('cd0baaa4-7e84-11ea-8f79-8c1645373715','cd0e8d75-7e84-11ea-8f79-8c1645373715'),('cd0baf22-7e84-11ea-8f79-8c1645373715','cd0e8d75-7e84-11ea-8f79-8c1645373715'),('cd0baf96-7e84-11ea-8f79-8c1645373715','cd0e8d75-7e84-11ea-8f79-8c1645373715'),('cd0bb00e-7e84-11ea-8f79-8c1645373715','cd0e8d75-7e84-11ea-8f79-8c1645373715'),('cd0bb07f-7e84-11ea-8f79-8c1645373715','cd0e8d75-7e84-11ea-8f79-8c1645373715'),('cd0bb0de-7e84-11ea-8f79-8c1645373715','cd0e8d75-7e84-11ea-8f79-8c1645373715'),('cd0bb153-7e84-11ea-8f79-8c1645373715','cd0e8d75-7e84-11ea-8f79-8c1645373715'),('cd0bb1c7-7e84-11ea-8f79-8c1645373715','cd0e8d75-7e84-11ea-8f79-8c1645373715');
/*!40000 ALTER TABLE `interestedroles` ENABLE KEYS */;
UNLOCK TABLES;

--
-- Table structure for table `jobinterest`
--

DROP TABLE IF EXISTS `jobinterest`;
/*!40101 SET @saved_cs_client     = @@character_set_client */;
/*!50503 SET character_set_client = utf8mb4 */;
CREATE TABLE `jobinterest` (
  `jobId` char(36) NOT NULL,
  `employee` char(36) NOT NULL,
  `initiator` enum('employer','employee') DEFAULT NULL,
  `status` enum('available','liked','offered','done') DEFAULT NULL,
  PRIMARY KEY (`jobId`,`employee`),
  KEY `employee` (`employee`),
  CONSTRAINT `jobinterest_ibfk_1` FOREIGN KEY (`jobId`) REFERENCES `jobs` (`jobId`),
  CONSTRAINT `jobinterest_ibfk_2` FOREIGN KEY (`employee`) REFERENCES `employees` (`id`)
) ENGINE=InnoDB DEFAULT CHARSET=utf8mb4 COLLATE=utf8mb4_0900_ai_ci;
/*!40101 SET character_set_client = @saved_cs_client */;

--
-- Dumping data for table `jobinterest`
--

LOCK TABLES `jobinterest` WRITE;
/*!40000 ALTER TABLE `jobinterest` DISABLE KEYS */;
/*!40000 ALTER TABLE `jobinterest` ENABLE KEYS */;
UNLOCK TABLES;

--
-- Table structure for table `jobs`
--

DROP TABLE IF EXISTS `jobs`;
/*!40101 SET @saved_cs_client     = @@character_set_client */;
/*!50503 SET character_set_client = utf8mb4 */;
CREATE TABLE `jobs` (
  `jobId` char(36) NOT NULL,
  `employer` char(36) NOT NULL,
  `role` char(36) NOT NULL,
  `jobTitle` varchar(100) NOT NULL,
  `salary` varchar(100) DEFAULT NULL,
  `workLocation` varchar(36) NOT NULL,
  `description` varchar(100) DEFAULT NULL,
  PRIMARY KEY (`jobId`),
  KEY `employer` (`employer`),
  KEY `role` (`role`),
  KEY `workLocation` (`workLocation`),
  CONSTRAINT `jobs_ibfk_1` FOREIGN KEY (`employer`) REFERENCES `employers` (`id`),
  CONSTRAINT `jobs_ibfk_2` FOREIGN KEY (`role`) REFERENCES `roles` (`id`),
  CONSTRAINT `jobs_ibfk_3` FOREIGN KEY (`workLocation`) REFERENCES `locations` (`id`)
) ENGINE=InnoDB DEFAULT CHARSET=utf8mb4 COLLATE=utf8mb4_0900_ai_ci;
/*!40101 SET character_set_client = @saved_cs_client */;

--
-- Dumping data for table `jobs`
--

LOCK TABLES `jobs` WRITE;
/*!40000 ALTER TABLE `jobs` DISABLE KEYS */;
INSERT INTO `jobs` VALUES ('cd11c607-7e84-11ea-8f79-8c1645373715','cd0b9ecc-7e84-11ea-8f79-8c1645373715','cd0e713c-7e84-11ea-8f79-8c1645373715','inventore voluptates sunt labore id','11641 - 26349','cd0f5677-7e84-11ea-8f79-8c1645373715','Rerum voluptas facere voluptates at voluptates ut accusamus quod.'),('cd11d3d4-7e84-11ea-8f79-8c1645373715','cd0b9dc4-7e84-11ea-8f79-8c1645373715','cd0e8429-7e84-11ea-8f79-8c1645373715','quae ipsa perferendis ab laudantium beatae explicabo','19852 - 71857','cd0f4f4c-7e84-11ea-8f79-8c1645373715','Qui expedita sit molestiae voluptatem quo illum.'),('cd11d571-7e84-11ea-8f79-8c1645373715','cd0b8e21-7e84-11ea-8f79-8c1645373715','cd0e89b9-7e84-11ea-8f79-8c1645373715','modi quos sit ad ut','17555 - 68630','cd0f5212-7e84-11ea-8f79-8c1645373715','Omnis eum quia dolorem libero quis suscipit blanditiis est.'),('cd11d68e-7e84-11ea-8f79-8c1645373715','cd0b9f55-7e84-11ea-8f79-8c1645373715','cd0e87be-7e84-11ea-8f79-8c1645373715','et qui reiciendis autem numquam tempore beatae rerum','19745 - 61585','cd0f5434-7e84-11ea-8f79-8c1645373715','Nostrum incidunt nostrum.'),('cd11d7c8-7e84-11ea-8f79-8c1645373715','cd0b8e21-7e84-11ea-8f79-8c1645373715','cd0e859e-7e84-11ea-8f79-8c1645373715','et velit incidunt esse alias','12832 - 70119','cd0f5212-7e84-11ea-8f79-8c1645373715','Sint voluptate inventore omnis sunt.'),('cd11d902-7e84-11ea-8f79-8c1645373715','cd0b9f55-7e84-11ea-8f79-8c1645373715','cd0e87be-7e84-11ea-8f79-8c1645373715','occaecati saepe voluptatem sunt quam voluptatem et est','14274 - 55037','cd0f4fa5-7e84-11ea-8f79-8c1645373715','Sed dignissimos quisquam quia et et vel dolores voluptatem.'),('cd11da20-7e84-11ea-8f79-8c1645373715','cd0b8e21-7e84-11ea-8f79-8c1645373715','cd0e87be-7e84-11ea-8f79-8c1645373715','porro in iure sunt accusantium iure similique','14560 - 93343','cd0f46bf-7e84-11ea-8f79-8c1645373715','Eveniet autem vitae quis.'),('cd11db36-7e84-11ea-8f79-8c1645373715','cd0ba057-7e84-11ea-8f79-8c1645373715','cd0e87be-7e84-11ea-8f79-8c1645373715','et laboriosam aut esse eius aut','18534 - 42078','cd0f4784-7e84-11ea-8f79-8c1645373715','Facilis quis molestias modi harum.'),('cd11dca8-7e84-11ea-8f79-8c1645373715','cd0b9ecc-7e84-11ea-8f79-8c1645373715','cd0e859e-7e84-11ea-8f79-8c1645373715','quasi debitis quidem maxime autem dignissimos ipsa ea qui','14377 - 42041','cd0f465f-7e84-11ea-8f79-8c1645373715','Sed autem qui natus sunt.'),('cd11ddd1-7e84-11ea-8f79-8c1645373715','cd0b9f55-7e84-11ea-8f79-8c1645373715','cd0e8d75-7e84-11ea-8f79-8c1645373715','quia molestiae quasi aperiam illum consequatur tempora est sit','10230 - 27542','cd0f40dd-7e84-11ea-8f79-8c1645373715','Quidem architecto error excepturi enim hic aut provident.');
/*!40000 ALTER TABLE `jobs` ENABLE KEYS */;
UNLOCK TABLES;

--
-- Table structure for table `locations`
--

DROP TABLE IF EXISTS `locations`;
/*!40101 SET @saved_cs_client     = @@character_set_client */;
/*!50503 SET character_set_client = utf8mb4 */;
CREATE TABLE `locations` (
  `id` char(36) NOT NULL,
  `address` varchar(200) NOT NULL,
  `location` json NOT NULL,
  `area` varchar(50) NOT NULL,
  PRIMARY KEY (`id`)
) ENGINE=InnoDB DEFAULT CHARSET=utf8mb4 COLLATE=utf8mb4_0900_ai_ci;
/*!40101 SET character_set_client = @saved_cs_client */;

--
-- Dumping data for table `locations`
--

LOCK TABLES `locations` WRITE;
/*!40000 ALTER TABLE `locations` DISABLE KEYS */;
INSERT INTO `locations` VALUES ('cd0f3298-7e84-11ea-8f79-8c1645373715','314 Lê Thị Riêng, Tân Thới An, Quận 12, Hồ Chí Minh, Vietnam','{\"lat\": 10.8734765, \"lng\": 106.6554024}','Hồ Chí Minh'),('cd0f3f0c-7e84-11ea-8f79-8c1645373715','172 Ông Ích Khiêm, Phường 5, Quận 11, Hồ Chí Minh, Vietnam','{\"lat\": 10.7667661, \"lng\": 106.6429388}','Hồ Chí Minh'),('cd0f3ff4-7e84-11ea-8f79-8c1645373715','403 Cách Mạng Tháng Tám, Phường 13, Quận 10, Hồ Chí Minh, Vietnam','{\"lat\": 10.7809243, \"lng\": 106.6756289}','Hồ Chí Minh'),('cd0f4062-7e84-11ea-8f79-8c1645373715','592 Nguyễn Ảnh Thủ, Trung Mỹ Tây, Quận 12, Hồ Chí Minh, Vietnam','{\"lat\": 10.8592969, \"lng\": 106.6098683}','Hồ Chí Minh'),('cd0f40dd-7e84-11ea-8f79-8c1645373715','28-30 Nguyen Thai Binh Street, Nguyen Thai Binh Ward, District 1, Ho Chi Minh City, Phường Nguyễn Thái Bình, Quận 1, Hồ Chí Minh, Vietnam','{\"lat\": 10.7698733, \"lng\": 106.7003882}','Hồ Chí Minh'),('cd0f414a-7e84-11ea-8f79-8c1645373715','Đồng Văn Cống, Phường Thạnh Mỹ Lợi, Quận 2, Hồ Chí Minh, Vietnam','{\"lat\": 10.7753988, \"lng\": 106.7594779}','Hồ Chí Minh'),('cd0f41cd-7e84-11ea-8f79-8c1645373715','Đường số 50, Bình Trưng Đông, Quận 2, Hồ Chí Minh, Vietnam','{\"lat\": 10.7888971, \"lng\": 106.7749}','Hồ Chí Minh'),('cd0f422c-7e84-11ea-8f79-8c1645373715','Đường Số 1, Liên Tỉnh Lộ 25B, Phường Thạnh Mỹ Lợi, Quận 2, Phường Thạnh Mỹ Lợi, Quận 2, Hồ Chí Minh, Vietnam','{\"lat\": 10.7757492, \"lng\": 106.7599118}','Hồ Chí Minh'),('cd0f42ab-7e84-11ea-8f79-8c1645373715','34, 31D-Khu C, An Phú, Quận 2, Hồ Chí Minh, Vietnam','{\"lat\": 10.7918944, \"lng\": 106.7404785}','Hồ Chí Minh'),('cd0f431c-7e84-11ea-8f79-8c1645373715','63 đường số 5, phường Cát Lái, Quận 2, Cát Lái, Hồ Chí Minh, Vietnam','{\"lat\": 10.775406, \"lng\": 106.7712947}','Hồ Chí Minh'),('cd0f4377-7e84-11ea-8f79-8c1645373715','386/79 Đ. Lê Văn Sỹ, Phường 14, Quận 3, Hồ Chí Minh, Vietnam','{\"lat\": 10.7898918, \"lng\": 106.6772974}','Hồ Chí Minh'),('cd0f43ef-7e84-11ea-8f79-8c1645373715','2 Bà Huyện Thanh Quan, Phường 6, Quận 3, Hồ Chí Minh, Vietnam','{\"lat\": 10.7752899, \"lng\": 106.6903125}','Hồ Chí Minh'),('cd0f444b-7e84-11ea-8f79-8c1645373715','9 Huỳnh Tịnh Của, Phường 8, Quận 3, Hồ Chí Minh, Vietnam','{\"lat\": 10.7883648, \"lng\": 106.6883543}','Hồ Chí Minh'),('cd0f44b8-7e84-11ea-8f79-8c1645373715','139 Nguyễn Đình Chiểu, Phường 6, Quận 3, Hồ Chí Minh, Vietnam','{\"lat\": 10.777158, \"lng\": 106.6890399}','Hồ Chí Minh'),('cd0f4514-7e84-11ea-8f79-8c1645373715','243 Cách Mạng Tháng Tám, Phường 4, Quận 3, Hồ Chí Minh, Vietnam','{\"lat\": 10.7770139, \"lng\": 106.6829741}','Hồ Chí Minh'),('cd0f4581-7e84-11ea-8f79-8c1645373715','63, 65 Bến Vân Đồn, Phường 12, Quận 4, Hồ Chí Minh, Vietnam','{\"lat\": 10.7653075, \"lng\": 106.7022376}','Hồ Chí Minh'),('cd0f45dd-7e84-11ea-8f79-8c1645373715','Hẻm 42 Hoàng Diệu, Phường 12, Quận 4, Hồ Chí Minh, Vietnam','{\"lat\": 10.7653624, \"lng\": 106.7060284}','Hồ Chí Minh'),('cd0f465f-7e84-11ea-8f79-8c1645373715','18 Đường Đoàn Như Hài, Phường 12, Quận 4, Hồ Chí Minh, Vietnam','{\"lat\": 10.7663214, \"lng\": 106.7051618}','Hồ Chí Minh'),('cd0f46bf-7e84-11ea-8f79-8c1645373715','64 Nguyễn Khoái, Phường 2, Quận 4, Hồ Chí Minh, Vietnam','{\"lat\": 10.7550974, \"lng\": 106.694483}','Hồ Chí Minh'),('cd0f472c-7e84-11ea-8f79-8c1645373715','14 Đường Đoàn Như Hài, Phường 12, Quận 4, Hồ Chí Minh, Vietnam','{\"lat\": 10.7667587, \"lng\": 106.7057955}','Hồ Chí Minh'),('cd0f4784-7e84-11ea-8f79-8c1645373715','3 Mạc Cửu, Phường 13, Quận 5, Hồ Chí Minh, Vietnam','{\"lat\": 10.750223, \"lng\": 106.659248}','Hồ Chí Minh'),('cd0f47f5-7e84-11ea-8f79-8c1645373715','642 A Đ. Nguyễn Trãi, Phường 11, Quận 5, Hồ Chí Minh 700000, Vietnam','{\"lat\": 10.7540801, \"lng\": 106.6657832}','Hồ Chí Minh'),('cd0f4851-7e84-11ea-8f79-8c1645373715','642 Đ. Nguyễn Trãi, Phường 11, Quận 5, Hồ Chí Minh, Vietnam','{\"lat\": 10.7541276, \"lng\": 106.6662972}','Hồ Chí Minh'),('cd0f48d0-7e84-11ea-8f79-8c1645373715','203 An Dương Vương, Phường 8, Quận 5, phường 8 Quận 5 Hồ Chí Minh, Vietnam','{\"lat\": 10.7558049, \"lng\": 106.6675406}','phường 8 Quận 5 Hồ Chí Minh'),('cd0f4952-7e84-11ea-8f79-8c1645373715','660 Võ Văn Kiệt, Phường 1, Quận 5, Hồ Chí Minh, Vietnam','{\"lat\": 10.7520489, \"lng\": 106.6836549}','Hồ Chí Minh'),('cd0f49b5-7e84-11ea-8f79-8c1645373715','107 Cao Văn Lầu, Phường 1, Quận 6, Hồ Chí Minh, Vietnam','{\"lat\": 10.7464601, \"lng\": 106.6495791}','Hồ Chí Minh'),('cd0f4a22-7e84-11ea-8f79-8c1645373715','88 Tháp Mười, Phường 2, Quận 6, Hồ Chí Minh, Vietnam','{\"lat\": 10.7499949, \"lng\": 106.6504626}','Hồ Chí Minh'),('cd0f4a7a-7e84-11ea-8f79-8c1645373715','Hẻm 45/67 Bình Tiên, Phường 7, Quận 6, Hồ Chí Minh, Vietnam','{\"lat\": 10.7405803, \"lng\": 106.6424917}','Hồ Chí Minh'),('cd0f4ae8-7e84-11ea-8f79-8c1645373715','114 Đường Phạm Văn Chí, Phường 1, Quận 6, Hồ Chí Minh, Vietnam','{\"lat\": 10.7462002, \"lng\": 106.6490232}','Hồ Chí Minh'),('cd0f4b43-7e84-11ea-8f79-8c1645373715','2D Chợ Lớn, Phường 11, Quận 6, Phường 11 Quận 6 Hồ Chí Minh, Vietnam','{\"lat\": 10.7465793, \"lng\": 106.6348488}','Phường 11 Quận 6 Hồ Chí Minh'),('cd0f4bb4-7e84-11ea-8f79-8c1645373715','3 Tân Phú, P, Quận 7, Hồ Chí Minh, Vietnam','{\"lat\": 10.7327717, \"lng\": 106.725198}','Hồ Chí Minh'),('cd0f4c0c-7e84-11ea-8f79-8c1645373715','1 Tân Phú, Hồ Chí Minh, Vietnam','{\"lat\": 10.7328615, \"lng\": 106.7251448}','Hồ Chí Minh'),('cd0f4c76-7e84-11ea-8f79-8c1645373715','504, 506 Huỳnh Tấn Phát, Bình Thuận, Quận 7, Hồ Chí Minh, Vietnam','{\"lat\": 10.741525, \"lng\": 106.7292689}','Hồ Chí Minh'),('cd0f4cce-7e84-11ea-8f79-8c1645373715','People\'s Committee Of District 7, 1362, Huynh Tan Phat Street, Phu My Ward, District 7, Tân Phú, Quận 7, Hồ Chí Minh, Vietnam','{\"lat\": 10.7321119, \"lng\": 106.7262769}','Hồ Chí Minh'),('cd0f4d43-7e84-11ea-8f79-8c1645373715','1364 Huỳnh Tấn Phát, KP1, Quận 7, Hồ Chí Minh, Vietnam','{\"lat\": 10.713834, \"lng\": 106.7370286}','Hồ Chí Minh'),('cd0f4da9-7e84-11ea-8f79-8c1645373715','175 Phạm Hùng, Phường 4, Quận 8, Phường 5, Quận 8, Hồ Chí Minh, Vietnam','{\"lat\": 10.7395539, \"lng\": 106.6693443}','Hồ Chí Minh'),('cd0f4e1d-7e84-11ea-8f79-8c1645373715','126 Đường Lê Quyên, Phường 5, Quận 8, Hồ Chí Minh, Vietnam','{\"lat\": 10.740894, \"lng\": 106.6664351}','Hồ Chí Minh'),('cd0f4e87-7e84-11ea-8f79-8c1645373715','993 Phạm Thế Hiển, Phường 5, 8, Hồ Chí Minh, Vietnam','{\"lat\": 10.7428452, \"lng\": 106.667443}','Hồ Chí Minh'),('cd0f4edf-7e84-11ea-8f79-8c1645373715','993 Phạm Thế Hiển, Phường 5, Quận 8, Hồ Chí Minh, Vietnam','{\"lat\": 10.7422643, \"lng\": 106.6678169}','Hồ Chí Minh'),('cd0f4f4c-7e84-11ea-8f79-8c1645373715','250 Tùng Thiện Vương, Phường 11, Quận 8, Hồ Chí Minh, Vietnam','{\"lat\": 10.7471976, \"lng\": 106.6615428}','Hồ Chí Minh'),('cd0f4fa5-7e84-11ea-8f79-8c1645373715','Dong Nai, Vietnam','{\"lat\": 11.0686305, \"lng\": 107.1675976}','Dong Nai'),('cd0f500e-7e84-11ea-8f79-8c1645373715','Đồng Nai, Cư xá Bắc Hải, Phường 15, Quận 10, Hồ Chí Minh, Vietnam','{\"lat\": 10.7788966, \"lng\": 106.6626316}','Hồ Chí Minh'),('cd0f5067-7e84-11ea-8f79-8c1645373715','Kp5 Đường Nguyễn Khuyến, Trảng Dài, Thành phố Biên Hòa, Đồng Nai, Vietnam','{\"lat\": 10.9846076, \"lng\": 106.8691285}','Đồng Nai'),('cd0f50d7-7e84-11ea-8f79-8c1645373715','4 Lê Quý Đôn, Kp3, Thành phố Biên Hòa, Đồng Nai, Vietnam','{\"lat\": 10.9591332, \"lng\": 106.8613505}','Đồng Nai'),('cd0f5133-7e84-11ea-8f79-8c1645373715','1048A Phạm Văn Thuận, Tân Mai, Thành phố Biên Hòa, Đồng Nai, Vietnam','{\"lat\": 10.9580619, \"lng\": 106.8468985}','Đồng Nai'),('cd0f51a0-7e84-11ea-8f79-8c1645373715','Long An, Cần Đước District, Long An Province, Vietnam','{\"lat\": 10.5607168, \"lng\": 106.6497623}','Long An Province'),('cd0f5212-7e84-11ea-8f79-8c1645373715','2523 South Blvd, Charlotte, NC 28203, USA','{\"lat\": 35.2023634, \"lng\": -80.8646618}','North Carolina'),('cd0f529b-7e84-11ea-8f79-8c1645373715','Long An Province, Vietnam','{\"lat\": 10.695572, \"lng\": 106.2431205}','Long An Province'),('cd0f52f7-7e84-11ea-8f79-8c1645373715','Long An, Mỹ Tho, Tien Giang, Vietnam','{\"lat\": 10.4032411, \"lng\": 106.3384114}','Tien Giang'),('cd0f5372-7e84-11ea-8f79-8c1645373715','211 Nguyễn Thông, Phường 3, Tân An, Long An, Vietnam','{\"lat\": 10.5327197, \"lng\": 106.4261931}','Long An'),('cd0f53ca-7e84-11ea-8f79-8c1645373715','Tien Giang, Vietnam','{\"lat\": 10.4493324, \"lng\": 106.3420504}','Tien Giang'),('cd0f5434-7e84-11ea-8f79-8c1645373715','Cái Bè, Cái Bè District, Tien Giang, Vietnam','{\"lat\": 10.3367347, \"lng\": 106.0298196}','Tien Giang'),('cd0f548c-7e84-11ea-8f79-8c1645373715','Tiền Giang, Phường 2, Tân Bình, Hồ Chí Minh, Vietnam','{\"lat\": 10.8082688, \"lng\": 106.6655128}','Hồ Chí Minh'),('cd0f54e5-7e84-11ea-8f79-8c1645373715','02 Đường Hùng Vương, Phường 1, Thành phố Mỹ Tho, Tiền Giang, Vietnam','{\"lat\": 10.3549773, \"lng\": 106.3643284}','Tiền Giang'),('cd0f5552-7e84-11ea-8f79-8c1645373715','Tiền Giang, Lê Lợi, Bắc Giang, Vietnam','{\"lat\": 21.2694124, \"lng\": 106.1992451}','Bắc Giang'),('cd0f55b8-7e84-11ea-8f79-8c1645373715','Ishikawa, Japan','{\"lat\": 36.32603169999999, \"lng\": 136.5289653}','Ishikawa'),('cd0f561e-7e84-11ea-8f79-8c1645373715','Ishikawa, Uruma, Okinawa 904-1106, Japan','{\"lat\": 26.4376186, \"lng\": 127.8220414}','Okinawa'),('cd0f5677-7e84-11ea-8f79-8c1645373715','Ishikawacho, Ota City, Tokyo 145-0061, Japan','{\"lat\": 35.6029663, \"lng\": 139.6822041}','Tokyo'),('cd0f56dd-7e84-11ea-8f79-8c1645373715','Ishikawa, Fujisawa, Kanagawa 252-0815, Japan','{\"lat\": 35.3791036, \"lng\": 139.4542268}','Kanagawa'),('cd0f5731-7e84-11ea-8f79-8c1645373715','Ishikawacho, Naka Ward, Yokohama, Kanagawa 231-0868, Japan','{\"lat\": 35.4373853, \"lng\": 139.6410647}','Kanagawa');
/*!40000 ALTER TABLE `locations` ENABLE KEYS */;
UNLOCK TABLES;

--
-- Table structure for table `roles`
--

DROP TABLE IF EXISTS `roles`;
/*!40101 SET @saved_cs_client     = @@character_set_client */;
/*!50503 SET character_set_client = utf8mb4 */;
CREATE TABLE `roles` (
  `id` char(36) NOT NULL,
  `roleName` varchar(100) NOT NULL,
  `industry` char(36) NOT NULL,
  `description` varchar(100) NOT NULL,
  PRIMARY KEY (`id`),
  UNIQUE KEY `roleName` (`roleName`),
  KEY `industry` (`industry`),
  CONSTRAINT `roles_ibfk_1` FOREIGN KEY (`industry`) REFERENCES `industries` (`id`)
) ENGINE=InnoDB DEFAULT CHARSET=utf8mb4 COLLATE=utf8mb4_0900_ai_ci;
/*!40101 SET character_set_client = @saved_cs_client */;

--
-- Dumping data for table `roles`
--

LOCK TABLES `roles` WRITE;
/*!40000 ALTER TABLE `roles` DISABLE KEYS */;
INSERT INTO `roles` VALUES ('cd0e713c-7e84-11ea-8f79-8c1645373715','International Group Director','cd0da18c-7e84-11ea-8f79-8c1645373715','Veritatis quia incidunt distinctio quia adipisci natus ab ut.'),('cd0e80be-7e84-11ea-8f79-8c1645373715','Investor Operations Facilitator','cd0daefa-7e84-11ea-8f79-8c1645373715','Autem quaerat ut ad et velit.'),('cd0e81ea-7e84-11ea-8f79-8c1645373715','Direct Data Officer','cd0dada0-7e84-11ea-8f79-8c1645373715','Praesentium aut aliquam similique blanditiis distinctio perspiciatis nobis.'),('cd0e82a8-7e84-11ea-8f79-8c1645373715','Dynamic Brand Producer','cd0daeb3-7e84-11ea-8f79-8c1645373715','Recusandae aut quidem.'),('cd0e8367-7e84-11ea-8f79-8c1645373715','Lead Implementation Assistant','cd0dae46-7e84-11ea-8f79-8c1645373715','Suscipit est ipsa.'),('cd0e8429-7e84-11ea-8f79-8c1645373715','Chief Assurance Strategist','cd0daeb3-7e84-11ea-8f79-8c1645373715','Voluptas officia occaecati.'),('cd0e84e4-7e84-11ea-8f79-8c1645373715','Regional Solutions Representative','cd0daefa-7e84-11ea-8f79-8c1645373715','Accusantium aut voluptatem.'),('cd0e859e-7e84-11ea-8f79-8c1645373715','International Group Consultant','cd0dada0-7e84-11ea-8f79-8c1645373715','Excepturi ab non earum quis nisi id incidunt laborum.'),('cd0e8660-7e84-11ea-8f79-8c1645373715','Lead Directives Planner','cd0daeb3-7e84-11ea-8f79-8c1645373715','Error incidunt libero at tempora quos quas aut.'),('cd0e8706-7e84-11ea-8f79-8c1645373715','Principal Identity Agent','cd0daeb3-7e84-11ea-8f79-8c1645373715','Dolorem et distinctio.'),('cd0e87be-7e84-11ea-8f79-8c1645373715','Corporate Quality Director','cd0dada0-7e84-11ea-8f79-8c1645373715','Voluptas explicabo quis nihil asperiores pariatur neque quia esse tenetur.'),('cd0e8875-7e84-11ea-8f79-8c1645373715','Global Assurance Executive','cd0dae46-7e84-11ea-8f79-8c1645373715','Et consequatur ut ad.'),('cd0e8925-7e84-11ea-8f79-8c1645373715','Senior Assurance Director','cd0da18c-7e84-11ea-8f79-8c1645373715','Commodi aliquam velit dolorum est.'),('cd0e89b9-7e84-11ea-8f79-8c1645373715','Corporate Metrics Designer','cd0da18c-7e84-11ea-8f79-8c1645373715','Eius iste optio et neque quo ab modi.'),('cd0e8a6a-7e84-11ea-8f79-8c1645373715','Product Functionality Coordinator','cd0daeb3-7e84-11ea-8f79-8c1645373715','Odio laborum et laborum enim rerum sed ad.'),('cd0e8b3a-7e84-11ea-8f79-8c1645373715','Legacy Security Administrator','cd0da18c-7e84-11ea-8f79-8c1645373715','Necessitatibus vero voluptatem eos doloremque totam sint.'),('cd0e8bfc-7e84-11ea-8f79-8c1645373715','Senior Brand Technician','cd0dae46-7e84-11ea-8f79-8c1645373715','Animi enim veritatis velit est.'),('cd0e8cbe-7e84-11ea-8f79-8c1645373715','Customer Integration Strategist','cd0dada0-7e84-11ea-8f79-8c1645373715','Qui non exercitationem amet.'),('cd0e8d75-7e84-11ea-8f79-8c1645373715','Forward Creative Supervisor','cd0dae46-7e84-11ea-8f79-8c1645373715','Doloribus magnam beatae reiciendis culpa tempore voluptatem ea cumque error.');
/*!40000 ALTER TABLE `roles` ENABLE KEYS */;
UNLOCK TABLES;

--
-- Table structure for table `users`
--

DROP TABLE IF EXISTS `users`;
/*!40101 SET @saved_cs_client     = @@character_set_client */;
/*!50503 SET character_set_client = utf8mb4 */;
CREATE TABLE `users` (
  `id` char(36) NOT NULL,
  `email` varchar(320) NOT NULL,
  `password` binary(64) NOT NULL,
  `salt` binary(128) NOT NULL,
  `customerId` varchar(30) DEFAULT NULL,
  `userType` enum('employer','employee') DEFAULT NULL,
  `subscriptionId` varchar(30) DEFAULT NULL,
  `resetCode` char(6) NOT NULL DEFAULT '000000',
  PRIMARY KEY (`id`)
) ENGINE=InnoDB DEFAULT CHARSET=utf8mb4 COLLATE=utf8mb4_0900_ai_ci;
/*!40101 SET character_set_client = @saved_cs_client */;

--
-- Dumping data for table `users`
--

LOCK TABLES `users` WRITE;
/*!40000 ALTER TABLE `users` DISABLE KEYS */;
INSERT INTO `users` VALUES ('cd0b8e21-7e84-11ea-8f79-8c1645373715','Antonina_Heaney@hotmail.com',_binary 'Jj\H\)\rX\38\\nߩLD\\5S\U7EdB\r\z)PtUش0ss[',_binary '1\ا=9\\*\\}\q\5VH\Fs3y>&\\\\\\̬\\\x2\Z˞\0\\C+㛍_G(#$\EZ\\hka`jba_@yOGv\_ჷ\rKL',NULL,'employer',NULL,'ubi21i'),('cd0b9dc4-7e84-11ea-8f79-8c1645373715','Sigrid91@yahoo.com',_binary '\_,Ѕ#\mi<\\'mk2=7?\8N@!N3A\|D8$IU\&0\\',_binary '$\"\\$ȧaғ:qYv+\Rt\"\\P*z\\:0\.\\'\XsT&\0u\R\\\r?*\ э2³1\\\\nꍙ#unmJIU\\\}~o\ٯ\#6T3(\0L\z',NULL,'employer',NULL,'s2vkxt'),('cd0b9ecc-7e84-11ea-8f79-8c1645373715','Sabryna_Steuber69@gmail.com',_binary '\ \$#k\D(<ݴ^\\\4.YB]C\%0\"\"x\Z\L\Z\N$\\ZZE',_binary '\\=86H\w\2Z\8\{\\v\\CZ\,#\0\z\nD\\K←>m\K;Tl\0&\\831\wdՠ\:\NL\ٷq\"ϸ\\^;\]\rS#\\U\b̖',NULL,'employer',NULL,'g7cwkg'),('cd0b9f55-7e84-11ea-8f79-8c1645373715','Raven16@gmail.com',_binary '4;\\_\v\p&u}\rh98w\P赕|Z]\_ZU+m;*\Wc/:\R',_binary '\s\Z4\'\4eRX+mJO\ ^rnb\RFw\nʖ\gV~i+\\\\\n\}\4M\eR\9-+-m~ȳ\\\Ԡ4\\d\aL\ \',NULL,'employer',NULL,'cooamk'),('cd0ba057-7e84-11ea-8f79-8c1645373715','Kyler_Leuschke@yahoo.com',_binary '|W^\\\pJ\'(ߣ8\ۭԃ͸!:Ϝմ\Ruנ\rPX\r\e/zV\̾{YR\evY',_binary '7\N2>\n\r.i؞\0/v\-MCG\\Oy4{\7NیE\a\лE3y)XG\"\'/J\\\]:\\;e\Wy9\AL\\\I\\e\3M\\\'Њ\',NULL,'employer',NULL,'8ztzoa'),('cd0ba0bd-7e84-11ea-8f79-8c1645373715','Toney87@hotmail.com',_binary '1\(4\p\\\T\f\<\?\~yor\Z}\\[7;\!\!W#WȜ+\!=Ϗ',_binary 'PT\\\KBڗ\r\\\\@C\ӱ/Vut~y3TP3M\<zH\_-E\HS;K\\\Ԇ\\]\\tS\'\K\%m#l5|\- \;\?x\o\Z\',NULL,'employee',NULL,'a9hcau'),('cd0ba135-7e84-11ea-8f79-8c1645373715','Xzavier.Schultz36@gmail.com',_binary '0rf\\\\#\\^ҌvC\3uWܸ\\|:,g\A\rjhZҜߖ\w',_binary 'Ƴ\QšxE\\\,Bi\ɕ\ڵ\`\\=ҦF\S\Z\\ߩ\\<\i\p\~%Co\i\\-[L6\\m4\F5,\wu+&YkA\\\gen\(\;<QW7\\:',NULL,'employee',NULL,'hbzfj2'),('cd0ba1a9-7e84-11ea-8f79-8c1645373715','Joannie.Kerluke75@yahoo.com',_binary '%\9b\0\n7,\r\Tg[\\;\'-@\^Y51A\5A7VHh#\} ƚ\',_binary 'X\NK/^l\*\eoN \־E\Rʹgɦy\	hlT\ugA\.\\zxFz@X\nhQ\B[_l\'j֣\Z,˧|/ki8U\HL\\p\k]\9',NULL,'employee',NULL,'f0hlya'),('cd0ba24c-7e84-11ea-8f79-8c1645373715','Tiffany53@yahoo.com',_binary '!`pԔoxf(;\r\\3G\6r[Ǭ\oǊ\\\5\rE-\0',_binary 'r\`yJ\0g\W7\T6\c\\Ց#-\@\\Xj6\҉I\\nof4\h4\r\\ƫy\\ \1lb\;k\0R\$^UEk|\9[\4I\fk}J.kZ\',NULL,'employee',NULL,'w97grc'),('cd0ba2b9-7e84-11ea-8f79-8c1645373715','Devante.Orn@gmail.com',_binary '\\"!S1D\\nY?r\\.\{\uo%\¡`gC\\\!z\O	8',_binary 'm\m\$>oY6 \H3B\\uS\\A3B\7\I\93\Eg+\u%\0K\(\F\\}?\ZL\"\\\*\;*|\ܐ9\\\\\\50e2\z_B8S\',NULL,'employee',NULL,'m1vrw0'),('cd0ba32d-7e84-11ea-8f79-8c1645373715','Velva_Kling3@hotmail.com',_binary '@\n/\\\\n;ՠ\r=c\ց\	2\o`u/~a\fN\9If6!',_binary 'L&\\0Z)\\,7\Ny\\=HP\D.\Py!\\s~YuE+W\\|\\5@r$beC:wag1\$17\\\8\94SO\rddG~x\1? S\',NULL,'employee',NULL,'zbsnb8'),('cd0ba3a2-7e84-11ea-8f79-8c1645373715','Stacey_Leffler66@hotmail.com',_binary '~$5\"u\\̈\AY\R7@>k\An\?\M\\"G&\\\\'ZG{<J\\ʰ0;o',_binary ')\\\"\U6|h\T\'c\nK\\\,6O2UGB<\n\nAbU0\X\\=P?8|\\f\P\\\\\ð\fj;Д\Qэ]W{\(\vfT6<\0vۤüH*\',NULL,'employee',NULL,'oirrwp'),('cd0ba412-7e84-11ea-8f79-8c1645373715','Nicola_Wehner8@yahoo.com',_binary '\s\?N<§ZTғֱ[\\S\=<\\\\"Ix\R\o3\Z\\\2E',_binary '\$bZ\p\\\eJ\fX\?\7F!ͯ{>\\\yaM7D\櫪&o!\YVR\v㪧Xf3\\\1\\Ѡ\\\"\"CUN\?{W~\\\[3KՋ%2\',NULL,'employee',NULL,'rf6jwb'),('cd0ba48a-7e84-11ea-8f79-8c1645373715','Dereck.Hilll52@gmail.com',_binary 'CĨϋs\d;\,ar\*P\\Z4\\	s\J\<\rտ+W^Y)F}-\',_binary '_g\O\\\haT]\;\'҈4@\\"H\B%~\\k.?.\\\\~\\00\SlK\	\\nz\Z Y^\ox#*|=&w,) ',NULL,'employee',NULL,'fskd2b'),('cd0ba4fb-7e84-11ea-8f79-8c1645373715','Cordia58@yahoo.com',_binary '\;s\0\\V\V\MJt\8\6U<\'`Z\x7\W\\\D\g}*Y\%\x\',_binary '\\\g`\\hV\BMM3\0hW\\Yu&\rAn\\ɟhD\+\K{|Hz,2\巬\ǒ1\dC	\Z\\ɅQ\L\x\8\̮\d[⭫\"mS\}\@}w\'i',NULL,'employee',NULL,'sszc0t'),('cd0ba570-7e84-11ea-8f79-8c1645373715','Kristofer_Hegmann@gmail.com',_binary '6=\\A]9E<\'(9Tݚ\\.EΝzC\\1Ateg#*\\.\*\h+\L\',_binary 'ԉИ*\&ƻ8I\P&\EyɈ\+\\\\E\F\\\'ylg/\\'\\Z_|F߈bo`\iinQY\\\\B3>İ$.Ctg^3N1iӒG&kc\\',NULL,'employee',NULL,'x6pf3o'),('cd0ba5e0-7e84-11ea-8f79-8c1645373715','Maxine.Rogahn39@gmail.com',_binary 'ߌ1\r\Zs\V{A\0aRߣ\0̯\$\\:G9UbtҽTBq9\r\)k',_binary 'W\"=ix FTD\\o\%_ᣅ`\ڈn<r݉\\"ݺm\\e<_\\wGs\\\:-e(\O7s%HQH\wy$9C텫\\Z\4\ԶL%\T\t:a\\3',NULL,'employee',NULL,'zjjpx2'),('cd0ba65c-7e84-11ea-8f79-8c1645373715','Beau.Oberbrunner92@yahoo.com',_binary '\L\w+\L3&M\\y\ \CB_\\A쯤\\bE\0\<_\]Y{\(',_binary 'ˉ\HaCH{\ZTB\09SU\x\|S$fֹ\mx0Um\Z\?yɝ~ap\]u\Z\\\y\\9 \h:g0\:XH	\zgX\\\"r@T\02P\\',NULL,'employee',NULL,'7f17iv'),('cd0ba6d0-7e84-11ea-8f79-8c1645373715','Danielle_Mitchell@gmail.com',_binary '\n0\Ȥp\G\\P\\/\0!N^]\oGo::>\vǮ?\8\\\ZM\'\r',_binary '\\\\i\ҘN&\f\'\\Z\03i\0`	?]#CQ:\\EdY>ΟIZ\0N2KB\aP\,\W\rB\@\\VBx5\\[q:\Ð\\ts;a\\[\&\G-',NULL,'employee',NULL,'vova76'),('cd0ba745-7e84-11ea-8f79-8c1645373715','Colby20@hotmail.com',_binary 't5#Mإށk`s<\mx)[jcǻ\\Ax\90a`\sK5\r4\\	A2',_binary '&[_%k\d0£?\\{\\-0d3\\\ Yo;\k\RYj\E?]=~(\$B\G\\\r`,ڍ\p-I\R6tN\\.\\VCeIa.e\\.\~\%ȳ',NULL,'employee',NULL,'blo8nt'),('cd0ba7ab-7e84-11ea-8f79-8c1645373715','Oral99@yahoo.com',_binary 'q\'[&쫆{~&\y\\n\M\˻\K\i\ck\+c?cE\ɯc\\\\r4\\Ԛo',_binary '\w\'C#jx-m\\\ˡv\b-\W\k}/m!vmXލ\\ͺ\\\䴸\\\\\\{7 !(\\wM\.ק\8\B\\S\'MkEux\0\\M\kz6d',NULL,'employee',NULL,'vzu154'),('cd0ba81f-7e84-11ea-8f79-8c1645373715','Clovis_Lemke94@hotmail.com',_binary '\\Qn\"?wS,\ ɮ\B1\\\\μZNbJZ]\\\"^\!5\\x\\0\Hp',_binary 'o\5ҵxIΓjy\4YMq	cX`\r7+\9\\z:_S\,F\\"+EϚ:}[\P]DX\)\\>XW%J/`c\c\\sgێwW3l:\\gFͦC\\',NULL,'employee',NULL,'57zjqa'),('cd0ba88c-7e84-11ea-8f79-8c1645373715','Sophie_Dibbert39@gmail.com',_binary '#&4\?DzX3B8\{z\<@@?εO\USOD`ROaY\n9\d(hA))\',_binary 'h>\e 5([%O;\'A\r\p7t\d\w\1\\8z\\_\Z\rl\jdk\I:\%\\LdY%L]sřO\}h5\wQJAqo9\7\!mKK|\ZwyN ',NULL,'employee',NULL,'tsfxwn'),('cd0ba8fa-7e84-11ea-8f79-8c1645373715','Darian_Nader8@yahoo.com',_binary 'j\\z\=\nU֮I0י\\iM\_\\\\Zv}\~4ܽʭnc\H,NX]',_binary 'ś蕲DG\&3@*S\)B\\\\Ћ%\M{h\q{c\n|1}\{*\޸|\\\\h\\\e{\\P\1p6\AB[\;PZ\0\N{I\U{\\G)͙\n\N4\\.\\\',NULL,'employee',NULL,'020uw0'),('cd0ba964-7e84-11ea-8f79-8c1645373715','Felicita_Denesik@gmail.com',_binary 'B,P髧\ڸ9\fY\"L8-lzOw˱\`QV\-ƕb\{\0B\',_binary '\@(2\p\ue\sU\\vW4X	-\J\gy$5z\\r5\\,ZA?fO\c<\\z\	\Bf\\P1dbD:I\\'\Z\\W깈\rvV+-k	sf]\',NULL,'employee',NULL,'963olj'),('cd0ba9d4-7e84-11ea-8f79-8c1645373715','Ernest_Gleason67@hotmail.com',_binary 'o,$k?\\c\\\Dj@>\Fʤ]c\G\c+Tw\?\د\,\o\\EZYVG',_binary 'qv/h#/\r8c\B닣:3>Eg	8e\-:\\'\\CНO=^\y_\r\ɇNR\3\\\Rt\S\R\U\OVN\ᇇ\&z\\\O	R\ߝ,',NULL,'employee',NULL,'ed5jl2'),('cd0baa45-7e84-11ea-8f79-8c1645373715','Allison89@gmail.com',_binary '\|ef\Fv\	Z-\;\ܾ@B\Z\EQc\//\\	R?CKUL5\',_binary '~})@\y:gv\뉆8\\\\$\]\%=>,m\e\X\n\r\%|yk\̨6hgȢ\\\\[jrHr\\^\=7v\\hL k%m',NULL,'employee',NULL,'kwdq3a'),('cd0baaa4-7e84-11ea-8f79-8c1645373715','Levi_Russel@hotmail.com',_binary 'g_\\&\\\|\sʶ\|q\=\J\rdQ_\Z\qC\F\M\^\3\T_dZ+\',_binary '\K= h!&|}R_\f\\{ͩ\Ӥ́\\\B\Z纾̻.ӯ]ڇ\r\\\"4j\}\$F$\\n\rZZǊ?h\\\M\x\oE\\rT\Vڻs(б\',NULL,'employee',NULL,'nhagi0'),('cd0bab0e-7e84-11ea-8f79-8c1645373715','Edmond67@hotmail.com',_binary 'ߏ\\WF\\\`2\r\nkt!G\]E\7c΍ɱ\\\\`uD_!O\&\\ي',_binary '\?ptKԠ饾\s\\"ik\s\}N.|OR˓iNڇ\&꜇\	t1uۙ\r\b0F}\A&\_\0*\-\\a\\:0\鎪d!',NULL,'employee',NULL,'gdp9hj'),('cd0bab7f-7e84-11ea-8f79-8c1645373715','Bethel16@gmail.com',_binary 'HZ\1qL\n}\]	7	\9:8`\2H<!2?\NVҲ/[?3\d\',_binary '\`!L*\\B\1\P[\1\#lMGM\'\Y\\\r\%`\\3_EY4\P\!7\&\\jӴ\\\㯅\h\+\1p\n\4r|l\sG\tS\\\4ſ\',NULL,'employee',NULL,'qhj3tf'),('cd0babe2-7e84-11ea-8f79-8c1645373715','Leonardo.Swift@yahoo.com',_binary 'C=4\:\\8\.hR\\\8N\\0ih\Z\Ir)I\h\D\e\\;\\rs\(',_binary 'D9ho	\[UZ\\k%0{\<;\z\VةT;E&0C\q.\G؟/PwW]\0K\i\}\YG=/4\6\\u,\')\Ԕ\h\\$\\V\QJf=\	\',NULL,'employee',NULL,'5tjz1d'),('cd0bac7d-7e84-11ea-8f79-8c1645373715','Justina_Medhurst41@gmail.com',_binary '\&\\Cf<خW|k!?\\\\6\m\w\Y\\\w\z	s,EX?Y',_binary '\U78[k2\\'#͉R#\|o?7C\eB\M\\	\0Xa g9ɐ1\8¾R^7$mhv%5\H=\\=\\r\Hl\3\0\\\\V*F\'\ZSqw\',NULL,'employee',NULL,'da9pbe'),('cd0bacf5-7e84-11ea-8f79-8c1645373715','Rachel.Frami@gmail.com',_binary 'nŒ\\i(\\ђ/3[aQ1Wok,x`\Zo=\([ʬ<\km<*\\',_binary '+\\CU_\Vp%\\\\ ^ 0T\\r⨯_\0}F#T\p\ZO[\\]a>+\\35I#.)\UȘ¶sP5?$\ޣ\ۺ2⓰\V(\',NULL,'employee',NULL,'kbj8s1'),('cd0bad54-7e84-11ea-8f79-8c1645373715','Skylar.Homenick82@yahoo.com',_binary 'VKЕ\)LP꾂uJDS\eঢ়\ZapWzU^x&pl=\dTJ',_binary 'b\1K8\v\\R\\':1\|}y1\|$W\/.\n\\*9\iuky#G9\\~sTC\=J:td6V\\Ӊkư@\\>\\mzE\]B\\\\\-pW',NULL,'employee',NULL,'62sf9n'),('cd0badda-7e84-11ea-8f79-8c1645373715','Julia.Paucek@gmail.com',_binary 'T(V&:\T?R{fn\j\nns9\{\ԷE\8\F\t\JS!\ӕ\c/f',_binary 'h$ZZ\\R\T)o\|\\nT\\38?2 E#\t\\3\w\\\Կק?\\\f8\aF0X3c\\HYW\\\ԙ\E:CjZ\Zq<\\\0|',NULL,'employee',NULL,'q8x1pf'),('cd0bae4b-7e84-11ea-8f79-8c1645373715','Murl_King@hotmail.com',_binary '\D߉\a\n/ҿW>F)\\5\\u$%\>\/,\k\t_\7*^',_binary '\\%+\\\\jԢTbu\06\\rma\Z\O51\fW))\Y#\\\1\6!6\Q<PQԲ#ӆ?iʾ\[\C`\\غ\4Sn1Uq\h\8/}FZ-\\',NULL,'employee',NULL,'qjzybs'),('cd0baebc-7e84-11ea-8f79-8c1645373715','Russel_Stehr@gmail.com',_binary '#%\\\\\֧4\y뎰\^\샼B\r\6<\\\\iJDHN׭\/a\\J`',_binary '٧YF^cvi\6ǫ\\\г1tAI\\\\r/\%1⾎\\KW\rD@\m\[\\86\4ե؄\&\yF)R\u\N\J\\'I\	ur,K\\=q\	',NULL,'employee',NULL,'xs6323'),('cd0baf22-7e84-11ea-8f79-8c1645373715','Jeffery_Willms@yahoo.com',_binary '\@Q:QMN\\i\Fx\\#Lwy-\-\	 ND>t>]U\i)0\\',_binary '%l\_\UT+hS\<*/\&:\\G|t\\\\ħhE\n\\\@n\5=*x\{\0RJ v7\\Z\`x\2\\\,3\\0\k\\\nL=M\-\:\\\\&XPGZl ',NULL,'employee',NULL,'8c783l'),('cd0baf96-7e84-11ea-8f79-8c1645373715','Isabel_Bernier@gmail.com',_binary '\\\e޼o2\&E\\0X\E#et	\-\\	:\qW$\ͷ\\_YdNb*',_binary 'VݰiYs=׹\m5r5cG1Kj)ESD&<8: }|\o\ej\"%~{\#簝 \\O7\9\1g3iQ\#\\O\ZjTG\n{-H\\O\'h\`\.Zqfy\',NULL,'employee',NULL,'87nhcx'),('cd0bb00e-7e84-11ea-8f79-8c1645373715','Adele_Cummerata@hotmail.com',_binary '\\b!Y\FŐWׅB\;\\\_6q\'^Uu-썵*;\XL)m',_binary '\\0z\P,5ax\ǳ[	\d\V\d\lQi	\\\'Iw2i\ vd	GDm:&_\0\\T[\@\*4v\\cϘ;_.*ӊK<(4d\\  \\j\CAo\\nl\ZKf',NULL,'employee',NULL,'ns5jph'),('cd0bb07f-7e84-11ea-8f79-8c1645373715','Roderick29@gmail.com',_binary 'BrE✖!4q\\\iG\\\\\of!	\'\,Z&}lƜSGiN\F\\^',_binary '\UZ\\\͡읩\\Y>ĜPvg\\\\!`\pSf[\\\0\F6\\9`\8\ I uX\\.\M}\]\ݢ\W&y\2\g\\\\pE1v;ʽh',NULL,'employee',NULL,'7pcs67'),('cd0bb0de-7e84-11ea-8f79-8c1645373715','Jackie.Brekke65@yahoo.com',_binary '̕#{dx\\\̳S{v\\0\CR\#J	\V',_binary 'vխ;K\C$a\\8;\-_\LA\\ǌZ\L\\:r\\uĎTp\Zi{&cR_W*\-7h:S\\ \\}BW*\[\;[\4&aZ<,X\Tm/X',NULL,'employee',NULL,'x8paxm'),('cd0bb153-7e84-11ea-8f79-8c1645373715','Warren59@hotmail.com',_binary '	o\m\nF\B\\ɬ\0ܒ\+b\$\^\m\ב)\ҧ<ǳs;\P',_binary '\1cGa*\H]}L%\~X z>/\ҽNl80\Ӄ\\K\\cx߇<I\\\\\"\n\\\׽*\!1\IYQh\\\|\R\\0t\\ac\\k34\\@Bj<tD',NULL,'employee',NULL,'io9v08'),('cd0bb1c7-7e84-11ea-8f79-8c1645373715','Esperanza_Barrows70@gmail.com',_binary '#\opz2\\C(s!F\\\}\S\AiINOX\\<\',_binary '\\HTp\@&~\"|\\\pD8\\\\=t)fabz﹖\\h!42ن #ڴ%}>jE	\ء\`Ff\b\\q)t\\#BBba֑>1`G\2Z\\7P0!C+Vm8',NULL,'employee',NULL,'h81pcu'),('cd0bb238-7e84-11ea-8f79-8c1645373715','Chandler89@gmail.com',_binary '(\\\@\\\\!O\\~<\\,\\r\k\9r=TN\09:R%7kG:%\',_binary 'v\\'`a\\'oo&\MÉtxY\rbҎh3<\+ۂ`sԋa%N\- Xpu\c Z]\;tHD7g\U_\\\\\~` \3foD\B\ZHփG<k',NULL,'employee',NULL,'miw7hd'),('cd0bb294-7e84-11ea-8f79-8c1645373715','Winifred49@hotmail.com',_binary '\q\MY\\ǻ\.ZwwC\'\\\\݆\5CK\\r\',d\\]\rGd3ʟ\\9\\',_binary '=<\t\;\\ւ\\m\wV\?*@+b}]/)Ҩ\X._\\syH1XPr\}(5]RCYs\n(`i;F\\\4\\o<\]f\\\\\>@\',NULL,'employee',NULL,'iatlzd'),('cd0bb30b-7e84-11ea-8f79-8c1645373715','Frieda_Olson@hotmail.com',_binary '7|\^\{ν/X V\\\9VifhR 3\M\\qm\M3\oLX\4б!\~',_binary '\8\yD\"\ze#\2\"xk4𜻦7%\%+/NAyMIխߕ\$\\\]@\\̜:_=U`71\\Ts<\\UˉTL\*\=]`\pa%t2x',NULL,'employee',NULL,'0l4jnp'),('cd0bb380-7e84-11ea-8f79-8c1645373715','Esperanza67@yahoo.com',_binary '}0\#\'\X.cmzL*\DH秌I\p3è$\7\%nկ0S\\%\F',_binary 'Sdǰ\1a֐Mٞ\\\L,\\J*@\\\P%E֗cm6{S2\%1\DB\\l5\\J\"Zvm\J\tĿ[udG\r\~7h\\\rG~c\\=)=͡y[ْ\0^-\0',NULL,'employee',NULL,'1yx19q'),('cd0bb3db-7e84-11ea-8f79-8c1645373715','Houston77@gmail.com',_binary '\\\\\\\AJj7-thB5nb[\Z.BN\\\͇g>\\\',_binary '*aZȡ\8d-B\"`%\\Lೋ\ل\v\\\\'\ْa\\9\\\r4\5OJ\Zpx\\$\\\Ӹ֮ME\۽?R\\_A\\!\\q\\@&bFLx|\\',NULL,'employee',NULL,'7g0q31'),('cd0bb437-7e84-11ea-8f79-8c1645373715','Kirk_Schaden@gmail.com',_binary '\A۞\%\r̽@\\"x~$Жө\?\t\	/\rU\)D\ߚ$\`W\߾\;',_binary '`0\DU6\\W\B\\HtVxC\0L\\ۑzD\\2\\cQz?\p\\x!\dI1l\&ܞ\Br\\BlC\!7эs\\pJ\q',NULL,'employee',NULL,'mjnb0l');
/*!40000 ALTER TABLE `users` ENABLE KEYS */;
UNLOCK TABLES;
/*!40103 SET TIME_ZONE=@OLD_TIME_ZONE */;

/*!40101 SET SQL_MODE=@OLD_SQL_MODE */;
/*!40014 SET FOREIGN_KEY_CHECKS=@OLD_FOREIGN_KEY_CHECKS */;
/*!40014 SET UNIQUE_CHECKS=@OLD_UNIQUE_CHECKS */;
/*!40101 SET CHARACTER_SET_CLIENT=@OLD_CHARACTER_SET_CLIENT */;
/*!40101 SET CHARACTER_SET_RESULTS=@OLD_CHARACTER_SET_RESULTS */;
/*!40101 SET COLLATION_CONNECTION=@OLD_COLLATION_CONNECTION */;
/*!40111 SET SQL_NOTES=@OLD_SQL_NOTES */;

-- Dump completed on 2020-04-15  2:19:16
