-- MySQL dump 10.13  Distrib 8.0.19, for Win64 (x86_64)
--
-- Host: localhost    Database: recruiter
-- ------------------------------------------------------
-- Server version	8.0.19

/*!40101 SET @OLD_CHARACTER_SET_CLIENT=@@CHARACTER_SET_CLIENT */;
/*!40101 SET @OLD_CHARACTER_SET_RESULTS=@@CHARACTER_SET_RESULTS */;
/*!40101 SET @OLD_COLLATION_CONNECTION=@@COLLATION_CONNECTION */;
/*!50503 SET NAMES utf8mb4 */;
/*!40103 SET @OLD_TIME_ZONE=@@TIME_ZONE */;
/*!40103 SET TIME_ZONE='+00:00' */;
/*!40014 SET @OLD_UNIQUE_CHECKS=@@UNIQUE_CHECKS, UNIQUE_CHECKS=0 */;
/*!40014 SET @OLD_FOREIGN_KEY_CHECKS=@@FOREIGN_KEY_CHECKS, FOREIGN_KEY_CHECKS=0 */;
/*!40101 SET @OLD_SQL_MODE=@@SQL_MODE, SQL_MODE='NO_AUTO_VALUE_ON_ZERO' */;
/*!40111 SET @OLD_SQL_NOTES=@@SQL_NOTES, SQL_NOTES=0 */;

--
-- Table structure for table `employees`
--

DROP TABLE IF EXISTS `employees`;
/*!40101 SET @saved_cs_client     = @@character_set_client */;
/*!50503 SET character_set_client = utf8mb4 */;
CREATE TABLE `employees` (
  `id` char(36) NOT NULL,
  `firstName` varchar(100) NOT NULL,
  `lastName` varchar(100) NOT NULL,
  `phoneNumber` varchar(30) DEFAULT NULL,
  `birthday` date NOT NULL,
  `availableFrom` date NOT NULL,
  `availableTo` date DEFAULT NULL,
  `hourlyRateFrom` float DEFAULT NULL,
  `hourlyRateTo` float DEFAULT NULL,
  `maximumCommute` int DEFAULT NULL,
  `location` char(36) DEFAULT NULL,
  `ignoreDistance` tinyint(1) NOT NULL DEFAULT '0',
  `bio` varchar(200) NOT NULL,
  PRIMARY KEY (`id`),
  KEY `location` (`location`),
  CONSTRAINT `employees_ibfk_1` FOREIGN KEY (`id`) REFERENCES `users` (`id`),
  CONSTRAINT `employees_ibfk_2` FOREIGN KEY (`location`) REFERENCES `locations` (`id`)
) ENGINE=InnoDB DEFAULT CHARSET=utf8mb4 COLLATE=utf8mb4_0900_ai_ci;
/*!40101 SET character_set_client = @saved_cs_client */;

--
-- Dumping data for table `employees`
--

LOCK TABLES `employees` WRITE;
/*!40000 ALTER TABLE `employees` DISABLE KEYS */;
INSERT INTO `employees` VALUES ('f421a5f6-886b-11ea-9959-8c1645373715','Moshe','Schulist','271.354.7595 x1508','1985-08-26','2020-05-22',NULL,10,25,71700,'f425b736-886b-11ea-9959-8c1645373715',0,'Id ut dolor recusandae voluptatum qui velit non.'),('f421a6e2-886b-11ea-9959-8c1645373715','Zachariah','O\'Conner','1-586-541-7332','1989-04-07','2020-12-15',NULL,8.72,NULL,31719,'f42585e7-886b-11ea-9959-8c1645373715',1,'Necessitatibus molestias natus et qui.'),('f421a7d2-886b-11ea-9959-8c1645373715','Burnice','Farrell','1-990-439-0099','1995-09-11','2020-06-15',NULL,8.72,30,86783,'f425b94b-886b-11ea-9959-8c1645373715',0,'Explicabo sint consequuntur laborum rerum aut.'),('f421a8a9-886b-11ea-9959-8c1645373715','Raleigh','Wintheiser','1-494-402-5875','1980-12-28','2020-11-04',NULL,15,NULL,60716,'f4258a1e-886b-11ea-9959-8c1645373715',0,'Quae illo consequuntur accusamus corrupti et repellat nobis veniam vero.'),('f421a984-886b-11ea-9959-8c1645373715','Hal','Stoltenberg','517.138.5587','1992-06-18','2020-09-14',NULL,8.72,NULL,10436,'f42585e7-886b-11ea-9959-8c1645373715',1,'Aperiam eum nulla sint et nam odit.'),('f421aa45-886b-11ea-9959-8c1645373715','Jazlyn','Ruecker','1-878-014-7508','1985-09-03','2020-09-09',NULL,15,NULL,81685,'f425b45c-886b-11ea-9959-8c1645373715',0,'Rem sed sapiente et illum nam fugit non accusamus.'),('f421abc6-886b-11ea-9959-8c1645373715','Kacey','Wilkinson','1-436-576-4677','1996-08-04','2020-06-07',NULL,15,NULL,25615,'f4258d88-886b-11ea-9959-8c1645373715',0,'Cum labore est eum consequatur.'),('f421acaf-886b-11ea-9959-8c1645373715','Lola','Marvin','(470) 670-9223 x81325','2000-08-19','2020-12-29','2022-10-24',15,30,5390,'f4259818-886b-11ea-9959-8c1645373715',0,'Sunt quisquam veniam minus aut autem harum soluta.'),('f421ad97-886b-11ea-9959-8c1645373715','Carmella','Koss','593-705-6798 x7887','1995-02-25','2020-12-16','2021-02-12',8.72,NULL,56322,'f425a01d-886b-11ea-9959-8c1645373715',0,'Rerum voluptatem aliquid fugit autem eum nemo non qui.'),('f421ae9c-886b-11ea-9959-8c1645373715','Guido','Rutherford','793-276-1188','1994-12-13','2020-09-04','2022-05-24',8.72,25,7676,'f4258e78-886b-11ea-9959-8c1645373715',1,'Voluptatibus voluptas dolorem.'),('f421af5b-886b-11ea-9959-8c1645373715','Ena','Reinger','(671) 180-0487','1982-07-08','2020-06-14','2022-06-25',8.72,25,93846,'f425af95-886b-11ea-9959-8c1645373715',1,'Laboriosam rerum possimus at at dignissimos et quidem eaque.'),('f421b024-886b-11ea-9959-8c1645373715','Torrance','Reichert','1-771-242-5316','1981-12-28','2020-11-23','2021-07-15',8.72,NULL,27913,'f425b350-886b-11ea-9959-8c1645373715',0,'Sed quod recusandae qui fuga repellendus expedita nesciunt.'),('f421b0fe-886b-11ea-9959-8c1645373715','Juana','Adams','780-061-3731','1981-11-09','2020-08-16','2021-09-25',15,30,96691,'f425af16-886b-11ea-9959-8c1645373715',1,'Totam provident dolores.'),('f421b1b9-886b-11ea-9959-8c1645373715','Max','Weber','929.288.9909 x262','1985-01-06','2020-07-21',NULL,10,NULL,83476,'f4258edb-886b-11ea-9959-8c1645373715',0,'Sunt et facilis.'),('f421b2b3-886b-11ea-9959-8c1645373715','Bennie','Lakin','1-598-972-2868','2000-12-09','2020-12-11',NULL,10,NULL,61844,'f4259889-886b-11ea-9959-8c1645373715',1,'A illum consequatur.'),('f421b380-886b-11ea-9959-8c1645373715','Beatrice','Bashirian','(818) 859-3895 x52449','1995-09-15','2020-07-02',NULL,10,20,11584,'f425a69d-886b-11ea-9959-8c1645373715',0,'Laudantium perspiciatis aut velit.'),('f421b42d-886b-11ea-9959-8c1645373715','Cierra','Rath','1-718-874-1267 x139','1986-07-05','2020-06-28','2021-10-02',15,25,70023,'f425a4c5-886b-11ea-9959-8c1645373715',1,'Amet fuga necessitatibus non eos temporibus voluptatem animi.'),('f421b598-886b-11ea-9959-8c1645373715','Laverne','Toy','029-939-9281 x239','1999-05-02','2020-08-17','2022-10-25',8.72,NULL,90895,'f425ad1a-886b-11ea-9959-8c1645373715',1,'Vel quia sit et id.'),('f421b731-886b-11ea-9959-8c1645373715','Nels','Nader','(699) 330-1728 x3045','1985-11-28','2020-10-14',NULL,15,30,29038,'f4258792-886b-11ea-9959-8c1645373715',0,'Excepturi magni illum iure.'),('f421b824-886b-11ea-9959-8c1645373715','Malcolm','Buckridge','733-674-6213','1996-08-17','2020-11-05','2022-05-25',8.72,20,54162,'f4258912-886b-11ea-9959-8c1645373715',0,'Recusandae id incidunt sequi molestiae neque quia.'),('f421b8ff-886b-11ea-9959-8c1645373715','Karen','Fritsch','870-319-6019 x4485','1987-09-06','2020-09-24',NULL,15,NULL,56540,'f425ae2d-886b-11ea-9959-8c1645373715',0,'Non omnis repellendus quia delectus soluta quis.'),('f421b99e-886b-11ea-9959-8c1645373715','Kurt','Bechtelar','(514) 520-0437 x493','1985-10-26','2020-12-15',NULL,15,20,90966,'f4258a88-886b-11ea-9959-8c1645373715',0,'Doloremque et voluptas distinctio.'),('f421ba60-886b-11ea-9959-8c1645373715','Frederique','Krajcik','042-519-9869','1983-09-22','2020-11-02','2021-09-13',10,NULL,28650,'f4258b7e-886b-11ea-9959-8c1645373715',0,'Eum rem laudantium quidem sed sit.'),('f421bb37-886b-11ea-9959-8c1645373715','Lura','Keeling','470.709.8778 x1943','1989-06-13','2020-10-18','2021-07-14',10,NULL,29791,'f425b350-886b-11ea-9959-8c1645373715',0,'Sapiente consequuntur quia itaque aut.'),('f421bc03-886b-11ea-9959-8c1645373715','Kaylah','Bechtelar','1-632-580-8575 x0472','1981-08-01','2020-07-16','2022-12-05',15,30,42027,'f425b13f-886b-11ea-9959-8c1645373715',0,'Eveniet et fugit perferendis velit et quia omnis et.'),('f421bca9-886b-11ea-9959-8c1645373715','Esmeralda','Prohaska','905.127.8069 x6666','1990-11-01','2020-11-20',NULL,15,30,53743,'f4259737-886b-11ea-9959-8c1645373715',1,'Omnis ratione numquam eveniet id.'),('f421be02-886b-11ea-9959-8c1645373715','Elfrieda','Volkman','(424) 496-6407','1986-11-27','2020-07-08','2022-11-05',8.72,NULL,91460,'f4258256-886b-11ea-9959-8c1645373715',1,'Aperiam et ut autem.'),('f421befd-886b-11ea-9959-8c1645373715','Darrel','Ernser','(978) 258-6157 x142','1997-07-14','2020-05-11',NULL,10,NULL,1685,'f425b6ad-886b-11ea-9959-8c1645373715',0,'Vel aut asperiores ea accusantium rerum aut eum.'),('f421c02c-886b-11ea-9959-8c1645373715','Hadley','Johns','297.596.9793 x25746','1986-08-17','2020-08-11','2022-07-19',15,25,69763,'f425a4c5-886b-11ea-9959-8c1645373715',0,'Nostrum vitae dolor omnis vel aliquam molestiae.'),('f421c14a-886b-11ea-9959-8c1645373715','Reynold','Mann','045.327.2264 x38004','1999-05-12','2020-09-27','2022-01-14',10,25,11244,'f4258e78-886b-11ea-9959-8c1645373715',0,'Animi ullam sequi facilis voluptatem quo non.'),('f421c259-886b-11ea-9959-8c1645373715','Bryce','Reynolds','(983) 986-0906 x619','1987-12-14','2020-09-23','2022-12-13',15,25,37559,'f425a965-886b-11ea-9959-8c1645373715',1,'Exercitationem non ratione quia qui.'),('f421c31b-886b-11ea-9959-8c1645373715','Dashawn','Maggio','1-702-712-5141 x73862','1991-07-30','2020-08-10','2022-08-06',8.72,NULL,98424,'f425867b-886b-11ea-9959-8c1645373715',0,'Repellat iure numquam consequatur odit veniam unde quasi est.'),('f421c3c1-886b-11ea-9959-8c1645373715','Marguerite','Cartwright','1-758-290-1147 x8579','1982-08-14','2020-10-04','2022-05-26',8.72,NULL,27147,'f4258385-886b-11ea-9959-8c1645373715',0,'Error temporibus quas quasi neque corporis.'),('f421c48a-886b-11ea-9959-8c1645373715','Shaun','Mante','(966) 935-1775 x22444','1991-08-08','2020-10-17',NULL,15,NULL,53936,'f4258e78-886b-11ea-9959-8c1645373715',0,'Id quia aut minima culpa.'),('f421c592-886b-11ea-9959-8c1645373715','Lonnie','Murazik','185.160.7954 x016','1992-04-02','2020-05-08','2021-09-15',10,NULL,50796,'f425857a-886b-11ea-9959-8c1645373715',0,'Vel esse vel maiores.'),('f421c658-886b-11ea-9959-8c1645373715','Emil','Rolfson','(795) 942-2872 x11446','1983-04-16','2020-08-15','2022-03-08',8.72,30,47801,'f425b030-886b-11ea-9959-8c1645373715',0,'Voluptatum et inventore hic iure quia.'),('f421c713-886b-11ea-9959-8c1645373715','Elfrieda','Breitenberg','(721) 040-3236','1998-10-24','2020-10-15',NULL,8.72,NULL,97021,'f425857a-886b-11ea-9959-8c1645373715',1,'Numquam illo sed maxime molestias delectus.'),('f421c7bf-886b-11ea-9959-8c1645373715','Meggie','Zieme','890-408-8636 x61784','1991-09-24','2020-09-08',NULL,8.72,30,37526,'f425b350-886b-11ea-9959-8c1645373715',0,'Possimus qui explicabo cumque consequatur ipsum in et fugiat iure.'),('f421c88c-886b-11ea-9959-8c1645373715','Clemens','Lakin','(516) 206-1490','1988-10-06','2020-05-03',NULL,10,25,52401,'f425b3d3-886b-11ea-9959-8c1645373715',0,'Et amet sed dolores.'),('f421c955-886b-11ea-9959-8c1645373715','Chris','Goodwin','(771) 200-2957','1985-12-17','2020-06-27','2021-08-26',8.72,20,9686,'f425b1b0-886b-11ea-9959-8c1645373715',0,'Ad rem ipsam laboriosam et vel recusandae exercitationem blanditiis rerum.'),('f421caa7-886b-11ea-9959-8c1645373715','Alysa','Ebert','086-116-7052 x4972','1993-04-28','2020-12-15','2021-06-20',10,25,16977,'f425b592-886b-11ea-9959-8c1645373715',0,'Aut harum accusamus molestias dicta fugiat ea libero similique dolor.'),('f421cb46-886b-11ea-9959-8c1645373715','Vivienne','Hilll','1-031-632-0551','1999-02-06','2020-08-30','2021-07-13',8.72,NULL,38672,'f425aa04-886b-11ea-9959-8c1645373715',1,'Aperiam aut impedit minima.'),('f421cc21-886b-11ea-9959-8c1645373715','Geraldine','Leannon','308.793.4202 x0896','1997-08-19','2020-06-18','2021-01-05',10,NULL,25065,'f425968e-886b-11ea-9959-8c1645373715',0,'Dolorem voluptatem nisi molestias modi est provident vitae vitae dolores.'),('f421cce3-886b-11ea-9959-8c1645373715','Alayna','Ziemann','(996) 638-1745 x07808','1985-04-11','2020-10-18','2022-01-17',8.72,NULL,20789,'f425a965-886b-11ea-9959-8c1645373715',0,'Deleniti quibusdam est perferendis quo accusantium et tempora est.'),('f421ce04-886b-11ea-9959-8c1645373715','Jayme','Hartmann','577-148-5011 x752','1980-01-25','2020-08-06',NULL,15,NULL,48025,'f42589b1-886b-11ea-9959-8c1645373715',1,'Iste unde repellendus optio ut id ipsum maxime quibusdam sit.');
/*!40000 ALTER TABLE `employees` ENABLE KEYS */;
UNLOCK TABLES;

--
-- Table structure for table `employers`
--

DROP TABLE IF EXISTS `employers`;
/*!40101 SET @saved_cs_client     = @@character_set_client */;
/*!50503 SET character_set_client = utf8mb4 */;
CREATE TABLE `employers` (
  `id` char(36) NOT NULL,
  `companyName` varchar(100) NOT NULL,
  `phoneNumber` varchar(30) NOT NULL,
  `website` varchar(100) NOT NULL,
  `address` char(36) NOT NULL,
  PRIMARY KEY (`id`),
  KEY `address` (`address`),
  CONSTRAINT `employers_ibfk_1` FOREIGN KEY (`id`) REFERENCES `users` (`id`),
  CONSTRAINT `employers_ibfk_2` FOREIGN KEY (`address`) REFERENCES `locations` (`id`)
) ENGINE=InnoDB DEFAULT CHARSET=utf8mb4 COLLATE=utf8mb4_0900_ai_ci;
/*!40101 SET character_set_client = @saved_cs_client */;

--
-- Dumping data for table `employers`
--

LOCK TABLES `employers` WRITE;
/*!40000 ALTER TABLE `employers` DISABLE KEYS */;
INSERT INTO `employers` VALUES ('f4218fd3-886b-11ea-9959-8c1645373715','Littel Group','547-097-1326 x550','http://camila.info','f4257d4b-886b-11ea-9959-8c1645373715'),('f421a057-886b-11ea-9959-8c1645373715','Mueller, Hintz and Abernathy','(929) 022-7382 x02109','https://mateo.net','f42592a4-886b-11ea-9959-8c1645373715'),('f421a1e9-886b-11ea-9959-8c1645373715','Block, Windler and Kovacek','101.525.5056 x5883','https://devin.biz','f425a13e-886b-11ea-9959-8c1645373715'),('f421a362-886b-11ea-9959-8c1645373715','Quigley and Sons','035.563.4452 x892','https://bernice.net','f425a23c-886b-11ea-9959-8c1645373715'),('f421a4e3-886b-11ea-9959-8c1645373715','Lynch LLC','(943) 345-5169 x4778','https://rod.com','f4258d1b-886b-11ea-9959-8c1645373715');
/*!40000 ALTER TABLE `employers` ENABLE KEYS */;
UNLOCK TABLES;

--
-- Table structure for table `industries`
--

DROP TABLE IF EXISTS `industries`;
/*!40101 SET @saved_cs_client     = @@character_set_client */;
/*!50503 SET character_set_client = utf8mb4 */;
CREATE TABLE `industries` (
  `id` char(36) NOT NULL,
  `industry` varchar(100) NOT NULL,
  `description` varchar(100) NOT NULL,
  PRIMARY KEY (`id`)
) ENGINE=InnoDB DEFAULT CHARSET=utf8mb4 COLLATE=utf8mb4_0900_ai_ci;
/*!40101 SET character_set_client = @saved_cs_client */;

--
-- Dumping data for table `industries`
--

LOCK TABLES `industries` WRITE;
/*!40000 ALTER TABLE `industries` DISABLE KEYS */;
INSERT INTO `industries` VALUES ('f4233d6d-886b-11ea-9959-8c1645373715','Facilities Services','Et quidem nihil ipsam voluptas soluta aut sunt ipsam accusantium.'),('f423556b-886b-11ea-9959-8c1645373715','Computer Software','Sunt amet delectus voluptatum est culpa.'),('f4235634-886b-11ea-9959-8c1645373715','Newspapers','Voluptatem perferendis eum ad occaecati eos alias.'),('f42356cf-886b-11ea-9959-8c1645373715','Supermarkets','Fugit velit et ad nihil qui voluptatibus totam.'),('f4235721-886b-11ea-9959-8c1645373715','Packaging & Containers','Aperiam dicta aliquid.');
/*!40000 ALTER TABLE `industries` ENABLE KEYS */;
UNLOCK TABLES;

--
-- Table structure for table `interestedroles`
--

DROP TABLE IF EXISTS `interestedroles`;
/*!40101 SET @saved_cs_client     = @@character_set_client */;
/*!50503 SET character_set_client = utf8mb4 */;
CREATE TABLE `interestedroles` (
  `employee` char(36) NOT NULL,
  `roleId` char(36) NOT NULL,
  PRIMARY KEY (`employee`,`roleId`),
  KEY `roleId` (`roleId`),
  CONSTRAINT `interestedroles_ibfk_1` FOREIGN KEY (`employee`) REFERENCES `employees` (`id`),
  CONSTRAINT `interestedroles_ibfk_2` FOREIGN KEY (`roleId`) REFERENCES `roles` (`id`)
) ENGINE=InnoDB DEFAULT CHARSET=utf8mb4 COLLATE=utf8mb4_0900_ai_ci;
/*!40101 SET character_set_client = @saved_cs_client */;

--
-- Dumping data for table `interestedroles`
--

LOCK TABLES `interestedroles` WRITE;
/*!40000 ALTER TABLE `interestedroles` DISABLE KEYS */;
INSERT INTO `interestedroles` VALUES ('f421ae9c-886b-11ea-9959-8c1645373715','f4244eb4-886b-11ea-9959-8c1645373715'),('f421b380-886b-11ea-9959-8c1645373715','f4244eb4-886b-11ea-9959-8c1645373715'),('f421b598-886b-11ea-9959-8c1645373715','f4244eb4-886b-11ea-9959-8c1645373715'),('f421b731-886b-11ea-9959-8c1645373715','f4244eb4-886b-11ea-9959-8c1645373715'),('f421b8ff-886b-11ea-9959-8c1645373715','f4244eb4-886b-11ea-9959-8c1645373715'),('f421bb37-886b-11ea-9959-8c1645373715','f4244eb4-886b-11ea-9959-8c1645373715'),('f421befd-886b-11ea-9959-8c1645373715','f4244eb4-886b-11ea-9959-8c1645373715'),('f421c02c-886b-11ea-9959-8c1645373715','f4244eb4-886b-11ea-9959-8c1645373715'),('f421a5f6-886b-11ea-9959-8c1645373715','f424656d-886b-11ea-9959-8c1645373715'),('f421a984-886b-11ea-9959-8c1645373715','f424656d-886b-11ea-9959-8c1645373715'),('f421aa45-886b-11ea-9959-8c1645373715','f424656d-886b-11ea-9959-8c1645373715'),('f421ae9c-886b-11ea-9959-8c1645373715','f424656d-886b-11ea-9959-8c1645373715'),('f421af5b-886b-11ea-9959-8c1645373715','f424656d-886b-11ea-9959-8c1645373715'),('f421b024-886b-11ea-9959-8c1645373715','f424656d-886b-11ea-9959-8c1645373715'),('f421b2b3-886b-11ea-9959-8c1645373715','f424656d-886b-11ea-9959-8c1645373715'),('f421b380-886b-11ea-9959-8c1645373715','f424656d-886b-11ea-9959-8c1645373715'),('f421b598-886b-11ea-9959-8c1645373715','f424656d-886b-11ea-9959-8c1645373715'),('f421bc03-886b-11ea-9959-8c1645373715','f424656d-886b-11ea-9959-8c1645373715'),('f421be02-886b-11ea-9959-8c1645373715','f424656d-886b-11ea-9959-8c1645373715'),('f421c48a-886b-11ea-9959-8c1645373715','f424656d-886b-11ea-9959-8c1645373715'),('f421c592-886b-11ea-9959-8c1645373715','f424656d-886b-11ea-9959-8c1645373715'),('f421c713-886b-11ea-9959-8c1645373715','f424656d-886b-11ea-9959-8c1645373715'),('f421c955-886b-11ea-9959-8c1645373715','f424656d-886b-11ea-9959-8c1645373715'),('f421a7d2-886b-11ea-9959-8c1645373715','f4246749-886b-11ea-9959-8c1645373715'),('f421b024-886b-11ea-9959-8c1645373715','f4246749-886b-11ea-9959-8c1645373715'),('f421bc03-886b-11ea-9959-8c1645373715','f4246749-886b-11ea-9959-8c1645373715'),('f421c31b-886b-11ea-9959-8c1645373715','f4246749-886b-11ea-9959-8c1645373715'),('f421c3c1-886b-11ea-9959-8c1645373715','f4246749-886b-11ea-9959-8c1645373715'),('f421c7bf-886b-11ea-9959-8c1645373715','f4246749-886b-11ea-9959-8c1645373715'),('f421cc21-886b-11ea-9959-8c1645373715','f4246749-886b-11ea-9959-8c1645373715'),('f421a984-886b-11ea-9959-8c1645373715','f424682b-886b-11ea-9959-8c1645373715'),('f421acaf-886b-11ea-9959-8c1645373715','f424682b-886b-11ea-9959-8c1645373715'),('f421b1b9-886b-11ea-9959-8c1645373715','f424682b-886b-11ea-9959-8c1645373715'),('f421b824-886b-11ea-9959-8c1645373715','f424682b-886b-11ea-9959-8c1645373715'),('f421b8ff-886b-11ea-9959-8c1645373715','f424682b-886b-11ea-9959-8c1645373715'),('f421befd-886b-11ea-9959-8c1645373715','f424682b-886b-11ea-9959-8c1645373715'),('f421caa7-886b-11ea-9959-8c1645373715','f424682b-886b-11ea-9959-8c1645373715'),('f421a6e2-886b-11ea-9959-8c1645373715','f4246910-886b-11ea-9959-8c1645373715'),('f421ba60-886b-11ea-9959-8c1645373715','f4246910-886b-11ea-9959-8c1645373715'),('f421bca9-886b-11ea-9959-8c1645373715','f4246910-886b-11ea-9959-8c1645373715'),('f421befd-886b-11ea-9959-8c1645373715','f4246910-886b-11ea-9959-8c1645373715'),('f421c3c1-886b-11ea-9959-8c1645373715','f4246910-886b-11ea-9959-8c1645373715'),('f421c658-886b-11ea-9959-8c1645373715','f4246910-886b-11ea-9959-8c1645373715'),('f421c713-886b-11ea-9959-8c1645373715','f4246910-886b-11ea-9959-8c1645373715'),('f421c88c-886b-11ea-9959-8c1645373715','f4246910-886b-11ea-9959-8c1645373715'),('f421cc21-886b-11ea-9959-8c1645373715','f4246910-886b-11ea-9959-8c1645373715'),('f421b0fe-886b-11ea-9959-8c1645373715','f42469c4-886b-11ea-9959-8c1645373715'),('f421b2b3-886b-11ea-9959-8c1645373715','f42469c4-886b-11ea-9959-8c1645373715'),('f421b42d-886b-11ea-9959-8c1645373715','f42469c4-886b-11ea-9959-8c1645373715'),('f421bc03-886b-11ea-9959-8c1645373715','f42469c4-886b-11ea-9959-8c1645373715'),('f421bca9-886b-11ea-9959-8c1645373715','f42469c4-886b-11ea-9959-8c1645373715'),('f421caa7-886b-11ea-9959-8c1645373715','f42469c4-886b-11ea-9959-8c1645373715'),('f421cb46-886b-11ea-9959-8c1645373715','f42469c4-886b-11ea-9959-8c1645373715'),('f421cce3-886b-11ea-9959-8c1645373715','f42469c4-886b-11ea-9959-8c1645373715'),('f421ce04-886b-11ea-9959-8c1645373715','f42469c4-886b-11ea-9959-8c1645373715'),('f421acaf-886b-11ea-9959-8c1645373715','f4246ac2-886b-11ea-9959-8c1645373715'),('f421ba60-886b-11ea-9959-8c1645373715','f4246ac2-886b-11ea-9959-8c1645373715'),('f421bb37-886b-11ea-9959-8c1645373715','f4246ac2-886b-11ea-9959-8c1645373715'),('f421c259-886b-11ea-9959-8c1645373715','f4246ac2-886b-11ea-9959-8c1645373715'),('f421c31b-886b-11ea-9959-8c1645373715','f4246ac2-886b-11ea-9959-8c1645373715'),('f421c658-886b-11ea-9959-8c1645373715','f4246ac2-886b-11ea-9959-8c1645373715'),('f421ce04-886b-11ea-9959-8c1645373715','f4246ac2-886b-11ea-9959-8c1645373715'),('f421a8a9-886b-11ea-9959-8c1645373715','f4246bbc-886b-11ea-9959-8c1645373715'),('f421b380-886b-11ea-9959-8c1645373715','f4246bbc-886b-11ea-9959-8c1645373715'),('f421b824-886b-11ea-9959-8c1645373715','f4246bbc-886b-11ea-9959-8c1645373715'),('f421ba60-886b-11ea-9959-8c1645373715','f4246bbc-886b-11ea-9959-8c1645373715'),('f421bc03-886b-11ea-9959-8c1645373715','f4246bbc-886b-11ea-9959-8c1645373715'),('f421be02-886b-11ea-9959-8c1645373715','f4246bbc-886b-11ea-9959-8c1645373715'),('f421befd-886b-11ea-9959-8c1645373715','f4246bbc-886b-11ea-9959-8c1645373715'),('f421c14a-886b-11ea-9959-8c1645373715','f4246bbc-886b-11ea-9959-8c1645373715'),('f421c48a-886b-11ea-9959-8c1645373715','f4246bbc-886b-11ea-9959-8c1645373715'),('f421c88c-886b-11ea-9959-8c1645373715','f4246bbc-886b-11ea-9959-8c1645373715'),('f421a8a9-886b-11ea-9959-8c1645373715','f4246d2b-886b-11ea-9959-8c1645373715'),('f421ad97-886b-11ea-9959-8c1645373715','f4246d2b-886b-11ea-9959-8c1645373715'),('f421b42d-886b-11ea-9959-8c1645373715','f4246d2b-886b-11ea-9959-8c1645373715'),('f421b99e-886b-11ea-9959-8c1645373715','f4246d2b-886b-11ea-9959-8c1645373715'),('f421c14a-886b-11ea-9959-8c1645373715','f4246d2b-886b-11ea-9959-8c1645373715'),('f421c259-886b-11ea-9959-8c1645373715','f4246d2b-886b-11ea-9959-8c1645373715'),('f421c592-886b-11ea-9959-8c1645373715','f4246d2b-886b-11ea-9959-8c1645373715'),('f421ce04-886b-11ea-9959-8c1645373715','f4246d2b-886b-11ea-9959-8c1645373715'),('f421a8a9-886b-11ea-9959-8c1645373715','f4246df4-886b-11ea-9959-8c1645373715'),('f421aa45-886b-11ea-9959-8c1645373715','f4246df4-886b-11ea-9959-8c1645373715'),('f421acaf-886b-11ea-9959-8c1645373715','f4246df4-886b-11ea-9959-8c1645373715'),('f421ba60-886b-11ea-9959-8c1645373715','f4246df4-886b-11ea-9959-8c1645373715'),('f421bc03-886b-11ea-9959-8c1645373715','f4246df4-886b-11ea-9959-8c1645373715'),('f421be02-886b-11ea-9959-8c1645373715','f4246df4-886b-11ea-9959-8c1645373715'),('f421c31b-886b-11ea-9959-8c1645373715','f4246df4-886b-11ea-9959-8c1645373715'),('f421c7bf-886b-11ea-9959-8c1645373715','f4246df4-886b-11ea-9959-8c1645373715'),('f421cb46-886b-11ea-9959-8c1645373715','f4246df4-886b-11ea-9959-8c1645373715'),('f421a5f6-886b-11ea-9959-8c1645373715','f4246e9d-886b-11ea-9959-8c1645373715'),('f421a6e2-886b-11ea-9959-8c1645373715','f4246e9d-886b-11ea-9959-8c1645373715'),('f421a8a9-886b-11ea-9959-8c1645373715','f4246e9d-886b-11ea-9959-8c1645373715'),('f421b99e-886b-11ea-9959-8c1645373715','f4246e9d-886b-11ea-9959-8c1645373715'),('f421bca9-886b-11ea-9959-8c1645373715','f4246e9d-886b-11ea-9959-8c1645373715'),('f421c02c-886b-11ea-9959-8c1645373715','f4246e9d-886b-11ea-9959-8c1645373715'),('f421c14a-886b-11ea-9959-8c1645373715','f4246e9d-886b-11ea-9959-8c1645373715'),('f421c7bf-886b-11ea-9959-8c1645373715','f4246e9d-886b-11ea-9959-8c1645373715'),('f421a7d2-886b-11ea-9959-8c1645373715','f4246f71-886b-11ea-9959-8c1645373715'),('f421abc6-886b-11ea-9959-8c1645373715','f4246f71-886b-11ea-9959-8c1645373715'),('f421acaf-886b-11ea-9959-8c1645373715','f4246f71-886b-11ea-9959-8c1645373715'),('f421af5b-886b-11ea-9959-8c1645373715','f4246f71-886b-11ea-9959-8c1645373715'),('f421c3c1-886b-11ea-9959-8c1645373715','f4246f71-886b-11ea-9959-8c1645373715'),('f421c658-886b-11ea-9959-8c1645373715','f4246f71-886b-11ea-9959-8c1645373715'),('f421caa7-886b-11ea-9959-8c1645373715','f4246f71-886b-11ea-9959-8c1645373715'),('f421cc21-886b-11ea-9959-8c1645373715','f4246f71-886b-11ea-9959-8c1645373715'),('f421a984-886b-11ea-9959-8c1645373715','f424703d-886b-11ea-9959-8c1645373715'),('f421abc6-886b-11ea-9959-8c1645373715','f424703d-886b-11ea-9959-8c1645373715'),('f421b598-886b-11ea-9959-8c1645373715','f424703d-886b-11ea-9959-8c1645373715'),('f421b99e-886b-11ea-9959-8c1645373715','f424703d-886b-11ea-9959-8c1645373715'),('f421bb37-886b-11ea-9959-8c1645373715','f424703d-886b-11ea-9959-8c1645373715'),('f421c3c1-886b-11ea-9959-8c1645373715','f424703d-886b-11ea-9959-8c1645373715'),('f421c955-886b-11ea-9959-8c1645373715','f424703d-886b-11ea-9959-8c1645373715'),('f421ce04-886b-11ea-9959-8c1645373715','f424703d-886b-11ea-9959-8c1645373715'),('f421aa45-886b-11ea-9959-8c1645373715','f42471a5-886b-11ea-9959-8c1645373715'),('f421ad97-886b-11ea-9959-8c1645373715','f42471a5-886b-11ea-9959-8c1645373715'),('f421b42d-886b-11ea-9959-8c1645373715','f42471a5-886b-11ea-9959-8c1645373715'),('f421c02c-886b-11ea-9959-8c1645373715','f42471a5-886b-11ea-9959-8c1645373715'),('f421c14a-886b-11ea-9959-8c1645373715','f42471a5-886b-11ea-9959-8c1645373715'),('f421c48a-886b-11ea-9959-8c1645373715','f42471a5-886b-11ea-9959-8c1645373715'),('f421c7bf-886b-11ea-9959-8c1645373715','f42471a5-886b-11ea-9959-8c1645373715'),('f421cce3-886b-11ea-9959-8c1645373715','f42471a5-886b-11ea-9959-8c1645373715'),('f421af5b-886b-11ea-9959-8c1645373715','f4247259-886b-11ea-9959-8c1645373715'),('f421b024-886b-11ea-9959-8c1645373715','f4247259-886b-11ea-9959-8c1645373715'),('f421b0fe-886b-11ea-9959-8c1645373715','f4247259-886b-11ea-9959-8c1645373715'),('f421b1b9-886b-11ea-9959-8c1645373715','f4247259-886b-11ea-9959-8c1645373715'),('f421b731-886b-11ea-9959-8c1645373715','f4247259-886b-11ea-9959-8c1645373715'),('f421b824-886b-11ea-9959-8c1645373715','f4247259-886b-11ea-9959-8c1645373715'),('f421b99e-886b-11ea-9959-8c1645373715','f4247259-886b-11ea-9959-8c1645373715'),('f421c259-886b-11ea-9959-8c1645373715','f4247259-886b-11ea-9959-8c1645373715'),('f421c7bf-886b-11ea-9959-8c1645373715','f4247259-886b-11ea-9959-8c1645373715'),('f421a8a9-886b-11ea-9959-8c1645373715','f4247759-886b-11ea-9959-8c1645373715'),('f421aa45-886b-11ea-9959-8c1645373715','f4247759-886b-11ea-9959-8c1645373715'),('f421abc6-886b-11ea-9959-8c1645373715','f4247759-886b-11ea-9959-8c1645373715'),('f421b0fe-886b-11ea-9959-8c1645373715','f4247759-886b-11ea-9959-8c1645373715'),('f421b2b3-886b-11ea-9959-8c1645373715','f4247759-886b-11ea-9959-8c1645373715'),('f421b731-886b-11ea-9959-8c1645373715','f4247759-886b-11ea-9959-8c1645373715'),('f421c14a-886b-11ea-9959-8c1645373715','f4247759-886b-11ea-9959-8c1645373715'),('f421c592-886b-11ea-9959-8c1645373715','f4247759-886b-11ea-9959-8c1645373715'),('f421cb46-886b-11ea-9959-8c1645373715','f4247759-886b-11ea-9959-8c1645373715'),('f421a6e2-886b-11ea-9959-8c1645373715','f4247814-886b-11ea-9959-8c1645373715'),('f421a7d2-886b-11ea-9959-8c1645373715','f4247814-886b-11ea-9959-8c1645373715'),('f421ae9c-886b-11ea-9959-8c1645373715','f4247814-886b-11ea-9959-8c1645373715'),('f421af5b-886b-11ea-9959-8c1645373715','f4247814-886b-11ea-9959-8c1645373715'),('f421b380-886b-11ea-9959-8c1645373715','f4247814-886b-11ea-9959-8c1645373715'),('f421befd-886b-11ea-9959-8c1645373715','f4247814-886b-11ea-9959-8c1645373715'),('f421c02c-886b-11ea-9959-8c1645373715','f4247814-886b-11ea-9959-8c1645373715'),('f421c88c-886b-11ea-9959-8c1645373715','f4247814-886b-11ea-9959-8c1645373715'),('f421cc21-886b-11ea-9959-8c1645373715','f4247814-886b-11ea-9959-8c1645373715'),('f421a5f6-886b-11ea-9959-8c1645373715','f4247a10-886b-11ea-9959-8c1645373715'),('f421a7d2-886b-11ea-9959-8c1645373715','f4247a10-886b-11ea-9959-8c1645373715'),('f421aa45-886b-11ea-9959-8c1645373715','f4247a10-886b-11ea-9959-8c1645373715'),('f421abc6-886b-11ea-9959-8c1645373715','f4247a10-886b-11ea-9959-8c1645373715'),('f421acaf-886b-11ea-9959-8c1645373715','f4247a10-886b-11ea-9959-8c1645373715'),('f421b0fe-886b-11ea-9959-8c1645373715','f4247a10-886b-11ea-9959-8c1645373715'),('f421b1b9-886b-11ea-9959-8c1645373715','f4247a10-886b-11ea-9959-8c1645373715'),('f421b731-886b-11ea-9959-8c1645373715','f4247a10-886b-11ea-9959-8c1645373715'),('f421b8ff-886b-11ea-9959-8c1645373715','f4247a10-886b-11ea-9959-8c1645373715'),('f421ba60-886b-11ea-9959-8c1645373715','f4247a10-886b-11ea-9959-8c1645373715'),('f421c259-886b-11ea-9959-8c1645373715','f4247a10-886b-11ea-9959-8c1645373715'),('f421c713-886b-11ea-9959-8c1645373715','f4247a10-886b-11ea-9959-8c1645373715'),('f421c955-886b-11ea-9959-8c1645373715','f4247a10-886b-11ea-9959-8c1645373715'),('f421ce04-886b-11ea-9959-8c1645373715','f4247a10-886b-11ea-9959-8c1645373715'),('f421a984-886b-11ea-9959-8c1645373715','f4247adc-886b-11ea-9959-8c1645373715'),('f421af5b-886b-11ea-9959-8c1645373715','f4247adc-886b-11ea-9959-8c1645373715'),('f421b024-886b-11ea-9959-8c1645373715','f4247adc-886b-11ea-9959-8c1645373715'),('f421b8ff-886b-11ea-9959-8c1645373715','f4247adc-886b-11ea-9959-8c1645373715'),('f421be02-886b-11ea-9959-8c1645373715','f4247adc-886b-11ea-9959-8c1645373715'),('f421c31b-886b-11ea-9959-8c1645373715','f4247adc-886b-11ea-9959-8c1645373715'),('f421c713-886b-11ea-9959-8c1645373715','f4247adc-886b-11ea-9959-8c1645373715'),('f421c88c-886b-11ea-9959-8c1645373715','f4247adc-886b-11ea-9959-8c1645373715'),('f421cc21-886b-11ea-9959-8c1645373715','f4247adc-886b-11ea-9959-8c1645373715'),('f421cce3-886b-11ea-9959-8c1645373715','f4247adc-886b-11ea-9959-8c1645373715'),('f421ad97-886b-11ea-9959-8c1645373715','f4247b9b-886b-11ea-9959-8c1645373715'),('f421ae9c-886b-11ea-9959-8c1645373715','f4247b9b-886b-11ea-9959-8c1645373715'),('f421b0fe-886b-11ea-9959-8c1645373715','f4247b9b-886b-11ea-9959-8c1645373715'),('f421b2b3-886b-11ea-9959-8c1645373715','f4247b9b-886b-11ea-9959-8c1645373715'),('f421b731-886b-11ea-9959-8c1645373715','f4247b9b-886b-11ea-9959-8c1645373715'),('f421bb37-886b-11ea-9959-8c1645373715','f4247b9b-886b-11ea-9959-8c1645373715'),('f421c48a-886b-11ea-9959-8c1645373715','f4247b9b-886b-11ea-9959-8c1645373715'),('f421c592-886b-11ea-9959-8c1645373715','f4247b9b-886b-11ea-9959-8c1645373715'),('f421c658-886b-11ea-9959-8c1645373715','f4247b9b-886b-11ea-9959-8c1645373715'),('f421c88c-886b-11ea-9959-8c1645373715','f4247b9b-886b-11ea-9959-8c1645373715'),('f421c955-886b-11ea-9959-8c1645373715','f4247b9b-886b-11ea-9959-8c1645373715');
/*!40000 ALTER TABLE `interestedroles` ENABLE KEYS */;
UNLOCK TABLES;

--
-- Table structure for table `jobinterest`
--

DROP TABLE IF EXISTS `jobinterest`;
/*!40101 SET @saved_cs_client     = @@character_set_client */;
/*!50503 SET character_set_client = utf8mb4 */;
CREATE TABLE `jobinterest` (
  `jobId` char(36) NOT NULL,
  `employee` char(36) NOT NULL,
  `initiator` enum('employer','employee') DEFAULT NULL,
  `status` enum('available','liked','offered','done') DEFAULT NULL,
  PRIMARY KEY (`jobId`,`employee`),
  KEY `employee` (`employee`),
  CONSTRAINT `jobinterest_ibfk_1` FOREIGN KEY (`jobId`) REFERENCES `jobs` (`jobId`),
  CONSTRAINT `jobinterest_ibfk_2` FOREIGN KEY (`employee`) REFERENCES `employees` (`id`)
) ENGINE=InnoDB DEFAULT CHARSET=utf8mb4 COLLATE=utf8mb4_0900_ai_ci;
/*!40101 SET character_set_client = @saved_cs_client */;

--
-- Dumping data for table `jobinterest`
--

LOCK TABLES `jobinterest` WRITE;
/*!40000 ALTER TABLE `jobinterest` DISABLE KEYS */;
/*!40000 ALTER TABLE `jobinterest` ENABLE KEYS */;
UNLOCK TABLES;

--
-- Table structure for table `jobs`
--

DROP TABLE IF EXISTS `jobs`;
/*!40101 SET @saved_cs_client     = @@character_set_client */;
/*!50503 SET character_set_client = utf8mb4 */;
CREATE TABLE `jobs` (
  `jobId` char(36) NOT NULL,
  `employer` char(36) NOT NULL,
  `role` char(36) NOT NULL,
  `jobTitle` varchar(100) NOT NULL,
  `hourlyRate` float DEFAULT NULL,
  `startDate` date DEFAULT NULL,
  `workLocation` varchar(36) NOT NULL,
  `description` varchar(100) DEFAULT NULL,
  PRIMARY KEY (`jobId`),
  KEY `employer` (`employer`),
  KEY `role` (`role`),
  KEY `workLocation` (`workLocation`),
  CONSTRAINT `jobs_ibfk_1` FOREIGN KEY (`employer`) REFERENCES `employers` (`id`),
  CONSTRAINT `jobs_ibfk_2` FOREIGN KEY (`role`) REFERENCES `roles` (`id`),
  CONSTRAINT `jobs_ibfk_3` FOREIGN KEY (`workLocation`) REFERENCES `locations` (`id`)
) ENGINE=InnoDB DEFAULT CHARSET=utf8mb4 COLLATE=utf8mb4_0900_ai_ci;
/*!40101 SET character_set_client = @saved_cs_client */;

--
-- Dumping data for table `jobs`
--

LOCK TABLES `jobs` WRITE;
/*!40000 ALTER TABLE `jobs` DISABLE KEYS */;
INSERT INTO `jobs` VALUES ('f42a9031-886b-11ea-9959-8c1645373715','f421a362-886b-11ea-9959-8c1645373715','f4246e9d-886b-11ea-9959-8c1645373715','quia provident alias aliquid qui laborum ea error architecto',25,'2020-06-17','f4258d88-886b-11ea-9959-8c1645373715','Autem consectetur illo libero reprehenderit.'),('f42aac9b-886b-11ea-9959-8c1645373715','f4218fd3-886b-11ea-9959-8c1645373715','f4247a10-886b-11ea-9959-8c1645373715','ea voluptatibus saepe repudiandae sint quidem quo',20,'2020-10-29','f4258385-886b-11ea-9959-8c1645373715','Molestiae aut esse dicta consequatur est et soluta qui aut.'),('f42aaf2b-886b-11ea-9959-8c1645373715','f4218fd3-886b-11ea-9959-8c1645373715','f4244eb4-886b-11ea-9959-8c1645373715','aliquam illum molestiae ut repellat',30,'2021-08-09','f4259582-886b-11ea-9959-8c1645373715','Illo esse suscipit blanditiis reprehenderit.'),('f42ab0cb-886b-11ea-9959-8c1645373715','f421a362-886b-11ea-9959-8c1645373715','f4246f71-886b-11ea-9959-8c1645373715','eum ut consectetur corrupti aut hic est',8.72,'2020-05-15','f425ac66-886b-11ea-9959-8c1645373715','Est dolor est hic tenetur rem consequatur voluptatibus.'),('f42ab2ea-886b-11ea-9959-8c1645373715','f421a057-886b-11ea-9959-8c1645373715','f4246bbc-886b-11ea-9959-8c1645373715','ducimus qui adipisci est iusto necessitatibus ipsum veniam expedita ipsam',10,'2021-12-07','f425a01d-886b-11ea-9959-8c1645373715','Distinctio quia atque qui sit qui et eum dicta consequatur.'),('f42ab419-886b-11ea-9959-8c1645373715','f421a057-886b-11ea-9959-8c1645373715','f424682b-886b-11ea-9959-8c1645373715','quasi blanditiis aspernatur qui id',15,'2022-08-09','f4258792-886b-11ea-9959-8c1645373715','Quia aut ipsa laboriosam et impedit sunt.'),('f42ab548-886b-11ea-9959-8c1645373715','f421a362-886b-11ea-9959-8c1645373715','f4246e9d-886b-11ea-9959-8c1645373715','distinctio incidunt sit ad dolor reprehenderit labore veniam voluptatum quas',25,'2022-11-24','f42582ff-886b-11ea-9959-8c1645373715','Eaque qui vel enim.'),('f42ab67f-886b-11ea-9959-8c1645373715','f421a4e3-886b-11ea-9959-8c1645373715','f4246d2b-886b-11ea-9959-8c1645373715','facere accusantium deleniti dignissimos dolores provident et consectetur et fuga',10,'2022-01-03','f425a324-886b-11ea-9959-8c1645373715','Perspiciatis aspernatur tempora.'),('f42ab7df-886b-11ea-9959-8c1645373715','f421a4e3-886b-11ea-9959-8c1645373715','f4246e9d-886b-11ea-9959-8c1645373715','suscipit eveniet quibusdam et eveniet',25,'2020-06-29','f425a01d-886b-11ea-9959-8c1645373715','Eum qui ut recusandae ad unde aspernatur minima.'),('f42abaa1-886b-11ea-9959-8c1645373715','f421a1e9-886b-11ea-9959-8c1645373715','f424682b-886b-11ea-9959-8c1645373715','dolores a enim et ipsum',20,'2022-10-03','f4258a88-886b-11ea-9959-8c1645373715','Eaque quasi molestias aut molestias sint non similique.');
/*!40000 ALTER TABLE `jobs` ENABLE KEYS */;
UNLOCK TABLES;

--
-- Table structure for table `locations`
--

DROP TABLE IF EXISTS `locations`;
/*!40101 SET @saved_cs_client     = @@character_set_client */;
/*!50503 SET character_set_client = utf8mb4 */;
CREATE TABLE `locations` (
  `id` char(36) NOT NULL,
  `address` varchar(100) NOT NULL,
  `longitude` decimal(18,12) NOT NULL,
  `latitude` decimal(18,12) NOT NULL,
  PRIMARY KEY (`id`)
) ENGINE=InnoDB DEFAULT CHARSET=utf8mb4 COLLATE=utf8mb4_0900_ai_ci;
/*!40101 SET character_set_client = @saved_cs_client */;

--
-- Dumping data for table `locations`
--

LOCK TABLES `locations` WRITE;
/*!40000 ALTER TABLE `locations` DISABLE KEYS */;
INSERT INTO `locations` VALUES ('f4256666-886b-11ea-9959-8c1645373715','111 Dương Thị Mười, Tân Chánh Hiệp, Quận 12, Hồ Chí Minh 700000, Vietnam',106.638962300000,10.873732600000),('f4257a3c-886b-11ea-9959-8c1645373715','District 1, Ho Chi Minh City, Vietnam',106.700423800000,10.775658700000),('f4257d4b-886b-11ea-9959-8c1645373715','District 10, Ho Chi Minh City, Vietnam',106.667954200000,10.774596500000),('f4257dcd-886b-11ea-9959-8c1645373715','District 12, Ho Chi Minh City, Vietnam',106.641332200000,10.867153100000),('f4257edd-886b-11ea-9959-8c1645373715','District 11, Ho Chi Minh City, Vietnam',106.650084000000,10.762973900000),('f425804c-886b-11ea-9959-8c1645373715','District 2, Ho Chi Minh City, Vietnam',106.749810500000,10.787272900000),('f42581b0-886b-11ea-9959-8c1645373715','20 Đường Thảo Điền, Thảo Điền, Quận 2, Hồ Chí Minh, Vietnam',106.737471700000,10.804090500000),('f4258256-886b-11ea-9959-8c1645373715','989 2 Đồng Văn Cống, Phường Bình Trưng Tây, Quận 2, Hồ Chí Minh, Vietnam',106.756602100000,10.780497700000),('f42582ff-886b-11ea-9959-8c1645373715','130 Đường Lê Văn Thịnh, Phường Bình Trưng Tây, Quận 2, Hồ Chí Minh, Vietnam',106.769255900000,10.782703000000),('f4258385-886b-11ea-9959-8c1645373715','District 3, Ho Chi Minh City, Vietnam',106.684408900000,10.784369500000),('f425840b-886b-11ea-9959-8c1645373715','153, 155-157 Trần Quốc Thảo, Phường 9, Quận 3, Hồ Chí Minh 70010, Vietnam',106.684026800000,10.784352200000),('f4258478-886b-11ea-9959-8c1645373715','District 4, Ho Chi Minh City, Vietnam',106.701296800000,10.757826300000),('f4258509-886b-11ea-9959-8c1645373715','63, 65 Bến Vân Đồn, Phường 12, Quận 4, Hồ Chí Minh, Vietnam',106.702237600000,10.765307500000),('f425857a-886b-11ea-9959-8c1645373715','18 Đường Đoàn Như Hài, Phường 12, Quận 4, Hồ Chí Minh, Vietnam',106.705161800000,10.766321400000),('f42585e7-886b-11ea-9959-8c1645373715','120_122 Đường Khánh Hội, Phường 3, Quận 4, Hồ Chí Minh, Vietnam',106.700874000000,10.757037500000),('f425867b-886b-11ea-9959-8c1645373715','District 5, Ho Chi Minh City, Vietnam',106.663374600000,10.754027900000),('f42586de-886b-11ea-9959-8c1645373715','3 Mạc Cửu, Phường 13, Quận 5, Hồ Chí Minh, Vietnam',106.659248000000,10.750223000000),('f4258792-886b-11ea-9959-8c1645373715','203 An Dương Vương, Phường 8, Quận 5, phường 8 Quận 5 Hồ Chí Minh, Vietnam',106.667540600000,10.755804900000),('f425881f-886b-11ea-9959-8c1645373715','642 A Đ. Nguyễn Trãi, Phường 11, Quận 5, Hồ Chí Minh 700000, Vietnam',106.665783200000,10.754080100000),('f42588ac-886b-11ea-9959-8c1645373715','District 6, Ho Chi Minh City, Vietnam',106.635236200000,10.748092900000),('f4258912-886b-11ea-9959-8c1645373715','107 Cao Văn Lầu, Phường 1, Quận 6, Hồ Chí Minh, Vietnam',106.649579100000,10.746460100000),('f42589b1-886b-11ea-9959-8c1645373715','88 Tháp Mười, Phường 2, Quận 6, Hồ Chí Minh, Vietnam',106.650462600000,10.749994900000),('f4258a1e-886b-11ea-9959-8c1645373715','2D Chợ Lớn, Phường 11, Quận 6, Phường 11 Quận 6 Hồ Chí Minh, Vietnam',106.634848800000,10.746579300000),('f4258a88-886b-11ea-9959-8c1645373715','122 Minh Phụng, Phường 6, Quận 6, Hồ Chí Minh, Vietnam',106.642594900000,10.750283400000),('f4258b1c-886b-11ea-9959-8c1645373715','District 7, Ho Chi Minh City, Vietnam',106.721578700000,10.734034400000),('f4258b7e-886b-11ea-9959-8c1645373715','3 Tân Phú, P, Quận 7, Hồ Chí Minh, Vietnam',106.725198000000,10.732771700000),('f4258c28-886b-11ea-9959-8c1645373715','504, 506 Huỳnh Tấn Phát, Bình Thuận, Quận 7, Hồ Chí Minh, Vietnam',106.729268900000,10.741525000000),('f4258c8e-886b-11ea-9959-8c1645373715','101 Nguyễn Thị Thập, Tân Phú, Quận 7, Hồ Chí Minh, Vietnam',106.724182700000,10.737306600000),('f4258d1b-886b-11ea-9959-8c1645373715','1441 Huỳnh Tấn Phát, Phú Mỹ, Quận 7, Hồ Chí Minh, Vietnam',106.737430600000,10.713484700000),('f4258d88-886b-11ea-9959-8c1645373715','District 8, Ho Chi Minh City, Vietnam',106.628625900000,10.724087800000),('f4258deb-886b-11ea-9959-8c1645373715','126 Đường Lê Quyên, Phường 5, Quận 8, Hồ Chí Minh, Vietnam',106.666435100000,10.740894000000),('f4258e78-886b-11ea-9959-8c1645373715','993 Phạm Thế Hiển, Phường 5, Quận 8, Hồ Chí Minh, Vietnam',106.667816900000,10.742264300000),('f4258edb-886b-11ea-9959-8c1645373715','82 Đường Cao Lỗ, Phường 4, Quận 8, Hồ Chí Minh, Vietnam',106.676410000000,10.741574300000),('f4258fca-886b-11ea-9959-8c1645373715','302 Phạm Hùng, Phường 5, Quận 8, Hồ Chí Minh, Vietnam',106.667632700000,10.739722600000),('f4259191-886b-11ea-9959-8c1645373715','Ho Chi Minh City, Vietnam',106.629663800000,10.823098900000),('f4259217-886b-11ea-9959-8c1645373715','District 9, Ho Chi Minh City, Vietnam',106.828685100000,10.842840200000),('f42592a4-886b-11ea-9959-8c1645373715','9 Xa lộ Hà Nội, Hiệp Phú, Quận 9, Hồ Chí Minh, Vietnam',106.775624900000,10.849117200000),('f425936a-886b-11ea-9959-8c1645373715','Khu Phố 2, 387 Lê Văn Việt, Tăng Nhơn Phú A, Quận 9, Hồ Chí Minh 715143, Vietnam',106.790147100000,10.844923500000),('f42594a0-886b-11ea-9959-8c1645373715','48A Tăng Nhơn Phú, Tăng Nhơn Phú B, Quận 9, Hồ Chí Minh, Vietnam',106.779904000000,10.833476000000),('f4259582-886b-11ea-9959-8c1645373715','571 Sư Vạn Hạnh, Phường 12, Quận 10, Hồ Chí Minh, Vietnam',106.666596300000,10.776170200000),('f425968e-886b-11ea-9959-8c1645373715','47 Thành Thái, Phường 14, Quận 10, Hồ Chí Minh, Vietnam',106.665163400000,10.772151200000),('f4259737-886b-11ea-9959-8c1645373715','Công viên Hồ Kỳ Hoà, Cao Thắng, Phường 12, Quận 10, Hồ Chí Minh, Vietnam',106.671473000000,10.774660900000),('f4259818-886b-11ea-9959-8c1645373715','Jumeirah Village Circle - Dubai - United Arab Emirates',55.213494500000,25.054493800000),('f4259889-886b-11ea-9959-8c1645373715','1275 K St NW, 1275 K St NW, Washington, DC 20005, USA',-77.029233800000,38.902846000000),('f425a01d-886b-11ea-9959-8c1645373715','District 12 K - Dubai - United Arab Emirates',55.216772200000,25.053610800000),('f425a13e-886b-11ea-9959-8c1645373715','72 Đường số 5 - CX Bình Thới, Phường 8, Quận 11, Phường 8 District 11 Ho Chi Minh City, Vietnam',106.647890600000,10.760772200000),('f425a23c-886b-11ea-9959-8c1645373715','215a Lý Thường Kiệt, Phường 9, Quận 11, Hồ Chí Minh, Vietnam',106.655477300000,10.778853100000),('f425a324-886b-11ea-9959-8c1645373715','Gò Vấp, Ho Chi Minh City, Vietnam',106.665290400000,10.838677900000),('f425a3e3-886b-11ea-9959-8c1645373715','48/338D Quang Trung, Phường 12, Gò Vấp, Hồ Chí Minh, Vietnam',106.643063400000,10.840686200000),('f425a4c5-886b-11ea-9959-8c1645373715','90A Nguyễn Thái Sơn, Phường 3, Gò Vấp, Hồ Chí Minh, Vietnam',106.680746200000,10.816345500000),('f425a575-886b-11ea-9959-8c1645373715','641 Quang Trung, Phường 11, Gò Vấp, Hồ Chí Minh, Vietnam',106.661565700000,10.834685400000),('f425a69d-886b-11ea-9959-8c1645373715','312 Đường Nguyễn Văn Nghi, Phường 7, Gò Vấp, Hồ Chí Minh, Vietnam',106.683027300000,10.826341700000),('f425a7a2-886b-11ea-9959-8c1645373715','Tan Binh, Ho Chi Minh City, Vietnam',106.652597400000,10.801465900000),('f425a8b9-886b-11ea-9959-8c1645373715','Số 172 Lý Thường Kiệt, Phường 6, Tân Bình, Hồ Chí Minh 700000, Vietnam',106.653372600000,10.786006800000),('f425a965-886b-11ea-9959-8c1645373715','450 Trường Chinh, Phường 13, Tân Bình, Hồ Chí Minh, Vietnam',106.639041700000,10.800721200000),('f425aa04-886b-11ea-9959-8c1645373715','873 Cách Mạng Tháng Tám, Phường 7, Tân Bình, Hồ Chí Minh, Vietnam',106.660012800000,10.788691900000),('f425aaed-886b-11ea-9959-8c1645373715','446 Hoàng Văn Thụ, Phường 4, Tân Bình, Hồ Chí Minh, Vietnam',106.654797500000,10.795685800000),('f425ab8f-886b-11ea-9959-8c1645373715','Tân Phú, Ho Chi Minh City, Vietnam',106.628190100000,10.790051700000),('f425ac66-886b-11ea-9959-8c1645373715','Tân Phú, District 7, Ho Chi Minh City, Vietnam',106.726412500000,10.725101400000),('f425ad1a-886b-11ea-9959-8c1645373715','Tân Phú Trung, Củ Chi, Ho Chi Minh City, Vietnam',106.541106500000,10.938937500000),('f425ae2d-886b-11ea-9959-8c1645373715','Tân Phú, District 9, Ho Chi Minh City, Vietnam',106.803089200000,10.856965600000),('f425af16-886b-11ea-9959-8c1645373715','Tân Phước, Quận 10, Hồ Chí Minh, Vietnam',106.663336200000,10.761712700000),('f425af95-886b-11ea-9959-8c1645373715','Bình Thạnh, Ho Chi Minh City, Vietnam',106.709142200000,10.810583100000),('f425b030-886b-11ea-9959-8c1645373715','Bình Thành, Bình Hưng Hòa B, Bình Tân, Hồ Chí Minh, Vietnam',106.588417400000,10.806879800000),('f425b0a8-886b-11ea-9959-8c1645373715','368 Bạch Đằng, Phường 14, Bình Thạnh, Hồ Chí Minh, Vietnam',106.698978500000,10.803134000000),('f425b13f-886b-11ea-9959-8c1645373715','112AB Đinh Tiên Hoàng, Phường 1, Bình Thạnh, Hồ Chí Minh, Vietnam',106.696609300000,10.798054900000),('f425b1b0-886b-11ea-9959-8c1645373715','164 Xô Viết Nghệ Tĩnh, Phường 21, Bình Thạnh, Hồ Chí Minh, Vietnam',106.710928700000,10.797424800000),('f425b248-886b-11ea-9959-8c1645373715','Phú Nhuận, Ho Chi Minh City, Vietnam',106.680263900000,10.799194400000),('f425b350-886b-11ea-9959-8c1645373715','5 Hoàng Minh Giám, Phường 9, Phú Nhuận, Hồ Chí Minh, Vietnam',106.675626800000,10.809559400000),('f425b3d3-886b-11ea-9959-8c1645373715','274 Nguyễn Trọng Tuyển, Phường 8, Phú Nhuận, Hồ Chí Minh 40503, Vietnam',106.671828000000,10.798203100000),('f425b45c-886b-11ea-9959-8c1645373715','145/9 Nguyễn Văn Trỗi, Phường 11, Phú Nhuận, Hồ Chí Minh, Vietnam',106.676238800000,10.794032900000),('f425b4e6-886b-11ea-9959-8c1645373715','82 Trần Huy Liệu, Phường 15, Phú Nhuận, Hồ Chí Minh, Vietnam',106.678094000000,10.794784200000),('f425b592-886b-11ea-9959-8c1645373715','Bình Tân, Ho Chi Minh City, Vietnam',106.603853500000,10.765258100000),('f425b5fc-886b-11ea-9959-8c1645373715','Hương Lộ 2, Bình Trị Đông A, Bình Tân, Hồ Chí Minh, Vietnam',106.593216400000,10.769046600000),('f425b6ad-886b-11ea-9959-8c1645373715','1114 QL1A, Bình Trị Đông B, Bình Tân, Hồ Chí Minh, Vietnam',106.601924300000,10.730651600000),('f425b736-886b-11ea-9959-8c1645373715','521 Kinh Dương Vương, An Lạc, Bình Tân, Hồ Chí Minh, Vietnam',106.615660500000,10.737207500000),('f425b7ae-886b-11ea-9959-8c1645373715','1 Đường số 48, Tân Tạo, Bình Tân, Hồ Chí Minh, Vietnam',106.598099800000,10.751845300000),('f425b84d-886b-11ea-9959-8c1645373715','Thủ Đức, Ho Chi Minh City, Vietnam',106.753705500000,10.849409400000),('f425b8b6-886b-11ea-9959-8c1645373715','27 Đường Số 3, Hiệp Bình Phước, Thủ Đức, Hồ Chí Minh, Vietnam',106.710787200000,10.836314600000),('f425b94b-886b-11ea-9959-8c1645373715','54 Đường Gò Dưa, Bình Chiểu, Thủ Đức, Hồ Chí Minh, Vietnam',106.743008000000,10.870593000000),('f425b9bb-886b-11ea-9959-8c1645373715','Hoàng Diệu 2, Phường 7, Thủ Đức, Hồ Chí Minh, Vietnam',106.690699000000,10.800623000000);
/*!40000 ALTER TABLE `locations` ENABLE KEYS */;
UNLOCK TABLES;

--
-- Table structure for table `notifications`
--

DROP TABLE IF EXISTS `notifications`;
/*!40101 SET @saved_cs_client     = @@character_set_client */;
/*!50503 SET character_set_client = utf8mb4 */;
CREATE TABLE `notifications` (
  `id` char(36) NOT NULL,
  `receipent` char(36) NOT NULL,
  `job` char(36) NOT NULL,
  `employee` char(36) NOT NULL,
  `message` varchar(200) NOT NULL,
  `unread` tinyint(1) NOT NULL DEFAULT '1',
  `createdDate` date NOT NULL,
  KEY `job` (`job`),
  KEY `employee` (`employee`),
  KEY `receipent` (`receipent`),
  CONSTRAINT `notifications_ibfk_1` FOREIGN KEY (`job`) REFERENCES `jobs` (`jobId`),
  CONSTRAINT `notifications_ibfk_2` FOREIGN KEY (`employee`) REFERENCES `employees` (`id`),
  CONSTRAINT `notifications_ibfk_3` FOREIGN KEY (`receipent`) REFERENCES `users` (`id`)
) ENGINE=InnoDB DEFAULT CHARSET=utf8mb4 COLLATE=utf8mb4_0900_ai_ci;
/*!40101 SET character_set_client = @saved_cs_client */;

--
-- Dumping data for table `notifications`
--

LOCK TABLES `notifications` WRITE;
/*!40000 ALTER TABLE `notifications` DISABLE KEYS */;
/*!40000 ALTER TABLE `notifications` ENABLE KEYS */;
UNLOCK TABLES;

--
-- Table structure for table `roles`
--

DROP TABLE IF EXISTS `roles`;
/*!40101 SET @saved_cs_client     = @@character_set_client */;
/*!50503 SET character_set_client = utf8mb4 */;
CREATE TABLE `roles` (
  `id` char(36) NOT NULL,
  `roleName` varchar(100) NOT NULL,
  `industry` char(36) NOT NULL,
  `description` varchar(100) NOT NULL,
  PRIMARY KEY (`id`),
  UNIQUE KEY `roleName` (`roleName`),
  KEY `industry` (`industry`),
  CONSTRAINT `roles_ibfk_1` FOREIGN KEY (`industry`) REFERENCES `industries` (`id`)
) ENGINE=InnoDB DEFAULT CHARSET=utf8mb4 COLLATE=utf8mb4_0900_ai_ci;
/*!40101 SET character_set_client = @saved_cs_client */;

--
-- Dumping data for table `roles`
--

LOCK TABLES `roles` WRITE;
/*!40000 ALTER TABLE `roles` DISABLE KEYS */;
INSERT INTO `roles` VALUES ('f4244eb4-886b-11ea-9959-8c1645373715','Product Integration Specialist','f4235721-886b-11ea-9959-8c1645373715','Facere voluptates ut reiciendis quia aut.'),('f424656d-886b-11ea-9959-8c1645373715','Lead Directives Associate','f42356cf-886b-11ea-9959-8c1645373715','Itaque et qui eligendi magni.'),('f4246749-886b-11ea-9959-8c1645373715','Future Operations Technician','f423556b-886b-11ea-9959-8c1645373715','Ratione quas deleniti est ullam ex et et laboriosam.'),('f424682b-886b-11ea-9959-8c1645373715','Customer Operations Liaison','f4235721-886b-11ea-9959-8c1645373715','Necessitatibus aut exercitationem ipsam velit quia.'),('f4246910-886b-11ea-9959-8c1645373715','Senior Identity Executive','f4233d6d-886b-11ea-9959-8c1645373715','Nam quisquam quia in cupiditate saepe non ea assumenda.'),('f42469c4-886b-11ea-9959-8c1645373715','International Intranet Technician','f423556b-886b-11ea-9959-8c1645373715','Voluptas repellendus molestiae nobis aliquid.'),('f4246ac2-886b-11ea-9959-8c1645373715','International Communications Specialist','f4235634-886b-11ea-9959-8c1645373715','Hic ut sit rerum.'),('f4246bbc-886b-11ea-9959-8c1645373715','Dynamic Configuration Administrator','f423556b-886b-11ea-9959-8c1645373715','Aut blanditiis eos qui eum a non sunt delectus.'),('f4246d2b-886b-11ea-9959-8c1645373715','Investor Solutions Executive','f4235721-886b-11ea-9959-8c1645373715','Sed molestiae qui magnam voluptate est.'),('f4246df4-886b-11ea-9959-8c1645373715','Regional Communications Designer','f4235634-886b-11ea-9959-8c1645373715','Porro consequatur velit ipsam fugiat qui similique suscipit quia.'),('f4246e9d-886b-11ea-9959-8c1645373715','Central Program Engineer','f4233d6d-886b-11ea-9959-8c1645373715','Aut qui quas.'),('f4246f71-886b-11ea-9959-8c1645373715','Customer Optimization Supervisor','f42356cf-886b-11ea-9959-8c1645373715','Dolor tempora totam consequatur.'),('f424703d-886b-11ea-9959-8c1645373715','Global Program Consultant','f4233d6d-886b-11ea-9959-8c1645373715','Sint eaque incidunt.'),('f42471a5-886b-11ea-9959-8c1645373715','Principal Implementation Coordinator','f4235634-886b-11ea-9959-8c1645373715','Dolore nulla eum.'),('f4247259-886b-11ea-9959-8c1645373715','Dynamic Metrics Producer','f4233d6d-886b-11ea-9959-8c1645373715','Sed dignissimos nobis aut enim est unde nihil totam officiis.'),('f4247759-886b-11ea-9959-8c1645373715','Internal Assurance Associate','f4233d6d-886b-11ea-9959-8c1645373715','Corrupti impedit et non.'),('f4247814-886b-11ea-9959-8c1645373715','Lead Quality Consultant','f4235634-886b-11ea-9959-8c1645373715','Eos adipisci natus aut neque fugit debitis.'),('f4247a10-886b-11ea-9959-8c1645373715','District Configuration Director','f4235634-886b-11ea-9959-8c1645373715','Qui omnis voluptatibus quis ex.'),('f4247adc-886b-11ea-9959-8c1645373715','Internal Mobility Representative','f42356cf-886b-11ea-9959-8c1645373715','Quia aliquid sit laboriosam itaque.'),('f4247b9b-886b-11ea-9959-8c1645373715','Legacy Interactions Liaison','f423556b-886b-11ea-9959-8c1645373715','Laudantium minima numquam nisi explicabo placeat qui laudantium distinctio repellendus.');
/*!40000 ALTER TABLE `roles` ENABLE KEYS */;
UNLOCK TABLES;

--
-- Table structure for table `users`
--

DROP TABLE IF EXISTS `users`;
/*!40101 SET @saved_cs_client     = @@character_set_client */;
/*!50503 SET character_set_client = utf8mb4 */;
CREATE TABLE `users` (
  `id` char(36) NOT NULL,
  `email` varchar(320) NOT NULL,
  `password` binary(64) NOT NULL,
  `salt` binary(128) NOT NULL,
  `customerId` varchar(30) DEFAULT NULL,
  `subscriptionId` varchar(30) DEFAULT NULL,
  `userType` enum('employer','employee') DEFAULT NULL,
  `active` tinyint(1) NOT NULL DEFAULT '0',
  `resetCode` char(6) NOT NULL DEFAULT '000000',
  PRIMARY KEY (`id`)
) ENGINE=InnoDB DEFAULT CHARSET=utf8mb4 COLLATE=utf8mb4_0900_ai_ci;
/*!40101 SET character_set_client = @saved_cs_client */;

--
-- Dumping data for table `users`
--

LOCK TABLES `users` WRITE;
/*!40000 ALTER TABLE `users` DISABLE KEYS */;
INSERT INTO `users` VALUES ('f4218fd3-886b-11ea-9959-8c1645373715','Bret.Kunze@gmail.com',_binary 'j.Ѣ\٪C1\dq蠞\+\ń\\\#|~MN\/*\Z\r9m\.3\',_binary '\[\ZP&;q;pW\Dl6d -/Z20G\ُ\He\|_^)ފ0\IyyJ\Xa}̩iVZ\u\\0\0a\Fgl\6cVw*\\\0\\\ \g5\\n7\\Ⱥ\r9o',NULL,NULL,'employer',1,'f7h9kb'),('f421a057-886b-11ea-9959-8c1645373715','Krista_Grady97@hotmail.com',_binary 'c`v~{u\\\\\#\}\Z+\'\\]\\\\\A	|OI8Mjfy`QP}ZM\\r\0',_binary '՚ \\a>ܙOkU&L+kOA\:Ό\\'\^\KD/6\ bE#\=_՞ǎ\4\nRd\r0֢o\ \\\\i\\nO27X.FwOv5\ي%',NULL,NULL,'employer',1,'ay9u1a'),('f421a1e9-886b-11ea-9959-8c1645373715','Katarina_Morissette@yahoo.com',_binary 'F\rŀ-9Qy5(O/X\tK\\0M]5\!hK~A\E-(\"u:',_binary 'qQM@\UX?T\\\õv\\F\\!o\I\.\\ŋFPޣ\\\,Չ1ʫ(\'\>}vݩ&\[\\t˴#\b\\0#\|J1\\\1\AKmZۮA%',NULL,NULL,'employer',1,'rdbvn2'),('f421a362-886b-11ea-9959-8c1645373715','Demarcus_Prohaska89@gmail.com',_binary '>ȟ;l\>=9PR\{\VT\`\znlx\"Wyn\ؖӗ	:\q\\\{-諟;',_binary 'U`#8ۢ\\+\aN\3B6(IbCpZ\SWi^\Oݽ\\jM\\\f\nׅ\\\y\(`M\\\&kz\\\\'\ye\'=6W	\\~%\\\\!e\\}\AZ\N\qz\',NULL,NULL,'employer',1,'inc76p'),('f421a4e3-886b-11ea-9959-8c1645373715','Silas95@hotmail.com',_binary 'M\&\E\\]\\(\B+\n\\\\0\:\/\S}\\>\\üAW\\)\q\-\\.',_binary 'g^T˭#*} ~հ\\\P>!l\"e\BT\F\0}sY@rZ?\h/\q\)NU3\\\㢯Q[6\g;DJ	˪\\ֱ¢\\vE\Z\)?2G\',NULL,NULL,'employer',1,'uzuhn1'),('f421a5f6-886b-11ea-9959-8c1645373715','Stephon56@yahoo.com',_binary 'P:Sg]=AӫN\'5?qϳ\S\~Rd?\6ك\3._\-o\U\3JǕ9O\',_binary '\:	Mm\0xjiIՉ I@ZD&#?Dr\\0C\\Ͻ\\Z\\zh\Sg&sl	\\%\'^\Ve\-x\`B6lwkTw6\y\r3y((+J\\^\Q0_e_\:=\',NULL,NULL,'employee',1,'4gpoxq'),('f421a6e2-886b-11ea-9959-8c1645373715','Enid1@yahoo.com',_binary '\0\\\Uc\\$kP6{\\}\PD\x\,\[\Zn\nT\nsEl\۝\,\\7\q\"',_binary '\\JA:EšH3~\!}$}7lf(Z\\s\+\cv\\<E\.N\jMh~AB\\^ib[sG\\\p\)}1=}iO\3N\\I\"\ߎII8\I\\x',NULL,NULL,'employee',1,'alsp78'),('f421a7d2-886b-11ea-9959-8c1645373715','Kole.Beahan53@gmail.com',_binary 'n\Z\\\JuNc$m\a\\\0j=]l\$F`Q-\:\%{\5K\`?',_binary '\S1p\-\zыOa\\W~i^*0w\/s~\\z\0\\rh(i\¨\a$i(A6\9?z\c֯z <EKz02\\\3/ֱ9/װ=%ZнC\l',NULL,NULL,'employee',1,'85bah5'),('f421a8a9-886b-11ea-9959-8c1645373715','Tabitha_Raynor@yahoo.com',_binary '\k&\__t\$Bζ~\r\B\0b{s&B\ܕb\0\Z\4\}n5\\\\DW\`',_binary 'o|\\ig\\\c]\k\\T\\\`c1iuo\F\5%\E)\8@q\neHyHӰ\"S\\nS\}%K/ED*n\\\U ((\ZBR\KЅ4\MZF\h(o\'\ҿe\)(m',NULL,NULL,'employee',1,'zae49m'),('f421a984-886b-11ea-9959-8c1645373715','Felton.Kuhn65@yahoo.com',_binary 'R\}\J\_vs}\}=p!\\o\n\\e\@\\moN\rO٘\Aϵވ',_binary '#YTX7fQԇ\m\\Z%\>\\\Z\_=\L\0\\u$S6%mM\ա\z\,\F\v<MD\heqb\AT\\\ТU8\Y\t*7\\'\*Ba!\',NULL,NULL,'employee',1,'hfhy33'),('f421aa45-886b-11ea-9959-8c1645373715','Jarod77@yahoo.com',_binary '\?Xab\\9b,e293a9｝JjI}\ѡ-p\e~',_binary '\[юT1\\rVrQ\9`N\\@k՘rђrrz\\;\C\||\T\u\!M|l\6<Q1\*]8\\\nd;\\I\Y;)\f}oM\\\\=\%',NULL,NULL,'employee',1,'6owh2a'),('f421abc6-886b-11ea-9959-8c1645373715','Earl.Hoeger84@hotmail.com',_binary '$#*i<\\(\\#\\\8W\rh*\B\\Y\:kׂ~*H&M\e\"\\\ZD{',_binary 'E}At?Q˓Z\\K\rKɇ7\\vz[.spP\\1\,r.4\'\\XN(MΠ&6\f{/\jԲ2ѥ\\#\㡭\n\Krخ38\nЋ<d\<ƒ3\S\\\',NULL,NULL,'employee',1,'6pbwog'),('f421acaf-886b-11ea-9959-8c1645373715','Jaqueline92@yahoo.com',_binary '\Q\\i`2{\J\\\{\l\\cV\\E\!,j_&rv f\\nB\',_binary '0\ވ\x́ \ԝt4\\\\\\>[\zE\@`O\/:\\rO\C:\\Y9C%oQ\PqT\CK\L!\\rz-&pʍ\B{k\\Vj\`\u\s	',NULL,NULL,'employee',1,'u5igrp'),('f421ad97-886b-11ea-9959-8c1645373715','Stewart47@hotmail.com',_binary '	UH$\\ヶ-\՚ϳ\\\q\Vpʭ\fV\a<i\Z:\'jI',_binary '\F\ǳhJ\"1\;>ҍ|mNǬWfѝ\'9o\W\r\"^S@c\9M\wE\rn\m?\\b9}`\\U\Z|\Iƨ^&,\ɱ.\ P[1)qN\\B|=\\Y',NULL,NULL,'employee',1,'zzsf9w'),('f421ae9c-886b-11ea-9959-8c1645373715','Emely_Kub@hotmail.com',_binary '\\K*(\\Kk{hd8=U\\0\<\|xlˎn;\-\{\J\ڱ&-?)ƸK',_binary '7m\>\(2\\&\\"=~۠\r=i\<zûA\\\d\x\7\(\\%Loz\\Djt<\%\Cc*R\\\$ڹ\Z\\\\i=\<hX/.\Z\e,>UܗEn\\\',NULL,NULL,'employee',1,'7mb8v4'),('f421af5b-886b-11ea-9959-8c1645373715','Mathew.Rau48@gmail.com',_binary '\0z\QKz\\"\r\,Fy\'׵\:\0R0\\7yPʬb\\\*\',_binary '\Γ7\\,\6 IpL\qr0\\\h\0>88/hzg\nqD5㵻\\B12\\3YS\Uĭ\\ѩ5u!lcIHl@Ef\\\\U+7\0\\3+u',NULL,NULL,'employee',1,'xd78wu'),('f421b024-886b-11ea-9959-8c1645373715','Treva74@gmail.com',_binary '\\,_x\\2RFy\Cmr\ru֋G痯o\L\=(|=:\2ZK&d{',_binary '\,li\*CV\"I\\q\!Ei\,\mBZ\Bӳ\4M\*\nxеxx(mF\"7^a\C[\\+/Zn`k\\h͒\\R@\W\7i\"N\\\?j%a\\V[̳p',NULL,NULL,'employee',1,'iwbgqt'),('f421b0fe-886b-11ea-9959-8c1645373715','Cora_Terry99@gmail.com',_binary '9גؙIHU\r|Q_L> L\"\0@\-\m\)AgW\YR\ػ\',_binary 'Ƚ\Dz\V4\ZEx\q`UHY\F	\\$\!=\nuO\|ɥṖ4\.-\ڽs&5L\rm\;vod&c:uJ[\f8>\_\\"\\\\\A){FLD\o\$v',NULL,NULL,'employee',1,'oetiv6'),('f421b1b9-886b-11ea-9959-8c1645373715','Lucinda35@yahoo.com',_binary ';\\\\$3m\ը\\w\kR1؏\\U-H\'([\ć@\\n<Sv[\p-\4\)O\HpQ',_binary '\\B\\\Ei\E2|\H\Va#z\\?wmJbD)1\{\C\\{G(\\\:6\W5=\ؾ\s\f\\\=O\\+\\%\w\K\{\\Ќ[b\\eH',NULL,NULL,'employee',1,'lw4esz'),('f421b2b3-886b-11ea-9959-8c1645373715','Karianne_Corkery51@yahoo.com',_binary 'g\~\pV.\I|?\Sb8<H,Je4\?\0k\9\G\\\0[,\d4]\\X\%',_binary '\PbB1\n;|\\\,\tUq\\rWS9NUv9\#j\"\b7\jv0\)f\e\\&+Ize>\\eނs#C\dTa*\\\Нփ\XP\\lž\֡Y!N7',NULL,NULL,'employee',1,'a5c65b'),('f421b380-886b-11ea-9959-8c1645373715','Carmen76@hotmail.com',_binary 'J\Zu~\nl\\E)uevOyc\J>,|~#Q=\\\g3,c\WN',_binary 'f\ZI\}\OIqP5\S!,a\\r\\?4~\\A B `\_,-\+T/\{fAk*3\d>\0v8Pm~V\ۚB\kh:?#J M@T\"H\Z1',NULL,NULL,'employee',1,'7x66os'),('f421b42d-886b-11ea-9959-8c1645373715','Cornelius97@gmail.com',_binary 'R\f݃\\Z|f\\q\9i!I\ORL)AD>8~\0\\\y۴eߑ\'\8\\m',_binary 'd\\5`=\&L\}Gf>V.$\v2z\\よ\\6\w`߀4\S\MAk`65\\\'8A}\\|%\S}+Qr\\	\\\\\fj\n\ElE4uڝ',NULL,NULL,'employee',1,'xn8sqi'),('f421b598-886b-11ea-9959-8c1645373715','Cole12@hotmail.com',_binary 'B⫏vN\EϷ~(\(/Yh\2fP\\\~b\"\b=\;\0\Xp\'?ؗ\',_binary '%,\Ht.Ғ\"?s\n\_\ڝ\\Z \Yi|QOdk\\TDz]X\\	uD٭\Gn\?S\܆\\\\uV~\\(\\=\\"\\\\\n\\޸FS\',NULL,NULL,'employee',1,'6awca3'),('f421b731-886b-11ea-9959-8c1645373715','Kyleigh_Bayer@yahoo.com',_binary 'x4iB3ia׵\0\۳ԕ/SO	[S(T\nbbD+\sc',_binary 'pCx\$\#\Qk*\\\n|2r#{\\r,\\%l\Z\r\n7UWF\\8F\6.h8\׾vFLc\rKYR|\\F\,J9T݇\N\\D~E\jN u0\Y',NULL,NULL,'employee',1,'v09t7b'),('f421b824-886b-11ea-9959-8c1645373715','Dawn_Ziemann@hotmail.com',_binary '\1\S!xHBZ*\s\&\n\\n5J\nĊ1\J\C=BZ櫠\1\#M\',_binary '.\\\0/s[.\\\^}3d?5w|]\ ?g\\qlB\>4EP}\6\\G\\\7\.Q\r\g6p>e\(\\\CL`0jii\\\.þ]\LnkȕFX\\',NULL,NULL,'employee',1,'fpxk64'),('f421b8ff-886b-11ea-9959-8c1645373715','Ryann_Johnson16@hotmail.com',_binary '\QȾ\n\\[H51o`:$\\GE\\&\\A=wP\	ӕwI\n罓gPr^',_binary '\+H\\|P\\'yaJՀ\\ѽ\=˻g*o\ +j˥j;Q\\>\\1Α\\/l(`6\\0\\bOXnTB$ؙ\\\Y	\'\"\',NULL,NULL,'employee',1,'mvqjja'),('f421b99e-886b-11ea-9959-8c1645373715','Stephon34@yahoo.com',_binary '	\\m\&E6\:\7*<\tcyj\뉕o\n\*5\\.k\\}Fi',_binary 'm\be\q]Ma&zdtЛ\^ˮN8ha+Wsj,\\\9\\FV1`jV\)w9]jrAۓ\*\RGz٥7H\TTx\Vę9rF\ȋ#~\(y\0\r\',NULL,NULL,'employee',1,'sz87jt'),('f421ba60-886b-11ea-9959-8c1645373715','Immanuel_Price60@yahoo.com',_binary 'F@W{C$\^ذ?_H\ˋ\t74cT\\Q\,Ae=WC\rp\\\Z>Z\	',_binary 'C>*27\*\Z\bq!dP-\nG\g\&\^2&\Ab\\_0>Cv\ YD\\\\U-Cď\0029[\\\6\\'\iV\%>\"\\\W\n`\'\|_$\\\?ݕ',NULL,NULL,'employee',1,'htgrw9'),('f421bb37-886b-11ea-9959-8c1645373715','Velva39@yahoo.com',_binary '\\!`5\C2\n\\KP\9\X\s:\\~/\!\'\\Z\\R?#9&2:\',_binary '3<v\Z\P)\\\+P\k>p\\`\K̬\\4y\\[\\\ǡ8tЖƨkk\E\\\tFQ.\CF\3G\.<FkPB\g\aB<-\݌*\rt\i\0\',NULL,NULL,'employee',1,'e5y5yo'),('f421bc03-886b-11ea-9959-8c1645373715','Pablo36@hotmail.com',_binary '\\\\~빖\$i[y\4$\_o	Y$gKP\ծ\\=щ\\p0\N',_binary '(L\\c\\^X}ͅ$Y7rf\fTk\\ֲaҀ\\n\%\Ax\dOuNH5\Ϳ/w\\\\؄vW\\\\\Di5\Ԩ\^V\>=lł.\ѷ\\\',NULL,NULL,'employee',1,'dxzixt'),('f421bca9-886b-11ea-9959-8c1645373715','Maida_Lubowitz@yahoo.com',_binary 't\|ך\r\:.@BBz\'D($\\8\-\o5\B{3\\K\AvƷ\WZ8>',_binary 'ؽZf9!Ds@8\*!ڥ\\\V\י\\@\~$\\CCI\e:7\\\\\\qGmFMMzA\rg`<\\x_ĸ\Xb\\\\\\ĸUiІ\\',NULL,NULL,'employee',1,'9ty0op'),('f421be02-886b-11ea-9959-8c1645373715','Ralph10@yahoo.com',_binary '\\^\L#\\3(0*G?\\!\\;+\F:1\V\qHȏ\\"\ns',_binary '\\8V	ڤܽ,vIk&\HKȢw\\\h\\[q\\\r)3/\~~	0! ~%\Z\oYe\ h+d2,RE--\09dXBY^\lZŜx`hz\&\\"\\0\\¸4i',NULL,NULL,'employee',1,'radmki'),('f421befd-886b-11ea-9959-8c1645373715','Blaise.Schmitt@hotmail.com',_binary '/\\I\\\п\ԉ+\ӑ\I8\n95\\@c\\\\\?\\&z3',_binary '8\\ߤY+n\ >\?*g\\bs\{\\3\{P\9gWxh6MzH@w\\[j=tb\y߬e( z*zB\\\0s\'$vȶ\Z{gB\nD~8͋',NULL,NULL,'employee',1,'vnl3bn'),('f421c02c-886b-11ea-9959-8c1645373715','Raven.Anderson17@hotmail.com',_binary '\=K\5;\{\#_-1HDw\rb:(\rl\\c:Q4\'\\f\t\g28tiݠX\\',_binary 'J\\\2\H\Z\̨̂wo\/\\\_Qf\ \6uPqsmgy \<\c;!~KU\\EQ\\z\\\\	\\\e\~W175w\b\Ę7(dn1\',NULL,NULL,'employee',1,'oqx8gw'),('f421c14a-886b-11ea-9959-8c1645373715','Bartholome_Lowe25@yahoo.com',_binary 'U\7H?R=՛\a`	=.\ֶ}c\2h/\\S^\\F\YQ',_binary '\M\v\a\3\`\}-yFV.\	˚\,> \Uqۯ/)\Uh.y֜D\I4\|g=\`\P\>RA{x\kLVDyl\\br:\\\:9jjD\v\s',NULL,NULL,'employee',1,'x09qsq'),('f421c259-886b-11ea-9959-8c1645373715','Filiberto.MacGyver59@hotmail.com',_binary 'OS\9L:	\pߟ4\U3\kbh\P\\\06=w\];9\"_l\nC!\c',_binary 'Ȝ2\\G$\\ld4	{\-<n\̵!n%&\l\\a\V2yS7Yᵤ-K? \v\!:D&A\rn&>e@o\\n\ϫ\\Z\J\r\t֥\Z\/w+OƩ\\r?Յ\0',NULL,NULL,'employee',1,'uhd0xa'),('f421c31b-886b-11ea-9959-8c1645373715','Urban93@hotmail.com',_binary '}Ǿr\0\Ȣ+\Zr\\:\\\Ԍ!1t\u}%A&9L\e\\a\-/4:P0',_binary '\\\@=\L&\n^gGxR\\\Z㨤J-0\v\z5\8q|\\t\\m\H*c{-U+9U8n3\\~S\Z\r4ߵ\|\ZZs\A\\\6	\',NULL,NULL,'employee',1,'rgrbf5'),('f421c3c1-886b-11ea-9959-8c1645373715','Gretchen17@gmail.com',_binary '\?\\\\#)`\\F,N>nwp32	\Eh#\\<f\\g8\`&$}\1\',_binary '׍ӴB\1\\dAGg9\\\\"eG	\C\Hv\AϸHea_Z\\0\i\`P^CӤ&2M\Z\\Z8U\[ֹFPXk\J-}\tQ\fjgR,WYG\K\{A',NULL,NULL,'employee',1,'r5i31y'),('f421c48a-886b-11ea-9959-8c1645373715','Benjamin.Simonis59@hotmail.com',_binary '_g\@i~\q\\\ZO\\n>:\Ra\N\X߈\KP\;bW&?ݼ\i8',_binary '4\3\Mrdaěڿj\\g^\\=\o.ڌ?6	\0Ʃ(w\C\\r\\0k\X\h\\x[rdi\\\A\\\\1\\\0oA)\N\e?I6\0{\1>Ha0걐!\,\',NULL,NULL,'employee',1,'gzu1t2'),('f421c592-886b-11ea-9959-8c1645373715','Angelina59@hotmail.com',_binary '\Z8\\3\?R}ny\ \E\nF\q\Lkb,߳\7\6\4@\_\Zz\9\nm\l\h\7',_binary 'Pk?\;dyb}e.v\"; \y\&\˒\\nv~\I`\B\	\\\oe\-_W\0Z\"-)\2^Fu\\\\r\8\ЕCX\{n;B\\\n,)@,`Z1(GC>A@\5h߂',NULL,NULL,'employee',1,'x4hp7s'),('f421c658-886b-11ea-9959-8c1645373715','Kellen.Robel@yahoo.com',_binary 'gl.\0\\Z1\Wkr\`\.\\2	8:\\Z\+\\4\he\J|ҍ)^\\rP}',_binary '\rvԅ8Vm\VD\\'\NnPxpw\H\\ȯA\^\\PAomW\\\#\`Fb@\X`ֳ?eU\\0\\\?d\\\\\X\9]KX\\n2\WW+5\\R\3\',NULL,NULL,'employee',1,'a5rj61'),('f421c713-886b-11ea-9959-8c1645373715','Noah.Schinner11@yahoo.com',_binary '9\\P&?낄,\ O\s\\\\u_}\ha}r\Zu)av_P\\\A\O*:',_binary '{ܞOY9H\qg\#?Z\j\\\rc\"n̦j\*\\r\dOC_\J\$\;\\\Hu\\pa\'?\\\\p\X\v#\&\\\\u]\W8,\\\K\ia\\4\^C\mp',NULL,NULL,'employee',1,'moowoa'),('f421c7bf-886b-11ea-9959-8c1645373715','Karson64@hotmail.com',_binary '\q)\b\\[QEiDک\O\6\\n\H@~\\\EG\r8ޖy\Z\=\)c7z_f\\	2/N\',_binary '\\\yI\:,5+\\\\\3)q\t6\\9ז:a{K\I:yΓ\n\Y_oq{69\n12>.^H\\m}f(\'+Lors\\\\u^+cv',NULL,NULL,'employee',1,'mxrt3c'),('f421c88c-886b-11ea-9959-8c1645373715','Malvina.Mante@hotmail.com',_binary 'ە\6\'\\\SJ#Jo*\0Z\D\+0haR\F\=}\n\"̬pl\'8\t\',_binary 'g?\@T\G\$Nb\roP㫃V#:Ѩ\Nv;\=\Pݒ1\Z\YxZ^\<lXC\hR\\\cg϶\Y@&<ă\ر\ѩm\\a~!=dJ$(\\'+\g)',NULL,NULL,'employee',1,'22z4wr'),('f421c955-886b-11ea-9959-8c1645373715','Kian.Champlin28@yahoo.com',_binary '/\'$0q_Lb{>2hF\\!p6\:Y70\0UV\#,\+.\\qWTM]bI\\\TJ/',_binary '?	D~(\Hۖ\Fo&\\\P1m<.\g髳|}\%Bu\=}\L\ŰHYbmixn\ydfn?c\Cw\\p\nw\Lό\٨w:\r`\Bth\[\M',NULL,NULL,'employee',1,'sep15d'),('f421caa7-886b-11ea-9959-8c1645373715','Shaina1@hotmail.com',_binary 'SYeE$\0^\Ě҂\3;\rmdZd~iWr9\\M\r9!_c\YIZ\',_binary '9I(Q2\cmu\\~3n0:y#\3l_\(;\@\\i̞Y.\0r\\ҾCat\\)޸\\Η\"E6UI\ɶ|K(F{d\t~4N\\[H\\',NULL,NULL,'employee',1,'osh81u'),('f421cb46-886b-11ea-9959-8c1645373715','Marcelino_Pagac@gmail.com',_binary '\\V-QsQgc\S!ؽ\43OL\\\IA{:~ȏ\\M',_binary 'ض	\Z\\\E;\j\\\oI*Ovhk-::\+l\(\\f 2CS\\҃\N{K.Y\\\f|\kbBgJ\3# \\\\\8e|1Ѳ\O',NULL,NULL,'employee',1,'4d1iuc'),('f421cc21-886b-11ea-9959-8c1645373715','Paxton21@gmail.com',_binary 'v\L\0p]&W\r\n::\,\\ك\\o\\>	\KΣ6%\7`\\',_binary 'yjZ%.\FV\fKRl\\\ZW\\%#\	\X\\A7)0/\$\0WM\`\A?J9\2z\\KnY[d\\6\w\̈́:e+\"]\\z\\\_v\1kL\Z\',NULL,NULL,'employee',1,'5f9btl'),('f421cce3-886b-11ea-9959-8c1645373715','Lamar.Torphy52@gmail.com',_binary 'QsjQ2f\\GZ\3HyX\'LIq\\\\U]̡)O(\ŉ\\GOjꓨ',_binary '\\kV\[\\;C~ k#\Q\B3v&lSexj\Ysx\\\"?\)eҒ\Mˇ5)HRu61:pC/ldFR\n4Z\52v_\>,̡f\6i}\\\si',NULL,NULL,'employee',1,'5njqn0'),('f421ce04-886b-11ea-9959-8c1645373715','Clementine54@gmail.com',_binary 'bP\"0\\`TF.\O\S\p\f:\\}j\^\N+RxbV\\?͇`\\',_binary 'mp\\ls\"ǱcNb\0\~\˝\\9\\-j\\\'\2s\kɸX\\\\`12_R`\\\\\\k\gQ.W\\I\I\Y\\\$\\(\\\\\(\zO\Ũ\',NULL,NULL,'employee',1,'ipmr9z');
/*!40000 ALTER TABLE `users` ENABLE KEYS */;
UNLOCK TABLES;
/*!40103 SET TIME_ZONE=@OLD_TIME_ZONE */;

/*!40101 SET SQL_MODE=@OLD_SQL_MODE */;
/*!40014 SET FOREIGN_KEY_CHECKS=@OLD_FOREIGN_KEY_CHECKS */;
/*!40014 SET UNIQUE_CHECKS=@OLD_UNIQUE_CHECKS */;
/*!40101 SET CHARACTER_SET_CLIENT=@OLD_CHARACTER_SET_CLIENT */;
/*!40101 SET CHARACTER_SET_RESULTS=@OLD_CHARACTER_SET_RESULTS */;
/*!40101 SET COLLATION_CONNECTION=@OLD_COLLATION_CONNECTION */;
/*!40111 SET SQL_NOTES=@OLD_SQL_NOTES */;

-- Dump completed on 2020-04-27 16:51:12
