-- MySQL dump 10.13  Distrib 8.0.19, for Win64 (x86_64)
--
-- Host: localhost    Database: recruiter
-- ------------------------------------------------------
-- Server version	8.0.19

/*!40101 SET @OLD_CHARACTER_SET_CLIENT=@@CHARACTER_SET_CLIENT */;
/*!40101 SET @OLD_CHARACTER_SET_RESULTS=@@CHARACTER_SET_RESULTS */;
/*!40101 SET @OLD_COLLATION_CONNECTION=@@COLLATION_CONNECTION */;
/*!50503 SET NAMES utf8mb4 */;
/*!40103 SET @OLD_TIME_ZONE=@@TIME_ZONE */;
/*!40103 SET TIME_ZONE='+00:00' */;
/*!40014 SET @OLD_UNIQUE_CHECKS=@@UNIQUE_CHECKS, UNIQUE_CHECKS=0 */;
/*!40014 SET @OLD_FOREIGN_KEY_CHECKS=@@FOREIGN_KEY_CHECKS, FOREIGN_KEY_CHECKS=0 */;
/*!40101 SET @OLD_SQL_MODE=@@SQL_MODE, SQL_MODE='NO_AUTO_VALUE_ON_ZERO' */;
/*!40111 SET @OLD_SQL_NOTES=@@SQL_NOTES, SQL_NOTES=0 */;

--
-- Table structure for table `desiredlocations`
--

DROP TABLE IF EXISTS `desiredlocations`;
/*!40101 SET @saved_cs_client     = @@character_set_client */;
/*!50503 SET character_set_client = utf8mb4 */;
CREATE TABLE `desiredlocations` (
  `employee` char(36) NOT NULL,
  `locationId` char(36) NOT NULL,
  PRIMARY KEY (`employee`,`locationId`),
  KEY `locationId` (`locationId`),
  CONSTRAINT `desiredlocations_ibfk_1` FOREIGN KEY (`employee`) REFERENCES `employees` (`id`),
  CONSTRAINT `desiredlocations_ibfk_2` FOREIGN KEY (`locationId`) REFERENCES `locations` (`id`)
) ENGINE=InnoDB DEFAULT CHARSET=utf8mb4 COLLATE=utf8mb4_0900_ai_ci;
/*!40101 SET character_set_client = @saved_cs_client */;

--
-- Dumping data for table `desiredlocations`
--

LOCK TABLES `desiredlocations` WRITE;
/*!40000 ALTER TABLE `desiredlocations` DISABLE KEYS */;
INSERT INTO `desiredlocations` VALUES ('86db996c-8444-11ea-95b4-8c1645373715','7801b2d9-8444-11ea-95b4-8c1645373715'),('86dba451-8444-11ea-95b4-8c1645373715','7801b2d9-8444-11ea-95b4-8c1645373715'),('86dbd104-8444-11ea-95b4-8c1645373715','7801b2d9-8444-11ea-95b4-8c1645373715'),('77fef87d-8444-11ea-95b4-8c1645373715','7801cbd6-8444-11ea-95b4-8c1645373715'),('77ff0c50-8444-11ea-95b4-8c1645373715','7801cbd6-8444-11ea-95b4-8c1645373715'),('77ff1423-8444-11ea-95b4-8c1645373715','7801cbd6-8444-11ea-95b4-8c1645373715'),('77ff1881-8444-11ea-95b4-8c1645373715','7801cbd6-8444-11ea-95b4-8c1645373715'),('86db9d95-8444-11ea-95b4-8c1645373715','7801cbd6-8444-11ea-95b4-8c1645373715'),('77ff064e-8444-11ea-95b4-8c1645373715','7801cc8d-8444-11ea-95b4-8c1645373715'),('77ff0e45-8444-11ea-95b4-8c1645373715','7801cc8d-8444-11ea-95b4-8c1645373715'),('86db9d95-8444-11ea-95b4-8c1645373715','7801cc8d-8444-11ea-95b4-8c1645373715'),('86dbd30a-8444-11ea-95b4-8c1645373715','7801cc8d-8444-11ea-95b4-8c1645373715'),('77fef87d-8444-11ea-95b4-8c1645373715','7801cd2c-8444-11ea-95b4-8c1645373715'),('77ff0d4a-8444-11ea-95b4-8c1645373715','7801cd2c-8444-11ea-95b4-8c1645373715'),('86db9a75-8444-11ea-95b4-8c1645373715','7801cd2c-8444-11ea-95b4-8c1645373715'),('86db9f91-8444-11ea-95b4-8c1645373715','7801cd2c-8444-11ea-95b4-8c1645373715'),('77ff0ec4-8444-11ea-95b4-8c1645373715','7801cd87-8444-11ea-95b4-8c1645373715'),('86dba182-8444-11ea-95b4-8c1645373715','7801cd87-8444-11ea-95b4-8c1645373715'),('86dbd104-8444-11ea-95b4-8c1645373715','7801cd87-8444-11ea-95b4-8c1645373715'),('77ff13c0-8444-11ea-95b4-8c1645373715','7801ce06-8444-11ea-95b4-8c1645373715'),('86db996c-8444-11ea-95b4-8c1645373715','7801ce06-8444-11ea-95b4-8c1645373715'),('86dbd104-8444-11ea-95b4-8c1645373715','7801ce06-8444-11ea-95b4-8c1645373715'),('86dbd79d-8444-11ea-95b4-8c1645373715','7801ce06-8444-11ea-95b4-8c1645373715'),('77ff0b67-8444-11ea-95b4-8c1645373715','7801ceac-8444-11ea-95b4-8c1645373715'),('77ff1881-8444-11ea-95b4-8c1645373715','7801ceac-8444-11ea-95b4-8c1645373715'),('77ff1a5d-8444-11ea-95b4-8c1645373715','7801ceac-8444-11ea-95b4-8c1645373715'),('86db9d95-8444-11ea-95b4-8c1645373715','7801ceac-8444-11ea-95b4-8c1645373715'),('77ff0523-8444-11ea-95b4-8c1645373715','7801cf12-8444-11ea-95b4-8c1645373715'),('77ff0ec4-8444-11ea-95b4-8c1645373715','7801cf12-8444-11ea-95b4-8c1645373715'),('77ff1536-8444-11ea-95b4-8c1645373715','7801cf12-8444-11ea-95b4-8c1645373715'),('77ff19da-8444-11ea-95b4-8c1645373715','7801cf12-8444-11ea-95b4-8c1645373715'),('77ff0bea-8444-11ea-95b4-8c1645373715','7801cf8e-8444-11ea-95b4-8c1645373715'),('86db9855-8444-11ea-95b4-8c1645373715','7801cf8e-8444-11ea-95b4-8c1645373715'),('86db9e7a-8444-11ea-95b4-8c1645373715','7801cf8e-8444-11ea-95b4-8c1645373715'),('86dba017-8444-11ea-95b4-8c1645373715','7801cf8e-8444-11ea-95b4-8c1645373715'),('86dba07d-8444-11ea-95b4-8c1645373715','7801cf8e-8444-11ea-95b4-8c1645373715'),('77ff102b-8444-11ea-95b4-8c1645373715','7801cfe6-8444-11ea-95b4-8c1645373715'),('86db807e-8444-11ea-95b4-8c1645373715','7801cfe6-8444-11ea-95b4-8c1645373715'),('77ff0c50-8444-11ea-95b4-8c1645373715','7801d053-8444-11ea-95b4-8c1645373715'),('77ff15b1-8444-11ea-95b4-8c1645373715','7801d053-8444-11ea-95b4-8c1645373715'),('86db9c0a-8444-11ea-95b4-8c1645373715','7801d053-8444-11ea-95b4-8c1645373715'),('86dba103-8444-11ea-95b4-8c1645373715','7801d053-8444-11ea-95b4-8c1645373715'),('86dba182-8444-11ea-95b4-8c1645373715','7801d053-8444-11ea-95b4-8c1645373715'),('86dba5d5-8444-11ea-95b4-8c1645373715','7801d053-8444-11ea-95b4-8c1645373715'),('86dbd30a-8444-11ea-95b4-8c1645373715','7801d053-8444-11ea-95b4-8c1645373715'),('86db968b-8444-11ea-95b4-8c1645373715','7801d166-8444-11ea-95b4-8c1645373715'),('86dba103-8444-11ea-95b4-8c1645373715','7801d166-8444-11ea-95b4-8c1645373715'),('86dba275-8444-11ea-95b4-8c1645373715','7801d166-8444-11ea-95b4-8c1645373715'),('86dbd5f9-8444-11ea-95b4-8c1645373715','7801d166-8444-11ea-95b4-8c1645373715'),('77ff0f3b-8444-11ea-95b4-8c1645373715','7801d1f3-8444-11ea-95b4-8c1645373715'),('77ff13c0-8444-11ea-95b4-8c1645373715','7801d1f3-8444-11ea-95b4-8c1645373715'),('77ff1720-8444-11ea-95b4-8c1645373715','7801d1f3-8444-11ea-95b4-8c1645373715'),('86dba451-8444-11ea-95b4-8c1645373715','7801d1f3-8444-11ea-95b4-8c1645373715'),('77ff14b7-8444-11ea-95b4-8c1645373715','7801d252-8444-11ea-95b4-8c1645373715'),('77ff1a5d-8444-11ea-95b4-8c1645373715','7801d252-8444-11ea-95b4-8c1645373715'),('86dba103-8444-11ea-95b4-8c1645373715','7801d252-8444-11ea-95b4-8c1645373715'),('77ff0f3b-8444-11ea-95b4-8c1645373715','7801d2ce-8444-11ea-95b4-8c1645373715'),('77ff1336-8444-11ea-95b4-8c1645373715','7801d2ce-8444-11ea-95b4-8c1645373715'),('77ff0a4a-8444-11ea-95b4-8c1645373715','7801d323-8444-11ea-95b4-8c1645373715'),('77ff0b67-8444-11ea-95b4-8c1645373715','7801d323-8444-11ea-95b4-8c1645373715'),('77ff14b7-8444-11ea-95b4-8c1645373715','7801d323-8444-11ea-95b4-8c1645373715'),('86db972a-8444-11ea-95b4-8c1645373715','7801d323-8444-11ea-95b4-8c1645373715'),('86dba20b-8444-11ea-95b4-8c1645373715','7801d323-8444-11ea-95b4-8c1645373715'),('77ff08db-8444-11ea-95b4-8c1645373715','7801d3f6-8444-11ea-95b4-8c1645373715'),('77ff0e45-8444-11ea-95b4-8c1645373715','7801d3f6-8444-11ea-95b4-8c1645373715'),('86db9a75-8444-11ea-95b4-8c1645373715','7801d3f6-8444-11ea-95b4-8c1645373715'),('86db9af3-8444-11ea-95b4-8c1645373715','7801d3f6-8444-11ea-95b4-8c1645373715'),('77ff1ad8-8444-11ea-95b4-8c1645373715','7801d4b5-8444-11ea-95b4-8c1645373715'),('86db9a75-8444-11ea-95b4-8c1645373715','7801d4b5-8444-11ea-95b4-8c1645373715'),('86dba20b-8444-11ea-95b4-8c1645373715','7801d4b5-8444-11ea-95b4-8c1645373715'),('77ff08db-8444-11ea-95b4-8c1645373715','7801d52c-8444-11ea-95b4-8c1645373715'),('86db9cf6-8444-11ea-95b4-8c1645373715','7801d52c-8444-11ea-95b4-8c1645373715'),('77ff179b-8444-11ea-95b4-8c1645373715','7801d585-8444-11ea-95b4-8c1645373715'),('77ff1881-8444-11ea-95b4-8c1645373715','7801d585-8444-11ea-95b4-8c1645373715'),('86db9c0a-8444-11ea-95b4-8c1645373715','7801d585-8444-11ea-95b4-8c1645373715'),('77ff17fe-8444-11ea-95b4-8c1645373715','7801d5d9-8444-11ea-95b4-8c1645373715'),('86db996c-8444-11ea-95b4-8c1645373715','7801d5d9-8444-11ea-95b4-8c1645373715'),('86db9d95-8444-11ea-95b4-8c1645373715','7801d5d9-8444-11ea-95b4-8c1645373715'),('77ff102b-8444-11ea-95b4-8c1645373715','7801d666-8444-11ea-95b4-8c1645373715'),('86db9a07-8444-11ea-95b4-8c1645373715','7801d666-8444-11ea-95b4-8c1645373715'),('86db9e7a-8444-11ea-95b4-8c1645373715','7801d666-8444-11ea-95b4-8c1645373715'),('86dbd6f7-8444-11ea-95b4-8c1645373715','7801d666-8444-11ea-95b4-8c1645373715'),('77ff0523-8444-11ea-95b4-8c1645373715','7801d6be-8444-11ea-95b4-8c1645373715'),('77ff0f9b-8444-11ea-95b4-8c1645373715','7801d6be-8444-11ea-95b4-8c1645373715'),('77ff11e4-8444-11ea-95b4-8c1645373715','7801d6be-8444-11ea-95b4-8c1645373715'),('77ff17fe-8444-11ea-95b4-8c1645373715','7801d6be-8444-11ea-95b4-8c1645373715'),('77ff19da-8444-11ea-95b4-8c1645373715','7801d6be-8444-11ea-95b4-8c1645373715'),('86db7e63-8444-11ea-95b4-8c1645373715','7801d6be-8444-11ea-95b4-8c1645373715'),('86db9a07-8444-11ea-95b4-8c1645373715','7801d6be-8444-11ea-95b4-8c1645373715'),('86dbcf36-8444-11ea-95b4-8c1645373715','7801d6be-8444-11ea-95b4-8c1645373715'),('77ff0ec4-8444-11ea-95b4-8c1645373715','7801d728-8444-11ea-95b4-8c1645373715'),('77ff1536-8444-11ea-95b4-8c1645373715','7801d728-8444-11ea-95b4-8c1645373715'),('77ff15b1-8444-11ea-95b4-8c1645373715','7801d728-8444-11ea-95b4-8c1645373715'),('86db95a9-8444-11ea-95b4-8c1645373715','7801d728-8444-11ea-95b4-8c1645373715'),('77ff14b7-8444-11ea-95b4-8c1645373715','7801d779-8444-11ea-95b4-8c1645373715'),('86db807e-8444-11ea-95b4-8c1645373715','7801d779-8444-11ea-95b4-8c1645373715'),('86db807e-8444-11ea-95b4-8c1645373715','7801d7f1-8444-11ea-95b4-8c1645373715'),('86dbd79d-8444-11ea-95b4-8c1645373715','7801d7f1-8444-11ea-95b4-8c1645373715'),('77ff14b7-8444-11ea-95b4-8c1645373715','7801d932-8444-11ea-95b4-8c1645373715'),('77ff1ad8-8444-11ea-95b4-8c1645373715','7801d932-8444-11ea-95b4-8c1645373715'),('86db7e63-8444-11ea-95b4-8c1645373715','7801d932-8444-11ea-95b4-8c1645373715'),('86db9855-8444-11ea-95b4-8c1645373715','7801d932-8444-11ea-95b4-8c1645373715'),('77ff0753-8444-11ea-95b4-8c1645373715','7801d9b8-8444-11ea-95b4-8c1645373715'),('77ff095a-8444-11ea-95b4-8c1645373715','7801d9b8-8444-11ea-95b4-8c1645373715'),('77ff0dad-8444-11ea-95b4-8c1645373715','7801d9b8-8444-11ea-95b4-8c1645373715'),('77ff1a5d-8444-11ea-95b4-8c1645373715','7801d9b8-8444-11ea-95b4-8c1645373715'),('86db64dc-8444-11ea-95b4-8c1645373715','7801d9b8-8444-11ea-95b4-8c1645373715'),('86dbd79d-8444-11ea-95b4-8c1645373715','7801d9b8-8444-11ea-95b4-8c1645373715'),('86db9b7d-8444-11ea-95b4-8c1645373715','7801da14-8444-11ea-95b4-8c1645373715'),('77ff05cc-8444-11ea-95b4-8c1645373715','7801da7e-8444-11ea-95b4-8c1645373715'),('86db9c70-8444-11ea-95b4-8c1645373715','7801da7e-8444-11ea-95b4-8c1645373715'),('86dba20b-8444-11ea-95b4-8c1645373715','7801da7e-8444-11ea-95b4-8c1645373715'),('86dba5d5-8444-11ea-95b4-8c1645373715','7801da7e-8444-11ea-95b4-8c1645373715'),('77ff06d4-8444-11ea-95b4-8c1645373715','7801dacf-8444-11ea-95b4-8c1645373715'),('86db9c70-8444-11ea-95b4-8c1645373715','7801dacf-8444-11ea-95b4-8c1645373715'),('77fef87d-8444-11ea-95b4-8c1645373715','7801db3f-8444-11ea-95b4-8c1645373715'),('77ff1536-8444-11ea-95b4-8c1645373715','7801db3f-8444-11ea-95b4-8c1645373715'),('77ff0f3b-8444-11ea-95b4-8c1645373715','7801dc0c-8444-11ea-95b4-8c1645373715'),('77ff11e4-8444-11ea-95b4-8c1645373715','7801dc0c-8444-11ea-95b4-8c1645373715'),('86db7fea-8444-11ea-95b4-8c1645373715','7801dc0c-8444-11ea-95b4-8c1645373715'),('77ff1d33-8444-11ea-95b4-8c1645373715','7801dc64-8444-11ea-95b4-8c1645373715'),('86db968b-8444-11ea-95b4-8c1645373715','7801dc64-8444-11ea-95b4-8c1645373715'),('86db9c0a-8444-11ea-95b4-8c1645373715','7801dc64-8444-11ea-95b4-8c1645373715'),('86dbd4dc-8444-11ea-95b4-8c1645373715','7801dc64-8444-11ea-95b4-8c1645373715'),('86dbd913-8444-11ea-95b4-8c1645373715','7801dc64-8444-11ea-95b4-8c1645373715'),('77ff07d2-8444-11ea-95b4-8c1645373715','7801dce7-8444-11ea-95b4-8c1645373715'),('77ff1b37-8444-11ea-95b4-8c1645373715','7801dce7-8444-11ea-95b4-8c1645373715'),('77ff09d5-8444-11ea-95b4-8c1645373715','7801dd49-8444-11ea-95b4-8c1645373715'),('77ff0dad-8444-11ea-95b4-8c1645373715','7801dd49-8444-11ea-95b4-8c1645373715'),('77ff1720-8444-11ea-95b4-8c1645373715','7801dd49-8444-11ea-95b4-8c1645373715'),('86db9a07-8444-11ea-95b4-8c1645373715','7801dd49-8444-11ea-95b4-8c1645373715'),('86db9c70-8444-11ea-95b4-8c1645373715','7801dd49-8444-11ea-95b4-8c1645373715'),('77ff07d2-8444-11ea-95b4-8c1645373715','7801de36-8444-11ea-95b4-8c1645373715'),('77ff0a4a-8444-11ea-95b4-8c1645373715','7801de8a-8444-11ea-95b4-8c1645373715'),('77ff0bea-8444-11ea-95b4-8c1645373715','7801de8a-8444-11ea-95b4-8c1645373715'),('77ff1423-8444-11ea-95b4-8c1645373715','7801de8a-8444-11ea-95b4-8c1645373715'),('86db97cc-8444-11ea-95b4-8c1645373715','7801de8a-8444-11ea-95b4-8c1645373715'),('86db9cf6-8444-11ea-95b4-8c1645373715','7801de8a-8444-11ea-95b4-8c1645373715'),('86db968b-8444-11ea-95b4-8c1645373715','7801defb-8444-11ea-95b4-8c1645373715'),('86db9ef9-8444-11ea-95b4-8c1645373715','7801defb-8444-11ea-95b4-8c1645373715'),('86dba451-8444-11ea-95b4-8c1645373715','7801defb-8444-11ea-95b4-8c1645373715'),('86dbd79d-8444-11ea-95b4-8c1645373715','7801defb-8444-11ea-95b4-8c1645373715'),('77ff0ae1-8444-11ea-95b4-8c1645373715','7801dfeb-8444-11ea-95b4-8c1645373715'),('77ff1d33-8444-11ea-95b4-8c1645373715','7801dfeb-8444-11ea-95b4-8c1645373715'),('86db9c0a-8444-11ea-95b4-8c1645373715','7801dfeb-8444-11ea-95b4-8c1645373715'),('86db9cf6-8444-11ea-95b4-8c1645373715','7801dfeb-8444-11ea-95b4-8c1645373715'),('86dbd073-8444-11ea-95b4-8c1645373715','7801dfeb-8444-11ea-95b4-8c1645373715'),('86dbd570-8444-11ea-95b4-8c1645373715','7801dfeb-8444-11ea-95b4-8c1645373715'),('77ff0c50-8444-11ea-95b4-8c1645373715','7801e063-8444-11ea-95b4-8c1645373715'),('86db9ef9-8444-11ea-95b4-8c1645373715','7801e063-8444-11ea-95b4-8c1645373715'),('77ff06d4-8444-11ea-95b4-8c1645373715','7801e0cd-8444-11ea-95b4-8c1645373715'),('77ff0ccb-8444-11ea-95b4-8c1645373715','7801e0cd-8444-11ea-95b4-8c1645373715'),('86db9f91-8444-11ea-95b4-8c1645373715','7801e0cd-8444-11ea-95b4-8c1645373715'),('77ff102b-8444-11ea-95b4-8c1645373715','7801e13d-8444-11ea-95b4-8c1645373715'),('77ff19da-8444-11ea-95b4-8c1645373715','7801e13d-8444-11ea-95b4-8c1645373715'),('86db9b7d-8444-11ea-95b4-8c1645373715','7801e18b-8444-11ea-95b4-8c1645373715'),('77ff0bea-8444-11ea-95b4-8c1645373715','7801e218-8444-11ea-95b4-8c1645373715'),('77ff18fc-8444-11ea-95b4-8c1645373715','7801e218-8444-11ea-95b4-8c1645373715'),('86dbd8ac-8444-11ea-95b4-8c1645373715','7801e218-8444-11ea-95b4-8c1645373715'),('77ff16a4-8444-11ea-95b4-8c1645373715','7801e266-8444-11ea-95b4-8c1645373715'),('86db7fea-8444-11ea-95b4-8c1645373715','7801e266-8444-11ea-95b4-8c1645373715'),('86dba07d-8444-11ea-95b4-8c1645373715','7801e266-8444-11ea-95b4-8c1645373715'),('77ff13c0-8444-11ea-95b4-8c1645373715','7801e324-8444-11ea-95b4-8c1645373715'),('77ff1881-8444-11ea-95b4-8c1645373715','7801e372-8444-11ea-95b4-8c1645373715'),('86db7e63-8444-11ea-95b4-8c1645373715','7801e372-8444-11ea-95b4-8c1645373715'),('86db9b7d-8444-11ea-95b4-8c1645373715','7801e372-8444-11ea-95b4-8c1645373715'),('86dbd5f9-8444-11ea-95b4-8c1645373715','7801e372-8444-11ea-95b4-8c1645373715'),('86dbd8ac-8444-11ea-95b4-8c1645373715','7801e372-8444-11ea-95b4-8c1645373715'),('77ff0dad-8444-11ea-95b4-8c1645373715','7801e3df-8444-11ea-95b4-8c1645373715'),('77ff0a4a-8444-11ea-95b4-8c1645373715','7801e430-8444-11ea-95b4-8c1645373715'),('77ff0d4a-8444-11ea-95b4-8c1645373715','7801e430-8444-11ea-95b4-8c1645373715'),('77ff18fc-8444-11ea-95b4-8c1645373715','7801e430-8444-11ea-95b4-8c1645373715'),('77ff1b37-8444-11ea-95b4-8c1645373715','7801e430-8444-11ea-95b4-8c1645373715'),('86dba275-8444-11ea-95b4-8c1645373715','7801e430-8444-11ea-95b4-8c1645373715'),('86dbd213-8444-11ea-95b4-8c1645373715','7801e430-8444-11ea-95b4-8c1645373715'),('86dbd284-8444-11ea-95b4-8c1645373715','7801e430-8444-11ea-95b4-8c1645373715'),('77ff1165-8444-11ea-95b4-8c1645373715','7801e49d-8444-11ea-95b4-8c1645373715'),('86dbd8ac-8444-11ea-95b4-8c1645373715','7801e49d-8444-11ea-95b4-8c1645373715'),('77ff0855-8444-11ea-95b4-8c1645373715','7801e4eb-8444-11ea-95b4-8c1645373715'),('86dbd284-8444-11ea-95b4-8c1645373715','7801e4eb-8444-11ea-95b4-8c1645373715'),('77ff0523-8444-11ea-95b4-8c1645373715','7801f71d-8444-11ea-95b4-8c1645373715'),('77ff0ccb-8444-11ea-95b4-8c1645373715','7801f71d-8444-11ea-95b4-8c1645373715'),('86dbd073-8444-11ea-95b4-8c1645373715','7801f71d-8444-11ea-95b4-8c1645373715'),('77ff0e45-8444-11ea-95b4-8c1645373715','7801f783-8444-11ea-95b4-8c1645373715'),('86db968b-8444-11ea-95b4-8c1645373715','7801f783-8444-11ea-95b4-8c1645373715'),('86dba5d5-8444-11ea-95b4-8c1645373715','7801f814-8444-11ea-95b4-8c1645373715'),('86dbd073-8444-11ea-95b4-8c1645373715','7801f814-8444-11ea-95b4-8c1645373715'),('77ff0a4a-8444-11ea-95b4-8c1645373715','7801f87e-8444-11ea-95b4-8c1645373715'),('77ff0b67-8444-11ea-95b4-8c1645373715','7801f87e-8444-11ea-95b4-8c1645373715'),('77ff0ccb-8444-11ea-95b4-8c1645373715','7801f87e-8444-11ea-95b4-8c1645373715'),('77ff19da-8444-11ea-95b4-8c1645373715','7801f87e-8444-11ea-95b4-8c1645373715'),('86dba5d5-8444-11ea-95b4-8c1645373715','7801f87e-8444-11ea-95b4-8c1645373715'),('77ff1ad8-8444-11ea-95b4-8c1645373715','86dec532-8444-11ea-95b4-8c1645373715'),('86dbd30a-8444-11ea-95b4-8c1645373715','86dec532-8444-11ea-95b4-8c1645373715'),('77ff0ccb-8444-11ea-95b4-8c1645373715','86dedbde-8444-11ea-95b4-8c1645373715'),('77ff0d4a-8444-11ea-95b4-8c1645373715','86dedbde-8444-11ea-95b4-8c1645373715'),('86db97cc-8444-11ea-95b4-8c1645373715','86dedbde-8444-11ea-95b4-8c1645373715'),('86db9e14-8444-11ea-95b4-8c1645373715','86dedbde-8444-11ea-95b4-8c1645373715'),('86dbd30a-8444-11ea-95b4-8c1645373715','86dedbde-8444-11ea-95b4-8c1645373715'),('77ff11e4-8444-11ea-95b4-8c1645373715','86dedc8b-8444-11ea-95b4-8c1645373715'),('86dbd570-8444-11ea-95b4-8c1645373715','86dedc8b-8444-11ea-95b4-8c1645373715'),('86dbd67f-8444-11ea-95b4-8c1645373715','86dedd1b-8444-11ea-95b4-8c1645373715'),('77ff05cc-8444-11ea-95b4-8c1645373715','86dedd77-8444-11ea-95b4-8c1645373715'),('86db9a75-8444-11ea-95b4-8c1645373715','86dedd77-8444-11ea-95b4-8c1645373715'),('86dba275-8444-11ea-95b4-8c1645373715','86dedd77-8444-11ea-95b4-8c1645373715'),('86dbd104-8444-11ea-95b4-8c1645373715','86dedd77-8444-11ea-95b4-8c1645373715'),('77ff1610-8444-11ea-95b4-8c1645373715','86deddfa-8444-11ea-95b4-8c1645373715'),('77ff1720-8444-11ea-95b4-8c1645373715','86deddfa-8444-11ea-95b4-8c1645373715'),('86db9af3-8444-11ea-95b4-8c1645373715','86deddfa-8444-11ea-95b4-8c1645373715'),('86db9c0a-8444-11ea-95b4-8c1645373715','86deddfa-8444-11ea-95b4-8c1645373715'),('86dba07d-8444-11ea-95b4-8c1645373715','86deddfa-8444-11ea-95b4-8c1645373715'),('86dbcff8-8444-11ea-95b4-8c1645373715','86dede72-8444-11ea-95b4-8c1645373715'),('86dbd6f7-8444-11ea-95b4-8c1645373715','86dede72-8444-11ea-95b4-8c1645373715'),('77ff064e-8444-11ea-95b4-8c1645373715','86dededb-8444-11ea-95b4-8c1645373715'),('86db7f52-8444-11ea-95b4-8c1645373715','86dededb-8444-11ea-95b4-8c1645373715'),('86db807e-8444-11ea-95b4-8c1645373715','86dededb-8444-11ea-95b4-8c1645373715'),('86db968b-8444-11ea-95b4-8c1645373715','86dededb-8444-11ea-95b4-8c1645373715'),('86db9a75-8444-11ea-95b4-8c1645373715','86dededb-8444-11ea-95b4-8c1645373715'),('86dbcf36-8444-11ea-95b4-8c1645373715','86dededb-8444-11ea-95b4-8c1645373715'),('77ff0d4a-8444-11ea-95b4-8c1645373715','86dedfab-8444-11ea-95b4-8c1645373715'),('77ff0753-8444-11ea-95b4-8c1645373715','86dee020-8444-11ea-95b4-8c1645373715'),('86db9855-8444-11ea-95b4-8c1645373715','86dee020-8444-11ea-95b4-8c1645373715'),('86db996c-8444-11ea-95b4-8c1645373715','86dee020-8444-11ea-95b4-8c1645373715'),('86db95a9-8444-11ea-95b4-8c1645373715','86dee0a6-8444-11ea-95b4-8c1645373715'),('86db9ef9-8444-11ea-95b4-8c1645373715','86dee0a6-8444-11ea-95b4-8c1645373715'),('86dbcff8-8444-11ea-95b4-8c1645373715','86dee0a6-8444-11ea-95b4-8c1645373715'),('86dbd191-8444-11ea-95b4-8c1645373715','86dee0a6-8444-11ea-95b4-8c1645373715'),('77ff0f9b-8444-11ea-95b4-8c1645373715','86dee156-8444-11ea-95b4-8c1645373715'),('86db7fea-8444-11ea-95b4-8c1645373715','86dee156-8444-11ea-95b4-8c1645373715'),('86db9a07-8444-11ea-95b4-8c1645373715','86dee156-8444-11ea-95b4-8c1645373715'),('86dbd67f-8444-11ea-95b4-8c1645373715','86dee1ca-8444-11ea-95b4-8c1645373715'),('77ff17fe-8444-11ea-95b4-8c1645373715','86dee223-8444-11ea-95b4-8c1645373715'),('86db9e7a-8444-11ea-95b4-8c1645373715','86dee223-8444-11ea-95b4-8c1645373715'),('86dbd67f-8444-11ea-95b4-8c1645373715','86dee223-8444-11ea-95b4-8c1645373715'),('77ff095a-8444-11ea-95b4-8c1645373715','86dee290-8444-11ea-95b4-8c1645373715'),('77ff0855-8444-11ea-95b4-8c1645373715','86dee2dd-8444-11ea-95b4-8c1645373715'),('77ff08db-8444-11ea-95b4-8c1645373715','86dee2dd-8444-11ea-95b4-8c1645373715'),('77ff1720-8444-11ea-95b4-8c1645373715','86dee2dd-8444-11ea-95b4-8c1645373715'),('86db98df-8444-11ea-95b4-8c1645373715','86dee2dd-8444-11ea-95b4-8c1645373715'),('86db9d95-8444-11ea-95b4-8c1645373715','86dee2dd-8444-11ea-95b4-8c1645373715'),('86dbd913-8444-11ea-95b4-8c1645373715','86dee2dd-8444-11ea-95b4-8c1645373715'),('77ff1977-8444-11ea-95b4-8c1645373715','86dee34b-8444-11ea-95b4-8c1645373715'),('77ff1b37-8444-11ea-95b4-8c1645373715','86dee34b-8444-11ea-95b4-8c1645373715'),('86dbd30a-8444-11ea-95b4-8c1645373715','86dee34b-8444-11ea-95b4-8c1645373715'),('86dbd570-8444-11ea-95b4-8c1645373715','86dee34b-8444-11ea-95b4-8c1645373715'),('86dbd5f9-8444-11ea-95b4-8c1645373715','86dee34b-8444-11ea-95b4-8c1645373715'),('86dbd826-8444-11ea-95b4-8c1645373715','86dee34b-8444-11ea-95b4-8c1645373715'),('77ff06d4-8444-11ea-95b4-8c1645373715','86dee3a3-8444-11ea-95b4-8c1645373715'),('77ff1165-8444-11ea-95b4-8c1645373715','86dee3a3-8444-11ea-95b4-8c1645373715'),('86db9cf6-8444-11ea-95b4-8c1645373715','86dee3a3-8444-11ea-95b4-8c1645373715'),('86dba182-8444-11ea-95b4-8c1645373715','86dee3a3-8444-11ea-95b4-8c1645373715'),('86dbcf36-8444-11ea-95b4-8c1645373715','86dee3a3-8444-11ea-95b4-8c1645373715'),('77ff179b-8444-11ea-95b4-8c1645373715','86dee425-8444-11ea-95b4-8c1645373715'),('86db9855-8444-11ea-95b4-8c1645373715','86dee425-8444-11ea-95b4-8c1645373715'),('86dbd4dc-8444-11ea-95b4-8c1645373715','86dee47e-8444-11ea-95b4-8c1645373715'),('86dbd5f9-8444-11ea-95b4-8c1645373715','86dee47e-8444-11ea-95b4-8c1645373715'),('77ff0753-8444-11ea-95b4-8c1645373715','86dee50e-8444-11ea-95b4-8c1645373715'),('77ff17fe-8444-11ea-95b4-8c1645373715','86dee50e-8444-11ea-95b4-8c1645373715'),('86db9af3-8444-11ea-95b4-8c1645373715','86dee50e-8444-11ea-95b4-8c1645373715'),('77ff16a4-8444-11ea-95b4-8c1645373715','86dee563-8444-11ea-95b4-8c1645373715'),('86db9cf6-8444-11ea-95b4-8c1645373715','86dee563-8444-11ea-95b4-8c1645373715'),('86dbd213-8444-11ea-95b4-8c1645373715','86dee563-8444-11ea-95b4-8c1645373715'),('86dbd67f-8444-11ea-95b4-8c1645373715','86dee5de-8444-11ea-95b4-8c1645373715'),('86dbd913-8444-11ea-95b4-8c1645373715','86dee5de-8444-11ea-95b4-8c1645373715'),('86dba103-8444-11ea-95b4-8c1645373715','86dee6a4-8444-11ea-95b4-8c1645373715'),('86dba20b-8444-11ea-95b4-8c1645373715','86dee6a4-8444-11ea-95b4-8c1645373715'),('77ff1423-8444-11ea-95b4-8c1645373715','86dee723-8444-11ea-95b4-8c1645373715'),('77ff1881-8444-11ea-95b4-8c1645373715','86dee723-8444-11ea-95b4-8c1645373715'),('86dbd284-8444-11ea-95b4-8c1645373715','86dee723-8444-11ea-95b4-8c1645373715'),('86dbd570-8444-11ea-95b4-8c1645373715','86dee723-8444-11ea-95b4-8c1645373715'),('86dbd826-8444-11ea-95b4-8c1645373715','86dee723-8444-11ea-95b4-8c1645373715'),('77ff05cc-8444-11ea-95b4-8c1645373715','86dee7bb-8444-11ea-95b4-8c1645373715'),('77ff0e45-8444-11ea-95b4-8c1645373715','86dee7bb-8444-11ea-95b4-8c1645373715'),('86dba5d5-8444-11ea-95b4-8c1645373715','86dee7bb-8444-11ea-95b4-8c1645373715'),('77ff05cc-8444-11ea-95b4-8c1645373715','86dee841-8444-11ea-95b4-8c1645373715'),('77ff1610-8444-11ea-95b4-8c1645373715','86dee841-8444-11ea-95b4-8c1645373715'),('86dba275-8444-11ea-95b4-8c1645373715','86dee841-8444-11ea-95b4-8c1645373715'),('77ff09d5-8444-11ea-95b4-8c1645373715','86dee8bc-8444-11ea-95b4-8c1645373715'),('77ff1d33-8444-11ea-95b4-8c1645373715','86dee8bc-8444-11ea-95b4-8c1645373715'),('86dbcff8-8444-11ea-95b4-8c1645373715','86dee8bc-8444-11ea-95b4-8c1645373715'),('77ff0ae1-8444-11ea-95b4-8c1645373715','86dee93b-8444-11ea-95b4-8c1645373715'),('86db972a-8444-11ea-95b4-8c1645373715','86dee93b-8444-11ea-95b4-8c1645373715'),('77ff0753-8444-11ea-95b4-8c1645373715','86dee9dd-8444-11ea-95b4-8c1645373715'),('77ff0c50-8444-11ea-95b4-8c1645373715','86dee9dd-8444-11ea-95b4-8c1645373715'),('77ff1977-8444-11ea-95b4-8c1645373715','86dee9dd-8444-11ea-95b4-8c1645373715'),('86db7f52-8444-11ea-95b4-8c1645373715','86dee9dd-8444-11ea-95b4-8c1645373715'),('86dbd213-8444-11ea-95b4-8c1645373715','86dee9dd-8444-11ea-95b4-8c1645373715'),('86db9b7d-8444-11ea-95b4-8c1645373715','86deeaed-8444-11ea-95b4-8c1645373715'),('77ff15b1-8444-11ea-95b4-8c1645373715','86deebc4-8444-11ea-95b4-8c1645373715'),('86dba017-8444-11ea-95b4-8c1645373715','86deebc4-8444-11ea-95b4-8c1645373715'),('86dbd191-8444-11ea-95b4-8c1645373715','86deebc4-8444-11ea-95b4-8c1645373715'),('77ff064e-8444-11ea-95b4-8c1645373715','86deecfe-8444-11ea-95b4-8c1645373715'),('77ff18fc-8444-11ea-95b4-8c1645373715','86deecfe-8444-11ea-95b4-8c1645373715'),('77ff0d4a-8444-11ea-95b4-8c1645373715','86deedc3-8444-11ea-95b4-8c1645373715'),('86db7fea-8444-11ea-95b4-8c1645373715','86deedc3-8444-11ea-95b4-8c1645373715'),('86dbd6f7-8444-11ea-95b4-8c1645373715','86deedc3-8444-11ea-95b4-8c1645373715'),('77ff179b-8444-11ea-95b4-8c1645373715','86df01ff-8444-11ea-95b4-8c1645373715'),('86db7f52-8444-11ea-95b4-8c1645373715','86df01ff-8444-11ea-95b4-8c1645373715'),('86db95a9-8444-11ea-95b4-8c1645373715','86df01ff-8444-11ea-95b4-8c1645373715'),('86dbd8ac-8444-11ea-95b4-8c1645373715','86df01ff-8444-11ea-95b4-8c1645373715'),('77ff095a-8444-11ea-95b4-8c1645373715','86df0327-8444-11ea-95b4-8c1645373715'),('86db972a-8444-11ea-95b4-8c1645373715','86df0327-8444-11ea-95b4-8c1645373715'),('86db9e14-8444-11ea-95b4-8c1645373715','86df0327-8444-11ea-95b4-8c1645373715'),('86dbd104-8444-11ea-95b4-8c1645373715','86df0327-8444-11ea-95b4-8c1645373715'),('77ff0f9b-8444-11ea-95b4-8c1645373715','86df03c6-8444-11ea-95b4-8c1645373715'),('77ff1536-8444-11ea-95b4-8c1645373715','86df03c6-8444-11ea-95b4-8c1645373715'),('86db807e-8444-11ea-95b4-8c1645373715','86df03c6-8444-11ea-95b4-8c1645373715'),('86db9b7d-8444-11ea-95b4-8c1645373715','86df03c6-8444-11ea-95b4-8c1645373715'),('77ff064e-8444-11ea-95b4-8c1645373715','86df04af-8444-11ea-95b4-8c1645373715'),('77ff15b1-8444-11ea-95b4-8c1645373715','86df04af-8444-11ea-95b4-8c1645373715'),('86dba017-8444-11ea-95b4-8c1645373715','86df04af-8444-11ea-95b4-8c1645373715'),('77ff179b-8444-11ea-95b4-8c1645373715','86df053c-8444-11ea-95b4-8c1645373715'),('77ff0855-8444-11ea-95b4-8c1645373715','86df05da-8444-11ea-95b4-8c1645373715'),('77ff1336-8444-11ea-95b4-8c1645373715','86df05da-8444-11ea-95b4-8c1645373715'),('77ff1ad8-8444-11ea-95b4-8c1645373715','86df05da-8444-11ea-95b4-8c1645373715'),('86db64dc-8444-11ea-95b4-8c1645373715','86df05da-8444-11ea-95b4-8c1645373715'),('77ff0f3b-8444-11ea-95b4-8c1645373715','86df064f-8444-11ea-95b4-8c1645373715'),('77ff0f9b-8444-11ea-95b4-8c1645373715','86df064f-8444-11ea-95b4-8c1645373715'),('86db9af3-8444-11ea-95b4-8c1645373715','86df064f-8444-11ea-95b4-8c1645373715'),('86dbd38d-8444-11ea-95b4-8c1645373715','86df064f-8444-11ea-95b4-8c1645373715'),('77ff1610-8444-11ea-95b4-8c1645373715','86df0711-8444-11ea-95b4-8c1645373715'),('86dbcff8-8444-11ea-95b4-8c1645373715','86df0711-8444-11ea-95b4-8c1645373715'),('77ff16a4-8444-11ea-95b4-8c1645373715','86df0790-8444-11ea-95b4-8c1645373715'),('77ff0ae1-8444-11ea-95b4-8c1645373715','86df0835-8444-11ea-95b4-8c1645373715'),('86db64dc-8444-11ea-95b4-8c1645373715','86df0835-8444-11ea-95b4-8c1645373715'),('86db996c-8444-11ea-95b4-8c1645373715','86df0835-8444-11ea-95b4-8c1645373715'),('86db9e14-8444-11ea-95b4-8c1645373715','86df0835-8444-11ea-95b4-8c1645373715'),('77ff06d4-8444-11ea-95b4-8c1645373715','86df08c6-8444-11ea-95b4-8c1645373715'),('77ff1165-8444-11ea-95b4-8c1645373715','86df08c6-8444-11ea-95b4-8c1645373715'),('77ff1336-8444-11ea-95b4-8c1645373715','86df08c6-8444-11ea-95b4-8c1645373715'),('77ff1977-8444-11ea-95b4-8c1645373715','86df08c6-8444-11ea-95b4-8c1645373715'),('86db9f91-8444-11ea-95b4-8c1645373715','86df08c6-8444-11ea-95b4-8c1645373715'),('77ff09d5-8444-11ea-95b4-8c1645373715','86df0a07-8444-11ea-95b4-8c1645373715'),('77ff1d33-8444-11ea-95b4-8c1645373715','86df0a07-8444-11ea-95b4-8c1645373715'),('86db9e14-8444-11ea-95b4-8c1645373715','86df0a07-8444-11ea-95b4-8c1645373715'),('77ff18fc-8444-11ea-95b4-8c1645373715','86df0ac2-8444-11ea-95b4-8c1645373715'),('86db7fea-8444-11ea-95b4-8c1645373715','86df0b36-8444-11ea-95b4-8c1645373715'),('86db9a07-8444-11ea-95b4-8c1645373715','86df0b36-8444-11ea-95b4-8c1645373715'),('86dbd38d-8444-11ea-95b4-8c1645373715','86df0b36-8444-11ea-95b4-8c1645373715'),('86db7f52-8444-11ea-95b4-8c1645373715','86df0bc3-8444-11ea-95b4-8c1645373715'),('77ff13c0-8444-11ea-95b4-8c1645373715','86df0c4d-8444-11ea-95b4-8c1645373715'),('77ff1423-8444-11ea-95b4-8c1645373715','86df0c4d-8444-11ea-95b4-8c1645373715'),('86db7f52-8444-11ea-95b4-8c1645373715','86df0c4d-8444-11ea-95b4-8c1645373715'),('86db97cc-8444-11ea-95b4-8c1645373715','86df0c4d-8444-11ea-95b4-8c1645373715'),('86db9855-8444-11ea-95b4-8c1645373715','86df0c4d-8444-11ea-95b4-8c1645373715'),('86dbd191-8444-11ea-95b4-8c1645373715','86df0c4d-8444-11ea-95b4-8c1645373715'),('86dbd826-8444-11ea-95b4-8c1645373715','86df0c4d-8444-11ea-95b4-8c1645373715'),('77ff0523-8444-11ea-95b4-8c1645373715','86df0cbd-8444-11ea-95b4-8c1645373715'),('77ff07d2-8444-11ea-95b4-8c1645373715','86df0cbd-8444-11ea-95b4-8c1645373715'),('77ff08db-8444-11ea-95b4-8c1645373715','86df0cbd-8444-11ea-95b4-8c1645373715'),('77ff0a4a-8444-11ea-95b4-8c1645373715','86df0cbd-8444-11ea-95b4-8c1645373715'),('86dbcff8-8444-11ea-95b4-8c1645373715','86df0cbd-8444-11ea-95b4-8c1645373715'),('86dbd38d-8444-11ea-95b4-8c1645373715','86df0cbd-8444-11ea-95b4-8c1645373715'),('77ff0c50-8444-11ea-95b4-8c1645373715','86df0d59-8444-11ea-95b4-8c1645373715'),('77ff07d2-8444-11ea-95b4-8c1645373715','86df0ddb-8444-11ea-95b4-8c1645373715'),('86dbd284-8444-11ea-95b4-8c1645373715','86df0ddb-8444-11ea-95b4-8c1645373715'),('86dbd191-8444-11ea-95b4-8c1645373715','86df0eab-8444-11ea-95b4-8c1645373715'),('86dbd4dc-8444-11ea-95b4-8c1645373715','86df0eab-8444-11ea-95b4-8c1645373715'),('77ff1165-8444-11ea-95b4-8c1645373715','86df135d-8444-11ea-95b4-8c1645373715'),('77ff18fc-8444-11ea-95b4-8c1645373715','86df135d-8444-11ea-95b4-8c1645373715'),('86db98df-8444-11ea-95b4-8c1645373715','86df135d-8444-11ea-95b4-8c1645373715'),('86dba103-8444-11ea-95b4-8c1645373715','86df135d-8444-11ea-95b4-8c1645373715'),('86dbd67f-8444-11ea-95b4-8c1645373715','86df135d-8444-11ea-95b4-8c1645373715'),('77ff1610-8444-11ea-95b4-8c1645373715','86df13d5-8444-11ea-95b4-8c1645373715'),('77ff06d4-8444-11ea-95b4-8c1645373715','86df1606-8444-11ea-95b4-8c1645373715'),('77ff07d2-8444-11ea-95b4-8c1645373715','86df1606-8444-11ea-95b4-8c1645373715'),('77ff0855-8444-11ea-95b4-8c1645373715','86df1606-8444-11ea-95b4-8c1645373715'),('86db98df-8444-11ea-95b4-8c1645373715','86df1606-8444-11ea-95b4-8c1645373715'),('77ff08db-8444-11ea-95b4-8c1645373715','86df1743-8444-11ea-95b4-8c1645373715'),('77ff1720-8444-11ea-95b4-8c1645373715','86df1743-8444-11ea-95b4-8c1645373715');
/*!40000 ALTER TABLE `desiredlocations` ENABLE KEYS */;
UNLOCK TABLES;

--
-- Table structure for table `employees`
--

DROP TABLE IF EXISTS `employees`;
/*!40101 SET @saved_cs_client     = @@character_set_client */;
/*!50503 SET character_set_client = utf8mb4 */;
CREATE TABLE `employees` (
  `id` char(36) NOT NULL,
  `firstName` varchar(100) NOT NULL,
  `lastName` varchar(100) NOT NULL,
  `phoneNumber` varchar(30) DEFAULT NULL,
  `birthday` date DEFAULT NULL,
  `bio` varchar(200) DEFAULT NULL,
  PRIMARY KEY (`id`),
  CONSTRAINT `employees_ibfk_1` FOREIGN KEY (`id`) REFERENCES `users` (`id`)
) ENGINE=InnoDB DEFAULT CHARSET=utf8mb4 COLLATE=utf8mb4_0900_ai_ci;
/*!40101 SET character_set_client = @saved_cs_client */;

--
-- Dumping data for table `employees`
--

LOCK TABLES `employees` WRITE;
/*!40000 ALTER TABLE `employees` DISABLE KEYS */;
INSERT INTO `employees` VALUES ('77fef87d-8444-11ea-95b4-8c1645373715','Bernita','Wyman','919-952-5972 x9052','1991-11-14','Recusandae rerum id.'),('77ff0523-8444-11ea-95b4-8c1645373715','Dean','Rowe','298.297.7333','1990-02-06','Quibusdam fugiat laboriosam et officia.'),('77ff05cc-8444-11ea-95b4-8c1645373715','Jayden','Morar','862.592.9514 x6932','1988-05-22','A consequatur commodi rem recusandae.'),('77ff064e-8444-11ea-95b4-8c1645373715','Mallie','Sipes','379-974-0266 x98304','1980-09-02','Est blanditiis quasi a excepturi tenetur.'),('77ff06d4-8444-11ea-95b4-8c1645373715','Ulices','Buckridge','703.122.9440 x35602','1986-05-27','Est odit aut omnis neque error minus incidunt dolore.'),('77ff0753-8444-11ea-95b4-8c1645373715','Carlo','Abernathy','1-784-527-4260 x728','1985-01-15','Voluptatibus nihil voluptatem laudantium aut nisi.'),('77ff07d2-8444-11ea-95b4-8c1645373715','Dario','Littel','249.799.9629 x48022','1996-05-07','Et assumenda aspernatur quia corporis minus velit suscipit est voluptatem.'),('77ff0855-8444-11ea-95b4-8c1645373715','Leonora','Will','384-580-2282 x80574','2000-03-31','Aut ducimus et voluptas iusto non facilis et laboriosam.'),('77ff08db-8444-11ea-95b4-8c1645373715','Tyrese','Roberts','(170) 241-0292','1995-12-19','Consequuntur possimus quod distinctio molestiae ducimus rerum nemo aut.'),('77ff095a-8444-11ea-95b4-8c1645373715','Nelda','O\'Keefe','325.419.5883 x6059','1989-09-30','Reiciendis fugit laudantium enim placeat est sunt et.'),('77ff09d5-8444-11ea-95b4-8c1645373715','Mathew','Hand','1-084-793-6395 x85675','1983-02-20','Rerum nisi velit quia voluptas qui dolores libero.'),('77ff0a4a-8444-11ea-95b4-8c1645373715','Audrey','VonRueden','469-529-1095','1989-05-06','Porro totam necessitatibus molestias ea voluptatem.'),('77ff0ae1-8444-11ea-95b4-8c1645373715','Nella','Rolfson','1-161-370-0681','1980-11-18','Nihil omnis qui velit.'),('77ff0b67-8444-11ea-95b4-8c1645373715','Jeramie','Bradtke','686-625-3437 x09658','1997-01-31','Aut repellat aut non eos sit fugit.'),('77ff0bea-8444-11ea-95b4-8c1645373715','Vince','Daugherty','491-481-8019','1985-04-09','Eos eos praesentium repudiandae beatae at.'),('77ff0c50-8444-11ea-95b4-8c1645373715','Retta','Johnston','(484) 475-7709 x457','1982-01-29','Minus quaerat voluptatem enim sapiente quaerat.'),('77ff0ccb-8444-11ea-95b4-8c1645373715','Lue','Schuster','(358) 047-9627','1993-11-08','Ea officia repellat molestiae aut et praesentium ut.'),('77ff0d4a-8444-11ea-95b4-8c1645373715','Furman','Pouros','267-333-8243','1994-07-20','Delectus consectetur commodi voluptas fugit voluptas doloremque commodi.'),('77ff0dad-8444-11ea-95b4-8c1645373715','Vicenta','Becker','880-317-1540','1995-09-27','Consequuntur eos quae repudiandae officiis hic praesentium illum dolorem consequatur.'),('77ff0e45-8444-11ea-95b4-8c1645373715','Rudy','Reynolds','551.157.9014','1985-04-10','Quia facere culpa doloribus repudiandae voluptas ut ea non.'),('77ff0ec4-8444-11ea-95b4-8c1645373715','Ansel','Hahn','902-057-1271','1989-07-20','Dolor eveniet maiores recusandae eum eveniet aut minima.'),('77ff0f3b-8444-11ea-95b4-8c1645373715','Harold','Howell','(238) 613-1781 x20965','1982-03-30','Earum incidunt sed architecto odio.'),('77ff0f9b-8444-11ea-95b4-8c1645373715','Breanne','Luettgen','1-559-074-8147 x2940','1993-11-07','Voluptas facilis adipisci non reiciendis et quia facere harum.'),('77ff102b-8444-11ea-95b4-8c1645373715','Hadley','Torphy','1-686-433-6821','1990-07-01','Rerum nobis exercitationem et unde sit quis voluptatem.'),('77ff1165-8444-11ea-95b4-8c1645373715','Jermaine','Lubowitz','404-293-8749','1981-04-13','Id ullam qui ut qui et impedit architecto.'),('77ff11e4-8444-11ea-95b4-8c1645373715','Elmo','Corkery','(773) 726-6973','1998-04-30','Quia ea eos quisquam quia eum.'),('77ff1336-8444-11ea-95b4-8c1645373715','Stephany','Schinner','1-972-444-0577 x8809','1985-09-28','Et non ut harum vel quis.'),('77ff13c0-8444-11ea-95b4-8c1645373715','Jorge','Bartoletti','313.438.0401 x9836','1996-08-08','Eveniet itaque quia voluptates.'),('77ff1423-8444-11ea-95b4-8c1645373715','Doris','Gibson','(730) 986-6594','1983-05-11','Provident necessitatibus iure.'),('77ff14b7-8444-11ea-95b4-8c1645373715','Vivienne','Feil','691.035.2733','1992-07-31','Porro distinctio assumenda perferendis.'),('77ff1536-8444-11ea-95b4-8c1645373715','Ericka','Predovic','1-530-892-8909','1981-12-03','Voluptatem adipisci in optio id itaque placeat.'),('77ff15b1-8444-11ea-95b4-8c1645373715','Patrick','Toy','(362) 491-0387 x6277','1986-12-06','Et ab voluptatibus accusamus libero quibusdam.'),('77ff1610-8444-11ea-95b4-8c1645373715','Guido','Olson','1-303-780-4273','1995-06-17','Eos ducimus ut.'),('77ff16a4-8444-11ea-95b4-8c1645373715','Cade','Gutmann','1-090-072-1797 x577','1980-11-01','Voluptatem incidunt officiis quidem asperiores culpa vitae officiis vero.'),('77ff1720-8444-11ea-95b4-8c1645373715','Oceane','Funk','531.599.3953 x8477','1984-05-26','Ipsum et accusamus ut qui dolor.'),('77ff179b-8444-11ea-95b4-8c1645373715','Margarett','Schimmel','1-131-418-6812','1984-12-04','Delectus et corrupti doloribus qui dolor cumque magni.'),('77ff17fe-8444-11ea-95b4-8c1645373715','Edmund','Lebsack','(234) 056-7870 x00862','1998-08-03','Officia est ea delectus quam non.'),('77ff1881-8444-11ea-95b4-8c1645373715','Brannon','Jerde','342-808-7680 x046','1981-09-27','Aut sed eum libero dignissimos.'),('77ff18fc-8444-11ea-95b4-8c1645373715','David','Hermiston','669.051.6360','1988-11-23','At sit eveniet non laboriosam qui et tenetur officia.'),('77ff1977-8444-11ea-95b4-8c1645373715','Elyse','Towne','1-083-242-5960','1988-02-21','Sunt sit reprehenderit qui ut quod unde odio nulla.'),('77ff19da-8444-11ea-95b4-8c1645373715','Jed','Reinger','1-738-396-1465 x33531','1992-09-24','Exercitationem id voluptatem et quia aut ducimus.'),('77ff1a5d-8444-11ea-95b4-8c1645373715','Brett','Block','1-209-031-6976 x44745','1981-04-29','Nisi sit quis non excepturi ab necessitatibus.'),('77ff1ad8-8444-11ea-95b4-8c1645373715','Khalid','Shanahan','892.253.3301 x6561','1995-08-05','Eius velit libero veniam eum rerum omnis impedit dolore.'),('77ff1b37-8444-11ea-95b4-8c1645373715','Koby','Wyman','1-818-097-8765','1996-12-30','In fugiat placeat tempore incidunt.'),('77ff1d33-8444-11ea-95b4-8c1645373715','Enid','Walker','491-955-0286','1983-05-24','Et et ut dolore vel non itaque assumenda.'),('86db64dc-8444-11ea-95b4-8c1645373715','Davonte','Reilly','690-370-3612','1993-07-22','Saepe delectus totam repellat et tempora qui et officia consequatur.'),('86db7e63-8444-11ea-95b4-8c1645373715','Kelsie','Paucek','343-311-9574 x9761','1981-04-11','Labore atque ut ratione possimus et voluptatem qui optio aspernatur.'),('86db7f52-8444-11ea-95b4-8c1645373715','Nolan','Conroy','(471) 560-7115 x00165','1980-05-26','Dolor consequatur eos fuga ducimus in repellendus consequuntur inventore.'),('86db7fea-8444-11ea-95b4-8c1645373715','Elwin','Bogan','(789) 224-9595 x36113','1996-07-09','Cum modi in omnis iste quis nesciunt.'),('86db807e-8444-11ea-95b4-8c1645373715','Osvaldo','Johnson','052-584-9317','2000-02-24','Libero inventore sunt expedita et error voluptatem ipsa.'),('86db95a9-8444-11ea-95b4-8c1645373715','Dayna','Brakus','(613) 695-5562 x388','1982-10-17','Quis sint magnam suscipit sint.'),('86db968b-8444-11ea-95b4-8c1645373715','Chloe','Beier','(700) 366-5245','1994-04-21','Quod illo omnis.'),('86db972a-8444-11ea-95b4-8c1645373715','Antonetta','Upton','594-274-8725 x68326','1991-11-26','Ut provident sit et error velit.'),('86db97cc-8444-11ea-95b4-8c1645373715','Angelita','Zemlak','(700) 962-6606','1986-07-27','Amet tenetur odit non.'),('86db9855-8444-11ea-95b4-8c1645373715','Kelley','Gleichner','217-658-8817','1999-06-13','Voluptatem expedita fugit voluptatem porro saepe qui rem iure voluptatem.'),('86db98df-8444-11ea-95b4-8c1645373715','Rose','Ryan','(812) 528-5305 x9042','1984-08-10','Maxime placeat repellendus explicabo debitis dicta minus aperiam.'),('86db996c-8444-11ea-95b4-8c1645373715','Ericka','Schowalter','(664) 917-5427','1992-04-15','Aliquid ut quod dolores.'),('86db9a07-8444-11ea-95b4-8c1645373715','Jonathon','Johnson','701.977.9970','1996-09-28','Quia eaque soluta voluptas cum asperiores explicabo fuga iusto dolorum.'),('86db9a75-8444-11ea-95b4-8c1645373715','Gerardo','Mitchell','1-931-792-2252 x289','1981-07-15','Velit consectetur maiores beatae sed et vel.'),('86db9af3-8444-11ea-95b4-8c1645373715','Emmalee','Kulas','767-938-8437 x1216','1996-03-08','Veniam veniam dolore.'),('86db9b7d-8444-11ea-95b4-8c1645373715','Cecilia','Grady','349-077-6642 x848','1986-09-23','Et qui voluptatum qui voluptas enim.'),('86db9c0a-8444-11ea-95b4-8c1645373715','Kamille','Gottlieb','341-463-4857 x16424','1987-11-11','Quisquam laborum aut cumque accusantium qui pariatur.'),('86db9c70-8444-11ea-95b4-8c1645373715','Alexandre','Larkin','(451) 815-8988 x008','1980-09-17','Et consequatur laborum ipsam similique voluptas error.'),('86db9cf6-8444-11ea-95b4-8c1645373715','Florian','Nicolas','063-581-1258 x665','1997-10-26','Perspiciatis rem pariatur dolorem consequatur maiores repellendus.'),('86db9d95-8444-11ea-95b4-8c1645373715','Orpha','Rempel','1-483-876-0668 x436','1995-10-15','Et quibusdam adipisci.'),('86db9e14-8444-11ea-95b4-8c1645373715','Priscilla','O\'Reilly','460.983.5121','1983-03-23','Libero cupiditate fuga et pariatur ab.'),('86db9e7a-8444-11ea-95b4-8c1645373715','Cyrus','Mohr','1-527-916-2647 x948','1982-07-24','Eligendi non quasi.'),('86db9ef9-8444-11ea-95b4-8c1645373715','Angelo','DuBuque','847.784.4971 x5383','1997-11-11','Nisi qui ex dolorem est est enim doloribus.'),('86db9f91-8444-11ea-95b4-8c1645373715','Justina','Luettgen','1-617-726-5441 x08643','1982-02-01','Architecto velit dolorum omnis neque molestias architecto voluptatem.'),('86dba017-8444-11ea-95b4-8c1645373715','Jennifer','Crooks','803.524.8170','1984-06-08','Consequatur voluptatem quo ut tenetur cum accusamus aut.'),('86dba07d-8444-11ea-95b4-8c1645373715','Izabella','Lakin','655.042.4694','1985-05-08','Soluta minima consequatur accusamus vero.'),('86dba103-8444-11ea-95b4-8c1645373715','Dudley','Cormier','911-003-8884 x408','1999-07-12','Eos et sunt harum cumque repudiandae iste sed reiciendis eveniet.'),('86dba182-8444-11ea-95b4-8c1645373715','Cordie','Cummings','(374) 936-1101','1991-07-06','Natus hic enim odit cumque odio aut quo voluptas.'),('86dba20b-8444-11ea-95b4-8c1645373715','Joanne','Weissnat','874.357.5379 x10915','2000-12-03','Ducimus est ratione.'),('86dba275-8444-11ea-95b4-8c1645373715','Alycia','Cummings','1-283-494-2218 x1125','1989-12-27','Beatae ea aut consectetur consequatur illo.'),('86dba451-8444-11ea-95b4-8c1645373715','Wayne','Parker','849-867-3445','1992-03-10','Voluptate mollitia quam qui voluptate.'),('86dba5d5-8444-11ea-95b4-8c1645373715','Justine','Jones','(299) 450-6436','1986-05-30','Et vel consequatur aliquam incidunt velit ut exercitationem et.'),('86dbcf36-8444-11ea-95b4-8c1645373715','Jed','Bins','515-219-7469','1997-05-19','Aperiam sunt possimus est ut placeat eveniet omnis suscipit doloribus.'),('86dbcff8-8444-11ea-95b4-8c1645373715','Kirstin','Ratke','(843) 680-0045 x481','1991-04-07','Et aut est sint porro laborum sunt.'),('86dbd073-8444-11ea-95b4-8c1645373715','Garrett','Runolfsdottir','(740) 730-9606 x18570','1987-11-23','Nisi sed commodi dolore atque voluptatum unde tempora officia quas.'),('86dbd104-8444-11ea-95b4-8c1645373715','Dominique','Larson','(474) 910-6909 x11040','2000-08-18','Maxime aut laboriosam eos repudiandae eaque.'),('86dbd191-8444-11ea-95b4-8c1645373715','Gwendolyn','Wiegand','(152) 372-8660 x99568','1992-01-15','Quidem porro quaerat repellat.'),('86dbd213-8444-11ea-95b4-8c1645373715','Maude','Funk','742-247-3373','1982-09-14','Reprehenderit est at laudantium voluptas.'),('86dbd284-8444-11ea-95b4-8c1645373715','Santos','Kautzer','164.823.3354 x00880','1994-02-05','Itaque dolor omnis magni.'),('86dbd30a-8444-11ea-95b4-8c1645373715','Norene','Reichel','146.882.5977','1999-02-13','Ea voluptates corrupti odio nisi aperiam magnam corporis sunt iste.'),('86dbd38d-8444-11ea-95b4-8c1645373715','Russel','Shanahan','393.742.6998','1981-03-29','Quas non aspernatur natus fugiat sint eum.'),('86dbd4dc-8444-11ea-95b4-8c1645373715','Phyllis','Borer','(090) 881-9752 x00025','1995-08-27','Iure aliquid incidunt et maxime a dolorum.'),('86dbd570-8444-11ea-95b4-8c1645373715','Nannie','Rutherford','234-425-1619','1988-08-20','Aut a adipisci nostrum rerum iure quia non rerum reiciendis.'),('86dbd5f9-8444-11ea-95b4-8c1645373715','Price','Huels','1-142-348-5774','1985-09-11','Illo eaque repellat iusto.'),('86dbd67f-8444-11ea-95b4-8c1645373715','Ernest','Ernser','1-424-210-4448 x891','1992-01-03','Quia et tempore magnam voluptate sequi ut reprehenderit.'),('86dbd6f7-8444-11ea-95b4-8c1645373715','Augustus','Tillman','(111) 195-9082 x8285','1997-08-13','Nihil aperiam sed non quia omnis recusandae voluptatibus aspernatur excepturi.'),('86dbd79d-8444-11ea-95b4-8c1645373715','Laura','Adams','286-248-0010','1980-01-10','Autem temporibus quis quia et non nostrum.'),('86dbd826-8444-11ea-95b4-8c1645373715','Breanna','Mraz','263-067-4578','1986-06-23','Sit fugiat qui voluptatem corrupti et provident quas dolores veritatis.'),('86dbd8ac-8444-11ea-95b4-8c1645373715','Dave','Gleichner','(720) 997-2036','2000-03-03','Laborum quidem quibusdam ullam et et.'),('86dbd913-8444-11ea-95b4-8c1645373715','Cassandra','Greenfelder','180-522-1419','1999-01-17','Quis aut illo voluptatum culpa.');
/*!40000 ALTER TABLE `employees` ENABLE KEYS */;
UNLOCK TABLES;

--
-- Table structure for table `employers`
--

DROP TABLE IF EXISTS `employers`;
/*!40101 SET @saved_cs_client     = @@character_set_client */;
/*!50503 SET character_set_client = utf8mb4 */;
CREATE TABLE `employers` (
  `id` char(36) NOT NULL,
  `companyName` varchar(100) NOT NULL,
  `phoneNumber` varchar(30) NOT NULL,
  `website` varchar(100) NOT NULL,
  `address` char(36) NOT NULL,
  PRIMARY KEY (`id`),
  KEY `address` (`address`),
  CONSTRAINT `employers_ibfk_1` FOREIGN KEY (`id`) REFERENCES `users` (`id`),
  CONSTRAINT `employers_ibfk_2` FOREIGN KEY (`address`) REFERENCES `locations` (`id`)
) ENGINE=InnoDB DEFAULT CHARSET=utf8mb4 COLLATE=utf8mb4_0900_ai_ci;
/*!40101 SET character_set_client = @saved_cs_client */;

--
-- Dumping data for table `employers`
--

LOCK TABLES `employers` WRITE;
/*!40000 ALTER TABLE `employers` DISABLE KEYS */;
INSERT INTO `employers` VALUES ('77fed7c7-8444-11ea-95b4-8c1645373715','Murphy, Champlin and Hessel','(396) 959-6901 x93207','http://jonathon.com','7801db3f-8444-11ea-95b4-8c1645373715'),('77fef5d8-8444-11ea-95b4-8c1645373715','Rutherford Group','459.655.6787','https://misty.net','7801dd49-8444-11ea-95b4-8c1645373715'),('77fef6d6-8444-11ea-95b4-8c1645373715','Zieme, Schmeler and Muller','(090) 704-8894 x00950','https://sister.org','7801d323-8444-11ea-95b4-8c1645373715'),('77fef76e-8444-11ea-95b4-8c1645373715','Ryan - Witting','073.914.0876 x89116','https://shyann.biz','86df03c6-8444-11ea-95b4-8c1645373715'),('77fef7ed-8444-11ea-95b4-8c1645373715','Pfannerstill Group','039.409.6706 x4419','http://tristian.net','7801e3df-8444-11ea-95b4-8c1645373715');
/*!40000 ALTER TABLE `employers` ENABLE KEYS */;
UNLOCK TABLES;

--
-- Table structure for table `industries`
--

DROP TABLE IF EXISTS `industries`;
/*!40101 SET @saved_cs_client     = @@character_set_client */;
/*!50503 SET character_set_client = utf8mb4 */;
CREATE TABLE `industries` (
  `id` char(36) NOT NULL,
  `industry` varchar(100) NOT NULL,
  `description` varchar(100) NOT NULL,
  PRIMARY KEY (`id`)
) ENGINE=InnoDB DEFAULT CHARSET=utf8mb4 COLLATE=utf8mb4_0900_ai_ci;
/*!40101 SET character_set_client = @saved_cs_client */;

--
-- Dumping data for table `industries`
--

LOCK TABLES `industries` WRITE;
/*!40000 ALTER TABLE `industries` DISABLE KEYS */;
INSERT INTO `industries` VALUES ('78003ce6-8444-11ea-95b4-8c1645373715','Individual & Family Services','Voluptatum non et consequuntur enim aut culpa consequuntur.'),('78004855-8444-11ea-95b4-8c1645373715','Information Services','Maiores dolor accusamus.'),('780048f3-8444-11ea-95b4-8c1645373715','Events Services','Consequatur velit exercitationem qui magni molestiae unde enim quia.'),('78004972-8444-11ea-95b4-8c1645373715','Electrical & Electronic Manufacturing','Ut consequatur nihil sint ut optio velit.'),('780049c0-8444-11ea-95b4-8c1645373715','Motion Pictures & Film','Voluptates consequuntur qui illo.'),('86dd19c6-8444-11ea-95b4-8c1645373715','Accounting','Delectus ut fuga modi et sit.'),('86dd2cfa-8444-11ea-95b4-8c1645373715','Health, Wellness & Fitness','Dolores et optio sed ut qui est eum necessitatibus qui.'),('86dd2ded-8444-11ea-95b4-8c1645373715','Computer & Network Security','Quia ut consectetur ipsum harum libero qui.'),('86dd2e57-8444-11ea-95b4-8c1645373715','Farming','Consequuntur dolores deserunt dolor temporibus.'),('86dd2ecf-8444-11ea-95b4-8c1645373715','Philanthropy','Incidunt et ratione aut soluta blanditiis.');
/*!40000 ALTER TABLE `industries` ENABLE KEYS */;
UNLOCK TABLES;

--
-- Table structure for table `interestedroles`
--

DROP TABLE IF EXISTS `interestedroles`;
/*!40101 SET @saved_cs_client     = @@character_set_client */;
/*!50503 SET character_set_client = utf8mb4 */;
CREATE TABLE `interestedroles` (
  `employee` char(36) NOT NULL,
  `roleId` char(36) NOT NULL,
  PRIMARY KEY (`employee`,`roleId`),
  KEY `roleId` (`roleId`),
  CONSTRAINT `interestedroles_ibfk_1` FOREIGN KEY (`employee`) REFERENCES `employees` (`id`),
  CONSTRAINT `interestedroles_ibfk_2` FOREIGN KEY (`roleId`) REFERENCES `roles` (`id`)
) ENGINE=InnoDB DEFAULT CHARSET=utf8mb4 COLLATE=utf8mb4_0900_ai_ci;
/*!40101 SET character_set_client = @saved_cs_client */;

--
-- Dumping data for table `interestedroles`
--

LOCK TABLES `interestedroles` WRITE;
/*!40000 ALTER TABLE `interestedroles` DISABLE KEYS */;
INSERT INTO `interestedroles` VALUES ('77ff07d2-8444-11ea-95b4-8c1645373715','7800d1cb-8444-11ea-95b4-8c1645373715'),('77ff1165-8444-11ea-95b4-8c1645373715','7800d1cb-8444-11ea-95b4-8c1645373715'),('77ff179b-8444-11ea-95b4-8c1645373715','7800d1cb-8444-11ea-95b4-8c1645373715'),('86db972a-8444-11ea-95b4-8c1645373715','7800d1cb-8444-11ea-95b4-8c1645373715'),('86db9b7d-8444-11ea-95b4-8c1645373715','7800d1cb-8444-11ea-95b4-8c1645373715'),('86dbd073-8444-11ea-95b4-8c1645373715','7800d1cb-8444-11ea-95b4-8c1645373715'),('77fef87d-8444-11ea-95b4-8c1645373715','7800de70-8444-11ea-95b4-8c1645373715'),('77ff13c0-8444-11ea-95b4-8c1645373715','7800de70-8444-11ea-95b4-8c1645373715'),('77ff179b-8444-11ea-95b4-8c1645373715','7800de70-8444-11ea-95b4-8c1645373715'),('77ff1b37-8444-11ea-95b4-8c1645373715','7800de70-8444-11ea-95b4-8c1645373715'),('86db968b-8444-11ea-95b4-8c1645373715','7800de70-8444-11ea-95b4-8c1645373715'),('86db97cc-8444-11ea-95b4-8c1645373715','7800de70-8444-11ea-95b4-8c1645373715'),('86db9a75-8444-11ea-95b4-8c1645373715','7800de70-8444-11ea-95b4-8c1645373715'),('86db9d95-8444-11ea-95b4-8c1645373715','7800de70-8444-11ea-95b4-8c1645373715'),('86dba07d-8444-11ea-95b4-8c1645373715','7800de70-8444-11ea-95b4-8c1645373715'),('77ff07d2-8444-11ea-95b4-8c1645373715','7800e085-8444-11ea-95b4-8c1645373715'),('77ff16a4-8444-11ea-95b4-8c1645373715','7800e085-8444-11ea-95b4-8c1645373715'),('86db64dc-8444-11ea-95b4-8c1645373715','7800e085-8444-11ea-95b4-8c1645373715'),('86db7f52-8444-11ea-95b4-8c1645373715','7800e085-8444-11ea-95b4-8c1645373715'),('86db972a-8444-11ea-95b4-8c1645373715','7800e085-8444-11ea-95b4-8c1645373715'),('86dba5d5-8444-11ea-95b4-8c1645373715','7800e085-8444-11ea-95b4-8c1645373715'),('86dbd4dc-8444-11ea-95b4-8c1645373715','7800e085-8444-11ea-95b4-8c1645373715'),('77ff05cc-8444-11ea-95b4-8c1645373715','7800e15c-8444-11ea-95b4-8c1645373715'),('77ff0ae1-8444-11ea-95b4-8c1645373715','7800e15c-8444-11ea-95b4-8c1645373715'),('77ff0f3b-8444-11ea-95b4-8c1645373715','7800e15c-8444-11ea-95b4-8c1645373715'),('77ff1336-8444-11ea-95b4-8c1645373715','7800e15c-8444-11ea-95b4-8c1645373715'),('77ff13c0-8444-11ea-95b4-8c1645373715','7800e15c-8444-11ea-95b4-8c1645373715'),('77ff1610-8444-11ea-95b4-8c1645373715','7800e15c-8444-11ea-95b4-8c1645373715'),('77ff18fc-8444-11ea-95b4-8c1645373715','7800e15c-8444-11ea-95b4-8c1645373715'),('77ff19da-8444-11ea-95b4-8c1645373715','7800e15c-8444-11ea-95b4-8c1645373715'),('77ff1d33-8444-11ea-95b4-8c1645373715','7800e15c-8444-11ea-95b4-8c1645373715'),('86db64dc-8444-11ea-95b4-8c1645373715','7800e15c-8444-11ea-95b4-8c1645373715'),('86db9a07-8444-11ea-95b4-8c1645373715','7800e15c-8444-11ea-95b4-8c1645373715'),('86db9f91-8444-11ea-95b4-8c1645373715','7800e15c-8444-11ea-95b4-8c1645373715'),('86dba017-8444-11ea-95b4-8c1645373715','7800e15c-8444-11ea-95b4-8c1645373715'),('86dba451-8444-11ea-95b4-8c1645373715','7800e15c-8444-11ea-95b4-8c1645373715'),('77ff0523-8444-11ea-95b4-8c1645373715','7800e217-8444-11ea-95b4-8c1645373715'),('77ff064e-8444-11ea-95b4-8c1645373715','7800e217-8444-11ea-95b4-8c1645373715'),('77ff0bea-8444-11ea-95b4-8c1645373715','7800e217-8444-11ea-95b4-8c1645373715'),('77ff0f9b-8444-11ea-95b4-8c1645373715','7800e217-8444-11ea-95b4-8c1645373715'),('77ff1a5d-8444-11ea-95b4-8c1645373715','7800e217-8444-11ea-95b4-8c1645373715'),('77ff1d33-8444-11ea-95b4-8c1645373715','7800e217-8444-11ea-95b4-8c1645373715'),('86db9c0a-8444-11ea-95b4-8c1645373715','7800e217-8444-11ea-95b4-8c1645373715'),('86dba182-8444-11ea-95b4-8c1645373715','7800e217-8444-11ea-95b4-8c1645373715'),('77ff0753-8444-11ea-95b4-8c1645373715','7800e2c0-8444-11ea-95b4-8c1645373715'),('77ff0a4a-8444-11ea-95b4-8c1645373715','7800e2c0-8444-11ea-95b4-8c1645373715'),('77ff0b67-8444-11ea-95b4-8c1645373715','7800e2c0-8444-11ea-95b4-8c1645373715'),('77ff0d4a-8444-11ea-95b4-8c1645373715','7800e2c0-8444-11ea-95b4-8c1645373715'),('77ff0f9b-8444-11ea-95b4-8c1645373715','7800e2c0-8444-11ea-95b4-8c1645373715'),('77ff1165-8444-11ea-95b4-8c1645373715','7800e2c0-8444-11ea-95b4-8c1645373715'),('77ff16a4-8444-11ea-95b4-8c1645373715','7800e2c0-8444-11ea-95b4-8c1645373715'),('77ff1977-8444-11ea-95b4-8c1645373715','7800e2c0-8444-11ea-95b4-8c1645373715'),('86db64dc-8444-11ea-95b4-8c1645373715','7800e2c0-8444-11ea-95b4-8c1645373715'),('86db9b7d-8444-11ea-95b4-8c1645373715','7800e2c0-8444-11ea-95b4-8c1645373715'),('86db9cf6-8444-11ea-95b4-8c1645373715','7800e2c0-8444-11ea-95b4-8c1645373715'),('86dbd79d-8444-11ea-95b4-8c1645373715','7800e2c0-8444-11ea-95b4-8c1645373715'),('77ff064e-8444-11ea-95b4-8c1645373715','7800e389-8444-11ea-95b4-8c1645373715'),('77ff06d4-8444-11ea-95b4-8c1645373715','7800e389-8444-11ea-95b4-8c1645373715'),('77ff0dad-8444-11ea-95b4-8c1645373715','7800e389-8444-11ea-95b4-8c1645373715'),('77ff11e4-8444-11ea-95b4-8c1645373715','7800e389-8444-11ea-95b4-8c1645373715'),('77ff15b1-8444-11ea-95b4-8c1645373715','7800e389-8444-11ea-95b4-8c1645373715'),('77ff17fe-8444-11ea-95b4-8c1645373715','7800e389-8444-11ea-95b4-8c1645373715'),('86db807e-8444-11ea-95b4-8c1645373715','7800e389-8444-11ea-95b4-8c1645373715'),('86db95a9-8444-11ea-95b4-8c1645373715','7800e389-8444-11ea-95b4-8c1645373715'),('86db9a75-8444-11ea-95b4-8c1645373715','7800e389-8444-11ea-95b4-8c1645373715'),('86db9f91-8444-11ea-95b4-8c1645373715','7800e389-8444-11ea-95b4-8c1645373715'),('77ff14b7-8444-11ea-95b4-8c1645373715','7800e44b-8444-11ea-95b4-8c1645373715'),('86db996c-8444-11ea-95b4-8c1645373715','7800e44b-8444-11ea-95b4-8c1645373715'),('86db9f91-8444-11ea-95b4-8c1645373715','7800e44b-8444-11ea-95b4-8c1645373715'),('86dbd073-8444-11ea-95b4-8c1645373715','7800e44b-8444-11ea-95b4-8c1645373715'),('86dbd5f9-8444-11ea-95b4-8c1645373715','7800e44b-8444-11ea-95b4-8c1645373715'),('86dbd67f-8444-11ea-95b4-8c1645373715','7800e44b-8444-11ea-95b4-8c1645373715'),('86dbd8ac-8444-11ea-95b4-8c1645373715','7800e44b-8444-11ea-95b4-8c1645373715'),('77ff08db-8444-11ea-95b4-8c1645373715','7800e51b-8444-11ea-95b4-8c1645373715'),('77ff09d5-8444-11ea-95b4-8c1645373715','7800e51b-8444-11ea-95b4-8c1645373715'),('77ff0a4a-8444-11ea-95b4-8c1645373715','7800e51b-8444-11ea-95b4-8c1645373715'),('77ff0ccb-8444-11ea-95b4-8c1645373715','7800e51b-8444-11ea-95b4-8c1645373715'),('77ff1536-8444-11ea-95b4-8c1645373715','7800e51b-8444-11ea-95b4-8c1645373715'),('77ff15b1-8444-11ea-95b4-8c1645373715','7800e51b-8444-11ea-95b4-8c1645373715'),('77ff1977-8444-11ea-95b4-8c1645373715','7800e51b-8444-11ea-95b4-8c1645373715'),('77ff1a5d-8444-11ea-95b4-8c1645373715','7800e51b-8444-11ea-95b4-8c1645373715'),('86db9e14-8444-11ea-95b4-8c1645373715','7800e51b-8444-11ea-95b4-8c1645373715'),('86db9e7a-8444-11ea-95b4-8c1645373715','7800e51b-8444-11ea-95b4-8c1645373715'),('86dba182-8444-11ea-95b4-8c1645373715','7800e51b-8444-11ea-95b4-8c1645373715'),('86dbd213-8444-11ea-95b4-8c1645373715','7800e51b-8444-11ea-95b4-8c1645373715'),('86dbd826-8444-11ea-95b4-8c1645373715','7800e51b-8444-11ea-95b4-8c1645373715'),('77ff0bea-8444-11ea-95b4-8c1645373715','7800e5d2-8444-11ea-95b4-8c1645373715'),('77ff11e4-8444-11ea-95b4-8c1645373715','7800e5d2-8444-11ea-95b4-8c1645373715'),('77ff1423-8444-11ea-95b4-8c1645373715','7800e5d2-8444-11ea-95b4-8c1645373715'),('77ff14b7-8444-11ea-95b4-8c1645373715','7800e5d2-8444-11ea-95b4-8c1645373715'),('77ff17fe-8444-11ea-95b4-8c1645373715','7800e5d2-8444-11ea-95b4-8c1645373715'),('77ff1881-8444-11ea-95b4-8c1645373715','7800e5d2-8444-11ea-95b4-8c1645373715'),('86db9af3-8444-11ea-95b4-8c1645373715','7800e5d2-8444-11ea-95b4-8c1645373715'),('86db9cf6-8444-11ea-95b4-8c1645373715','7800e5d2-8444-11ea-95b4-8c1645373715'),('86db9d95-8444-11ea-95b4-8c1645373715','7800e5d2-8444-11ea-95b4-8c1645373715'),('86dbd284-8444-11ea-95b4-8c1645373715','7800e5d2-8444-11ea-95b4-8c1645373715'),('77ff0753-8444-11ea-95b4-8c1645373715','7800e666-8444-11ea-95b4-8c1645373715'),('77ff0a4a-8444-11ea-95b4-8c1645373715','7800e666-8444-11ea-95b4-8c1645373715'),('77ff0ccb-8444-11ea-95b4-8c1645373715','7800e666-8444-11ea-95b4-8c1645373715'),('77ff15b1-8444-11ea-95b4-8c1645373715','7800e666-8444-11ea-95b4-8c1645373715'),('77ff179b-8444-11ea-95b4-8c1645373715','7800e666-8444-11ea-95b4-8c1645373715'),('86db9ef9-8444-11ea-95b4-8c1645373715','7800e666-8444-11ea-95b4-8c1645373715'),('86dba275-8444-11ea-95b4-8c1645373715','7800e666-8444-11ea-95b4-8c1645373715'),('86dba451-8444-11ea-95b4-8c1645373715','7800e666-8444-11ea-95b4-8c1645373715'),('86dbd073-8444-11ea-95b4-8c1645373715','7800e666-8444-11ea-95b4-8c1645373715'),('86dbd79d-8444-11ea-95b4-8c1645373715','7800e666-8444-11ea-95b4-8c1645373715'),('77ff09d5-8444-11ea-95b4-8c1645373715','7800e717-8444-11ea-95b4-8c1645373715'),('77ff0ec4-8444-11ea-95b4-8c1645373715','7800e717-8444-11ea-95b4-8c1645373715'),('77ff179b-8444-11ea-95b4-8c1645373715','7800e717-8444-11ea-95b4-8c1645373715'),('77ff18fc-8444-11ea-95b4-8c1645373715','7800e717-8444-11ea-95b4-8c1645373715'),('86db7f52-8444-11ea-95b4-8c1645373715','7800e717-8444-11ea-95b4-8c1645373715'),('86db9e7a-8444-11ea-95b4-8c1645373715','7800e717-8444-11ea-95b4-8c1645373715'),('86dbd570-8444-11ea-95b4-8c1645373715','7800e717-8444-11ea-95b4-8c1645373715'),('86dbd6f7-8444-11ea-95b4-8c1645373715','7800e717-8444-11ea-95b4-8c1645373715'),('77ff08db-8444-11ea-95b4-8c1645373715','7800e885-8444-11ea-95b4-8c1645373715'),('77ff0e45-8444-11ea-95b4-8c1645373715','7800e885-8444-11ea-95b4-8c1645373715'),('77ff1881-8444-11ea-95b4-8c1645373715','7800e885-8444-11ea-95b4-8c1645373715'),('77ff1ad8-8444-11ea-95b4-8c1645373715','7800e885-8444-11ea-95b4-8c1645373715'),('77ff1b37-8444-11ea-95b4-8c1645373715','7800e885-8444-11ea-95b4-8c1645373715'),('86db7fea-8444-11ea-95b4-8c1645373715','7800e885-8444-11ea-95b4-8c1645373715'),('86db9855-8444-11ea-95b4-8c1645373715','7800e885-8444-11ea-95b4-8c1645373715'),('86db9af3-8444-11ea-95b4-8c1645373715','7800e885-8444-11ea-95b4-8c1645373715'),('86dba07d-8444-11ea-95b4-8c1645373715','7800e885-8444-11ea-95b4-8c1645373715'),('86dbd570-8444-11ea-95b4-8c1645373715','7800e885-8444-11ea-95b4-8c1645373715'),('77ff09d5-8444-11ea-95b4-8c1645373715','7800e936-8444-11ea-95b4-8c1645373715'),('77ff1536-8444-11ea-95b4-8c1645373715','7800e936-8444-11ea-95b4-8c1645373715'),('86dbd191-8444-11ea-95b4-8c1645373715','7800e936-8444-11ea-95b4-8c1645373715'),('77ff0523-8444-11ea-95b4-8c1645373715','7800eac4-8444-11ea-95b4-8c1645373715'),('77ff05cc-8444-11ea-95b4-8c1645373715','7800eac4-8444-11ea-95b4-8c1645373715'),('77ff0a4a-8444-11ea-95b4-8c1645373715','7800eac4-8444-11ea-95b4-8c1645373715'),('77ff1423-8444-11ea-95b4-8c1645373715','7800eac4-8444-11ea-95b4-8c1645373715'),('77ff1977-8444-11ea-95b4-8c1645373715','7800eac4-8444-11ea-95b4-8c1645373715'),('86db7e63-8444-11ea-95b4-8c1645373715','7800eac4-8444-11ea-95b4-8c1645373715'),('86db9ef9-8444-11ea-95b4-8c1645373715','7800eac4-8444-11ea-95b4-8c1645373715'),('86dba182-8444-11ea-95b4-8c1645373715','7800eac4-8444-11ea-95b4-8c1645373715'),('86dbd30a-8444-11ea-95b4-8c1645373715','7800eac4-8444-11ea-95b4-8c1645373715'),('86dbd6f7-8444-11ea-95b4-8c1645373715','7800eac4-8444-11ea-95b4-8c1645373715'),('77ff064e-8444-11ea-95b4-8c1645373715','7800eb91-8444-11ea-95b4-8c1645373715'),('77ff08db-8444-11ea-95b4-8c1645373715','7800eb91-8444-11ea-95b4-8c1645373715'),('77ff0ec4-8444-11ea-95b4-8c1645373715','7800eb91-8444-11ea-95b4-8c1645373715'),('86db97cc-8444-11ea-95b4-8c1645373715','7800eb91-8444-11ea-95b4-8c1645373715'),('86db98df-8444-11ea-95b4-8c1645373715','7800eb91-8444-11ea-95b4-8c1645373715'),('86db9a75-8444-11ea-95b4-8c1645373715','7800eb91-8444-11ea-95b4-8c1645373715'),('86db9ef9-8444-11ea-95b4-8c1645373715','7800eb91-8444-11ea-95b4-8c1645373715'),('86dbcff8-8444-11ea-95b4-8c1645373715','7800eb91-8444-11ea-95b4-8c1645373715'),('86dbd073-8444-11ea-95b4-8c1645373715','7800eb91-8444-11ea-95b4-8c1645373715'),('86dbd38d-8444-11ea-95b4-8c1645373715','7800eb91-8444-11ea-95b4-8c1645373715'),('77ff07d2-8444-11ea-95b4-8c1645373715','7800edf6-8444-11ea-95b4-8c1645373715'),('77ff1881-8444-11ea-95b4-8c1645373715','7800edf6-8444-11ea-95b4-8c1645373715'),('86db7fea-8444-11ea-95b4-8c1645373715','7800edf6-8444-11ea-95b4-8c1645373715'),('86db9855-8444-11ea-95b4-8c1645373715','7800edf6-8444-11ea-95b4-8c1645373715'),('77ff0523-8444-11ea-95b4-8c1645373715','7800eebf-8444-11ea-95b4-8c1645373715'),('77ff0b67-8444-11ea-95b4-8c1645373715','7800eebf-8444-11ea-95b4-8c1645373715'),('77ff1536-8444-11ea-95b4-8c1645373715','7800eebf-8444-11ea-95b4-8c1645373715'),('77ff18fc-8444-11ea-95b4-8c1645373715','7800eebf-8444-11ea-95b4-8c1645373715'),('86db9a07-8444-11ea-95b4-8c1645373715','7800eebf-8444-11ea-95b4-8c1645373715'),('86db9cf6-8444-11ea-95b4-8c1645373715','7800eebf-8444-11ea-95b4-8c1645373715'),('86dba5d5-8444-11ea-95b4-8c1645373715','7800eebf-8444-11ea-95b4-8c1645373715'),('86dbd826-8444-11ea-95b4-8c1645373715','7800eebf-8444-11ea-95b4-8c1645373715'),('77ff06d4-8444-11ea-95b4-8c1645373715','7800ef93-8444-11ea-95b4-8c1645373715'),('77ff095a-8444-11ea-95b4-8c1645373715','7800ef93-8444-11ea-95b4-8c1645373715'),('86dba103-8444-11ea-95b4-8c1645373715','7800ef93-8444-11ea-95b4-8c1645373715'),('86dba182-8444-11ea-95b4-8c1645373715','7800ef93-8444-11ea-95b4-8c1645373715'),('86dbd284-8444-11ea-95b4-8c1645373715','7800ef93-8444-11ea-95b4-8c1645373715'),('86dbd30a-8444-11ea-95b4-8c1645373715','7800ef93-8444-11ea-95b4-8c1645373715'),('86dbd913-8444-11ea-95b4-8c1645373715','7800ef93-8444-11ea-95b4-8c1645373715'),('77ff0d4a-8444-11ea-95b4-8c1645373715','7800f0db-8444-11ea-95b4-8c1645373715'),('77ff0f9b-8444-11ea-95b4-8c1645373715','7800f0db-8444-11ea-95b4-8c1645373715'),('77ff14b7-8444-11ea-95b4-8c1645373715','7800f0db-8444-11ea-95b4-8c1645373715'),('77ff18fc-8444-11ea-95b4-8c1645373715','7800f0db-8444-11ea-95b4-8c1645373715'),('77ff1a5d-8444-11ea-95b4-8c1645373715','7800f0db-8444-11ea-95b4-8c1645373715'),('86db996c-8444-11ea-95b4-8c1645373715','7800f0db-8444-11ea-95b4-8c1645373715'),('86db9a07-8444-11ea-95b4-8c1645373715','7800f0db-8444-11ea-95b4-8c1645373715'),('86db9ef9-8444-11ea-95b4-8c1645373715','7800f0db-8444-11ea-95b4-8c1645373715'),('86dba20b-8444-11ea-95b4-8c1645373715','7800f0db-8444-11ea-95b4-8c1645373715'),('86dbd213-8444-11ea-95b4-8c1645373715','7800f0db-8444-11ea-95b4-8c1645373715'),('86dbd38d-8444-11ea-95b4-8c1645373715','7800f0db-8444-11ea-95b4-8c1645373715'),('86dbd8ac-8444-11ea-95b4-8c1645373715','7800f0db-8444-11ea-95b4-8c1645373715'),('77ff0b67-8444-11ea-95b4-8c1645373715','86dde385-8444-11ea-95b4-8c1645373715'),('77ff0d4a-8444-11ea-95b4-8c1645373715','86dde385-8444-11ea-95b4-8c1645373715'),('77ff0e45-8444-11ea-95b4-8c1645373715','86dde385-8444-11ea-95b4-8c1645373715'),('77ff102b-8444-11ea-95b4-8c1645373715','86dde385-8444-11ea-95b4-8c1645373715'),('86dba103-8444-11ea-95b4-8c1645373715','86dde385-8444-11ea-95b4-8c1645373715'),('86dba275-8444-11ea-95b4-8c1645373715','86dde385-8444-11ea-95b4-8c1645373715'),('86dbd191-8444-11ea-95b4-8c1645373715','86dde385-8444-11ea-95b4-8c1645373715'),('77ff0855-8444-11ea-95b4-8c1645373715','86ddf4eb-8444-11ea-95b4-8c1645373715'),('77ff0f3b-8444-11ea-95b4-8c1645373715','86ddf4eb-8444-11ea-95b4-8c1645373715'),('77ff179b-8444-11ea-95b4-8c1645373715','86ddf4eb-8444-11ea-95b4-8c1645373715'),('77ff1881-8444-11ea-95b4-8c1645373715','86ddf4eb-8444-11ea-95b4-8c1645373715'),('86db7f52-8444-11ea-95b4-8c1645373715','86ddf4eb-8444-11ea-95b4-8c1645373715'),('86dbd30a-8444-11ea-95b4-8c1645373715','86ddf4eb-8444-11ea-95b4-8c1645373715'),('86dbd913-8444-11ea-95b4-8c1645373715','86ddf4eb-8444-11ea-95b4-8c1645373715'),('77ff06d4-8444-11ea-95b4-8c1645373715','86ddf617-8444-11ea-95b4-8c1645373715'),('77ff09d5-8444-11ea-95b4-8c1645373715','86ddf617-8444-11ea-95b4-8c1645373715'),('77ff0ae1-8444-11ea-95b4-8c1645373715','86ddf617-8444-11ea-95b4-8c1645373715'),('77ff0bea-8444-11ea-95b4-8c1645373715','86ddf617-8444-11ea-95b4-8c1645373715'),('77ff102b-8444-11ea-95b4-8c1645373715','86ddf617-8444-11ea-95b4-8c1645373715'),('77ff1423-8444-11ea-95b4-8c1645373715','86ddf617-8444-11ea-95b4-8c1645373715'),('77ff16a4-8444-11ea-95b4-8c1645373715','86ddf617-8444-11ea-95b4-8c1645373715'),('86db9a75-8444-11ea-95b4-8c1645373715','86ddf617-8444-11ea-95b4-8c1645373715'),('86db9cf6-8444-11ea-95b4-8c1645373715','86ddf617-8444-11ea-95b4-8c1645373715'),('86dba017-8444-11ea-95b4-8c1645373715','86ddf617-8444-11ea-95b4-8c1645373715'),('86dbcf36-8444-11ea-95b4-8c1645373715','86ddf617-8444-11ea-95b4-8c1645373715'),('86dbcff8-8444-11ea-95b4-8c1645373715','86ddf617-8444-11ea-95b4-8c1645373715'),('86dbd191-8444-11ea-95b4-8c1645373715','86ddf617-8444-11ea-95b4-8c1645373715'),('86dbd30a-8444-11ea-95b4-8c1645373715','86ddf617-8444-11ea-95b4-8c1645373715'),('86dbd6f7-8444-11ea-95b4-8c1645373715','86ddf617-8444-11ea-95b4-8c1645373715'),('77ff0855-8444-11ea-95b4-8c1645373715','86ddf6e3-8444-11ea-95b4-8c1645373715'),('77ff0ae1-8444-11ea-95b4-8c1645373715','86ddf6e3-8444-11ea-95b4-8c1645373715'),('77ff0c50-8444-11ea-95b4-8c1645373715','86ddf6e3-8444-11ea-95b4-8c1645373715'),('77ff15b1-8444-11ea-95b4-8c1645373715','86ddf6e3-8444-11ea-95b4-8c1645373715'),('77ff1720-8444-11ea-95b4-8c1645373715','86ddf6e3-8444-11ea-95b4-8c1645373715'),('77ff1977-8444-11ea-95b4-8c1645373715','86ddf6e3-8444-11ea-95b4-8c1645373715'),('86db7f52-8444-11ea-95b4-8c1645373715','86ddf6e3-8444-11ea-95b4-8c1645373715'),('86db97cc-8444-11ea-95b4-8c1645373715','86ddf6e3-8444-11ea-95b4-8c1645373715'),('86db98df-8444-11ea-95b4-8c1645373715','86ddf6e3-8444-11ea-95b4-8c1645373715'),('86db9c0a-8444-11ea-95b4-8c1645373715','86ddf6e3-8444-11ea-95b4-8c1645373715'),('86dba20b-8444-11ea-95b4-8c1645373715','86ddf6e3-8444-11ea-95b4-8c1645373715'),('86dbd570-8444-11ea-95b4-8c1645373715','86ddf6e3-8444-11ea-95b4-8c1645373715'),('77ff0ae1-8444-11ea-95b4-8c1645373715','86ddf7fd-8444-11ea-95b4-8c1645373715'),('77ff1ad8-8444-11ea-95b4-8c1645373715','86ddf7fd-8444-11ea-95b4-8c1645373715'),('86db968b-8444-11ea-95b4-8c1645373715','86ddf7fd-8444-11ea-95b4-8c1645373715'),('86db9c70-8444-11ea-95b4-8c1645373715','86ddf7fd-8444-11ea-95b4-8c1645373715'),('86dbcf36-8444-11ea-95b4-8c1645373715','86ddf7fd-8444-11ea-95b4-8c1645373715'),('77fef87d-8444-11ea-95b4-8c1645373715','86ddf942-8444-11ea-95b4-8c1645373715'),('77ff08db-8444-11ea-95b4-8c1645373715','86ddf942-8444-11ea-95b4-8c1645373715'),('86db968b-8444-11ea-95b4-8c1645373715','86ddf942-8444-11ea-95b4-8c1645373715'),('86db996c-8444-11ea-95b4-8c1645373715','86ddf942-8444-11ea-95b4-8c1645373715'),('86dbd191-8444-11ea-95b4-8c1645373715','86ddf942-8444-11ea-95b4-8c1645373715'),('86dbd30a-8444-11ea-95b4-8c1645373715','86ddf942-8444-11ea-95b4-8c1645373715'),('86dbd67f-8444-11ea-95b4-8c1645373715','86ddf942-8444-11ea-95b4-8c1645373715'),('77ff0a4a-8444-11ea-95b4-8c1645373715','86ddfa9b-8444-11ea-95b4-8c1645373715'),('77ff0b67-8444-11ea-95b4-8c1645373715','86ddfa9b-8444-11ea-95b4-8c1645373715'),('77ff0dad-8444-11ea-95b4-8c1645373715','86ddfa9b-8444-11ea-95b4-8c1645373715'),('77ff1336-8444-11ea-95b4-8c1645373715','86ddfa9b-8444-11ea-95b4-8c1645373715'),('86db7fea-8444-11ea-95b4-8c1645373715','86ddfa9b-8444-11ea-95b4-8c1645373715'),('86db807e-8444-11ea-95b4-8c1645373715','86ddfa9b-8444-11ea-95b4-8c1645373715'),('86db9af3-8444-11ea-95b4-8c1645373715','86ddfa9b-8444-11ea-95b4-8c1645373715'),('86db9c70-8444-11ea-95b4-8c1645373715','86ddfa9b-8444-11ea-95b4-8c1645373715'),('86dbcf36-8444-11ea-95b4-8c1645373715','86ddfa9b-8444-11ea-95b4-8c1645373715'),('86dbd67f-8444-11ea-95b4-8c1645373715','86ddfa9b-8444-11ea-95b4-8c1645373715'),('86dbd6f7-8444-11ea-95b4-8c1645373715','86ddfa9b-8444-11ea-95b4-8c1645373715'),('77ff0bea-8444-11ea-95b4-8c1645373715','86ddfc26-8444-11ea-95b4-8c1645373715'),('77ff1720-8444-11ea-95b4-8c1645373715','86ddfc26-8444-11ea-95b4-8c1645373715'),('77ff1881-8444-11ea-95b4-8c1645373715','86ddfc26-8444-11ea-95b4-8c1645373715'),('86db7e63-8444-11ea-95b4-8c1645373715','86ddfc26-8444-11ea-95b4-8c1645373715'),('86db9e14-8444-11ea-95b4-8c1645373715','86ddfc26-8444-11ea-95b4-8c1645373715'),('86dba275-8444-11ea-95b4-8c1645373715','86ddfc26-8444-11ea-95b4-8c1645373715'),('86dba5d5-8444-11ea-95b4-8c1645373715','86ddfc26-8444-11ea-95b4-8c1645373715'),('86dbd4dc-8444-11ea-95b4-8c1645373715','86ddfc26-8444-11ea-95b4-8c1645373715'),('77ff0f9b-8444-11ea-95b4-8c1645373715','86ddfdf8-8444-11ea-95b4-8c1645373715'),('86db9e14-8444-11ea-95b4-8c1645373715','86ddfdf8-8444-11ea-95b4-8c1645373715'),('86db9e7a-8444-11ea-95b4-8c1645373715','86ddfdf8-8444-11ea-95b4-8c1645373715'),('86dbd104-8444-11ea-95b4-8c1645373715','86ddfdf8-8444-11ea-95b4-8c1645373715'),('86dbd213-8444-11ea-95b4-8c1645373715','86ddfdf8-8444-11ea-95b4-8c1645373715'),('86dbd284-8444-11ea-95b4-8c1645373715','86ddfdf8-8444-11ea-95b4-8c1645373715'),('86dbd5f9-8444-11ea-95b4-8c1645373715','86ddfdf8-8444-11ea-95b4-8c1645373715'),('86dbd8ac-8444-11ea-95b4-8c1645373715','86ddfdf8-8444-11ea-95b4-8c1645373715'),('77fef87d-8444-11ea-95b4-8c1645373715','86ddffc2-8444-11ea-95b4-8c1645373715'),('77ff06d4-8444-11ea-95b4-8c1645373715','86ddffc2-8444-11ea-95b4-8c1645373715'),('77ff0855-8444-11ea-95b4-8c1645373715','86ddffc2-8444-11ea-95b4-8c1645373715'),('77ff095a-8444-11ea-95b4-8c1645373715','86ddffc2-8444-11ea-95b4-8c1645373715'),('77ff102b-8444-11ea-95b4-8c1645373715','86ddffc2-8444-11ea-95b4-8c1645373715'),('77ff1977-8444-11ea-95b4-8c1645373715','86ddffc2-8444-11ea-95b4-8c1645373715'),('77ff19da-8444-11ea-95b4-8c1645373715','86ddffc2-8444-11ea-95b4-8c1645373715'),('86db7fea-8444-11ea-95b4-8c1645373715','86ddffc2-8444-11ea-95b4-8c1645373715'),('86db95a9-8444-11ea-95b4-8c1645373715','86ddffc2-8444-11ea-95b4-8c1645373715'),('86db9a75-8444-11ea-95b4-8c1645373715','86ddffc2-8444-11ea-95b4-8c1645373715'),('86db9af3-8444-11ea-95b4-8c1645373715','86ddffc2-8444-11ea-95b4-8c1645373715'),('86db9c70-8444-11ea-95b4-8c1645373715','86ddffc2-8444-11ea-95b4-8c1645373715'),('77ff09d5-8444-11ea-95b4-8c1645373715','86de0182-8444-11ea-95b4-8c1645373715'),('77ff11e4-8444-11ea-95b4-8c1645373715','86de0182-8444-11ea-95b4-8c1645373715'),('77ff1610-8444-11ea-95b4-8c1645373715','86de0182-8444-11ea-95b4-8c1645373715'),('77ff1720-8444-11ea-95b4-8c1645373715','86de0182-8444-11ea-95b4-8c1645373715'),('77ff18fc-8444-11ea-95b4-8c1645373715','86de0182-8444-11ea-95b4-8c1645373715'),('86db9c0a-8444-11ea-95b4-8c1645373715','86de0182-8444-11ea-95b4-8c1645373715'),('86db9cf6-8444-11ea-95b4-8c1645373715','86de0182-8444-11ea-95b4-8c1645373715'),('86db9d95-8444-11ea-95b4-8c1645373715','86de0182-8444-11ea-95b4-8c1645373715'),('86dba07d-8444-11ea-95b4-8c1645373715','86de0182-8444-11ea-95b4-8c1645373715'),('86dba5d5-8444-11ea-95b4-8c1645373715','86de0182-8444-11ea-95b4-8c1645373715'),('86dbd6f7-8444-11ea-95b4-8c1645373715','86de0182-8444-11ea-95b4-8c1645373715'),('77ff0c50-8444-11ea-95b4-8c1645373715','86de050c-8444-11ea-95b4-8c1645373715'),('77ff0ccb-8444-11ea-95b4-8c1645373715','86de050c-8444-11ea-95b4-8c1645373715'),('77ff16a4-8444-11ea-95b4-8c1645373715','86de050c-8444-11ea-95b4-8c1645373715'),('77ff1ad8-8444-11ea-95b4-8c1645373715','86de050c-8444-11ea-95b4-8c1645373715'),('86db7f52-8444-11ea-95b4-8c1645373715','86de050c-8444-11ea-95b4-8c1645373715'),('86db95a9-8444-11ea-95b4-8c1645373715','86de050c-8444-11ea-95b4-8c1645373715'),('86dbd104-8444-11ea-95b4-8c1645373715','86de050c-8444-11ea-95b4-8c1645373715'),('86dbd284-8444-11ea-95b4-8c1645373715','86de050c-8444-11ea-95b4-8c1645373715'),('86dbd826-8444-11ea-95b4-8c1645373715','86de050c-8444-11ea-95b4-8c1645373715'),('77ff0753-8444-11ea-95b4-8c1645373715','86de065b-8444-11ea-95b4-8c1645373715'),('77ff0e45-8444-11ea-95b4-8c1645373715','86de065b-8444-11ea-95b4-8c1645373715'),('77ff1720-8444-11ea-95b4-8c1645373715','86de065b-8444-11ea-95b4-8c1645373715'),('77ff19da-8444-11ea-95b4-8c1645373715','86de065b-8444-11ea-95b4-8c1645373715'),('86db807e-8444-11ea-95b4-8c1645373715','86de065b-8444-11ea-95b4-8c1645373715'),('86db9c70-8444-11ea-95b4-8c1645373715','86de065b-8444-11ea-95b4-8c1645373715'),('86db9e7a-8444-11ea-95b4-8c1645373715','86de065b-8444-11ea-95b4-8c1645373715'),('86dba275-8444-11ea-95b4-8c1645373715','86de065b-8444-11ea-95b4-8c1645373715'),('86dbd104-8444-11ea-95b4-8c1645373715','86de065b-8444-11ea-95b4-8c1645373715'),('86dbd570-8444-11ea-95b4-8c1645373715','86de065b-8444-11ea-95b4-8c1645373715'),('77ff05cc-8444-11ea-95b4-8c1645373715','86de07a3-8444-11ea-95b4-8c1645373715'),('77ff095a-8444-11ea-95b4-8c1645373715','86de07a3-8444-11ea-95b4-8c1645373715'),('77ff0ccb-8444-11ea-95b4-8c1645373715','86de07a3-8444-11ea-95b4-8c1645373715'),('77ff0d4a-8444-11ea-95b4-8c1645373715','86de07a3-8444-11ea-95b4-8c1645373715'),('77ff0f3b-8444-11ea-95b4-8c1645373715','86de07a3-8444-11ea-95b4-8c1645373715'),('77ff1336-8444-11ea-95b4-8c1645373715','86de07a3-8444-11ea-95b4-8c1645373715'),('77ff1610-8444-11ea-95b4-8c1645373715','86de07a3-8444-11ea-95b4-8c1645373715'),('77ff1720-8444-11ea-95b4-8c1645373715','86de07a3-8444-11ea-95b4-8c1645373715'),('86db7fea-8444-11ea-95b4-8c1645373715','86de07a3-8444-11ea-95b4-8c1645373715'),('86db972a-8444-11ea-95b4-8c1645373715','86de07a3-8444-11ea-95b4-8c1645373715'),('86db98df-8444-11ea-95b4-8c1645373715','86de07a3-8444-11ea-95b4-8c1645373715'),('86db996c-8444-11ea-95b4-8c1645373715','86de07a3-8444-11ea-95b4-8c1645373715'),('86db9c70-8444-11ea-95b4-8c1645373715','86de07a3-8444-11ea-95b4-8c1645373715'),('86db9f91-8444-11ea-95b4-8c1645373715','86de07a3-8444-11ea-95b4-8c1645373715'),('86dbd4dc-8444-11ea-95b4-8c1645373715','86de07a3-8444-11ea-95b4-8c1645373715'),('86dbd5f9-8444-11ea-95b4-8c1645373715','86de07a3-8444-11ea-95b4-8c1645373715'),('86dbd67f-8444-11ea-95b4-8c1645373715','86de07a3-8444-11ea-95b4-8c1645373715'),('77ff0dad-8444-11ea-95b4-8c1645373715','86de0940-8444-11ea-95b4-8c1645373715'),('77ff1610-8444-11ea-95b4-8c1645373715','86de0940-8444-11ea-95b4-8c1645373715'),('77ff16a4-8444-11ea-95b4-8c1645373715','86de0940-8444-11ea-95b4-8c1645373715'),('77ff19da-8444-11ea-95b4-8c1645373715','86de0940-8444-11ea-95b4-8c1645373715'),('77ff1d33-8444-11ea-95b4-8c1645373715','86de0940-8444-11ea-95b4-8c1645373715'),('86db97cc-8444-11ea-95b4-8c1645373715','86de0940-8444-11ea-95b4-8c1645373715'),('86db9d95-8444-11ea-95b4-8c1645373715','86de0940-8444-11ea-95b4-8c1645373715'),('86db9e14-8444-11ea-95b4-8c1645373715','86de0940-8444-11ea-95b4-8c1645373715'),('86dba017-8444-11ea-95b4-8c1645373715','86de0940-8444-11ea-95b4-8c1645373715'),('86dba07d-8444-11ea-95b4-8c1645373715','86de0940-8444-11ea-95b4-8c1645373715'),('86dba103-8444-11ea-95b4-8c1645373715','86de0940-8444-11ea-95b4-8c1645373715'),('86dbcf36-8444-11ea-95b4-8c1645373715','86de0940-8444-11ea-95b4-8c1645373715'),('77fef87d-8444-11ea-95b4-8c1645373715','86de0a7d-8444-11ea-95b4-8c1645373715'),('77ff05cc-8444-11ea-95b4-8c1645373715','86de0a7d-8444-11ea-95b4-8c1645373715'),('77ff0c50-8444-11ea-95b4-8c1645373715','86de0a7d-8444-11ea-95b4-8c1645373715'),('77ff0ec4-8444-11ea-95b4-8c1645373715','86de0a7d-8444-11ea-95b4-8c1645373715'),('77ff0f9b-8444-11ea-95b4-8c1645373715','86de0a7d-8444-11ea-95b4-8c1645373715'),('77ff102b-8444-11ea-95b4-8c1645373715','86de0a7d-8444-11ea-95b4-8c1645373715'),('77ff1165-8444-11ea-95b4-8c1645373715','86de0a7d-8444-11ea-95b4-8c1645373715'),('77ff17fe-8444-11ea-95b4-8c1645373715','86de0a7d-8444-11ea-95b4-8c1645373715'),('77ff1b37-8444-11ea-95b4-8c1645373715','86de0a7d-8444-11ea-95b4-8c1645373715'),('86db9e14-8444-11ea-95b4-8c1645373715','86de0a7d-8444-11ea-95b4-8c1645373715'),('86db9e7a-8444-11ea-95b4-8c1645373715','86de0a7d-8444-11ea-95b4-8c1645373715'),('86dba20b-8444-11ea-95b4-8c1645373715','86de0a7d-8444-11ea-95b4-8c1645373715'),('86dbcf36-8444-11ea-95b4-8c1645373715','86de0a7d-8444-11ea-95b4-8c1645373715'),('86dbcff8-8444-11ea-95b4-8c1645373715','86de0a7d-8444-11ea-95b4-8c1645373715'),('86dbd5f9-8444-11ea-95b4-8c1645373715','86de0a7d-8444-11ea-95b4-8c1645373715'),('77ff064e-8444-11ea-95b4-8c1645373715','86de0ba9-8444-11ea-95b4-8c1645373715'),('77ff1165-8444-11ea-95b4-8c1645373715','86de0ba9-8444-11ea-95b4-8c1645373715'),('77ff1b37-8444-11ea-95b4-8c1645373715','86de0ba9-8444-11ea-95b4-8c1645373715'),('86db98df-8444-11ea-95b4-8c1645373715','86de0ba9-8444-11ea-95b4-8c1645373715'),('86db9b7d-8444-11ea-95b4-8c1645373715','86de0ba9-8444-11ea-95b4-8c1645373715'),('86dba451-8444-11ea-95b4-8c1645373715','86de0ba9-8444-11ea-95b4-8c1645373715'),('86dbd38d-8444-11ea-95b4-8c1645373715','86de0ba9-8444-11ea-95b4-8c1645373715'),('86dbd79d-8444-11ea-95b4-8c1645373715','86de0ba9-8444-11ea-95b4-8c1645373715'),('86dbd913-8444-11ea-95b4-8c1645373715','86de0ba9-8444-11ea-95b4-8c1645373715'),('77ff095a-8444-11ea-95b4-8c1645373715','86de0c7c-8444-11ea-95b4-8c1645373715'),('77ff0c50-8444-11ea-95b4-8c1645373715','86de0c7c-8444-11ea-95b4-8c1645373715'),('77ff0dad-8444-11ea-95b4-8c1645373715','86de0c7c-8444-11ea-95b4-8c1645373715'),('77ff13c0-8444-11ea-95b4-8c1645373715','86de0c7c-8444-11ea-95b4-8c1645373715'),('77ff1a5d-8444-11ea-95b4-8c1645373715','86de0c7c-8444-11ea-95b4-8c1645373715'),('86db9855-8444-11ea-95b4-8c1645373715','86de0c7c-8444-11ea-95b4-8c1645373715'),('86db9af3-8444-11ea-95b4-8c1645373715','86de0c7c-8444-11ea-95b4-8c1645373715'),('86db9c0a-8444-11ea-95b4-8c1645373715','86de0c7c-8444-11ea-95b4-8c1645373715'),('86dbd913-8444-11ea-95b4-8c1645373715','86de0c7c-8444-11ea-95b4-8c1645373715'),('77ff0523-8444-11ea-95b4-8c1645373715','86de0d57-8444-11ea-95b4-8c1645373715'),('77ff07d2-8444-11ea-95b4-8c1645373715','86de0d57-8444-11ea-95b4-8c1645373715'),('77ff0b67-8444-11ea-95b4-8c1645373715','86de0d57-8444-11ea-95b4-8c1645373715'),('77ff102b-8444-11ea-95b4-8c1645373715','86de0d57-8444-11ea-95b4-8c1645373715'),('86db64dc-8444-11ea-95b4-8c1645373715','86de0d57-8444-11ea-95b4-8c1645373715'),('86db7e63-8444-11ea-95b4-8c1645373715','86de0d57-8444-11ea-95b4-8c1645373715'),('86db97cc-8444-11ea-95b4-8c1645373715','86de0d57-8444-11ea-95b4-8c1645373715'),('86db9a07-8444-11ea-95b4-8c1645373715','86de0d57-8444-11ea-95b4-8c1645373715'),('86db9b7d-8444-11ea-95b4-8c1645373715','86de0d57-8444-11ea-95b4-8c1645373715'),('86db9d95-8444-11ea-95b4-8c1645373715','86de0d57-8444-11ea-95b4-8c1645373715'),('86dba017-8444-11ea-95b4-8c1645373715','86de0d57-8444-11ea-95b4-8c1645373715'),('86dba451-8444-11ea-95b4-8c1645373715','86de0d57-8444-11ea-95b4-8c1645373715');
/*!40000 ALTER TABLE `interestedroles` ENABLE KEYS */;
UNLOCK TABLES;

--
-- Table structure for table `jobinterest`
--

DROP TABLE IF EXISTS `jobinterest`;
/*!40101 SET @saved_cs_client     = @@character_set_client */;
/*!50503 SET character_set_client = utf8mb4 */;
CREATE TABLE `jobinterest` (
  `jobId` char(36) NOT NULL,
  `employee` char(36) NOT NULL,
  `initiator` enum('employer','employee') DEFAULT NULL,
  `status` enum('available','liked','offered','done') DEFAULT NULL,
  PRIMARY KEY (`jobId`,`employee`),
  KEY `employee` (`employee`),
  CONSTRAINT `jobinterest_ibfk_1` FOREIGN KEY (`jobId`) REFERENCES `jobs` (`jobId`),
  CONSTRAINT `jobinterest_ibfk_2` FOREIGN KEY (`employee`) REFERENCES `employees` (`id`)
) ENGINE=InnoDB DEFAULT CHARSET=utf8mb4 COLLATE=utf8mb4_0900_ai_ci;
/*!40101 SET character_set_client = @saved_cs_client */;

--
-- Dumping data for table `jobinterest`
--

LOCK TABLES `jobinterest` WRITE;
/*!40000 ALTER TABLE `jobinterest` DISABLE KEYS */;
/*!40000 ALTER TABLE `jobinterest` ENABLE KEYS */;
UNLOCK TABLES;

--
-- Table structure for table `jobs`
--

DROP TABLE IF EXISTS `jobs`;
/*!40101 SET @saved_cs_client     = @@character_set_client */;
/*!50503 SET character_set_client = utf8mb4 */;
CREATE TABLE `jobs` (
  `jobId` char(36) NOT NULL,
  `employer` char(36) NOT NULL,
  `role` char(36) NOT NULL,
  `jobTitle` varchar(100) NOT NULL,
  `salary` varchar(100) DEFAULT NULL,
  `workLocation` varchar(36) NOT NULL,
  `description` varchar(100) DEFAULT NULL,
  PRIMARY KEY (`jobId`),
  KEY `employer` (`employer`),
  KEY `role` (`role`),
  KEY `workLocation` (`workLocation`),
  CONSTRAINT `jobs_ibfk_1` FOREIGN KEY (`employer`) REFERENCES `employers` (`id`),
  CONSTRAINT `jobs_ibfk_2` FOREIGN KEY (`role`) REFERENCES `roles` (`id`),
  CONSTRAINT `jobs_ibfk_3` FOREIGN KEY (`workLocation`) REFERENCES `locations` (`id`)
) ENGINE=InnoDB DEFAULT CHARSET=utf8mb4 COLLATE=utf8mb4_0900_ai_ci;
/*!40101 SET character_set_client = @saved_cs_client */;

--
-- Dumping data for table `jobs`
--

LOCK TABLES `jobs` WRITE;
/*!40000 ALTER TABLE `jobs` DISABLE KEYS */;
INSERT INTO `jobs` VALUES ('86e43323-8444-11ea-95b4-8c1645373715','77fef76e-8444-11ea-95b4-8c1645373715','86de0c7c-8444-11ea-95b4-8c1645373715','modi molestiae et et quis fugiat odio harum qui','16256 - 67676','86deedc3-8444-11ea-95b4-8c1645373715','Suscipit reprehenderit atque aut atque dolores eaque.'),('86e448a3-8444-11ea-95b4-8c1645373715','77fef76e-8444-11ea-95b4-8c1645373715','86ddffc2-8444-11ea-95b4-8c1645373715','eos molestiae cupiditate optio quo','13570 - 49150','7801cfe6-8444-11ea-95b4-8c1645373715','Magni nihil blanditiis et corrupti.'),('86e44b6b-8444-11ea-95b4-8c1645373715','77fef7ed-8444-11ea-95b4-8c1645373715','86ddf7fd-8444-11ea-95b4-8c1645373715','quod voluptatem non nihil dolores eum nam debitis','16745 - 83703','7801d6be-8444-11ea-95b4-8c1645373715','Corrupti dolorem rem culpa quos et numquam repellendus mollitia.'),('86e44d75-8444-11ea-95b4-8c1645373715','77fef76e-8444-11ea-95b4-8c1645373715','86ddf4eb-8444-11ea-95b4-8c1645373715','ipsam ut ea et non illum consequatur dolorem non ea','19700 - 31892','7801b2d9-8444-11ea-95b4-8c1645373715','Fugiat fugiat officiis recusandae occaecati.'),('86e44f7f-8444-11ea-95b4-8c1645373715','77fed7c7-8444-11ea-95b4-8c1645373715','7800e51b-8444-11ea-95b4-8c1645373715','illo est eos quia impedit','19615 - 42041','86dede72-8444-11ea-95b4-8c1645373715','Quaerat aliquid suscipit autem accusantium accusantium est et veritatis aliquam.'),('86e45190-8444-11ea-95b4-8c1645373715','77fef6d6-8444-11ea-95b4-8c1645373715','7800e717-8444-11ea-95b4-8c1645373715','laboriosam enim voluptatibus esse est atque maxime corporis id','13693 - 62539','86dedc8b-8444-11ea-95b4-8c1645373715','Ut voluptatum explicabo est esse aut et.'),('86e4537a-8444-11ea-95b4-8c1645373715','77fef7ed-8444-11ea-95b4-8c1645373715','7800e2c0-8444-11ea-95b4-8c1645373715','optio similique aut atque possimus','12661 - 33348','86dededb-8444-11ea-95b4-8c1645373715','Ad et modi odit ratione.'),('86e45572-8444-11ea-95b4-8c1645373715','77fef5d8-8444-11ea-95b4-8c1645373715','7800d1cb-8444-11ea-95b4-8c1645373715','qui voluptatem iusto ut esse','16278 - 27432','7801d52c-8444-11ea-95b4-8c1645373715','Sed dolorum ut impedit animi aliquid minus.'),('86e4575c-8444-11ea-95b4-8c1645373715','77fed7c7-8444-11ea-95b4-8c1645373715','86ddf4eb-8444-11ea-95b4-8c1645373715','sint cupiditate vel eum voluptatibus','10677 - 21784','7801d2ce-8444-11ea-95b4-8c1645373715','Architecto est est et quia dolorum dolores aut odio sunt.'),('86e45940-8444-11ea-95b4-8c1645373715','77fed7c7-8444-11ea-95b4-8c1645373715','86ddf7fd-8444-11ea-95b4-8c1645373715','qui similique quibusdam nobis deserunt asperiores aut qui occaecati nam','10267 - 92139','7801de36-8444-11ea-95b4-8c1645373715','In qui aut.');
/*!40000 ALTER TABLE `jobs` ENABLE KEYS */;
UNLOCK TABLES;

--
-- Table structure for table `locations`
--

DROP TABLE IF EXISTS `locations`;
/*!40101 SET @saved_cs_client     = @@character_set_client */;
/*!50503 SET character_set_client = utf8mb4 */;
CREATE TABLE `locations` (
  `id` char(36) NOT NULL,
  `address` varchar(200) NOT NULL,
  `area` varchar(50) NOT NULL,
  `longitude` decimal(18,12) NOT NULL,
  `latitude` decimal(18,12) NOT NULL,
  PRIMARY KEY (`id`)
) ENGINE=InnoDB DEFAULT CHARSET=utf8mb4 COLLATE=utf8mb4_0900_ai_ci;
/*!40101 SET character_set_client = @saved_cs_client */;

--
-- Dumping data for table `locations`
--

LOCK TABLES `locations` WRITE;
/*!40000 ALTER TABLE `locations` DISABLE KEYS */;
INSERT INTO `locations` VALUES ('7801b2d9-8444-11ea-95b4-8c1645373715','314 L Th Ring, Tn Thi An, Qun 12, H Ch Minh, Vietnam','H Ch Minh',106.655402400000,10.873476500000),('7801cbd6-8444-11ea-95b4-8c1645373715','403 Cch Mng Thng Tm, Phng 13, Qun 10, H Ch Minh, Vietnam','H Ch Minh',106.675628900000,10.780924300000),('7801cc8d-8444-11ea-95b4-8c1645373715','172 ng ch Khim, Phng 5, Qun 11, H Ch Minh, Vietnam','H Ch Minh',106.642938800000,10.766766100000),('7801cd2c-8444-11ea-95b4-8c1645373715','592 Nguyn nh Th, Trung M Ty, Qun 12, H Ch Minh, Vietnam','H Ch Minh',106.609868300000,10.859296900000),('7801cd87-8444-11ea-95b4-8c1645373715','28-30 Nguyen Thai Binh Street, Nguyen Thai Binh Ward, District 1, Ho Chi Minh City, Phng Nguyn Thi Bnh, Qun 1, H Ch Minh, Vietnam','H Ch Minh',106.700388200000,10.769873300000),('7801ce06-8444-11ea-95b4-8c1645373715','ng Vn Cng, Phng Thnh M Li, Qun 2, H Ch Minh, Vietnam','H Ch Minh',106.759477900000,10.775398800000),('7801ceac-8444-11ea-95b4-8c1645373715','ng s 50, Bnh Trng ng, Qun 2, H Ch Minh, Vietnam','H Ch Minh',106.774900000000,10.788897100000),('7801cf12-8444-11ea-95b4-8c1645373715','ng S 1, Lin Tnh L 25B, Phng Thnh M Li, Qun 2, Phng Thnh M Li, Qun 2, H Ch Minh, Vietnam','H Ch Minh',106.759911800000,10.775749200000),('7801cf8e-8444-11ea-95b4-8c1645373715','34, 31D-Khu C, An Ph, Qun 2, H Ch Minh, Vietnam','H Ch Minh',106.740478500000,10.791894400000),('7801cfe6-8444-11ea-95b4-8c1645373715','63 ng s 5, phng Ct Li, Qun 2, Ct Li, H Ch Minh, Vietnam','H Ch Minh',106.771294700000,10.775406000000),('7801d053-8444-11ea-95b4-8c1645373715','386/79 . L Vn S, Phng 14, Qun 3, H Ch Minh, Vietnam','H Ch Minh',106.677297400000,10.789891800000),('7801d166-8444-11ea-95b4-8c1645373715','2 B Huyn Thanh Quan, Phng 6, Qun 3, H Ch Minh, Vietnam','H Ch Minh',106.690312500000,10.775289900000),('7801d1f3-8444-11ea-95b4-8c1645373715','9 Hunh Tnh Ca, Phng 8, Qun 3, H Ch Minh, Vietnam','H Ch Minh',106.688354300000,10.788364800000),('7801d252-8444-11ea-95b4-8c1645373715','139 Nguyn nh Chiu, Phng 6, Qun 3, H Ch Minh, Vietnam','H Ch Minh',106.689039900000,10.777158000000),('7801d2ce-8444-11ea-95b4-8c1645373715','243 Cch Mng Thng Tm, Phng 4, Qun 3, H Ch Minh, Vietnam','H Ch Minh',106.682974100000,10.777013900000),('7801d323-8444-11ea-95b4-8c1645373715','63, 65 Bn Vn n, Phng 12, Qun 4, H Ch Minh, Vietnam','H Ch Minh',106.702237600000,10.765307500000),('7801d39e-8444-11ea-95b4-8c1645373715','Hm 42 Hong Diu, Phng 12, Qun 4, H Ch Minh, Vietnam','H Ch Minh',106.706028400000,10.765362400000),('7801d3f6-8444-11ea-95b4-8c1645373715','18 ng on Nh Hi, Phng 12, Qun 4, H Ch Minh, Vietnam','H Ch Minh',106.705161800000,10.766321400000),('7801d463-8444-11ea-95b4-8c1645373715','64 Nguyn Khoi, Phng 2, Qun 4, H Ch Minh, Vietnam','H Ch Minh',106.694483000000,10.755097400000),('7801d4b5-8444-11ea-95b4-8c1645373715','14 ng on Nh Hi, Phng 12, Qun 4, H Ch Minh, Vietnam','H Ch Minh',106.705795500000,10.766758700000),('7801d52c-8444-11ea-95b4-8c1645373715','3 Mc Cu, Phng 13, Qun 5, H Ch Minh, Vietnam','H Ch Minh',106.659248000000,10.750223000000),('7801d585-8444-11ea-95b4-8c1645373715','642 A . Nguyn Tri, Phng 11, Qun 5, H Ch Minh 700000, Vietnam','H Ch Minh',106.665783200000,10.754080100000),('7801d5d9-8444-11ea-95b4-8c1645373715','642 . Nguyn Tri, Phng 11, Qun 5, H Ch Minh, Vietnam','H Ch Minh',106.666297200000,10.754127600000),('7801d666-8444-11ea-95b4-8c1645373715','203 An Dng Vng, Phng 8, Qun 5, phng 8 Qun 5 H Ch Minh, Vietnam','phng 8 Qun 5 H Ch Minh',106.667540600000,10.755804900000),('7801d6be-8444-11ea-95b4-8c1645373715','660 V Vn Kit, Phng 1, Qun 5, H Ch Minh, Vietnam','H Ch Minh',106.683654900000,10.752048900000),('7801d728-8444-11ea-95b4-8c1645373715','107 Cao Vn Lu, Phng 1, Qun 6, H Ch Minh, Vietnam','H Ch Minh',106.649579100000,10.746460100000),('7801d779-8444-11ea-95b4-8c1645373715','88 Thp Mi, Phng 2, Qun 6, H Ch Minh, Vietnam','H Ch Minh',106.650462600000,10.749994900000),('7801d7f1-8444-11ea-95b4-8c1645373715','Hm 45/67 Bnh Tin, Phng 7, Qun 6, H Ch Minh, Vietnam','H Ch Minh',106.642491700000,10.740580300000),('7801d932-8444-11ea-95b4-8c1645373715','114 ng Phm Vn Ch, Phng 1, Qun 6, H Ch Minh, Vietnam','H Ch Minh',106.649023200000,10.746200200000),('7801d9b8-8444-11ea-95b4-8c1645373715','2D Ch Ln, Phng 11, Qun 6, Phng 11 Qun 6 H Ch Minh, Vietnam','Phng 11 Qun 6 H Ch Minh',106.634848800000,10.746579300000),('7801da14-8444-11ea-95b4-8c1645373715','3 Tn Ph, P, Qun 7, H Ch Minh, Vietnam','H Ch Minh',106.725198000000,10.732771700000),('7801da7e-8444-11ea-95b4-8c1645373715','1 Tn Ph, H Ch Minh, Vietnam','H Ch Minh',106.725144800000,10.732861500000),('7801dacf-8444-11ea-95b4-8c1645373715','504, 506 Hunh Tn Pht, Bnh Thun, Qun 7, H Ch Minh, Vietnam','H Ch Minh',106.729268900000,10.741525000000),('7801db3f-8444-11ea-95b4-8c1645373715','People\'s Committee Of District 7, 1362, Huynh Tan Phat Street, Phu My Ward, District 7, Tn Ph, Qun 7, H Ch Minh, Vietnam','H Ch Minh',106.726276900000,10.732111900000),('7801dba2-8444-11ea-95b4-8c1645373715','1364 Hunh Tn Pht, KP1, Qun 7, H Ch Minh, Vietnam','H Ch Minh',106.737028600000,10.713834000000),('7801dc0c-8444-11ea-95b4-8c1645373715','175 Phm Hng, Phng 4, Qun 8, Phng 5, Qun 8, H Ch Minh, Vietnam','H Ch Minh',106.669344300000,10.739553900000),('7801dc64-8444-11ea-95b4-8c1645373715','993 Phm Th Hin, Phng 5, 8, H Ch Minh, Vietnam','H Ch Minh',106.667443000000,10.742845200000),('7801dce7-8444-11ea-95b4-8c1645373715','126 ng L Quyn, Phng 5, Qun 8, H Ch Minh, Vietnam','H Ch Minh',106.666435100000,10.740894000000),('7801dd49-8444-11ea-95b4-8c1645373715','993 Phm Th Hin, Phng 5, Qun 8, H Ch Minh, Vietnam','H Ch Minh',106.667816900000,10.742264300000),('7801de36-8444-11ea-95b4-8c1645373715','250 Tng Thin Vng, Phng 11, Qun 8, H Ch Minh, Vietnam','H Ch Minh',106.661542800000,10.747197600000),('7801de8a-8444-11ea-95b4-8c1645373715','Dong Nai, Vietnam','Dong Nai',107.167597600000,11.068630500000),('7801defb-8444-11ea-95b4-8c1645373715','ng Nai, C x Bc Hi, Phng 15, Qun 10, H Ch Minh, Vietnam','H Ch Minh',106.662631600000,10.778896600000),('7801dfeb-8444-11ea-95b4-8c1645373715','Kp5 ng Nguyn Khuyn, Trng Di, Thnh ph Bin Ha, ng Nai, Vietnam','ng Nai',106.869128500000,10.984607600000),('7801e063-8444-11ea-95b4-8c1645373715','4 L Qu n, Kp3, Thnh ph Bin Ha, ng Nai, Vietnam','ng Nai',106.861350500000,10.959133200000),('7801e0cd-8444-11ea-95b4-8c1645373715','1048A Phm Vn Thun, Tn Mai, Thnh ph Bin Ha, ng Nai, Vietnam','ng Nai',106.846898500000,10.958061900000),('7801e13d-8444-11ea-95b4-8c1645373715','Long An, Cn c District, Long An Province, Vietnam','Long An Province',106.649762300000,10.560716800000),('7801e18b-8444-11ea-95b4-8c1645373715','2523 South Blvd, Charlotte, NC 28203, USA','North Carolina',-80.864661800000,35.202363400000),('7801e218-8444-11ea-95b4-8c1645373715','Long An Province, Vietnam','Long An Province',106.243120500000,10.695572000000),('7801e266-8444-11ea-95b4-8c1645373715','Long An, M Tho, Tien Giang, Vietnam','Tien Giang',106.338411400000,10.403241100000),('7801e2b7-8444-11ea-95b4-8c1645373715','211 Nguyn Thng, Phng 3, Tn An, Long An, Vietnam','Long An',106.426193100000,10.532719700000),('7801e324-8444-11ea-95b4-8c1645373715','Tien Giang, Vietnam','Tien Giang',106.342050400000,10.449332400000),('7801e372-8444-11ea-95b4-8c1645373715','Ci B, Ci B District, Tien Giang, Vietnam','Tien Giang',106.029819600000,10.336734700000),('7801e3df-8444-11ea-95b4-8c1645373715','Tin Giang, Phng 2, Tn Bnh, H Ch Minh, Vietnam','H Ch Minh',106.665512800000,10.808268800000),('7801e430-8444-11ea-95b4-8c1645373715','02 ng Hng Vng, Phng 1, Thnh ph M Tho, Tin Giang, Vietnam','Tin Giang',106.364328400000,10.354977300000),('7801e49d-8444-11ea-95b4-8c1645373715','Tin Giang, L Li, Bc Giang, Vietnam','Bc Giang',106.199245100000,21.269412400000),('7801e4eb-8444-11ea-95b4-8c1645373715','Ishikawa, Japan','Ishikawa',136.528965300000,36.326031700000),('7801f71d-8444-11ea-95b4-8c1645373715','Ishikawa, Uruma, Okinawa 904-1106, Japan','Okinawa',127.822041400000,26.437618600000),('7801f783-8444-11ea-95b4-8c1645373715','Ishikawacho, Ota City, Tokyo 145-0061, Japan','Tokyo',139.682204100000,35.602966300000),('7801f814-8444-11ea-95b4-8c1645373715','Ishikawa, Fujisawa, Kanagawa 252-0815, Japan','Kanagawa',139.454226800000,35.379103600000),('7801f87e-8444-11ea-95b4-8c1645373715','Ishikawacho, Naka Ward, Yokohama, Kanagawa 231-0868, Japan','Kanagawa',139.641064700000,35.437385300000),('86dec532-8444-11ea-95b4-8c1645373715','314 L Th Ring, Tn Thi An, Qun 12, H Ch Minh, Vietnam','H Ch Minh',106.655402400000,10.873476500000),('86dedbde-8444-11ea-95b4-8c1645373715','403 Cch Mng Thng Tm, Phng 13, Qun 10, H Ch Minh, Vietnam','H Ch Minh',106.675628900000,10.780924300000),('86dedc8b-8444-11ea-95b4-8c1645373715','172 ng ch Khim, Phng 5, Qun 11, H Ch Minh, Vietnam','H Ch Minh',106.642938800000,10.766766100000),('86dedd1b-8444-11ea-95b4-8c1645373715','592 Nguyn nh Th, Trung M Ty, Qun 12, H Ch Minh, Vietnam','H Ch Minh',106.609868300000,10.859296900000),('86dedd77-8444-11ea-95b4-8c1645373715','28-30 Nguyen Thai Binh Street, Nguyen Thai Binh Ward, District 1, Ho Chi Minh City, Phng Nguyn Thi Bnh, Qun 1, H Ch Minh, Vietnam','H Ch Minh',106.700388200000,10.769873300000),('86deddfa-8444-11ea-95b4-8c1645373715','ng Vn Cng, Phng Thnh M Li, Qun 2, H Ch Minh, Vietnam','H Ch Minh',106.759477900000,10.775398800000),('86dede72-8444-11ea-95b4-8c1645373715','ng s 50, Bnh Trng ng, Qun 2, H Ch Minh, Vietnam','H Ch Minh',106.774900000000,10.788897100000),('86dededb-8444-11ea-95b4-8c1645373715','ng S 1, Lin Tnh L 25B, Phng Thnh M Li, Qun 2, Phng Thnh M Li, Qun 2, H Ch Minh, Vietnam','H Ch Minh',106.759911800000,10.775749200000),('86dedfab-8444-11ea-95b4-8c1645373715','34, 31D-Khu C, An Ph, Qun 2, H Ch Minh, Vietnam','H Ch Minh',106.740478500000,10.791894400000),('86dee020-8444-11ea-95b4-8c1645373715','63 ng s 5, phng Ct Li, Qun 2, Ct Li, H Ch Minh, Vietnam','H Ch Minh',106.771294700000,10.775406000000),('86dee0a6-8444-11ea-95b4-8c1645373715','386/79 . L Vn S, Phng 14, Qun 3, H Ch Minh, Vietnam','H Ch Minh',106.677297400000,10.789891800000),('86dee156-8444-11ea-95b4-8c1645373715','2 B Huyn Thanh Quan, Phng 6, Qun 3, H Ch Minh, Vietnam','H Ch Minh',106.690312500000,10.775289900000),('86dee1ca-8444-11ea-95b4-8c1645373715','9 Hunh Tnh Ca, Phng 8, Qun 3, H Ch Minh, Vietnam','H Ch Minh',106.688354300000,10.788364800000),('86dee223-8444-11ea-95b4-8c1645373715','139 Nguyn nh Chiu, Phng 6, Qun 3, H Ch Minh, Vietnam','H Ch Minh',106.689039900000,10.777158000000),('86dee290-8444-11ea-95b4-8c1645373715','243 Cch Mng Thng Tm, Phng 4, Qun 3, H Ch Minh, Vietnam','H Ch Minh',106.682974100000,10.777013900000),('86dee2dd-8444-11ea-95b4-8c1645373715','63, 65 Bn Vn n, Phng 12, Qun 4, H Ch Minh, Vietnam','H Ch Minh',106.702237600000,10.765307500000),('86dee34b-8444-11ea-95b4-8c1645373715','Hm 42 Hong Diu, Phng 12, Qun 4, H Ch Minh, Vietnam','H Ch Minh',106.706028400000,10.765362400000),('86dee3a3-8444-11ea-95b4-8c1645373715','18 ng on Nh Hi, Phng 12, Qun 4, H Ch Minh, Vietnam','H Ch Minh',106.705161800000,10.766321400000),('86dee425-8444-11ea-95b4-8c1645373715','64 Nguyn Khoi, Phng 2, Qun 4, H Ch Minh, Vietnam','H Ch Minh',106.694483000000,10.755097400000),('86dee47e-8444-11ea-95b4-8c1645373715','14 ng on Nh Hi, Phng 12, Qun 4, H Ch Minh, Vietnam','H Ch Minh',106.705795500000,10.766758700000),('86dee50e-8444-11ea-95b4-8c1645373715','3 Mc Cu, Phng 13, Qun 5, H Ch Minh, Vietnam','H Ch Minh',106.659248000000,10.750223000000),('86dee563-8444-11ea-95b4-8c1645373715','642 A . Nguyn Tri, Phng 11, Qun 5, H Ch Minh 700000, Vietnam','H Ch Minh',106.665783200000,10.754080100000),('86dee5de-8444-11ea-95b4-8c1645373715','642 . Nguyn Tri, Phng 11, Qun 5, H Ch Minh, Vietnam','H Ch Minh',106.666297200000,10.754127600000),('86dee63d-8444-11ea-95b4-8c1645373715','203 An Dng Vng, Phng 8, Qun 5, phng 8 Qun 5 H Ch Minh, Vietnam','phng 8 Qun 5 H Ch Minh',106.667540600000,10.755804900000),('86dee6a4-8444-11ea-95b4-8c1645373715','660 V Vn Kit, Phng 1, Qun 5, H Ch Minh, Vietnam','H Ch Minh',106.683654900000,10.752048900000),('86dee723-8444-11ea-95b4-8c1645373715','107 Cao Vn Lu, Phng 1, Qun 6, H Ch Minh, Vietnam','H Ch Minh',106.649579100000,10.746460100000),('86dee7bb-8444-11ea-95b4-8c1645373715','88 Thp Mi, Phng 2, Qun 6, H Ch Minh, Vietnam','H Ch Minh',106.650462600000,10.749994900000),('86dee841-8444-11ea-95b4-8c1645373715','Hm 45/67 Bnh Tin, Phng 7, Qun 6, H Ch Minh, Vietnam','H Ch Minh',106.642491700000,10.740580300000),('86dee8bc-8444-11ea-95b4-8c1645373715','114 ng Phm Vn Ch, Phng 1, Qun 6, H Ch Minh, Vietnam','H Ch Minh',106.649023200000,10.746200200000),('86dee93b-8444-11ea-95b4-8c1645373715','2D Ch Ln, Phng 11, Qun 6, Phng 11 Qun 6 H Ch Minh, Vietnam','Phng 11 Qun 6 H Ch Minh',106.634848800000,10.746579300000),('86dee9dd-8444-11ea-95b4-8c1645373715','3 Tn Ph, P, Qun 7, H Ch Minh, Vietnam','H Ch Minh',106.725198000000,10.732771700000),('86deeaed-8444-11ea-95b4-8c1645373715','1 Tn Ph, H Ch Minh, Vietnam','H Ch Minh',106.725144800000,10.732861500000),('86deebc4-8444-11ea-95b4-8c1645373715','504, 506 Hunh Tn Pht, Bnh Thun, Qun 7, H Ch Minh, Vietnam','H Ch Minh',106.729268900000,10.741525000000),('86deecfe-8444-11ea-95b4-8c1645373715','People\'s Committee Of District 7, 1362, Huynh Tan Phat Street, Phu My Ward, District 7, Tn Ph, Qun 7, H Ch Minh, Vietnam','H Ch Minh',106.726276900000,10.732111900000),('86deedc3-8444-11ea-95b4-8c1645373715','1364 Hunh Tn Pht, KP1, Qun 7, H Ch Minh, Vietnam','H Ch Minh',106.737028600000,10.713834000000),('86df01ff-8444-11ea-95b4-8c1645373715','175 Phm Hng, Phng 4, Qun 8, Phng 5, Qun 8, H Ch Minh, Vietnam','H Ch Minh',106.669344300000,10.739553900000),('86df0327-8444-11ea-95b4-8c1645373715','993 Phm Th Hin, Phng 5, 8, H Ch Minh, Vietnam','H Ch Minh',106.667443000000,10.742845200000),('86df03c6-8444-11ea-95b4-8c1645373715','126 ng L Quyn, Phng 5, Qun 8, H Ch Minh, Vietnam','H Ch Minh',106.666435100000,10.740894000000),('86df04af-8444-11ea-95b4-8c1645373715','993 Phm Th Hin, Phng 5, Qun 8, H Ch Minh, Vietnam','H Ch Minh',106.667816900000,10.742264300000),('86df053c-8444-11ea-95b4-8c1645373715','250 Tng Thin Vng, Phng 11, Qun 8, H Ch Minh, Vietnam','H Ch Minh',106.661542800000,10.747197600000),('86df05da-8444-11ea-95b4-8c1645373715','Dong Nai, Vietnam','Dong Nai',107.167597600000,11.068630500000),('86df064f-8444-11ea-95b4-8c1645373715','ng Nai, C x Bc Hi, Phng 15, Qun 10, H Ch Minh, Vietnam','H Ch Minh',106.662631600000,10.778896600000),('86df0711-8444-11ea-95b4-8c1645373715','Kp5 ng Nguyn Khuyn, Trng Di, Thnh ph Bin Ha, ng Nai, Vietnam','ng Nai',106.869128500000,10.984607600000),('86df0790-8444-11ea-95b4-8c1645373715','4 L Qu n, Kp3, Thnh ph Bin Ha, ng Nai, Vietnam','ng Nai',106.861350500000,10.959133200000),('86df0835-8444-11ea-95b4-8c1645373715','1048A Phm Vn Thun, Tn Mai, Thnh ph Bin Ha, ng Nai, Vietnam','ng Nai',106.846898500000,10.958061900000),('86df08c6-8444-11ea-95b4-8c1645373715','Long An, Cn c District, Long An Province, Vietnam','Long An Province',106.649762300000,10.560716800000),('86df0968-8444-11ea-95b4-8c1645373715','2523 South Blvd, Charlotte, NC 28203, USA','North Carolina',-80.864661800000,35.202363400000),('86df0a07-8444-11ea-95b4-8c1645373715','Long An Province, Vietnam','Long An Province',106.243120500000,10.695572000000),('86df0ac2-8444-11ea-95b4-8c1645373715','Long An, M Tho, Tien Giang, Vietnam','Tien Giang',106.338411400000,10.403241100000),('86df0b36-8444-11ea-95b4-8c1645373715','211 Nguyn Thng, Phng 3, Tn An, Long An, Vietnam','Long An',106.426193100000,10.532719700000),('86df0bc3-8444-11ea-95b4-8c1645373715','Tien Giang, Vietnam','Tien Giang',106.342050400000,10.449332400000),('86df0c4d-8444-11ea-95b4-8c1645373715','Ci B, Ci B District, Tien Giang, Vietnam','Tien Giang',106.029819600000,10.336734700000),('86df0cbd-8444-11ea-95b4-8c1645373715','Tin Giang, Phng 2, Tn Bnh, H Ch Minh, Vietnam','H Ch Minh',106.665512800000,10.808268800000),('86df0d59-8444-11ea-95b4-8c1645373715','02 ng Hng Vng, Phng 1, Thnh ph M Tho, Tin Giang, Vietnam','Tin Giang',106.364328400000,10.354977300000),('86df0ddb-8444-11ea-95b4-8c1645373715','Tin Giang, L Li, Bc Giang, Vietnam','Bc Giang',106.199245100000,21.269412400000),('86df0eab-8444-11ea-95b4-8c1645373715','Ishikawa, Japan','Ishikawa',136.528965300000,36.326031700000),('86df135d-8444-11ea-95b4-8c1645373715','Ishikawa, Uruma, Okinawa 904-1106, Japan','Okinawa',127.822041400000,26.437618600000),('86df13d5-8444-11ea-95b4-8c1645373715','Ishikawacho, Ota City, Tokyo 145-0061, Japan','Tokyo',139.682204100000,35.602966300000),('86df1606-8444-11ea-95b4-8c1645373715','Ishikawa, Fujisawa, Kanagawa 252-0815, Japan','Kanagawa',139.454226800000,35.379103600000),('86df1743-8444-11ea-95b4-8c1645373715','Ishikawacho, Naka Ward, Yokohama, Kanagawa 231-0868, Japan','Kanagawa',139.641064700000,35.437385300000);
/*!40000 ALTER TABLE `locations` ENABLE KEYS */;
UNLOCK TABLES;

--
-- Table structure for table `roles`
--

DROP TABLE IF EXISTS `roles`;
/*!40101 SET @saved_cs_client     = @@character_set_client */;
/*!50503 SET character_set_client = utf8mb4 */;
CREATE TABLE `roles` (
  `id` char(36) NOT NULL,
  `roleName` varchar(100) NOT NULL,
  `industry` char(36) NOT NULL,
  `description` varchar(100) NOT NULL,
  PRIMARY KEY (`id`),
  UNIQUE KEY `roleName` (`roleName`),
  KEY `industry` (`industry`),
  CONSTRAINT `roles_ibfk_1` FOREIGN KEY (`industry`) REFERENCES `industries` (`id`)
) ENGINE=InnoDB DEFAULT CHARSET=utf8mb4 COLLATE=utf8mb4_0900_ai_ci;
/*!40101 SET character_set_client = @saved_cs_client */;

--
-- Dumping data for table `roles`
--

LOCK TABLES `roles` WRITE;
/*!40000 ALTER TABLE `roles` DISABLE KEYS */;
INSERT INTO `roles` VALUES ('7800d1cb-8444-11ea-95b4-8c1645373715','Central Optimization Associate','780048f3-8444-11ea-95b4-8c1645373715','Iure corrupti distinctio saepe in consectetur atque rerum ratione.'),('7800de70-8444-11ea-95b4-8c1645373715','National Interactions Consultant','780049c0-8444-11ea-95b4-8c1645373715','Doloribus ab in reprehenderit pariatur dolorum non.'),('7800e085-8444-11ea-95b4-8c1645373715','Dynamic Data Assistant','78004855-8444-11ea-95b4-8c1645373715','Occaecati vel facilis rerum id libero dolore sit.'),('7800e15c-8444-11ea-95b4-8c1645373715','District Data Officer','78003ce6-8444-11ea-95b4-8c1645373715','Voluptas sunt aut occaecati.'),('7800e217-8444-11ea-95b4-8c1645373715','District Directives Engineer','780049c0-8444-11ea-95b4-8c1645373715','Voluptatum vel deserunt.'),('7800e2c0-8444-11ea-95b4-8c1645373715','Lead Interactions Architect','78004972-8444-11ea-95b4-8c1645373715','Et quae et voluptates est vel placeat cumque est.'),('7800e389-8444-11ea-95b4-8c1645373715','Senior Intranet Technician','780049c0-8444-11ea-95b4-8c1645373715','Animi in magnam animi.'),('7800e44b-8444-11ea-95b4-8c1645373715','Lead Factors Architect','780049c0-8444-11ea-95b4-8c1645373715','Sunt iure recusandae dolore eos maxime id pariatur quo inventore.'),('7800e51b-8444-11ea-95b4-8c1645373715','Product Paradigm Developer','78004855-8444-11ea-95b4-8c1645373715','Tempora et totam cumque.'),('7800e5d2-8444-11ea-95b4-8c1645373715','Regional Assurance Orchestrator','78004972-8444-11ea-95b4-8c1645373715','Sunt cupiditate dolor.'),('7800e666-8444-11ea-95b4-8c1645373715','Chief Accountability Assistant','78003ce6-8444-11ea-95b4-8c1645373715','Sit officiis nulla.'),('7800e717-8444-11ea-95b4-8c1645373715','Investor Brand Developer','78003ce6-8444-11ea-95b4-8c1645373715','Animi ipsum id at error.'),('7800e885-8444-11ea-95b4-8c1645373715','International Communications Orchestrator','78004855-8444-11ea-95b4-8c1645373715','Vel voluptatem fuga voluptatum est suscipit molestiae.'),('7800e936-8444-11ea-95b4-8c1645373715','Future Tactics Analyst','78003ce6-8444-11ea-95b4-8c1645373715','Illo natus illum voluptatem molestiae error doloremque architecto non.'),('7800eac4-8444-11ea-95b4-8c1645373715','Principal Functionality Specialist','78004855-8444-11ea-95b4-8c1645373715','Et aperiam aut exercitationem dolores.'),('7800eb91-8444-11ea-95b4-8c1645373715','National Optimization Supervisor','78003ce6-8444-11ea-95b4-8c1645373715','Incidunt et debitis tempore inventore et.'),('7800edf6-8444-11ea-95b4-8c1645373715','Customer Markets Representative','78003ce6-8444-11ea-95b4-8c1645373715','Ut eaque fuga illo consequatur deserunt odio voluptatibus.'),('7800eebf-8444-11ea-95b4-8c1645373715','Central Infrastructure Orchestrator','780049c0-8444-11ea-95b4-8c1645373715','Et tenetur aut.'),('7800ef93-8444-11ea-95b4-8c1645373715','Global Directives Director','780048f3-8444-11ea-95b4-8c1645373715','Delectus et fugit rerum et nisi dolores sed.'),('7800f0db-8444-11ea-95b4-8c1645373715','National Identity Orchestrator','780048f3-8444-11ea-95b4-8c1645373715','Animi omnis iure beatae eos itaque quis.'),('86dde385-8444-11ea-95b4-8c1645373715','Lead Quality Architect','78004972-8444-11ea-95b4-8c1645373715','Autem ut rem suscipit.'),('86ddf4eb-8444-11ea-95b4-8c1645373715','Direct Accounts Assistant','86dd19c6-8444-11ea-95b4-8c1645373715','Excepturi a aliquid dolorum.'),('86ddf617-8444-11ea-95b4-8c1645373715','Human Security Designer','86dd2ecf-8444-11ea-95b4-8c1645373715','Labore minima voluptatem iure ipsa provident accusantium.'),('86ddf6e3-8444-11ea-95b4-8c1645373715','National Accountability Producer','78004855-8444-11ea-95b4-8c1645373715','Optio earum ullam amet.'),('86ddf7fd-8444-11ea-95b4-8c1645373715','Chief Usability Assistant','86dd2ecf-8444-11ea-95b4-8c1645373715','Doloribus maxime id inventore placeat nesciunt quibusdam.'),('86ddf942-8444-11ea-95b4-8c1645373715','Regional Intranet Agent','78004972-8444-11ea-95b4-8c1645373715','Perferendis molestiae optio.'),('86ddfa9b-8444-11ea-95b4-8c1645373715','Dynamic Usability Representative','78004855-8444-11ea-95b4-8c1645373715','Illum distinctio tempore aut ipsa exercitationem voluptatem eos et eius.'),('86ddfc26-8444-11ea-95b4-8c1645373715','District Marketing Technician','780049c0-8444-11ea-95b4-8c1645373715','Et necessitatibus repellendus ut.'),('86ddfdf8-8444-11ea-95b4-8c1645373715','Corporate Infrastructure Representative','78004855-8444-11ea-95b4-8c1645373715','Rerum vel sed facilis blanditiis quae molestiae quasi.'),('86ddffc2-8444-11ea-95b4-8c1645373715','International Division Orchestrator','86dd2cfa-8444-11ea-95b4-8c1645373715','Odit velit id.'),('86de0182-8444-11ea-95b4-8c1645373715','Dynamic Applications Supervisor','86dd19c6-8444-11ea-95b4-8c1645373715','Et ab et.'),('86de050c-8444-11ea-95b4-8c1645373715','Corporate Factors Manager','780048f3-8444-11ea-95b4-8c1645373715','Qui unde repellendus quis odio atque sunt.'),('86de065b-8444-11ea-95b4-8c1645373715','Product Division Architect','780049c0-8444-11ea-95b4-8c1645373715','Aut ullam expedita eum ad ut doloremque.'),('86de07a3-8444-11ea-95b4-8c1645373715','Human Group Manager','78004972-8444-11ea-95b4-8c1645373715','Alias iusto optio rerum consequatur rerum ducimus ratione vitae.'),('86de0940-8444-11ea-95b4-8c1645373715','Regional Implementation Coordinator','78004972-8444-11ea-95b4-8c1645373715','Voluptatem iure culpa quidem.'),('86de0a7d-8444-11ea-95b4-8c1645373715','Central Communications Coordinator','78004972-8444-11ea-95b4-8c1645373715','Atque impedit dolor omnis doloremque sunt sit et molestiae qui.'),('86de0ba9-8444-11ea-95b4-8c1645373715','Legacy Creative Analyst','78003ce6-8444-11ea-95b4-8c1645373715','Nisi minus porro enim animi error tenetur voluptatem.'),('86de0c7c-8444-11ea-95b4-8c1645373715','Customer Communications Orchestrator','86dd2ecf-8444-11ea-95b4-8c1645373715','Et ut magni nulla quod officia nihil deserunt.'),('86de0d57-8444-11ea-95b4-8c1645373715','Customer Solutions Designer','78003ce6-8444-11ea-95b4-8c1645373715','Eveniet doloribus eum.');
/*!40000 ALTER TABLE `roles` ENABLE KEYS */;
UNLOCK TABLES;

--
-- Table structure for table `users`
--

DROP TABLE IF EXISTS `users`;
/*!40101 SET @saved_cs_client     = @@character_set_client */;
/*!50503 SET character_set_client = utf8mb4 */;
CREATE TABLE `users` (
  `id` char(36) NOT NULL,
  `email` varchar(320) NOT NULL,
  `password` binary(64) NOT NULL,
  `salt` binary(128) NOT NULL,
  `customerId` varchar(30) DEFAULT NULL,
  `userType` enum('employer','employee') DEFAULT NULL,
  `active` tinyint(1) NOT NULL DEFAULT '0',
  `subscriptionId` varchar(30) DEFAULT NULL,
  `resetCode` char(6) NOT NULL DEFAULT '000000',
  PRIMARY KEY (`id`)
) ENGINE=InnoDB DEFAULT CHARSET=utf8mb4 COLLATE=utf8mb4_0900_ai_ci;
/*!40101 SET character_set_client = @saved_cs_client */;

--
-- Dumping data for table `users`
--

LOCK TABLES `users` WRITE;
/*!40000 ALTER TABLE `users` DISABLE KEYS */;
INSERT INTO `users` VALUES ('77fed7c7-8444-11ea-95b4-8c1645373715','Marc80@gmail.com',_binary '\\\\G#,GD \\\?\B~#\t\zturHdy',_binary 'A\ \9h\rvE\6\SS@X\J2[\\:6F\?\r#1vo>\~k\\,j\gz\V\\XJ78XLc7Mw>\\|T\VwC\'\jLbTs\a:',NULL,'employer',1,NULL,'3i8gmp'),('77fef5d8-8444-11ea-95b4-8c1645373715','Jedidiah_Dickens67@hotmail.com',_binary 'U\`N-`zM+o|q*T?\Cd\9t\DQA \n=	v)6+\\ sw',_binary '(\\p\nB\'\UXn<#J\/\	S1\o-3:;\Z\\F&\12P\\rLd\+u\A\\Z\$X+S^_o,u%Z4\\i%\;]\}h\n+\ivm\\^',NULL,'employer',1,NULL,'7z4ed7'),('77fef6d6-8444-11ea-95b4-8c1645373715','Antone_Osinski@yahoo.com',_binary 'i\{\\\'\\.UBbh\\Z\n{\I\_\6@e/3\\l4\\YC\\d\$Pc',_binary 'Ws\"\0\w9X\/Gu\2A5^\\\8\\\\\o\[N1J\rF\*w\<\\fj:IN\ .*T;\uMm\\a:\r:',NULL,'employer',1,NULL,'4lr35x'),('77fef76e-8444-11ea-95b4-8c1645373715','Jena66@hotmail.com',_binary 'Ttc\~u\\Z$V\ZHv\fTm\DN0\9\',_binary '3!UBr\DjK<V^DxJ\\!&c\vUe\\!\\\@2:\IH\r\v!6B\0|\9u\'VSR.5\Z\.\tX\e}x\'Y\n\\\\b\/\\ywkq ',NULL,'employer',1,NULL,'vm87pa'),('77fef7ed-8444-11ea-95b4-8c1645373715','Muhammad80@yahoo.com',_binary '\)a>^$}\\\\\:YE7\mx\\,e\n\0WH#',_binary 'SzJ E{2XP\!\23\>\r\F)O\<Z\\78JD&E\\\*O)u+\1\HH\0mp\\\R(%\'{}\rA\=\lQ2E\',NULL,'employer',1,NULL,'h2adag'),('77fef87d-8444-11ea-95b4-8c1645373715','Zita_Rempel63@gmail.com',_binary 'mwQ\\5=8V\1\bMIXf4\3r\;9`F_e4c\\',_binary 'Qn?^C_uT>\'t\\\zq=p\V[LBA\#^\\\A\\yfh6{0\AS\\9\\X?#xRC\\sGO8\\X\\\o\rI\*7',NULL,'employee',1,NULL,'nv9gkt'),('77ff0523-8444-11ea-95b4-8c1645373715','Sophia.Hills@yahoo.com',_binary '\\T}\C\\\\BY]Et-l_\"NWXqu\x\k\{O\Z',_binary 'j5ESyt\v\xU\^Ay\n2\\C\\y\$\\\X;g;Qa \;ib\\^^xb\\m\\u\t	>!X\r	\=\\#@,.}D2!5=\ciJ',NULL,'employee',1,NULL,'sxg0uk'),('77ff05cc-8444-11ea-95b4-8c1645373715','Percy54@hotmail.com',_binary 'Rd,f\dhdI\-(\%w\h[ \\"\j\l}\My\G\"UJM5',_binary 'mD*)17i\As`\J\-\/c^B\8_t\R\\|u\8\\0\T(\yj\\W9\\DO\Kw\2wf\a\9u*y9\(\\9\;TW\X\i\\@J \dtIU',NULL,'employee',1,NULL,'d5zuiv'),('77ff064e-8444-11ea-95b4-8c1645373715','Sabryna84@yahoo.com',_binary '\-\-F\OAu\\cR\eP\,txr9KN \\\+\7)\\jr\',_binary '\w$GZ\o\\rr.\\n\0\T\\\F\f\A{tz[\=N{i5@D/qx\\Q\J{\g\c\\d79	j\$Cr^D\\/',NULL,'employee',1,NULL,'mkw18b'),('77ff06d4-8444-11ea-95b4-8c1645373715','Julius27@gmail.com',_binary 'm1E?{\+VlMq9v}\1\zya32\m1et\@1w',_binary '\n \Z\9Wb\{5E5\T_r\>)5\\\\G	MonLW\Nj\\\?\\ZK\\\\`:[3Rq\\\$	<\w\F\\s)Ag-t\~i\mE',NULL,'employee',1,NULL,'rbvats'),('77ff0753-8444-11ea-95b4-8c1645373715','Tavares.Hodkiewicz53@gmail.com',_binary '\\\\ d\Dpm2@*\DUTUpO$Ww)9\'c.A#e\KL2n\\k',_binary '+ M\\FUDT9\r\5\Z\\~OH\\q\\\G[F\\\\#~=a\\"4w\fJ)A\A\\\\B%\\G\t#Hoet\i`Z\"=rR[P$',NULL,'employee',1,NULL,'rg8pzb'),('77ff07d2-8444-11ea-95b4-8c1645373715','Lorenzo84@gmail.com',_binary '\\M(<\\\u\LV#^E ]Hwt\n{qfdm\i	x\\',_binary 'n\\qC,76\\l<\`4\ap\jR]S[\s,&3\\y\r3;q@\R\\\O\Aq C\c\uBS\q%Sm\!\\\ueT\36SDzQ',NULL,'employee',1,NULL,'g9vd0z'),('77ff0855-8444-11ea-95b4-8c1645373715','Marcel14@hotmail.com',_binary 'A\r4A`\ns1\"V`JNDOz\\Bfd\PLA\\\ZZKnI/\;',_binary '\tkw[\k*q\\\:z\@,F\\>E\F\\"\\30\^\C4Oi\\\"\5e\r\\\k\\\\'ri\\\"N\&M7t\{8lM*\ur\iU\I\\',NULL,'employee',1,NULL,'btxbwf'),('77ff08db-8444-11ea-95b4-8c1645373715','Herman_Pfannerstill5@gmail.com',_binary '	\Y\Pv`E\\Z[#~o\\Z\v2\=WJ<z{Fh\\zPE6\\4rV0#c3<',_binary 'L/Ta\\@lZ\*\v|\ \cCz\7\"T\\Ae]\\\*\\J/_E\\\\r\\oMZ{3z\|\&B&}\x/k\&#\oN\i,9',NULL,'employee',1,NULL,'k0ol87'),('77ff095a-8444-11ea-95b4-8c1645373715','Lonzo_OHara54@yahoo.com',_binary '\\\\`\0l\ @/\\X!d2h\\l\TZ\J~\"c=\',_binary 'I\tahF\H>Hc5\ob5ZS\3T/MW\hp\'\'(\M\\\A~{%\\2A3n6v@NC[R\\,XCrT.\\0\:_Zq\rA\rx\.\`\',NULL,'employee',1,NULL,'xiy7ye'),('77ff09d5-8444-11ea-95b4-8c1645373715','Alfreda_Walter@yahoo.com',_binary 'f}U.\+2}\y\\{\0E.\\\=am\;\X\BJ`!P>*f!kFRM',_binary '/?\@\3Dgh\\\\\gl\\\6hI\\~\	\s\J\\>\\2TH^\v_\#\\0\\,S\\j\M\7}0dU\\\\\\p9L=\"\',NULL,'employee',1,NULL,'5xxiw9'),('77ff0a4a-8444-11ea-95b4-8c1645373715','Afton28@gmail.com',_binary '\\\'!n\\Z\\`\\0/&\s\@\\S\0|j\\Q_D\\@D\&iSeBVsN\\#',_binary 'F8D\rZ\&D\r\X5.{\7q#i\y\^0Fr\X\\\\!1vYz\\j7\\@/p3vx\\vc\\\BzMe#Z\\T(L119	#+\c=D\\]',NULL,'employee',1,NULL,'md1hqr'),('77ff0ae1-8444-11ea-95b4-8c1645373715','Pat11@gmail.com',_binary 'Bz\5nh!\\\\	\\\K&@!.\\0\Z\Z<\_Jjxp\,',_binary ',J\\\\&0r,\6a\\{Q\E^E\n	u\An\\\&A:5(\0\fRF/1\6(4B07IMl\/:&\q{\b\0*\\\'\M\v3\p0',NULL,'employee',1,NULL,'k2bxfx'),('77ff0b67-8444-11ea-95b4-8c1645373715','Assunta_Hahn@hotmail.com',_binary '\AQ	\\5<vWt\Xt\e\|\<(?\Q\r\G>*\\\(J',_binary '\6r2Ba_W\g3\E\HXV\B::=;;	\_tc\/Unfl{oOS\\n\}h\?G\\ \\\\\$n\\\\z\T]',NULL,'employee',1,NULL,'89tdv4'),('77ff0bea-8444-11ea-95b4-8c1645373715','Juliana_Wilderman@hotmail.com',_binary '1I*\x#N\\\\m5{\"y9]HEyR\\\\\\]HZ\\P\E\g\6a\"',_binary '@?-\p\xXjj.\\_`\R\\\kB\\=2cG%/kxT_B\r\s\\HnbAD+\Rex\]/\8\`L[\>>\\L\20\\Cn\hu',NULL,'employee',1,NULL,'lmzuhm'),('77ff0c50-8444-11ea-95b4-8c1645373715','Ronny.Bednar@hotmail.com',_binary '\!D\dj\n~cmk	fb\Fx\\\tPHm]@d\.`U\VB\',_binary '\\L\xvj	exnQR$\0\cH\\n\FE&41f\$\4-\7S;y\\_f[Mp\D\\B64\BT9\+L\	',NULL,'employee',1,NULL,'ule5vz'),('77ff0ccb-8444-11ea-95b4-8c1645373715','Norbert.Mitchell63@yahoo.com',_binary ' {\\x$j*\\\:9,\W\\})\b/\U\T\\0-\',_binary ':T< @_\u\\x\7Q\0!trfU\-\u	\!\\Fl\\04-:?:\	\*n\DXH$\g-\DLdRXy\V\i\P\0{\lp',NULL,'employee',1,NULL,'du5wdn'),('77ff0d4a-8444-11ea-95b4-8c1645373715','Margret67@hotmail.com',_binary '9\\nw\'\\mc\2U\8PTY	WaHj:M8s\\a\n',_binary '\*\XH\=S\GQP\<Y\\O>t>,E{*\\\)\1X$\\li\n4\{\:\\\\\U=\\\y\knK\\gn +\s\Yi$0\0]/\nLF\0)',NULL,'employee',1,NULL,'zizp9r'),('77ff0dad-8444-11ea-95b4-8c1645373715','Jonas.Davis@yahoo.com',_binary '^u/\=\+c\#L\\va$^n\]\Q\'\\G\\n\\HcR',_binary 'jR\c\"F#\{9\ \5\n=\"W\Z\y\^mrBHZFH7\y4\\\h1?I\'M\Z!\:v(68}\v\"dYZ.C\DUy\6\c\"odexR|!',NULL,'employee',1,NULL,'9epe6v'),('77ff0e45-8444-11ea-95b4-8c1645373715','Faye_Parker87@gmail.com',_binary 'H\'\3{gw\\S\\>B<\`WM|\\n\HG9cV[\a9J\',_binary '\rfr<-7\-\tch\tl83\c\JNu8\\qD:\\\~ZVWsQH\\s\\\mw BT\\,e\\Z\t\4g^w\\E|n\\\',NULL,'employee',1,NULL,'ipcsmp'),('77ff0ec4-8444-11ea-95b4-8c1645373715','Wilbert_Rohan@gmail.com',_binary '\\ (MN\\\\]\\\9\p\"\\Px``j)Ho?',_binary 'G\n#\\\:x\\rp\vrIG\\\r4\\\7q\\\-1!2l\\t\	L7S?xM\0h)Fdn)py\)w{>\f4<g\#[^\\q,{',NULL,'employee',1,NULL,'0blrqn'),('77ff0f3b-8444-11ea-95b4-8c1645373715','Brian33@gmail.com',_binary 'Si\/\%\lj\'q2\Z\)v\";G\\\\\3\\DI\IlL\\{7O2PA',_binary '\<i%hBN.\mw7\!Olq!#AxV6%.\9\\mwnu`/$;}F\KW)xX\3\<\Z?\\\r+\Tpx\0nD]\'\\\(W\V_F[!yk',NULL,'employee',1,NULL,'edmr5p'),('77ff0f9b-8444-11ea-95b4-8c1645373715','Susan.Kilback@yahoo.com',_binary '_Pg\\\\\2\U4k\\h9x\D<<0\*\cO\\\d\QW:h~\B',_binary 'Cs&&\2_\Um*F\hyf\I?\Yb7*Ej\_!o\\Z$+(xG\\xc=\\J\V}\_Jv}n\,3w]yw/*\\cHLG\CUg\n',NULL,'employee',1,NULL,'d7xepi'),('77ff102b-8444-11ea-95b4-8c1645373715','Jonatan45@gmail.com',_binary '0M7xJ\E#Y\WIi\[\\\H;mP\<\/hF)\',_binary 'IXX\zt&j-G\ng.Go\.y\	ca\]ta\\)NG?q}\\ZK\%v:\a%\gmqZ\\\\Th_ZXD\\pt<J\*l',NULL,'employee',1,NULL,'8bmce0'),('77ff1165-8444-11ea-95b4-8c1645373715','Anabel_Reinger@hotmail.com',_binary 'x\+\\)\\mb<$\{eSBY\	)\\e@7%\nTz',_binary '\nT{2S>&,h{\^?mS\\	M$u}TM=\5JO\,uM}cY}e\z\4\L[\5pZ\\\s0sh~Ji\\C>xg\',NULL,'employee',1,NULL,'r800us'),('77ff11e4-8444-11ea-95b4-8c1645373715','Freeda.Hayes10@yahoo.com',_binary '\\">\\?\)\q\g\\\2|{k6\VZe9\?W\\Zs2z5dL\0-Zr',_binary '\0g\\n;vx\\N{<qs\y\\^p\8k\lt<\\uSwl~m\Z2@w6\\nPV\"7V\n.E5\DTtS\D1\'1_\97\XvRJ_ %t',NULL,'employee',1,NULL,'6d2tar'),('77ff1336-8444-11ea-95b4-8c1645373715','Fae.Dach@gmail.com',_binary 'A;\gq\t\ T\qo\\}rS}&\\MvWUd<\F\\\EBY1\"E.[\\G\',_binary 'AW\Z\<\\\\%Hm[	\r\\\M\sF#\"F(\OS\ \6X\\f2Z\\R/Kp!\ZD|\y@\nZ\\0LD/rd=#j^zC_S8n',NULL,'employee',1,NULL,'wp6xhg'),('77ff13c0-8444-11ea-95b4-8c1645373715','Wilford.Corwin16@gmail.com',_binary '4TfCV\Md\\\{vP$\^&\'\\4(Hi\\\\^(\\<53\\\ /',_binary '{\&A\P\Mnp32r4\'PHg7\7\Ec\9i\!\~|*zO\-p~Ld\'l4DTw\@\P;c\D^u\>87\f	\0-}[V6\(\\\',NULL,'employee',1,NULL,'lixvz5'),('77ff1423-8444-11ea-95b4-8c1645373715','Whitney_Von13@gmail.com',_binary '+\\A^\rgXNQ>m\V[,8q\w\a\.49B^N_>\\\\07\Z@9',_binary 'd(I0)m\j2?j<V\d=y93.\,I\\J>\\[y\Vs\<~S596\>\\|\\{,j\6+\h\Df\\\^Q\2\1L1\&a\\L',NULL,'employee',1,NULL,'rli1yp'),('77ff14b7-8444-11ea-95b4-8c1645373715','Marianne63@yahoo.com',_binary 'b\K\\5\!9I#\D\\Ze\p\F\Z-\*}\"R\q\d',_binary '|\_\r&7 5!\E\I\h\\\\3\Y^k|m_.\0\$we\\\\)>dmb0]27>L\\r\`\\O|*n-\<\\E\6\\I>9kR\\',NULL,'employee',1,NULL,'34t0mu'),('77ff1536-8444-11ea-95b4-8c1645373715','Raven11@hotmail.com',_binary '\_\[~#&\{\rS\Q\?S`\\$\\{^:\2Z\0(\UX\4w:\\\',_binary '\\\\\\\)h\W#j\ZKf\\d[\\\n\kT\7H\nY|M,[4\2\?%wf\aV\\z8O\RT\}2\"}`=co\BAnh\,\\;\',NULL,'employee',1,NULL,'1oc44g'),('77ff15b1-8444-11ea-95b4-8c1645373715','Brigitte_Bernier32@gmail.com',_binary 'O<\\\ %9\\\\r\\\V\r\We\>F\e\\.d\WQ\V\\nYO',_binary '-;OO]i\\\)U^a\y\Ad6~\\=^^dga\'.~.S7\.GWr |w#9\s9\NYY3L/s0;\\e\2s\SB',NULL,'employee',1,NULL,'0u5el9'),('77ff1610-8444-11ea-95b4-8c1645373715','Minnie_Abernathy16@gmail.com',_binary 'b[<\nw9ia@|	{S\@\GqtOc\J\:\L/D&\0	5 [\f]',_binary '\\ y-&\f}\rgY\\4iXy\[f\\A	<rM\nh\-CO\Gzk()\"v\\ZjfA^\K~4\]b)g\!>WWv=\0nH~\0[\',NULL,'employee',1,NULL,'u1eon3'),('77ff16a4-8444-11ea-95b4-8c1645373715','Lolita.Terry@gmail.com',_binary '\[	@_-SF[\\\-\<AE4:{T^k\\\\o\\ws\qI\rl',_binary 'L\S\k\Fm4\;\Z\T\L\\\>\IA\\\{%W:`\j9N9oT&p|3\Z\\\cMs,\^^*nVf_au\\/<6\\d\ g&\',NULL,'employee',1,NULL,'3kcc1u'),('77ff1720-8444-11ea-95b4-8c1645373715','Devon24@hotmail.com',_binary 't4F_d/{\m\\\Ayqhs.j\\{\F\<+\Pcf\[[\ZO{e\E%\Z',_binary 'S\R\\&\\\'sSef5t\HFd`\N0|}3\mEC\\naw9\\\\+\\\H\0\\\z\bro\?5\\\y#{\\d4\\){\JL?\\L',NULL,'employee',1,NULL,'sgnny9'),('77ff179b-8444-11ea-95b4-8c1645373715','Fatima_Braun@yahoo.com',_binary '0\I\sC;[a\"\\c!p/4.@,\\c\P\\z7IIji)\\\\"',_binary ';\=vO**1}_0pu\t/o4\\}*\{ .\qdGJz\K+{QB !|\={5/I\J\\'d\M\j\E\]9\r\\]\";g[#',NULL,'employee',1,NULL,'csb153'),('77ff17fe-8444-11ea-95b4-8c1645373715','Favian.Crona6@yahoo.com',_binary '3\\\0avS\\tC\\4\L\T<X\r(6*\0\"Y\\',_binary '\\\\q`&Vp\B\;_Ic\M\:L4\K\r:\by\nN3i\uV\8Q\Qw6a_w\Z\"\gIBhy$?\\ZxJ:%kT\=\\\zh$fc	3!\',NULL,'employee',1,NULL,'jh0z85'),('77ff1881-8444-11ea-95b4-8c1645373715','Kory80@gmail.com',_binary 'Q*\\\"\$P4F\\\oep.y()^5Mx./WDI3\\,V\\Z',_binary '\\!Mz\g`f~q)e\S.\\ \\`\\\%\v_O\}U+\jSI\j\c\7\\r2H\P\$`\\\+\\np\n6\l<`\1RlB`\}v\3',NULL,'employee',1,NULL,'6vdxud'),('77ff18fc-8444-11ea-95b4-8c1645373715','Shea.Hudson@hotmail.com',_binary 'ms	i4t\;\\'U\\{>\B\\rl+(A}4&\&yS+o@\)\\#',_binary 'tU@-\z\>t;6\`\DE@tbiD\\jF>\g\GP#\"d`QDZ+ujd3\\\d4	\i)\=\nc4v\x\DOz69f\\r\/\#',NULL,'employee',1,NULL,'ezmb1d'),('77ff1977-8444-11ea-95b4-8c1645373715','Joe64@gmail.com',_binary '\n\\ir;\s\'6J\M\\N\W\nn\\Il\*\\\\0\\W\\Y',_binary 'x0\\"3\O1i\\Kj\\h*\F4\\SFI8JP\\\&]C\FoOtP\\Sw\/\\\r\\'\r|`<-\\C/\\(\u\\WA}\\ JTw:',NULL,'employee',1,NULL,'8d5egv'),('77ff19da-8444-11ea-95b4-8c1645373715','Armand_Hane@yahoo.com',_binary '\Z!\\\6@^2(B`\+a0+}t\Y-e:\\!;OfhtFlJ\',_binary '\L:\g\\s\iJ4g\\'\\o<0\i\gu:\\>\"\\5\	Q\"\*f4*l\n\e\l\q2u\7\\49\h]\P~$3*7\\\',NULL,'employee',1,NULL,'q3fmf9'),('77ff1a5d-8444-11ea-95b4-8c1645373715','Lester85@yahoo.com',_binary '\'<\"~\s%\S`m|\DS\KeDgr\<e\Iil\TE7jX\O',_binary ';L\<M\V2YDcV+\0\\l\\t:_\\\o\sweCO2 {~kEH\x\R*l\IaP(}\,@\~x-\",\X\r#\:B}\\\\\*',NULL,'employee',1,NULL,'ei6zio'),('77ff1ad8-8444-11ea-95b4-8c1645373715','Remington_Bednar65@yahoo.com',_binary 'dB\c\S$\_l7\Q:\"F\\"+\8<\]JPW\L',_binary '\S\iQ\!/MK\\T\\\\o\\\[1\"\WUmX\\me\\}>\Vo\J\c~oP>N1q\Y\\i3Y\b\c\\D\-\?[',NULL,'employee',1,NULL,'ax8hju'),('77ff1b37-8444-11ea-95b4-8c1645373715','Garrison_Grimes@hotmail.com',_binary '21\+++	\"$lPGg5\Vu]/\#aM\E\(m\\\Y\Q)\K',_binary '\.\\\T0B3/dY\vnDH{|tbPrS@!f\8\W\a\pl\'=^~GW@Bw<\i\\V\\0\\\h\!\\?a=I(_|]W\\1',NULL,'employee',1,NULL,'ai899n'),('77ff1d33-8444-11ea-95b4-8c1645373715','Cecelia89@hotmail.com',_binary '2\:2G;\\to>b,#\6%+\9>\Ya\#\j3\.66-NXbw8',_binary 'A0Z\\Ya\\\y[c0\\$\Zd3\\\^\\\'\\|\Ep\\tWHk\\Zp\\0\\\l\\nz0\A\uO-A#\\n\h\\V\r\w\\N8\',NULL,'employee',1,NULL,'ho6kcx'),('86db64dc-8444-11ea-95b4-8c1645373715','Muhammad_Lehner25@hotmail.com',_binary '\%*\\nL\yA\\\\"\&j\IBBnFI\Yvu\!\[\Z\',_binary '\\\\TT\\_~O\\\\|u\\a=a$R\\\OF\0\YOss\S\\9\e?o\!\\\\\n^\\I\\Q\\\n\\JGFr\TCIi\K\rm\\y\\?\',NULL,'employer',1,NULL,'ce93zm'),('86db7e63-8444-11ea-95b4-8c1645373715','Adalberto_Macejkovic70@gmail.com',_binary '\d_\{2 \\`a\d\Z\"\\\!\W=iC\fL=S.Q_f\',_binary '\	\b\{6L\\ti 5O\,#^F1\\\"\u\/P\\\t1Jmt}>\#\\\	\y;<7\\x\rY*h@\1T\U\\B\*\~\0O-',NULL,'employer',1,NULL,'lxhnn3'),('86db7f52-8444-11ea-95b4-8c1645373715','Maud41@hotmail.com',_binary '\=^|f	\I\D0\\Et\\Q\)vi@o\\-b\!l\dv\',_binary 'W2\h%PF#} \\\`\';\,\\\HZ2z\wetRc3]ex|\]\n!.\\^i\\\p\Mu=&EkM\hn\\bNlu\Og/B88',NULL,'employer',1,NULL,'uovkfx'),('86db7fea-8444-11ea-95b4-8c1645373715','Rae_Kertzmann41@gmail.com',_binary 'Wb%6\\>]\6\Q	P8+\PT&(^\^\\j\[?\~)',_binary '2MDm\IL1\:>Ka\08\\\:\\r\ZcM\|\d\Z\\%k$ach\\a\"\\\]\\\\yTG\Z\JL\7\\V7T*I2/x	\^M',NULL,'employer',1,NULL,'00qdr5'),('86db807e-8444-11ea-95b4-8c1645373715','Lorna.Ullrich7@hotmail.com',_binary '\2\r\z\'\"\AC1\S6;+!D\8a\v b\r\zf$yO\"',_binary ';\\\q%C\\\\34/\5J@}3|\h^\x\1T\\'\\=PVWp\?t=V\\\7,R@l7Zb\\'U\\74VYO:f',NULL,'employer',1,NULL,'qlxlrg'),('86db95a9-8444-11ea-95b4-8c1645373715','Rupert8@hotmail.com',_binary 'y\ \Z\\D w\|\\Z[aD\\\A\Y]V\0rA\\^\9<\\\q	',_binary 'Pu7me\J+-\\T\`\K |\&z\\Leg#<X*;U\W\AW.h\0\'*h\&m).\_\F<\k\LBF|\QI',NULL,'employee',1,NULL,'zveh5n'),('86db968b-8444-11ea-95b4-8c1645373715','Kelsie96@yahoo.com',_binary 'VAw\R1<XV\i?2\y	\"2\TQ\r\V&c^a\\$yc5',_binary 'B,\:m\G\ +W\r\FTW,XJE>\&\	\$@\(\./czpVOTF\:\!<\.\iV\\\Zwl\C\B\XYvL1Db&uY:+d',NULL,'employee',1,NULL,'i8bxm4'),('86db972a-8444-11ea-95b4-8c1645373715','Kiley_Kris53@hotmail.com',_binary '09\ U\f5M:\\v/A\n\\Zu\Y]A	/l\' g0#\)w\\\\j',_binary '?\fS*\\\c\"Xv\\\	YNhf\teR\h\$3pxMKMd{Xs7$Y\(JI\\f;<\:!\\\\\U\O%nx:~C(',NULL,'employee',1,NULL,'el4w48'),('86db97cc-8444-11ea-95b4-8c1645373715','Anne_Kovacek@yahoo.com',_binary ');W\\ZBu e@\\  c_zQ.m\i\y\\\\$oI\<\=N\d{]',_binary 'vE\0{Z\Zx|t\l\>\.\"\;ZBN:%\HGJ\0I\GM_9\\\I\Bg=y^R\D J/\-z]vP|Ig\$k\@\',NULL,'employee',1,NULL,'o1rvix'),('86db9855-8444-11ea-95b4-8c1645373715','Antwan_Conn@gmail.com',_binary '\\`\p\KcgIE0\l\6\\qA\&Jn=\\'\ard\e`L$Z\^\2-',_binary '\\Y9OMC8y,\\q5M\(i^P(=G\\l \-8l)_\x\Z\H\6,\H2r8!HuM2nm(\'\Z9t\l:r<v\z\d\\|\uD*\',NULL,'employee',1,NULL,'2enas8'),('86db98df-8444-11ea-95b4-8c1645373715','Julie.Heidenreich@yahoo.com',_binary 'o#\\BRi\6\t> \	-\Zo2\\	\ZE\}\v\\Uq\.Y\y\\?goB{\',_binary '>m\~\x\<D\l\\\\n{\w:Bv5a\z\[\\\\y4*5\"?7\\\X\\iil\IB7\Sf\$\'h\OjK(\ s\i\\\Z%K|^',NULL,'employee',1,NULL,'4jcjhl'),('86db996c-8444-11ea-95b4-8c1645373715','Mercedes.Ritchie@hotmail.com',_binary '?\B~??\\ <\[<\1)1;x!\nv9j\\*`2LU',_binary 'Nl k\d\U1\\y\\%udM{YW7]\u-\@a\\fo\yW\r&q&r`\\:\w\\"\\oc,k\\*~\E2-\ZP91nh\\\(\',NULL,'employee',1,NULL,'q263l8'),('86db9a07-8444-11ea-95b4-8c1645373715','Eda.Zieme@gmail.com',_binary '\[\\HPN0\\r-[\A3\l2\-\\\!X\'\_\1:kn\C',_binary '(b>0v#\a\\Zg1ck0\\\\1{\k)7\].Cu\PSM~m\8+\R1a\\0\\4at\\\t9!\\\<\U\\Z\\+\q\\',NULL,'employee',1,NULL,'o2v0ll'),('86db9a75-8444-11ea-95b4-8c1645373715','Theresa70@hotmail.com',_binary 'p+5h\\\obZG\\\\M\l\0?Z\\\\xRo\) {>c\'\9',_binary 'q\\.8	\\\"\^dS:\\\A\9|8\\W\	Kb\\}2=ZHM\2WU\\D\\\8C8=jx?!J\+\\B\0\\y\z<)',NULL,'employee',1,NULL,'8daxkl'),('86db9af3-8444-11ea-95b4-8c1645373715','Bradley_Hessel61@gmail.com',_binary '<\'Eoo\EL\0H\\X3L7\\\^h\\\]\rff\\,\`DaZz\k\{\',_binary 't>8v\w\\J\\\\-(hb\&\"\\R\VPh.`E\TtD\.	u\Sz\\auq\\]2w=Os~\I;~\(\[|ySv\',NULL,'employee',1,NULL,'5ipc84'),('86db9b7d-8444-11ea-95b4-8c1645373715','Roman_Hackett@yahoo.com',_binary '\s`O iV\\r/AL\ywI\\%\\\4 \r\$0~&l{\',_binary 'V|\E{ A\,\n\\Uzy\/`\\qA<,\H)L\FUy	PHC!\fU\r\\Z\Tk\\=\8\5\&`].\KZ^!F/\\55\mv\',NULL,'employee',1,NULL,'0muq9a'),('86db9c0a-8444-11ea-95b4-8c1645373715','Lavina7@yahoo.com',_binary 'D\`6H\n\H.3\\"%4ChkZ\k\nyA9E\0\Z\\O\',_binary '4\\\\\\\\\>/\n=l\2\nqe1G	7\_H\\\|\\9.\0\\i\\6\z([~\vi#A)n~\\b\x2$\-\6\5[d5L8l9#M~?\\v9\v',NULL,'employee',1,NULL,'tggynq'),('86db9c70-8444-11ea-95b4-8c1645373715','Jason.Bahringer66@hotmail.com',_binary '\n[.\0/K\XtA\P\\PWF\\"?\\\>@\\'El\\w\\\7\'',_binary '\a#P\6@\\\\MW2Y\8\V#5$1K\u\xI\\r\;QXUw\^$\/\b<`J\\_\>U\HHAV\\+[_~\\zM',NULL,'employee',1,NULL,'iwx3wc'),('86db9cf6-8444-11ea-95b4-8c1645373715','Ottilie_Kertzmann@gmail.com',_binary '\AWT\k9o\a\TF\\\\:+9\\q\T\Y8t-a\1\\X\r',_binary '+f<t[\af\ \\%n\\\bs\\\\&\!\z>\\+n~uxFM+\\\o\\7\#)\x\Z<\<Xq\2\\\u4\\\\rY\hJ)',NULL,'employee',1,NULL,'snmcga'),('86db9d95-8444-11ea-95b4-8c1645373715','Augusta.Gutmann@hotmail.com',_binary '\&\JI\pY9\\cOpm\\GHEPs\\"z\"~IF=`',_binary '\GaT\'2$nZ\Xg\r#N\k\\\<8\	\\ujVZk :[G\\\=_I7\\Z\r+lB_>GR.JbCEhCG\|oIB=r\'\[',NULL,'employee',1,NULL,'mam866'),('86db9e14-8444-11ea-95b4-8c1645373715','Murphy.Roberts@gmail.com',_binary '(\^\8\rG\\6MB5\0x&e8\n.[\nWU1vi-D\\s3;',_binary '~\\"qE_.|l\\*p\\L\\-/TKU>:K\\2cy\n \\\\`}\ZY J:m\>	!9;|\U\\"\@K\nNBsaY\	',NULL,'employee',1,NULL,'x5obfo'),('86db9e7a-8444-11ea-95b4-8c1645373715','Kaleb_Harber@gmail.com',_binary '\\\&\t\x\\\AQ\]q\\):\\ym-)I\\nd\I\^P\\\\4',_binary 'm\\\kX\Gs6\\D\\%u\\n\ \n\2\l`^\\Ey\\0%\\uZB\QZ\\Z\\\\4?72\0-\&XE\>\\\"\zcfPB\=\ki\|D\g\\	',NULL,'employee',1,NULL,'5fql6g'),('86db9ef9-8444-11ea-95b4-8c1645373715','Luigi.Reynolds16@hotmail.com',_binary 'mX\Zo0o\!lX*\\)\\|T\\\MR\\Z\\\\I;<q:\r+%',_binary 'lXSw\0\KV@B\'/\\0\\029\'N\\deJBe1B\\\n\\l^Y\Z\T)]\	PL~\\chw\\\Z}\\\$]/\\D\cL',NULL,'employee',1,NULL,'5tnd3m'),('86db9f91-8444-11ea-95b4-8c1645373715','Emilie.Padberg17@hotmail.com',_binary '\5k\T\S\5\f\6%$^wT[O\~8\O[v#)*\X*f\0uu',_binary '0$-<\iL\\\jt@qJer)>RfH6YOUX?\\0N\\"\P9\\4p!\\j\g&0y\sB\\l\\\l\\pb\\\[r7nsR/',NULL,'employee',1,NULL,'xro0bt'),('86dba017-8444-11ea-95b4-8c1645373715','Verona_Satterfield@gmail.com',_binary '\rg\	Hc\;;\\n\v/-\EsM8\\\\r,S&\:\`/c\R',_binary '09sq\	\j\oH#\\-D\`@IW\W\\Z;\P\Xr\/\\Kk\n\5i<ic\\\Z\\\n9G/Wt$sY6\\\0wRu\\^',NULL,'employee',1,NULL,'ca1q7e'),('86dba07d-8444-11ea-95b4-8c1645373715','Justice43@gmail.com',_binary 'U9Fd\VB\\rY\p\Y\s\^\d\b\\O\\\W\$\\\\M',_binary 'Ov\{\\3\U\E\nb\6?9\K3$l\\\-	{\0\0j\\\\\|U\rfN\{Y|tpl\\\rX+\e\\`l\(\\b\\\RRA0;@P\\\r;\03}\\(',NULL,'employee',1,NULL,'fsfuww'),('86dba103-8444-11ea-95b4-8c1645373715','Yazmin53@yahoo.com',_binary '\t`qw\"\n6qm_\F\&\\r\bcH\4\Kv]\9\%\\c,;OEJ',_binary 'SW\gs!N\Z\W,T\\rx\'\Z\Y\n|FR\a\\"4;/,&\2j\`\Z\\_f\aPx:\\r\\_/n(\E/(R&Kuwc- \n',NULL,'employee',1,NULL,'ngavd5'),('86dba182-8444-11ea-95b4-8c1645373715','Chauncey_Konopelski@hotmail.com',_binary 'c<\Q/\\\iV\Wn\L5UQ-\\\\w\jg\\>oQt{HK%t\%',_binary '\8c\2Lr5BO_)\m\\7\\\\<,`\\\0\8\!F\\n\\\\LBvcUn\i/\\R\8s\\\C(7\_{\39\=>\\g\\\g\\\L5J;@_L\g\CLA',NULL,'employee',1,NULL,'fo87i3'),('86dba20b-8444-11ea-95b4-8c1645373715','Judd_Gulgowski33@yahoo.com',_binary '63eq}m9bg)<\,\\TzD#\\eA\\R wzjP*dk[\\',_binary '4\i\\n\v|\ \!X\7@+!\\r65X?g\>\\rV-$5&[\`7g\\\\,\LF\0_dp\X\X-\%SVl.\\Hi2eZ}{1\S-->\',NULL,'employee',1,NULL,'pzajmq'),('86dba275-8444-11ea-95b4-8c1645373715','Ara.Wilkinson@hotmail.com',_binary 'QVMGNv^&i`DTT\w\0(BYx\\ \w\a\\\ZM\"xEb=\{',_binary '\8\~\\`\%u\\0x\n#\Z!\D-cRH\\\\\\\N\\\nG\\u#\\\mI\r6\v\/,\\o\pd6T[vr\tL\\';~U\Kq4',NULL,'employee',1,NULL,'z1o694'),('86dba451-8444-11ea-95b4-8c1645373715','Heather16@yahoo.com',_binary '\~5\\"\\\Q=-\A\Zbu\\n\\\7\\\&\\ZTV/\'\0oE\\Q\ h',_binary '\\"+v\\r\\=D|\%\\u!\w\T-\_9ihB\.?\)\\\Z:\kWA\ k=U?!ce;7APS0u[y\#v\fd\dBfJl\',NULL,'employee',1,NULL,'agvp2v'),('86dba5d5-8444-11ea-95b4-8c1645373715','Gilbert12@yahoo.com',_binary 'O\g1\7\-\V4xKxWm\\L\\\f!f7\g:r\\W',_binary 'm\\!|\\5\W\"G\/I]\\\0kk2\}JB\\d\78\\F\\%w\\\+Y\>lstH$9|\z\	u\\\\n\Q\\W\'o^vv5|F',NULL,'employee',1,NULL,'psx741'),('86dbcf36-8444-11ea-95b4-8c1645373715','Morgan.Mosciski@gmail.com',_binary '\\\YiC_>\t\\ 5\4\A=\Zt\J+LY\5IdM\,\\',_binary ' A)3,\#St\\\\\/\\h\+\\q\	u+R\\(\!\\\/l\Y\94\EBw\\++p\\\\|LzF?\\\\3 i\"E \\dM\Z\0RYn\',NULL,'employee',1,NULL,'jsibje'),('86dbcff8-8444-11ea-95b4-8c1645373715','Edison_Pfeffer75@hotmail.com',_binary '\\N	5X\(W\ )\-\\.QLc\\[\1m~\H\FO\\8>1-G(\F\0',_binary '1(\\NB(35i. o-#\\~	,SG\(CDfj\61#q\\d\r\E@\z\{a\\wG\0\j{\?t=\\E\\\^S>\5:t=k',NULL,'employee',1,NULL,'2yrw4v'),('86dbd073-8444-11ea-95b4-8c1645373715','Kurt_Blanda@gmail.com',_binary 'r\\=&%%OJ\r\np\\q\\U \> [\\\\q\\q\7^	\\',_binary ']D\Z\\\\\'_o\]3\\`JA\5\\\\X_>LSJVWi\_\^|\<\\\0\#aSR\\FU\'H\r\9~2{Jj\\\\\8?39M\=\"\',NULL,'employee',1,NULL,'20lrih'),('86dbd104-8444-11ea-95b4-8c1645373715','Roxanne43@gmail.com',_binary 'WYM\O\a\\\Bsl9\\\\E\{\,S\\\',_binary ';,\~\WZ\\\\\y\D]42;{|\M1i\\rd6p\\\!\\O\]2H\\\}\\\<|m\(S\sC\ZsE6(4\,\\\\]!S\,{\\?SZ',NULL,'employee',1,NULL,'7tnvnc'),('86dbd191-8444-11ea-95b4-8c1645373715','Deborah_Labadie16@gmail.com',_binary 'N	V\I\V\\%%\_rD	HgC\\"*\r2a\\0-o{\9i\t#',_binary '!L/6Dl\\\'}Wc\\\1+X\e\\\0Q!V\N\+\\Pp\B~\\\qrcws5p\0z\Z\k\^\5\N/\}\p\$j\\1\v\\A8QQ]s:yRwO',NULL,'employee',1,NULL,'qycblt'),('86dbd213-8444-11ea-95b4-8c1645373715','Myah.Berge@gmail.com',_binary '`$O\\KH\\@(fw\\\\ESD(C{Y-]bn\{\hz!\',_binary '\S}8RUc+]\5G\nk\n\s)sM\:k\lj4=CkY\Ucz\\\\\?o\]W\cK;\$\\\0I\/',NULL,'employee',1,NULL,'0dm4tb'),('86dbd284-8444-11ea-95b4-8c1645373715','Candida_Schoen41@gmail.com',_binary 'QG\\_MNm_G|=wGK\#\\,1qw9y9\>',_binary ']e[0v\K.WET\Zyh7dN+Jud\\GQ\NX\>Gf\JT3;KUv\Z\R\7>xn\q\\pY\\ZNPm\JV\Z>vyw \\$u?',NULL,'employee',1,NULL,'gy6jkd'),('86dbd30a-8444-11ea-95b4-8c1645373715','Ryan_Wiegand@yahoo.com',_binary '9\VWA\ug\\=\v9\rj\#\e\\]H/|D\X,\\g\K8{\\\',_binary 'I\0c3\"w\\\}H\~:{\&+\F\04It \\,$Qc#v.\\\BKD\hD\0\/\WC\eq&b\0\6|\0C)\R\\(',NULL,'employee',1,NULL,'0yl3ve'),('86dbd38d-8444-11ea-95b4-8c1645373715','Gregory.Luettgen@gmail.com',_binary 'H>9f\\\ZDC\\\0	\\rI)+<\Fvfs^`O\\0\:\\_8z',_binary '?:\\9m\\\*5$\\/K>\d\_Q\\eh\nu\6\`\@p>*q:\D>\=h\\"\\ LF\=P@c3,be\es\\bieAW\MqSQS2\\',NULL,'employee',1,NULL,'ux5h7t'),('86dbd4dc-8444-11ea-95b4-8c1645373715','Lindsay.Gorczany@hotmail.com',_binary '\_\\\\8n#\4k\+@]\0SYW\o%6V\#d24U\XSj\\Z~m\E\r\l)&\y/\',_binary '\C9\\\\<\Q`\Ku@\ #\3k\hi\\.6<\2|\!\)B`~\PEB&\-\hL\`\`\\1\*5P\"?V_\\y\\',NULL,'employee',1,NULL,'zgz47w'),('86dbd570-8444-11ea-95b4-8c1645373715','Tre77@gmail.com',_binary '4`\09\P\\{b\P\9jew\\n4^iZ\M\_\_@\Y\\\\\4K\@ksr;W',_binary '>\\Ol4r\M%s<\\"%	Y\xA\D\2\\\\\hr=\SPX\pM\jWGt\\\CDw9v\x\\3.\n5,_=lZ1J\'\\\\',NULL,'employee',1,NULL,'g9q828'),('86dbd5f9-8444-11ea-95b4-8c1645373715','Sam.Fahey@hotmail.com',_binary '!\\)Oq<AEn\x=az\\R||0xTtjq\2N\rw2\\J\P?a4',_binary 'Bs\(\X{\<Y\`\bx\S8\au5\\\Op\Z\m>5;X(\\ \\r\rF\CF;eZ\n\9G\TT\\]#(\\Es~k=c',NULL,'employee',1,NULL,'idwzwd'),('86dbd67f-8444-11ea-95b4-8c1645373715','Juliet_Skiles16@gmail.com',_binary '|\m>\~\J\E\]\gZnVi\"Z&.	?V\n\n%YyL-G\y',_binary 'q,2+F,?\*\l.-\#KS\F\~\\.%nE\\(\+/*,\\4\0F\on(Ep09qX\\~\"\[u8\>(){\\n\orp\'F',NULL,'employee',1,NULL,'4jnoow'),('86dbd6f7-8444-11ea-95b4-8c1645373715','Norwood_Boehm63@yahoo.com',_binary '\Ok\@8\ys\\f9J\[\<a\\jGWFqq\%?\j /~\\+',_binary '\6e\l%Xva\\\yK*K7\vP\hPK\n\=l\0\\T\)W\\0f\\5\\;\\^;ZGkU6:p	\Hy\ZtC\\e2\K`\\r=Hy!\K\ ',NULL,'employee',1,NULL,'b9dcnu'),('86dbd79d-8444-11ea-95b4-8c1645373715','Alexis34@yahoo.com',_binary '\*\Ra\lM\\,/_&\9Qrn*iZ\*\0(&M\n\]\L;r',_binary '%FN!_=KQ\"\":_\-%\DQ(\\T$|+]*LI$3t\\YL&\X\b>yb\mwx\<\(FrCKGb\g\!#\\\Ve\\',NULL,'employee',1,NULL,'ywq525'),('86dbd826-8444-11ea-95b4-8c1645373715','Kailyn_Stanton31@yahoo.com',_binary 'k\lt5\mL\\Qz\4+/?}w\V<1}\\_	3/ v\\Wdp@/',_binary '\z\rtZ7_\\\\nXy\\d\\zw\Xo\\r\\"R\\L-Z\'b{2E\24s\\(V\\X\\\=\ZNQ\\8C\\*L.4c\w',NULL,'employee',1,NULL,'kwwpz7'),('86dbd8ac-8444-11ea-95b4-8c1645373715','Greyson37@yahoo.com',_binary '=bE\\eh\PX\fC\nN|-?,, \@;45}\\\m\?\_y\\N2~',_binary '\R\*\qni<P\e\\U;d\gA\\[\bTf=*\\d|/\\Z\_>u:+\gJ.\y\G$~\%D\}9YU\Q5)\\ol-Y\\\e)T',NULL,'employee',1,NULL,'xmnsz5'),('86dbd913-8444-11ea-95b4-8c1645373715','Mafalda.Beier66@yahoo.com',_binary 'Ni\K9~h*z\I\\Y5\\)\y\\o\>zl,L\H\0\\j',_binary '\/BK\'>z\d(\S`\\B\'0!\\r)L74k!\\\0Y]\a\,A$\K\rn\b\Z\\I\\8v\)z<\n\q\;\\;P\~\\',NULL,'employee',1,NULL,'y0gxh6');
/*!40000 ALTER TABLE `users` ENABLE KEYS */;
UNLOCK TABLES;
/*!40103 SET TIME_ZONE=@OLD_TIME_ZONE */;

/*!40101 SET SQL_MODE=@OLD_SQL_MODE */;
/*!40014 SET FOREIGN_KEY_CHECKS=@OLD_FOREIGN_KEY_CHECKS */;
/*!40014 SET UNIQUE_CHECKS=@OLD_UNIQUE_CHECKS */;
/*!40101 SET CHARACTER_SET_CLIENT=@OLD_CHARACTER_SET_CLIENT */;
/*!40101 SET CHARACTER_SET_RESULTS=@OLD_CHARACTER_SET_RESULTS */;
/*!40101 SET COLLATION_CONNECTION=@OLD_COLLATION_CONNECTION */;
/*!40111 SET SQL_NOTES=@OLD_SQL_NOTES */;

-- Dump completed on 2020-04-22  9:57:16
