-- MySQL dump 10.13  Distrib 8.0.19, for Win64 (x86_64)
--
-- Host: localhost    Database: recruiter
-- ------------------------------------------------------
-- Server version	8.0.19

/*!40101 SET @OLD_CHARACTER_SET_CLIENT=@@CHARACTER_SET_CLIENT */;
/*!40101 SET @OLD_CHARACTER_SET_RESULTS=@@CHARACTER_SET_RESULTS */;
/*!40101 SET @OLD_COLLATION_CONNECTION=@@COLLATION_CONNECTION */;
/*!50503 SET NAMES utf8mb4 */;
/*!40103 SET @OLD_TIME_ZONE=@@TIME_ZONE */;
/*!40103 SET TIME_ZONE='+00:00' */;
/*!40014 SET @OLD_UNIQUE_CHECKS=@@UNIQUE_CHECKS, UNIQUE_CHECKS=0 */;
/*!40014 SET @OLD_FOREIGN_KEY_CHECKS=@@FOREIGN_KEY_CHECKS, FOREIGN_KEY_CHECKS=0 */;
/*!40101 SET @OLD_SQL_MODE=@@SQL_MODE, SQL_MODE='NO_AUTO_VALUE_ON_ZERO' */;
/*!40111 SET @OLD_SQL_NOTES=@@SQL_NOTES, SQL_NOTES=0 */;

--
-- Table structure for table `employees`
--

DROP TABLE IF EXISTS `employees`;
/*!40101 SET @saved_cs_client     = @@character_set_client */;
/*!50503 SET character_set_client = utf8mb4 */;
CREATE TABLE `employees` (
  `id` char(36) NOT NULL,
  `firstName` varchar(100) NOT NULL,
  `lastName` varchar(100) NOT NULL,
  `phoneNumber` varchar(30) DEFAULT NULL,
  `birthday` date DEFAULT NULL,
  `availableFrom` date DEFAULT NULL,
  `availableTo` date DEFAULT NULL,
  `location` char(36) DEFAULT NULL,
  `bio` varchar(200) DEFAULT NULL,
  PRIMARY KEY (`id`),
  KEY `location` (`location`),
  CONSTRAINT `employees_ibfk_1` FOREIGN KEY (`id`) REFERENCES `users` (`id`),
  CONSTRAINT `employees_ibfk_2` FOREIGN KEY (`location`) REFERENCES `locations` (`id`)
) ENGINE=InnoDB DEFAULT CHARSET=utf8mb4 COLLATE=utf8mb4_0900_ai_ci;
/*!40101 SET character_set_client = @saved_cs_client */;

--
-- Dumping data for table `employees`
--

LOCK TABLES `employees` WRITE;
/*!40000 ALTER TABLE `employees` DISABLE KEYS */;
INSERT INTO `employees` VALUES ('e8208958-8512-11ea-9959-8c1645373715','Winston','Altenwerth','279.083.8623 x9960','1988-08-17','2020-07-13',NULL,'e823d638-8512-11ea-9959-8c1645373715','Labore ad aut nihil eos porro.'),('e82089c2-8512-11ea-9959-8c1645373715','Kathryne','Beer','(183) 076-2183','1998-07-02','2020-07-23',NULL,'e823d7d8-8512-11ea-9959-8c1645373715','Sint et et.'),('e8208a36-8512-11ea-9959-8c1645373715','Daphney','Grant','089.490.8310 x320','1993-08-26','2020-11-08','2021-07-27','e823b924-8512-11ea-9959-8c1645373715','Atque possimus vitae non minima distinctio.'),('e8208ab2-8512-11ea-9959-8c1645373715','Hildegard','Dietrich','176-431-0177','1986-07-01','2020-10-09','2021-09-19','e823b924-8512-11ea-9959-8c1645373715','Occaecati molestias ullam consequuntur qui autem suscipit dignissimos repellendus consequatur.'),('e8208b18-8512-11ea-9959-8c1645373715','Felipe','Cremin','814-547-7104','1988-02-21','2020-11-04',NULL,'e823d1b7-8512-11ea-9959-8c1645373715','Optio consequatur rerum architecto velit aut.'),('e8208ba9-8512-11ea-9959-8c1645373715','Uriah','Boyer','341.439.6849','1994-03-07','2020-08-17','2022-07-29','e823b691-8512-11ea-9959-8c1645373715','Vel voluptate est laudantium asperiores neque voluptate.'),('e8208c12-8512-11ea-9959-8c1645373715','Ubaldo','O\'Hara','298.375.2354','1981-02-10','2020-09-09',NULL,'e823b764-8512-11ea-9959-8c1645373715','Expedita quis eius vero cumque eligendi recusandae.'),('e8208c95-8512-11ea-9959-8c1645373715','Darius','Bogisich','(760) 877-6548 x05589','2000-07-24','2020-07-13',NULL,'e823b7bd-8512-11ea-9959-8c1645373715','Omnis repudiandae architecto.'),('e8208d02-8512-11ea-9959-8c1645373715','Jayce','Blanda','726.869.6095 x91583','1998-05-12','2020-05-31',NULL,'e823b890-8512-11ea-9959-8c1645373715','Et aut dolorem qui voluptatem nihil esse magni.'),('e8208d6c-8512-11ea-9959-8c1645373715','Kasandra','Wiza','1-069-634-5487 x271','1982-05-27','2020-08-02','2022-11-07','e823cfa9-8512-11ea-9959-8c1645373715','Excepturi ut rerum aut voluptatem provident aperiam.'),('e8208dd2-8512-11ea-9959-8c1645373715','Myrtle','Champlin','1-425-165-3979','1991-04-24','2020-09-10',NULL,'e823b890-8512-11ea-9959-8c1645373715','Ut aut possimus rerum culpa explicabo voluptate eligendi.'),('e8208e47-8512-11ea-9959-8c1645373715','Robyn','Wehner','(715) 287-1489 x45189','1986-05-05','2020-10-02',NULL,'e823d7d8-8512-11ea-9959-8c1645373715','Voluptatem iusto accusantium voluptatem magnam eos est.'),('e8208eb4-8512-11ea-9959-8c1645373715','Gunner','Schaden','1-371-648-8364 x652','1994-10-10','2020-12-16',NULL,'e823ba9a-8512-11ea-9959-8c1645373715','Rerum error et pariatur ea totam sit asperiores.'),('e8208f2f-8512-11ea-9959-8c1645373715','Susanna','Littel','1-760-341-9671 x889','1993-06-08','2020-08-27','2022-07-15','e823bc7d-8512-11ea-9959-8c1645373715','Unde enim id quas aut architecto dicta est dolorem aut.'),('e8208fa0-8512-11ea-9959-8c1645373715','Wallace','Wilkinson','632-729-9076','1993-03-30','2020-07-11','2021-02-16','e823cfa9-8512-11ea-9959-8c1645373715','Voluptatum quisquam corrupti nemo porro fugit doloribus mollitia.'),('e820900a-8512-11ea-9959-8c1645373715','Robbie','Gerlach','(024) 910-9713 x67926','1985-11-21','2020-10-16',NULL,'e823b6d7-8512-11ea-9959-8c1645373715','Ut architecto sint omnis hic quae sit qui.'),('e8209070-8512-11ea-9959-8c1645373715','Kacie','Leuschke','(243) 619-8971','1984-05-15','2020-12-07','2022-09-19','e823caf4-8512-11ea-9959-8c1645373715','Eaque culpa dolor aspernatur et rerum delectus praesentium necessitatibus.'),('e82090da-8512-11ea-9959-8c1645373715','Leslie','Becker','090-922-9344 x611','1988-02-22','2020-07-28',NULL,'e823bf9a-8512-11ea-9959-8c1645373715','Culpa aperiam sint.'),('e820914e-8512-11ea-9959-8c1645373715','Adriel','Reinger','059-416-9942 x39895','1984-08-09','2020-11-08',NULL,'e823d8bd-8512-11ea-9959-8c1645373715','Architecto voluptatum repellat temporibus impedit.'),('e82091bc-8512-11ea-9959-8c1645373715','Adeline','Lindgren','907.387.8987','1983-09-01','2020-11-18',NULL,'e823b2ae-8512-11ea-9959-8c1645373715','Aut facere labore atque corrupti blanditiis.'),('e820927e-8512-11ea-9959-8c1645373715','Marisol','Langosh','(866) 069-2927 x2538','1986-11-14','2020-12-25','2021-06-11','e823b1a9-8512-11ea-9959-8c1645373715','Mollitia qui deleniti animi est.'),('e82092f2-8512-11ea-9959-8c1645373715','Pascale','Schamberger','352.301.8764','2000-09-24','2020-11-26',NULL,'e823b6d7-8512-11ea-9959-8c1645373715','Odit ut quis sunt eum quidem culpa excepturi perferendis fuga.'),('e8209358-8512-11ea-9959-8c1645373715','Solon','Pfeffer','1-945-361-3400 x534','1998-01-18','2020-10-07',NULL,'e823d2ce-8512-11ea-9959-8c1645373715','Sapiente deleniti optio.'),('e82093c5-8512-11ea-9959-8c1645373715','Antone','D\'Amore','(476) 439-3965 x23432','1981-04-14','2020-09-21','2021-03-29','e823b803-8512-11ea-9959-8c1645373715','Eaque delectus architecto culpa libero non autem libero consequuntur quia.'),('e8209428-8512-11ea-9959-8c1645373715','Bertha','Langworth','(054) 731-3900','1990-12-03','2020-05-03','2022-09-21','e823be2f-8512-11ea-9959-8c1645373715','Nisi ipsam saepe velit est sint.'),('e820948e-8512-11ea-9959-8c1645373715','Brando','Herman','509.273.7188','1999-05-15','2020-05-30','2021-07-15','e823b1a9-8512-11ea-9959-8c1645373715','Sit sint in sapiente nesciunt repellat recusandae voluptas nisi ut.'),('e8209526-8512-11ea-9959-8c1645373715','Jeffrey','Conn','236.328.8193','1984-02-13','2020-12-27',NULL,'e823baf9-8512-11ea-9959-8c1645373715','Architecto explicabo itaque voluptatem amet voluptatem molestiae ratione.'),('e8209590-8512-11ea-9959-8c1645373715','Cecil','Schneider','643-008-3906','1981-08-06','2020-11-28','2022-08-16','e823d162-8512-11ea-9959-8c1645373715','Est nostrum similique amet.'),('e82095f6-8512-11ea-9959-8c1645373715','Eulalia','Schmidt','(011) 880-0430 x0089','1998-12-18','2020-08-26',NULL,'e823d162-8512-11ea-9959-8c1645373715','Dolores odio sed omnis dolore nemo.'),('e820966a-8512-11ea-9959-8c1645373715','Frederik','Howe','383.624.7536 x56888','1996-08-18','2020-07-28',NULL,'e823bd9b-8512-11ea-9959-8c1645373715','Laborum velit aut.'),('e82096cd-8512-11ea-9959-8c1645373715','Laila','Nader','(524) 868-6318','1986-12-16','2020-05-29',NULL,'e823bc7d-8512-11ea-9959-8c1645373715','Nostrum sit nemo quod.'),('e8209733-8512-11ea-9959-8c1645373715','Dortha','Zulauf','(405) 853-9463 x21222','1988-02-14','2020-08-30','2022-04-08','e823cf66-8512-11ea-9959-8c1645373715','Ut quis iure placeat minima minus at nihil repellat.'),('e8209796-8512-11ea-9959-8c1645373715','Milo','Prosacco','(159) 654-6516 x079','1995-12-29','2020-08-22',NULL,'e823b542-8512-11ea-9959-8c1645373715','Deserunt quo rerum incidunt fugiat voluptatem et doloribus sed culpa.'),('e82097fc-8512-11ea-9959-8c1645373715','Miller','Pfannerstill','(582) 827-4621','1985-09-26','2020-11-01','2022-06-02','e823bf9a-8512-11ea-9959-8c1645373715','Dolorem omnis a dolores eum eum quis.'),('e820985c-8512-11ea-9959-8c1645373715','Rogelio','Williamson','(514) 426-3256','1989-09-03','2020-07-05','2021-06-18','e823cc66-8512-11ea-9959-8c1645373715','Distinctio aut quasi.'),('e82098c5-8512-11ea-9959-8c1645373715','Dillon','Mayert','152.790.8213 x751','1996-04-28','2020-05-10','2022-11-10','e823ba9a-8512-11ea-9959-8c1645373715','Deleniti soluta rerum impedit voluptas aspernatur odio omnis repellendus aut.'),('e820992f-8512-11ea-9959-8c1645373715','Vesta','Satterfield','1-752-230-1274','2000-08-13','2020-10-12','2022-07-23','e823d76e-8512-11ea-9959-8c1645373715','Eveniet reiciendis reprehenderit provident.'),('e8209996-8512-11ea-9959-8c1645373715','Everette','Casper','101-651-4797 x667','1995-03-25','2020-08-22','2022-11-21','e823c10c-8512-11ea-9959-8c1645373715','Expedita voluptas tempore.'),('e8209a18-8512-11ea-9959-8c1645373715','Raheem','Monahan','1-148-149-9985 x1787','1999-03-13','2020-05-14',NULL,'e823b643-8512-11ea-9959-8c1645373715','Ratione nostrum distinctio est accusantium ea reprehenderit doloremque molestiae velit.'),('e8209aec-8512-11ea-9959-8c1645373715','Ludie','Batz','622-106-1972 x7439','1994-07-27','2020-07-04','2021-04-17','e823cfec-8512-11ea-9959-8c1645373715','Nam dolores quia earum inventore.'),('e8209b83-8512-11ea-9959-8c1645373715','Cindy','Kling','1-548-626-0678 x42572','1991-05-03','2020-06-03','2022-10-31','e823d3bd-8512-11ea-9959-8c1645373715','Optio aliquid consequuntur illum.'),('e8209c1b-8512-11ea-9959-8c1645373715','Juwan','Johns','237-079-8670 x565','1991-02-18','2020-12-29','2021-07-15','e823baf9-8512-11ea-9959-8c1645373715','Nobis ut totam aut voluptas quia explicabo iste.'),('e8209cc1-8512-11ea-9959-8c1645373715','Jonatan','O\'Conner','1-931-430-6779','1997-10-30','2020-12-11',NULL,'e823c0c6-8512-11ea-9959-8c1645373715','Quisquam qui voluptatum soluta fuga debitis aspernatur ipsam fuga.'),('e8209dbb-8512-11ea-9959-8c1645373715','Adelle','Champlin','(871) 958-5206','1987-06-25','2020-10-24',NULL,'e823b8da-8512-11ea-9959-8c1645373715','Qui optio nostrum deleniti voluptates.'),('e8209ea4-8512-11ea-9959-8c1645373715','Nayeli','Bartell','1-187-974-1171 x7779','1999-07-08','2020-11-25','2022-07-20','e823d9e9-8512-11ea-9959-8c1645373715','Odio porro eius excepturi saepe exercitationem rerum.');
/*!40000 ALTER TABLE `employees` ENABLE KEYS */;
UNLOCK TABLES;

--
-- Table structure for table `employers`
--

DROP TABLE IF EXISTS `employers`;
/*!40101 SET @saved_cs_client     = @@character_set_client */;
/*!50503 SET character_set_client = utf8mb4 */;
CREATE TABLE `employers` (
  `id` char(36) NOT NULL,
  `companyName` varchar(100) NOT NULL,
  `phoneNumber` varchar(30) NOT NULL,
  `website` varchar(100) NOT NULL,
  `address` char(36) NOT NULL,
  PRIMARY KEY (`id`),
  KEY `address` (`address`),
  CONSTRAINT `employers_ibfk_1` FOREIGN KEY (`id`) REFERENCES `users` (`id`),
  CONSTRAINT `employers_ibfk_2` FOREIGN KEY (`address`) REFERENCES `locations` (`id`)
) ENGINE=InnoDB DEFAULT CHARSET=utf8mb4 COLLATE=utf8mb4_0900_ai_ci;
/*!40101 SET character_set_client = @saved_cs_client */;

--
-- Dumping data for table `employers`
--

LOCK TABLES `employers` WRITE;
/*!40000 ALTER TABLE `employers` DISABLE KEYS */;
INSERT INTO `employers` VALUES ('e8207ae5-8512-11ea-9959-8c1645373715','Donnelly, Powlowski and Dooley','905.118.1643','http://angela.com','e823b3c5-8512-11ea-9959-8c1645373715'),('e82086a9-8512-11ea-9959-8c1645373715','Marvin Group','1-207-457-8159 x418','https://tad.com','e823cdff-8512-11ea-9959-8c1645373715'),('e8208791-8512-11ea-9959-8c1645373715','Schroeder, Upton and Durgan','584.606.4685 x72798','https://garett.name','e823bf10-8512-11ea-9959-8c1645373715'),('e820881b-8512-11ea-9959-8c1645373715','Weimann and Sons','(893) 620-3632','http://eloise.name','e823c9cf-8512-11ea-9959-8c1645373715'),('e82088eb-8512-11ea-9959-8c1645373715','Wyman and Sons','388.705.2783 x6624','http://caroline.name','e823d9e9-8512-11ea-9959-8c1645373715');
/*!40000 ALTER TABLE `employers` ENABLE KEYS */;
UNLOCK TABLES;

--
-- Table structure for table `industries`
--

DROP TABLE IF EXISTS `industries`;
/*!40101 SET @saved_cs_client     = @@character_set_client */;
/*!50503 SET character_set_client = utf8mb4 */;
CREATE TABLE `industries` (
  `id` char(36) NOT NULL,
  `industry` varchar(100) NOT NULL,
  `description` varchar(100) NOT NULL,
  PRIMARY KEY (`id`)
) ENGINE=InnoDB DEFAULT CHARSET=utf8mb4 COLLATE=utf8mb4_0900_ai_ci;
/*!40101 SET character_set_client = @saved_cs_client */;

--
-- Dumping data for table `industries`
--

LOCK TABLES `industries` WRITE;
/*!40000 ALTER TABLE `industries` DISABLE KEYS */;
INSERT INTO `industries` VALUES ('e8218b98-8512-11ea-9959-8c1645373715','Food & Beverages','Laudantium perferendis est.'),('e8219786-8512-11ea-9959-8c1645373715','Events Services','Placeat eligendi fuga qui quam quia neque rerum ducimus similique.'),('e8219844-8512-11ea-9959-8c1645373715','Alternative Medicine','Adipisci rerum earum incidunt.'),('e821989c-8512-11ea-9959-8c1645373715','Security & Investigations','Et velit vel non minus officia dolores nihil.'),('e82198f1-8512-11ea-9959-8c1645373715','Motion Pictures & Film','Eum dolores facilis autem architecto est.');
/*!40000 ALTER TABLE `industries` ENABLE KEYS */;
UNLOCK TABLES;

--
-- Table structure for table `interestedroles`
--

DROP TABLE IF EXISTS `interestedroles`;
/*!40101 SET @saved_cs_client     = @@character_set_client */;
/*!50503 SET character_set_client = utf8mb4 */;
CREATE TABLE `interestedroles` (
  `employee` char(36) NOT NULL,
  `roleId` char(36) NOT NULL,
  PRIMARY KEY (`employee`,`roleId`),
  KEY `roleId` (`roleId`),
  CONSTRAINT `interestedroles_ibfk_1` FOREIGN KEY (`employee`) REFERENCES `employees` (`id`),
  CONSTRAINT `interestedroles_ibfk_2` FOREIGN KEY (`roleId`) REFERENCES `roles` (`id`)
) ENGINE=InnoDB DEFAULT CHARSET=utf8mb4 COLLATE=utf8mb4_0900_ai_ci;
/*!40101 SET character_set_client = @saved_cs_client */;

--
-- Dumping data for table `interestedroles`
--

LOCK TABLES `interestedroles` WRITE;
/*!40000 ALTER TABLE `interestedroles` DISABLE KEYS */;
INSERT INTO `interestedroles` VALUES ('e8208d6c-8512-11ea-9959-8c1645373715','e822498a-8512-11ea-9959-8c1645373715'),('e8208dd2-8512-11ea-9959-8c1645373715','e822498a-8512-11ea-9959-8c1645373715'),('e8208eb4-8512-11ea-9959-8c1645373715','e822498a-8512-11ea-9959-8c1645373715'),('e820900a-8512-11ea-9959-8c1645373715','e822498a-8512-11ea-9959-8c1645373715'),('e82095f6-8512-11ea-9959-8c1645373715','e822498a-8512-11ea-9959-8c1645373715'),('e82097fc-8512-11ea-9959-8c1645373715','e822498a-8512-11ea-9959-8c1645373715'),('e820992f-8512-11ea-9959-8c1645373715','e822498a-8512-11ea-9959-8c1645373715'),('e8209b83-8512-11ea-9959-8c1645373715','e822498a-8512-11ea-9959-8c1645373715'),('e8209070-8512-11ea-9959-8c1645373715','e8225628-8512-11ea-9959-8c1645373715'),('e820927e-8512-11ea-9959-8c1645373715','e8225628-8512-11ea-9959-8c1645373715'),('e82092f2-8512-11ea-9959-8c1645373715','e8225628-8512-11ea-9959-8c1645373715'),('e8209428-8512-11ea-9959-8c1645373715','e8225628-8512-11ea-9959-8c1645373715'),('e82096cd-8512-11ea-9959-8c1645373715','e8225628-8512-11ea-9959-8c1645373715'),('e820985c-8512-11ea-9959-8c1645373715','e8225628-8512-11ea-9959-8c1645373715'),('e8209996-8512-11ea-9959-8c1645373715','e8225628-8512-11ea-9959-8c1645373715'),('e8209cc1-8512-11ea-9959-8c1645373715','e8225628-8512-11ea-9959-8c1645373715'),('e8208958-8512-11ea-9959-8c1645373715','e8225773-8512-11ea-9959-8c1645373715'),('e8208a36-8512-11ea-9959-8c1645373715','e8225773-8512-11ea-9959-8c1645373715'),('e8208e47-8512-11ea-9959-8c1645373715','e8225773-8512-11ea-9959-8c1645373715'),('e8208fa0-8512-11ea-9959-8c1645373715','e8225773-8512-11ea-9959-8c1645373715'),('e82091bc-8512-11ea-9959-8c1645373715','e8225773-8512-11ea-9959-8c1645373715'),('e8209358-8512-11ea-9959-8c1645373715','e8225773-8512-11ea-9959-8c1645373715'),('e82093c5-8512-11ea-9959-8c1645373715','e8225773-8512-11ea-9959-8c1645373715'),('e820948e-8512-11ea-9959-8c1645373715','e8225773-8512-11ea-9959-8c1645373715'),('e82096cd-8512-11ea-9959-8c1645373715','e8225773-8512-11ea-9959-8c1645373715'),('e8209733-8512-11ea-9959-8c1645373715','e8225773-8512-11ea-9959-8c1645373715'),('e8209796-8512-11ea-9959-8c1645373715','e8225773-8512-11ea-9959-8c1645373715'),('e82098c5-8512-11ea-9959-8c1645373715','e8225773-8512-11ea-9959-8c1645373715'),('e82089c2-8512-11ea-9959-8c1645373715','e8225855-8512-11ea-9959-8c1645373715'),('e8208c95-8512-11ea-9959-8c1645373715','e8225855-8512-11ea-9959-8c1645373715'),('e8208dd2-8512-11ea-9959-8c1645373715','e8225855-8512-11ea-9959-8c1645373715'),('e8208eb4-8512-11ea-9959-8c1645373715','e8225855-8512-11ea-9959-8c1645373715'),('e82090da-8512-11ea-9959-8c1645373715','e8225855-8512-11ea-9959-8c1645373715'),('e820914e-8512-11ea-9959-8c1645373715','e8225855-8512-11ea-9959-8c1645373715'),('e8209428-8512-11ea-9959-8c1645373715','e8225855-8512-11ea-9959-8c1645373715'),('e8209796-8512-11ea-9959-8c1645373715','e8225855-8512-11ea-9959-8c1645373715'),('e820992f-8512-11ea-9959-8c1645373715','e8225855-8512-11ea-9959-8c1645373715'),('e82090da-8512-11ea-9959-8c1645373715','e8225913-8512-11ea-9959-8c1645373715'),('e820914e-8512-11ea-9959-8c1645373715','e8225913-8512-11ea-9959-8c1645373715'),('e820927e-8512-11ea-9959-8c1645373715','e8225913-8512-11ea-9959-8c1645373715'),('e8209428-8512-11ea-9959-8c1645373715','e8225913-8512-11ea-9959-8c1645373715'),('e8209526-8512-11ea-9959-8c1645373715','e8225913-8512-11ea-9959-8c1645373715'),('e8209590-8512-11ea-9959-8c1645373715','e8225913-8512-11ea-9959-8c1645373715'),('e820966a-8512-11ea-9959-8c1645373715','e8225913-8512-11ea-9959-8c1645373715'),('e82089c2-8512-11ea-9959-8c1645373715','e82259bd-8512-11ea-9959-8c1645373715'),('e8208b18-8512-11ea-9959-8c1645373715','e82259bd-8512-11ea-9959-8c1645373715'),('e8208d02-8512-11ea-9959-8c1645373715','e82259bd-8512-11ea-9959-8c1645373715'),('e8208dd2-8512-11ea-9959-8c1645373715','e82259bd-8512-11ea-9959-8c1645373715'),('e820900a-8512-11ea-9959-8c1645373715','e82259bd-8512-11ea-9959-8c1645373715'),('e820948e-8512-11ea-9959-8c1645373715','e82259bd-8512-11ea-9959-8c1645373715'),('e82098c5-8512-11ea-9959-8c1645373715','e82259bd-8512-11ea-9959-8c1645373715'),('e8209aec-8512-11ea-9959-8c1645373715','e82259bd-8512-11ea-9959-8c1645373715'),('e8209cc1-8512-11ea-9959-8c1645373715','e82259bd-8512-11ea-9959-8c1645373715'),('e8209dbb-8512-11ea-9959-8c1645373715','e82259bd-8512-11ea-9959-8c1645373715'),('e8208958-8512-11ea-9959-8c1645373715','e8225a69-8512-11ea-9959-8c1645373715'),('e8208a36-8512-11ea-9959-8c1645373715','e8225a69-8512-11ea-9959-8c1645373715'),('e8208ab2-8512-11ea-9959-8c1645373715','e8225a69-8512-11ea-9959-8c1645373715'),('e8208d6c-8512-11ea-9959-8c1645373715','e8225a69-8512-11ea-9959-8c1645373715'),('e8208f2f-8512-11ea-9959-8c1645373715','e8225a69-8512-11ea-9959-8c1645373715'),('e8208fa0-8512-11ea-9959-8c1645373715','e8225a69-8512-11ea-9959-8c1645373715'),('e8209070-8512-11ea-9959-8c1645373715','e8225a69-8512-11ea-9959-8c1645373715'),('e82090da-8512-11ea-9959-8c1645373715','e8225a69-8512-11ea-9959-8c1645373715'),('e8209cc1-8512-11ea-9959-8c1645373715','e8225a69-8512-11ea-9959-8c1645373715'),('e8209ea4-8512-11ea-9959-8c1645373715','e8225a69-8512-11ea-9959-8c1645373715'),('e8208a36-8512-11ea-9959-8c1645373715','e8225b1d-8512-11ea-9959-8c1645373715'),('e8208e47-8512-11ea-9959-8c1645373715','e8225b1d-8512-11ea-9959-8c1645373715'),('e82092f2-8512-11ea-9959-8c1645373715','e8225b1d-8512-11ea-9959-8c1645373715'),('e820948e-8512-11ea-9959-8c1645373715','e8225b1d-8512-11ea-9959-8c1645373715'),('e82095f6-8512-11ea-9959-8c1645373715','e8225b1d-8512-11ea-9959-8c1645373715'),('e82096cd-8512-11ea-9959-8c1645373715','e8225b1d-8512-11ea-9959-8c1645373715'),('e8209733-8512-11ea-9959-8c1645373715','e8225b1d-8512-11ea-9959-8c1645373715'),('e8209796-8512-11ea-9959-8c1645373715','e8225b1d-8512-11ea-9959-8c1645373715'),('e820985c-8512-11ea-9959-8c1645373715','e8225b1d-8512-11ea-9959-8c1645373715'),('e8209cc1-8512-11ea-9959-8c1645373715','e8225b1d-8512-11ea-9959-8c1645373715'),('e8208c12-8512-11ea-9959-8c1645373715','e8225bca-8512-11ea-9959-8c1645373715'),('e8208d6c-8512-11ea-9959-8c1645373715','e8225bca-8512-11ea-9959-8c1645373715'),('e820927e-8512-11ea-9959-8c1645373715','e8225bca-8512-11ea-9959-8c1645373715'),('e8209358-8512-11ea-9959-8c1645373715','e8225bca-8512-11ea-9959-8c1645373715'),('e82093c5-8512-11ea-9959-8c1645373715','e8225bca-8512-11ea-9959-8c1645373715'),('e8209428-8512-11ea-9959-8c1645373715','e8225bca-8512-11ea-9959-8c1645373715'),('e820948e-8512-11ea-9959-8c1645373715','e8225bca-8512-11ea-9959-8c1645373715'),('e8209526-8512-11ea-9959-8c1645373715','e8225bca-8512-11ea-9959-8c1645373715'),('e8209590-8512-11ea-9959-8c1645373715','e8225bca-8512-11ea-9959-8c1645373715'),('e820966a-8512-11ea-9959-8c1645373715','e8225bca-8512-11ea-9959-8c1645373715'),('e82089c2-8512-11ea-9959-8c1645373715','e8225c77-8512-11ea-9959-8c1645373715'),('e8208b18-8512-11ea-9959-8c1645373715','e8225c77-8512-11ea-9959-8c1645373715'),('e8208d02-8512-11ea-9959-8c1645373715','e8225c77-8512-11ea-9959-8c1645373715'),('e820900a-8512-11ea-9959-8c1645373715','e8225c77-8512-11ea-9959-8c1645373715'),('e82091bc-8512-11ea-9959-8c1645373715','e8225c77-8512-11ea-9959-8c1645373715'),('e8209526-8512-11ea-9959-8c1645373715','e8225c77-8512-11ea-9959-8c1645373715'),('e82097fc-8512-11ea-9959-8c1645373715','e8225c77-8512-11ea-9959-8c1645373715'),('e8209996-8512-11ea-9959-8c1645373715','e8225c77-8512-11ea-9959-8c1645373715'),('e8209b83-8512-11ea-9959-8c1645373715','e8225c77-8512-11ea-9959-8c1645373715'),('e8209dbb-8512-11ea-9959-8c1645373715','e8225c77-8512-11ea-9959-8c1645373715'),('e8208ab2-8512-11ea-9959-8c1645373715','e8225d1d-8512-11ea-9959-8c1645373715'),('e8208c12-8512-11ea-9959-8c1645373715','e8225d1d-8512-11ea-9959-8c1645373715'),('e8208f2f-8512-11ea-9959-8c1645373715','e8225d1d-8512-11ea-9959-8c1645373715'),('e8209070-8512-11ea-9959-8c1645373715','e8225d1d-8512-11ea-9959-8c1645373715'),('e82095f6-8512-11ea-9959-8c1645373715','e8225d1d-8512-11ea-9959-8c1645373715'),('e82097fc-8512-11ea-9959-8c1645373715','e8225d1d-8512-11ea-9959-8c1645373715'),('e82098c5-8512-11ea-9959-8c1645373715','e8225d1d-8512-11ea-9959-8c1645373715'),('e8209ea4-8512-11ea-9959-8c1645373715','e8225d1d-8512-11ea-9959-8c1645373715'),('e8208fa0-8512-11ea-9959-8c1645373715','e8225de6-8512-11ea-9959-8c1645373715'),('e82090da-8512-11ea-9959-8c1645373715','e8225de6-8512-11ea-9959-8c1645373715'),('e8209358-8512-11ea-9959-8c1645373715','e8225de6-8512-11ea-9959-8c1645373715'),('e82093c5-8512-11ea-9959-8c1645373715','e8225de6-8512-11ea-9959-8c1645373715'),('e8209590-8512-11ea-9959-8c1645373715','e8225de6-8512-11ea-9959-8c1645373715'),('e8209733-8512-11ea-9959-8c1645373715','e8225de6-8512-11ea-9959-8c1645373715'),('e82097fc-8512-11ea-9959-8c1645373715','e8225de6-8512-11ea-9959-8c1645373715'),('e8209a18-8512-11ea-9959-8c1645373715','e8225de6-8512-11ea-9959-8c1645373715'),('e8208ab2-8512-11ea-9959-8c1645373715','e8225eab-8512-11ea-9959-8c1645373715'),('e8208ba9-8512-11ea-9959-8c1645373715','e8225eab-8512-11ea-9959-8c1645373715'),('e8208c12-8512-11ea-9959-8c1645373715','e8225eab-8512-11ea-9959-8c1645373715'),('e8209070-8512-11ea-9959-8c1645373715','e8225eab-8512-11ea-9959-8c1645373715'),('e820914e-8512-11ea-9959-8c1645373715','e8225eab-8512-11ea-9959-8c1645373715'),('e82092f2-8512-11ea-9959-8c1645373715','e8225eab-8512-11ea-9959-8c1645373715'),('e8209526-8512-11ea-9959-8c1645373715','e8225eab-8512-11ea-9959-8c1645373715'),('e82095f6-8512-11ea-9959-8c1645373715','e8225eab-8512-11ea-9959-8c1645373715'),('e820966a-8512-11ea-9959-8c1645373715','e8225eab-8512-11ea-9959-8c1645373715'),('e8209733-8512-11ea-9959-8c1645373715','e8225eab-8512-11ea-9959-8c1645373715'),('e8209a18-8512-11ea-9959-8c1645373715','e8225eab-8512-11ea-9959-8c1645373715'),('e8209aec-8512-11ea-9959-8c1645373715','e8225eab-8512-11ea-9959-8c1645373715'),('e8209c1b-8512-11ea-9959-8c1645373715','e8225eab-8512-11ea-9959-8c1645373715'),('e8208d6c-8512-11ea-9959-8c1645373715','e8225f4a-8512-11ea-9959-8c1645373715'),('e8208f2f-8512-11ea-9959-8c1645373715','e8225f4a-8512-11ea-9959-8c1645373715'),('e82093c5-8512-11ea-9959-8c1645373715','e8225f4a-8512-11ea-9959-8c1645373715'),('e820948e-8512-11ea-9959-8c1645373715','e8225f4a-8512-11ea-9959-8c1645373715'),('e820992f-8512-11ea-9959-8c1645373715','e8225f4a-8512-11ea-9959-8c1645373715'),('e8209996-8512-11ea-9959-8c1645373715','e8225f4a-8512-11ea-9959-8c1645373715'),('e8209a18-8512-11ea-9959-8c1645373715','e8225f4a-8512-11ea-9959-8c1645373715'),('e8209aec-8512-11ea-9959-8c1645373715','e8225f4a-8512-11ea-9959-8c1645373715'),('e8209c1b-8512-11ea-9959-8c1645373715','e8225f4a-8512-11ea-9959-8c1645373715'),('e8208958-8512-11ea-9959-8c1645373715','e8226008-8512-11ea-9959-8c1645373715'),('e82089c2-8512-11ea-9959-8c1645373715','e8226008-8512-11ea-9959-8c1645373715'),('e8208c95-8512-11ea-9959-8c1645373715','e8226008-8512-11ea-9959-8c1645373715'),('e8208f2f-8512-11ea-9959-8c1645373715','e8226008-8512-11ea-9959-8c1645373715'),('e820914e-8512-11ea-9959-8c1645373715','e8226008-8512-11ea-9959-8c1645373715'),('e8209358-8512-11ea-9959-8c1645373715','e8226008-8512-11ea-9959-8c1645373715'),('e820966a-8512-11ea-9959-8c1645373715','e82260b1-8512-11ea-9959-8c1645373715'),('e820992f-8512-11ea-9959-8c1645373715','e82260b1-8512-11ea-9959-8c1645373715'),('e8208a36-8512-11ea-9959-8c1645373715','e82261d6-8512-11ea-9959-8c1645373715'),('e8208ab2-8512-11ea-9959-8c1645373715','e82261d6-8512-11ea-9959-8c1645373715'),('e8208b18-8512-11ea-9959-8c1645373715','e82261d6-8512-11ea-9959-8c1645373715'),('e8208fa0-8512-11ea-9959-8c1645373715','e82261d6-8512-11ea-9959-8c1645373715'),('e8209070-8512-11ea-9959-8c1645373715','e82261d6-8512-11ea-9959-8c1645373715'),('e82092f2-8512-11ea-9959-8c1645373715','e82261d6-8512-11ea-9959-8c1645373715'),('e82097fc-8512-11ea-9959-8c1645373715','e82261d6-8512-11ea-9959-8c1645373715'),('e8209a18-8512-11ea-9959-8c1645373715','e82261d6-8512-11ea-9959-8c1645373715'),('e8209b83-8512-11ea-9959-8c1645373715','e82261d6-8512-11ea-9959-8c1645373715'),('e8209c1b-8512-11ea-9959-8c1645373715','e82261d6-8512-11ea-9959-8c1645373715'),('e8209dbb-8512-11ea-9959-8c1645373715','e82261d6-8512-11ea-9959-8c1645373715'),('e8208ba9-8512-11ea-9959-8c1645373715','e822632c-8512-11ea-9959-8c1645373715'),('e8208c12-8512-11ea-9959-8c1645373715','e822632c-8512-11ea-9959-8c1645373715'),('e8208d6c-8512-11ea-9959-8c1645373715','e822632c-8512-11ea-9959-8c1645373715'),('e8208e47-8512-11ea-9959-8c1645373715','e822632c-8512-11ea-9959-8c1645373715'),('e8208eb4-8512-11ea-9959-8c1645373715','e822632c-8512-11ea-9959-8c1645373715'),('e82090da-8512-11ea-9959-8c1645373715','e822632c-8512-11ea-9959-8c1645373715'),('e82091bc-8512-11ea-9959-8c1645373715','e822632c-8512-11ea-9959-8c1645373715'),('e82092f2-8512-11ea-9959-8c1645373715','e822632c-8512-11ea-9959-8c1645373715'),('e820985c-8512-11ea-9959-8c1645373715','e822632c-8512-11ea-9959-8c1645373715'),('e820992f-8512-11ea-9959-8c1645373715','e822632c-8512-11ea-9959-8c1645373715'),('e8209aec-8512-11ea-9959-8c1645373715','e822632c-8512-11ea-9959-8c1645373715'),('e8209c1b-8512-11ea-9959-8c1645373715','e822632c-8512-11ea-9959-8c1645373715'),('e82089c2-8512-11ea-9959-8c1645373715','e82264a5-8512-11ea-9959-8c1645373715'),('e8208b18-8512-11ea-9959-8c1645373715','e82264a5-8512-11ea-9959-8c1645373715'),('e8208ba9-8512-11ea-9959-8c1645373715','e82264a5-8512-11ea-9959-8c1645373715'),('e8208d02-8512-11ea-9959-8c1645373715','e82264a5-8512-11ea-9959-8c1645373715'),('e8208f2f-8512-11ea-9959-8c1645373715','e82264a5-8512-11ea-9959-8c1645373715'),('e8209526-8512-11ea-9959-8c1645373715','e82264a5-8512-11ea-9959-8c1645373715'),('e820985c-8512-11ea-9959-8c1645373715','e82264a5-8512-11ea-9959-8c1645373715'),('e82098c5-8512-11ea-9959-8c1645373715','e82264a5-8512-11ea-9959-8c1645373715'),('e8208c95-8512-11ea-9959-8c1645373715','e822656e-8512-11ea-9959-8c1645373715'),('e8208dd2-8512-11ea-9959-8c1645373715','e822656e-8512-11ea-9959-8c1645373715'),('e8208eb4-8512-11ea-9959-8c1645373715','e822656e-8512-11ea-9959-8c1645373715'),('e82095f6-8512-11ea-9959-8c1645373715','e822656e-8512-11ea-9959-8c1645373715'),('e8209733-8512-11ea-9959-8c1645373715','e822656e-8512-11ea-9959-8c1645373715'),('e8209ea4-8512-11ea-9959-8c1645373715','e822656e-8512-11ea-9959-8c1645373715');
/*!40000 ALTER TABLE `interestedroles` ENABLE KEYS */;
UNLOCK TABLES;

--
-- Table structure for table `jobinterest`
--

DROP TABLE IF EXISTS `jobinterest`;
/*!40101 SET @saved_cs_client     = @@character_set_client */;
/*!50503 SET character_set_client = utf8mb4 */;
CREATE TABLE `jobinterest` (
  `jobId` char(36) NOT NULL,
  `employee` char(36) NOT NULL,
  `initiator` enum('employer','employee') DEFAULT NULL,
  `status` enum('available','liked','offered','done') DEFAULT NULL,
  PRIMARY KEY (`jobId`,`employee`),
  KEY `employee` (`employee`),
  CONSTRAINT `jobinterest_ibfk_1` FOREIGN KEY (`jobId`) REFERENCES `jobs` (`jobId`),
  CONSTRAINT `jobinterest_ibfk_2` FOREIGN KEY (`employee`) REFERENCES `employees` (`id`)
) ENGINE=InnoDB DEFAULT CHARSET=utf8mb4 COLLATE=utf8mb4_0900_ai_ci;
/*!40101 SET character_set_client = @saved_cs_client */;

--
-- Dumping data for table `jobinterest`
--

LOCK TABLES `jobinterest` WRITE;
/*!40000 ALTER TABLE `jobinterest` DISABLE KEYS */;
/*!40000 ALTER TABLE `jobinterest` ENABLE KEYS */;
UNLOCK TABLES;

--
-- Table structure for table `jobs`
--

DROP TABLE IF EXISTS `jobs`;
/*!40101 SET @saved_cs_client     = @@character_set_client */;
/*!50503 SET character_set_client = utf8mb4 */;
CREATE TABLE `jobs` (
  `jobId` char(36) NOT NULL,
  `employer` char(36) NOT NULL,
  `role` char(36) NOT NULL,
  `jobTitle` varchar(100) NOT NULL,
  `salary` varchar(100) DEFAULT NULL,
  `startDate` date DEFAULT NULL,
  `workLocation` varchar(36) NOT NULL,
  `description` varchar(100) DEFAULT NULL,
  PRIMARY KEY (`jobId`),
  KEY `employer` (`employer`),
  KEY `role` (`role`),
  KEY `workLocation` (`workLocation`),
  CONSTRAINT `jobs_ibfk_1` FOREIGN KEY (`employer`) REFERENCES `employers` (`id`),
  CONSTRAINT `jobs_ibfk_2` FOREIGN KEY (`role`) REFERENCES `roles` (`id`),
  CONSTRAINT `jobs_ibfk_3` FOREIGN KEY (`workLocation`) REFERENCES `locations` (`id`)
) ENGINE=InnoDB DEFAULT CHARSET=utf8mb4 COLLATE=utf8mb4_0900_ai_ci;
/*!40101 SET character_set_client = @saved_cs_client */;

--
-- Dumping data for table `jobs`
--

LOCK TABLES `jobs` WRITE;
/*!40000 ALTER TABLE `jobs` DISABLE KEYS */;
INSERT INTO `jobs` VALUES ('e827816c-8512-11ea-9959-8c1645373715','e8207ae5-8512-11ea-9959-8c1645373715','e8225913-8512-11ea-9959-8c1645373715','fuga perspiciatis quasi labore numquam rerum repellat','13045 - 99757','2021-08-06','e823bb8a-8512-11ea-9959-8c1645373715','Reiciendis veniam sapiente ex autem autem sit.'),('e82794cd-8512-11ea-9959-8c1645373715','e82086a9-8512-11ea-9959-8c1645373715','e8225b1d-8512-11ea-9959-8c1645373715','quia quibusdam autem dolor similique quisquam ad provident iure','14325 - 46851','2020-09-20','e823b338-8512-11ea-9959-8c1645373715','Nisi impedit amet deleniti aspernatur veniam at officia sunt assumenda.'),('e8279733-8512-11ea-9959-8c1645373715','e8207ae5-8512-11ea-9959-8c1645373715','e8225913-8512-11ea-9959-8c1645373715','necessitatibus est pariatur ratione aut optio quae minus dicta','12390 - 87167','2022-08-08','e823c199-8512-11ea-9959-8c1645373715','Porro quas labore eveniet non voluptas sequi porro.'),('e8279882-8512-11ea-9959-8c1645373715','e820881b-8512-11ea-9959-8c1645373715','e82264a5-8512-11ea-9959-8c1645373715','et deserunt maiores fuga ea iusto unde ex vitae','17985 - 67277','2021-06-29','e823b84a-8512-11ea-9959-8c1645373715','Fuga qui deleniti voluptatem aut voluptas.'),('e82799cd-8512-11ea-9959-8c1645373715','e8208791-8512-11ea-9959-8c1645373715','e8225bca-8512-11ea-9959-8c1645373715','dolore est animi repudiandae ea qui asperiores expedita doloribus','15318 - 21213','2021-03-12','e823d162-8512-11ea-9959-8c1645373715','Voluptatem aliquid quos provident aut repellat culpa vel.'),('e8279af2-8512-11ea-9959-8c1645373715','e820881b-8512-11ea-9959-8c1645373715','e8225c77-8512-11ea-9959-8c1645373715','ullam qui blanditiis ut soluta accusamus veniam odit eius','11608 - 38793','2020-08-17','e823be75-8512-11ea-9959-8c1645373715','Velit et autem voluptatibus sed consequatur at.'),('e8279c02-8512-11ea-9959-8c1645373715','e82088eb-8512-11ea-9959-8c1645373715','e82260b1-8512-11ea-9959-8c1645373715','magnam eum impedit a et perferendis velit atque at','16770 - 36840','2021-07-02','e823b7bd-8512-11ea-9959-8c1645373715','Quo aut quo corrupti et non voluptate.'),('e8279d11-8512-11ea-9959-8c1645373715','e820881b-8512-11ea-9959-8c1645373715','e8225f4a-8512-11ea-9959-8c1645373715','aut enim quia numquam assumenda temporibus','17975 - 66327','2020-08-07','e823d081-8512-11ea-9959-8c1645373715','Sunt ut quam est nesciunt incidunt laboriosam sit.'),('e8279e32-8512-11ea-9959-8c1645373715','e820881b-8512-11ea-9959-8c1645373715','e8225628-8512-11ea-9959-8c1645373715','dolorem qui laborum nesciunt dolorem voluptas possimus','17673 - 80437','2022-10-05','e823b8da-8512-11ea-9959-8c1645373715','Rem itaque iste cumque molestiae.'),('e8279f57-8512-11ea-9959-8c1645373715','e820881b-8512-11ea-9959-8c1645373715','e8225c77-8512-11ea-9959-8c1645373715','quo et quibusdam consequuntur et','15940 - 75011','2022-07-13','e823becd-8512-11ea-9959-8c1645373715','Beatae commodi quia exercitationem exercitationem quibusdam.');
/*!40000 ALTER TABLE `jobs` ENABLE KEYS */;
UNLOCK TABLES;

--
-- Table structure for table `locations`
--

DROP TABLE IF EXISTS `locations`;
/*!40101 SET @saved_cs_client     = @@character_set_client */;
/*!50503 SET character_set_client = utf8mb4 */;
CREATE TABLE `locations` (
  `id` char(36) NOT NULL,
  `address` varchar(200) NOT NULL,
  `longitude` decimal(18,12) NOT NULL,
  `latitude` decimal(18,12) NOT NULL,
  PRIMARY KEY (`id`)
) ENGINE=InnoDB DEFAULT CHARSET=utf8mb4 COLLATE=utf8mb4_0900_ai_ci;
/*!40101 SET character_set_client = @saved_cs_client */;

--
-- Dumping data for table `locations`
--

LOCK TABLES `locations` WRITE;
/*!40000 ALTER TABLE `locations` DISABLE KEYS */;
INSERT INTO `locations` VALUES ('e8239ff0-8512-11ea-9959-8c1645373715','111 Dương Thị Mười, Tân Chánh Hiệp, Quận 12, Hồ Chí Minh 700000, Vietnam',106.638962300000,10.873732600000),('e823aee1-8512-11ea-9959-8c1645373715','District 1, Ho Chi Minh City, Vietnam',106.700423800000,10.775658700000),('e823b070-8512-11ea-9959-8c1645373715','District 10, Ho Chi Minh City, Vietnam',106.667954200000,10.774596500000),('e823b0e8-8512-11ea-9959-8c1645373715','District 12, Ho Chi Minh City, Vietnam',106.641332200000,10.867153100000),('e823b155-8512-11ea-9959-8c1645373715','District 11, Ho Chi Minh City, Vietnam',106.650084000000,10.762973900000),('e823b1a9-8512-11ea-9959-8c1645373715','District 2, Ho Chi Minh City, Vietnam',106.749810500000,10.787272900000),('e823b1f0-8512-11ea-9959-8c1645373715','20 Đường Thảo Điền, Thảo Điền, Quận 2, Hồ Chí Minh, Vietnam',106.737471700000,10.804090500000),('e823b2ae-8512-11ea-9959-8c1645373715','989 2 Đồng Văn Cống, Phường Bình Trưng Tây, Quận 2, Hồ Chí Minh, Vietnam',106.756602100000,10.780497700000),('e823b338-8512-11ea-9959-8c1645373715','130 Đường Lê Văn Thịnh, Phường Bình Trưng Tây, Quận 2, Hồ Chí Minh, Vietnam',106.769255900000,10.782703000000),('e823b3c5-8512-11ea-9959-8c1645373715','District 3, Ho Chi Minh City, Vietnam',106.684408900000,10.784369500000),('e823b436-8512-11ea-9959-8c1645373715','153, 155-157 Trần Quốc Thảo, Phường 9, Quận 3, Hồ Chí Minh 70010, Vietnam',106.684026800000,10.784352200000),('e823b542-8512-11ea-9959-8c1645373715','District 4, Ho Chi Minh City, Vietnam',106.701296800000,10.757826300000),('e823b5cb-8512-11ea-9959-8c1645373715','63, 65 Bến Vân Đồn, Phường 12, Quận 4, Hồ Chí Minh, Vietnam',106.702237600000,10.765307500000),('e823b643-8512-11ea-9959-8c1645373715','18 Đường Đoàn Như Hài, Phường 12, Quận 4, Hồ Chí Minh, Vietnam',106.705161800000,10.766321400000),('e823b691-8512-11ea-9959-8c1645373715','120_122 Đường Khánh Hội, Phường 3, Quận 4, Hồ Chí Minh, Vietnam',106.700874000000,10.757037500000),('e823b6d7-8512-11ea-9959-8c1645373715','District 5, Ho Chi Minh City, Vietnam',106.663374600000,10.754027900000),('e823b71a-8512-11ea-9959-8c1645373715','3 Mạc Cửu, Phường 13, Quận 5, Hồ Chí Minh, Vietnam',106.659248000000,10.750223000000),('e823b764-8512-11ea-9959-8c1645373715','203 An Dương Vương, Phường 8, Quận 5, phường 8 Quận 5 Hồ Chí Minh, Vietnam',106.667540600000,10.755804900000),('e823b7bd-8512-11ea-9959-8c1645373715','642 A Đ. Nguyễn Trãi, Phường 11, Quận 5, Hồ Chí Minh 700000, Vietnam',106.665783200000,10.754080100000),('e823b803-8512-11ea-9959-8c1645373715','District 6, Ho Chi Minh City, Vietnam',106.635236200000,10.748092900000),('e823b84a-8512-11ea-9959-8c1645373715','107 Cao Văn Lầu, Phường 1, Quận 6, Hồ Chí Minh, Vietnam',106.649579100000,10.746460100000),('e823b890-8512-11ea-9959-8c1645373715','88 Tháp Mười, Phường 2, Quận 6, Hồ Chí Minh, Vietnam',106.650462600000,10.749994900000),('e823b8da-8512-11ea-9959-8c1645373715','2D Chợ Lớn, Phường 11, Quận 6, Phường 11 Quận 6 Hồ Chí Minh, Vietnam',106.634848800000,10.746579300000),('e823b924-8512-11ea-9959-8c1645373715','122 Minh Phụng, Phường 6, Quận 6, Hồ Chí Minh, Vietnam',106.642594900000,10.750283400000),('e823ba37-8512-11ea-9959-8c1645373715','District 7, Ho Chi Minh City, Vietnam',106.721578700000,10.734034400000),('e823ba9a-8512-11ea-9959-8c1645373715','3 Tân Phú, P, Quận 7, Hồ Chí Minh, Vietnam',106.725198000000,10.732771700000),('e823baf9-8512-11ea-9959-8c1645373715','504, 506 Huỳnh Tấn Phát, Bình Thuận, Quận 7, Hồ Chí Minh, Vietnam',106.729268900000,10.741525000000),('e823bb47-8512-11ea-9959-8c1645373715','101 Nguyễn Thị Thập, Tân Phú, Quận 7, Hồ Chí Minh, Vietnam',106.724182700000,10.737306600000),('e823bb8a-8512-11ea-9959-8c1645373715','1441 Huỳnh Tấn Phát, Phú Mỹ, Quận 7, Hồ Chí Minh, Vietnam',106.737430600000,10.713484700000),('e823bc7d-8512-11ea-9959-8c1645373715','District 8, Ho Chi Minh City, Vietnam',106.628625900000,10.724087800000),('e823bd9b-8512-11ea-9959-8c1645373715','126 Đường Lê Quyên, Phường 5, Quận 8, Hồ Chí Minh, Vietnam',106.666435100000,10.740894000000),('e823bde5-8512-11ea-9959-8c1645373715','993 Phạm Thế Hiển, Phường 5, Quận 8, Hồ Chí Minh, Vietnam',106.667816900000,10.742264300000),('e823be2f-8512-11ea-9959-8c1645373715','82 Đường Cao Lỗ, Phường 4, Quận 8, Hồ Chí Minh, Vietnam',106.676410000000,10.741574300000),('e823be75-8512-11ea-9959-8c1645373715','302 Phạm Hùng, Phường 5, Quận 8, Hồ Chí Minh, Vietnam',106.667632700000,10.739722600000),('e823becd-8512-11ea-9959-8c1645373715','Ho Chi Minh City, Vietnam',106.629663800000,10.823098900000),('e823bf10-8512-11ea-9959-8c1645373715','District 9, Ho Chi Minh City, Vietnam',106.828685100000,10.842840200000),('e823bf57-8512-11ea-9959-8c1645373715','9 Xa lộ Hà Nội, Hiệp Phú, Quận 9, Hồ Chí Minh, Vietnam',106.775624900000,10.849117200000),('e823bf9a-8512-11ea-9959-8c1645373715','Khu Phố 2, 387 Lê Văn Việt, Tăng Nhơn Phú A, Quận 9, Hồ Chí Minh 715143, Vietnam',106.790147100000,10.844923500000),('e823bfe4-8512-11ea-9959-8c1645373715','48A Tăng Nhơn Phú, Tăng Nhơn Phú B, Quận 9, Hồ Chí Minh, Vietnam',106.779904000000,10.833476000000),('e823c0c6-8512-11ea-9959-8c1645373715','571 Sư Vạn Hạnh, Phường 12, Quận 10, Hồ Chí Minh, Vietnam',106.666596300000,10.776170200000),('e823c10c-8512-11ea-9959-8c1645373715','47 Thành Thái, Phường 14, Quận 10, Hồ Chí Minh, Vietnam',106.665163400000,10.772151200000),('e823c153-8512-11ea-9959-8c1645373715','Công viên Hồ Kỳ Hoà, Cao Thắng, Phường 12, Quận 10, Hồ Chí Minh, Vietnam',106.671473000000,10.774660900000),('e823c199-8512-11ea-9959-8c1645373715','Jumeirah Village Circle - Dubai - United Arab Emirates',55.213494500000,25.054493800000),('e823c1dc-8512-11ea-9959-8c1645373715','1275 K St NW, 1275 K St NW, Washington, DC 20005, USA',-77.029233800000,38.902846000000),('e823c887-8512-11ea-9959-8c1645373715','District 12 K - Dubai - United Arab Emirates',55.216772200000,25.053610800000),('e823c8f1-8512-11ea-9959-8c1645373715','72 Đường số 5 - CX Bình Thới, Phường 8, Quận 11, Phường 8 District 11 Ho Chi Minh City, Vietnam',106.647890600000,10.760772200000),('e823c942-8512-11ea-9959-8c1645373715','215a Lý Thường Kiệt, Phường 9, Quận 11, Hồ Chí Minh, Vietnam',106.655477300000,10.778853100000),('e823c98c-8512-11ea-9959-8c1645373715','Gò Vấp, Ho Chi Minh City, Vietnam',106.665290400000,10.838677900000),('e823c9cf-8512-11ea-9959-8c1645373715','48/338D Quang Trung, Phường 12, Gò Vấp, Hồ Chí Minh, Vietnam',106.643063400000,10.840686200000),('e823ca15-8512-11ea-9959-8c1645373715','90A Nguyễn Thái Sơn, Phường 3, Gò Vấp, Hồ Chí Minh, Vietnam',106.680746200000,10.816345500000),('e823caf4-8512-11ea-9959-8c1645373715','641 Quang Trung, Phường 11, Gò Vấp, Hồ Chí Minh, Vietnam',106.661565700000,10.834685400000),('e823cc18-8512-11ea-9959-8c1645373715','312 Đường Nguyễn Văn Nghi, Phường 7, Gò Vấp, Hồ Chí Minh, Vietnam',106.683027300000,10.826341700000),('e823cc66-8512-11ea-9959-8c1645373715','Tan Binh, Ho Chi Minh City, Vietnam',106.652597400000,10.801465900000),('e823ccb7-8512-11ea-9959-8c1645373715','Số 172 Lý Thường Kiệt, Phường 6, Tân Bình, Hồ Chí Minh 700000, Vietnam',106.653372600000,10.786006800000),('e823cd08-8512-11ea-9959-8c1645373715','450 Trường Chinh, Phường 13, Tân Bình, Hồ Chí Minh, Vietnam',106.639041700000,10.800721200000),('e823cdff-8512-11ea-9959-8c1645373715','873 Cách Mạng Tháng Tám, Phường 7, Tân Bình, Hồ Chí Minh, Vietnam',106.660012800000,10.788691900000),('e823ce45-8512-11ea-9959-8c1645373715','446 Hoàng Văn Thụ, Phường 4, Tân Bình, Hồ Chí Minh, Vietnam',106.654797500000,10.795685800000),('e823cf66-8512-11ea-9959-8c1645373715','Tân Phú, Ho Chi Minh City, Vietnam',106.628190100000,10.790051700000),('e823cfa9-8512-11ea-9959-8c1645373715','Tân Phú, District 7, Ho Chi Minh City, Vietnam',106.726412500000,10.725101400000),('e823cfec-8512-11ea-9959-8c1645373715','Tân Phú Trung, Củ Chi, Ho Chi Minh City, Vietnam',106.541106500000,10.938937500000),('e823d037-8512-11ea-9959-8c1645373715','Tân Phú, District 9, Ho Chi Minh City, Vietnam',106.803089200000,10.856965600000),('e823d081-8512-11ea-9959-8c1645373715','Tân Phước, Quận 10, Hồ Chí Minh, Vietnam',106.663336200000,10.761712700000),('e823d162-8512-11ea-9959-8c1645373715','Bình Thạnh, Ho Chi Minh City, Vietnam',106.709142200000,10.810583100000),('e823d1b7-8512-11ea-9959-8c1645373715','Bình Thành, Bình Hưng Hòa B, Bình Tân, Hồ Chí Minh, Vietnam',106.588417400000,10.806879800000),('e823d2ce-8512-11ea-9959-8c1645373715','368 Bạch Đằng, Phường 14, Bình Thạnh, Hồ Chí Minh, Vietnam',106.698978500000,10.803134000000),('e823d314-8512-11ea-9959-8c1645373715','112AB Đinh Tiên Hoàng, Phường 1, Bình Thạnh, Hồ Chí Minh, Vietnam',106.696609300000,10.798054900000),('e823d377-8512-11ea-9959-8c1645373715','164 Xô Viết Nghệ Tĩnh, Phường 21, Bình Thạnh, Hồ Chí Minh, Vietnam',106.710928700000,10.797424800000),('e823d3bd-8512-11ea-9959-8c1645373715','Phú Nhuận, Ho Chi Minh City, Vietnam',106.680263900000,10.799194400000),('e823d455-8512-11ea-9959-8c1645373715','5 Hoàng Minh Giám, Phường 9, Phú Nhuận, Hồ Chí Minh, Vietnam',106.675626800000,10.809559400000),('e823d4a6-8512-11ea-9959-8c1645373715','274 Nguyễn Trọng Tuyển, Phường 8, Phú Nhuận, Hồ Chí Minh 40503, Vietnam',106.671828000000,10.798203100000),('e823d4e9-8512-11ea-9959-8c1645373715','145/9 Nguyễn Văn Trỗi, Phường 11, Phú Nhuận, Hồ Chí Minh, Vietnam',106.676238800000,10.794032900000),('e823d53e-8512-11ea-9959-8c1645373715','82 Trần Huy Liệu, Phường 15, Phú Nhuận, Hồ Chí Minh, Vietnam',106.678094000000,10.794784200000),('e823d638-8512-11ea-9959-8c1645373715','Bình Tân, Ho Chi Minh City, Vietnam',106.603853500000,10.765258100000),('e823d76e-8512-11ea-9959-8c1645373715','Hương Lộ 2, Bình Trị Đông A, Bình Tân, Hồ Chí Minh, Vietnam',106.593216400000,10.769046600000),('e823d7d8-8512-11ea-9959-8c1645373715','1114 QL1A, Bình Trị Đông B, Bình Tân, Hồ Chí Minh, Vietnam',106.601924300000,10.730651600000),('e823d846-8512-11ea-9959-8c1645373715','521 Kinh Dương Vương, An Lạc, Bình Tân, Hồ Chí Minh, Vietnam',106.615660500000,10.737207500000),('e823d8bd-8512-11ea-9959-8c1645373715','1 Đường số 48, Tân Tạo, Bình Tân, Hồ Chí Minh, Vietnam',106.598099800000,10.751845300000),('e823d932-8512-11ea-9959-8c1645373715','Thủ Đức, Ho Chi Minh City, Vietnam',106.753705500000,10.849409400000),('e823d9e9-8512-11ea-9959-8c1645373715','27 Đường Số 3, Hiệp Bình Phước, Thủ Đức, Hồ Chí Minh, Vietnam',106.710787200000,10.836314600000),('e823dad2-8512-11ea-9959-8c1645373715','54 Đường Gò Dưa, Bình Chiểu, Thủ Đức, Hồ Chí Minh, Vietnam',106.743008000000,10.870593000000),('e823dbb0-8512-11ea-9959-8c1645373715','Hoàng Diệu 2, Phường 7, Thủ Đức, Hồ Chí Minh, Vietnam',106.690699000000,10.800623000000);
/*!40000 ALTER TABLE `locations` ENABLE KEYS */;
UNLOCK TABLES;

--
-- Table structure for table `roles`
--

DROP TABLE IF EXISTS `roles`;
/*!40101 SET @saved_cs_client     = @@character_set_client */;
/*!50503 SET character_set_client = utf8mb4 */;
CREATE TABLE `roles` (
  `id` char(36) NOT NULL,
  `roleName` varchar(100) NOT NULL,
  `industry` char(36) NOT NULL,
  `description` varchar(100) NOT NULL,
  PRIMARY KEY (`id`),
  UNIQUE KEY `roleName` (`roleName`),
  KEY `industry` (`industry`),
  CONSTRAINT `roles_ibfk_1` FOREIGN KEY (`industry`) REFERENCES `industries` (`id`)
) ENGINE=InnoDB DEFAULT CHARSET=utf8mb4 COLLATE=utf8mb4_0900_ai_ci;
/*!40101 SET character_set_client = @saved_cs_client */;

--
-- Dumping data for table `roles`
--

LOCK TABLES `roles` WRITE;
/*!40000 ALTER TABLE `roles` DISABLE KEYS */;
INSERT INTO `roles` VALUES ('e822498a-8512-11ea-9959-8c1645373715','Dynamic Solutions Liaison','e8219786-8512-11ea-9959-8c1645373715','Tempore molestias saepe mollitia aut commodi cum occaecati veniam.'),('e8225628-8512-11ea-9959-8c1645373715','Customer Usability Strategist','e821989c-8512-11ea-9959-8c1645373715','Quaerat est doloremque unde ipsam nobis est dolorum.'),('e8225773-8512-11ea-9959-8c1645373715','Chief Division Architect','e82198f1-8512-11ea-9959-8c1645373715','Non occaecati est quisquam et eos quis totam non.'),('e8225855-8512-11ea-9959-8c1645373715','Central Integration Consultant','e8219844-8512-11ea-9959-8c1645373715','Quae at iusto.'),('e8225913-8512-11ea-9959-8c1645373715','Principal Integration Representative','e8219786-8512-11ea-9959-8c1645373715','Totam explicabo qui odit quia impedit at.'),('e82259bd-8512-11ea-9959-8c1645373715','Global Web Representative','e8219786-8512-11ea-9959-8c1645373715','Possimus dolorem et sequi officiis est perspiciatis.'),('e8225a69-8512-11ea-9959-8c1645373715','Direct Intranet Liaison','e821989c-8512-11ea-9959-8c1645373715','Ipsam dicta tempore a unde reprehenderit eos rerum libero.'),('e8225b1d-8512-11ea-9959-8c1645373715','District Response Consultant','e8219786-8512-11ea-9959-8c1645373715','Sunt saepe in.'),('e8225bca-8512-11ea-9959-8c1645373715','Investor Creative Strategist','e82198f1-8512-11ea-9959-8c1645373715','Vel fugit fuga minima hic.'),('e8225c77-8512-11ea-9959-8c1645373715','Forward Intranet Technician','e8219844-8512-11ea-9959-8c1645373715','Facere qui qui at sed ut quia est.'),('e8225d1d-8512-11ea-9959-8c1645373715','Future Implementation Specialist','e82198f1-8512-11ea-9959-8c1645373715','Architecto non expedita voluptas inventore.'),('e8225de6-8512-11ea-9959-8c1645373715','Central Paradigm Facilitator','e8219786-8512-11ea-9959-8c1645373715','Recusandae laudantium necessitatibus nihil quos at repudiandae molestias.'),('e8225eab-8512-11ea-9959-8c1645373715','Chief Intranet Assistant','e8218b98-8512-11ea-9959-8c1645373715','Porro aspernatur molestiae quia.'),('e8225f4a-8512-11ea-9959-8c1645373715','Senior Markets Designer','e82198f1-8512-11ea-9959-8c1645373715','Ut quia ipsum cum blanditiis deserunt itaque debitis.'),('e8226008-8512-11ea-9959-8c1645373715','Principal Branding Architect','e8219844-8512-11ea-9959-8c1645373715','Et est sint soluta cumque qui fuga laborum sint.'),('e82260b1-8512-11ea-9959-8c1645373715','Global Intranet Officer','e8218b98-8512-11ea-9959-8c1645373715','Exercitationem dolor qui consectetur quos itaque quisquam sit molestiae corrupti.'),('e82261d6-8512-11ea-9959-8c1645373715','Global Division Assistant','e8219844-8512-11ea-9959-8c1645373715','Ut velit tempora quaerat officia corrupti et.'),('e822632c-8512-11ea-9959-8c1645373715','Chief Brand Executive','e821989c-8512-11ea-9959-8c1645373715','Mollitia maiores voluptas.'),('e82264a5-8512-11ea-9959-8c1645373715','Dynamic Optimization Liaison','e8219844-8512-11ea-9959-8c1645373715','Magni sed aliquam et.'),('e822656e-8512-11ea-9959-8c1645373715','Dynamic Brand Coordinator','e8218b98-8512-11ea-9959-8c1645373715','Tempora enim eius.');
/*!40000 ALTER TABLE `roles` ENABLE KEYS */;
UNLOCK TABLES;

--
-- Table structure for table `users`
--

DROP TABLE IF EXISTS `users`;
/*!40101 SET @saved_cs_client     = @@character_set_client */;
/*!50503 SET character_set_client = utf8mb4 */;
CREATE TABLE `users` (
  `id` char(36) NOT NULL,
  `email` varchar(320) NOT NULL,
  `password` binary(64) NOT NULL,
  `salt` binary(128) NOT NULL,
  `customerId` varchar(30) DEFAULT NULL,
  `userType` enum('employer','employee') DEFAULT NULL,
  `active` tinyint(1) NOT NULL DEFAULT '0',
  `subscriptionId` varchar(30) DEFAULT NULL,
  `resetCode` char(6) NOT NULL DEFAULT '000000',
  PRIMARY KEY (`id`)
) ENGINE=InnoDB DEFAULT CHARSET=utf8mb4 COLLATE=utf8mb4_0900_ai_ci;
/*!40101 SET character_set_client = @saved_cs_client */;

--
-- Dumping data for table `users`
--

LOCK TABLES `users` WRITE;
/*!40000 ALTER TABLE `users` DISABLE KEYS */;
INSERT INTO `users` VALUES ('e8207ae5-8512-11ea-9959-8c1645373715','Kali65@hotmail.com',_binary '\S\kJ\@\-\\>z\S/Wo\'f\~&\ix\.Z\Z-ʜ}Q\\$\',_binary ',g%V]\\\\:\\1Z4\N\0\kjyUpߘ\QK]T#(\p\a\Lo`\\qTo3\5v辄t5Y\]ߥ_UX7\v\%#V\	w\#=\\r\#\']\G-Zl\\\0×v',NULL,'employer',1,NULL,'qt68g3'),('e82086a9-8512-11ea-9959-8c1645373715','Bradford84@yahoo.com',_binary '\~ \؝\FҶ\}6xP\K\+\"[q\\)b\\\Z\J\\\\s}z&\\pr9L\f',_binary '4b\\y\<TX_L<t\\\}\o\\qCrI1tCJ<uIL^?\p/qޟ?\z\%\\hdRE@fQ/$HD\g\\07\,J\\m\\(2\\',NULL,'employer',1,NULL,'h5y3ec'),('e8208791-8512-11ea-9959-8c1645373715','Hilma_Gorczany@hotmail.com',_binary 'z:F\"\`<\~*9\%=\;\\"?Bnx8\eNQ!\\\\:gm9\47c\Ĕ\\',_binary 'ѧ\6\\\ԏ/B^\>\\Mi2>\"zJ$ \\\\Np\"{Z\E\d|	\\\\O\\@\r\Yo4,d\\\\٪[hDpFTeD#`j\\&-\f\'',NULL,'employer',1,NULL,'ysmsiw'),('e820881b-8512-11ea-9959-8c1645373715','Chase78@gmail.com',_binary 'ff`	K\\+\r˲oܫv\υ7\`3\z4\\/_A)a\\'\P\I\B\',_binary '|tq9<ɩ\.cvo\C46\ K3 I;\u<z.v\+N\L[X4ѳ\>c08\\\0l\{Ixz//iJa+,\}!\ \\"Ji!B_',NULL,'employer',1,NULL,'g155ju'),('e82088eb-8512-11ea-9959-8c1645373715','Tomasa95@hotmail.com',_binary 'WN\Z[;\i\(\,\\>}\ic\U\~\c\M\[Unݸu\v\Z$YtHBd',_binary '\\5\E{\\ɠk\k\\li\\\荣uA\Bm2\8V\\iJl\9@\\v7e\\\\\\h\k\02\ZzOg@\<`Z<\n\\\r\jC',NULL,'employer',1,NULL,'vtpynh'),('e8208958-8512-11ea-9959-8c1645373715','Gunner_Jaskolski@yahoo.com',_binary '\<\;\\m̈\\AU\l\~ĵ\\'7AuCV\\BonHÖ	\E\&',_binary 'mץH\,7 \s2+ɘK5\\L\[\@k\}Vy3\JTY\HJs\\\\t\\I\r|\\n\TiU\\6\Fq\H\+\\\OtM\:y󆨲P\4\mKB',NULL,'employee',1,NULL,'kq1taj'),('e82089c2-8512-11ea-9959-8c1645373715','Alejandrin_Littel94@hotmail.com',_binary 'tce\+\3!\\h\\5f↯\"BGԝ\\Z\ӄ\\蓅\]ò\ٶ',_binary '|/\Hxa\skJo[\\DrjoA}?8\e	\mHLCʌ\E\\T3Oڟ\]DR\rjR.k	\ӥ\\o\a}\<!m&w\I\\\\\\e\'َZ\5;l\"ϚW',NULL,'employee',1,NULL,'eysslg'),('e8208a36-8512-11ea-9959-8c1645373715','Peggie_Stroman10@yahoo.com',_binary 't\\l\a)r]U\'H\\\r\ퟰ<Jl\n\]ծJ79ŘiM/6b\"SK',_binary 'SJǈ;ї\x	Ďu\&d3\\{\3-1\%5Þ+\?\\r\2\rev\rŨqZ\\Զ\^ŰU֫jҶ\Ų\]J\\QGטNϲb\lg\H\0\',NULL,'employee',1,NULL,'ed0kv8'),('e8208ab2-8512-11ea-9959-8c1645373715','Korey_Heaney@gmail.com',_binary '\x\(N\\N\^C\\%\?E\0L%\S\;!\\\pU@7B\\'3PalM',_binary 'ċE\K>#i3/o\D,\:\:`\"\\4P9\$6\8(B\ݙ~O]<\pZJ_\C\\rˁ\%\\\|%\rq)\\\\\k8GVT\F&`.%\\5:\\Q)5{_h\:Շ',NULL,'employee',1,NULL,'xtrd6u'),('e8208b18-8512-11ea-9959-8c1645373715','Violet57@hotmail.com',_binary 'SDW\;B\\,PGYΗI0[^\[\\^JR\\\F\$ZW\\\nz췸)u\\',_binary 'r\Av̇p\a!\|ZL)\\>\\q\Ƴ(e9rhŁ\`sW\Iс`:`J\\>\WEZ9B\\L\\l\\$\Ϝ\f\-)*#cC\c1-\rf',NULL,'employee',1,NULL,'quc19g'),('e8208ba9-8512-11ea-9959-8c1645373715','Noemie13@yahoo.com',_binary 'b\Z0`ˬ#RY:\\r!\'\gR\anjJWO6\\{SyEGɘ/ӡz',_binary '/0\|Ӟ\0\"	\Fߊv\\"\y9dJ\"NfM\r	\\y̾C\'lN/\UBz^\,\\g\4\\\\>,{a\+\\\"R1⌻N\i\F%rT\'\\\',NULL,'employee',1,NULL,'p028hj'),('e8208c12-8512-11ea-9959-8c1645373715','Carolanne13@gmail.com',_binary '!\\gғE#w\'\i埰f\5\\\d3?[vbjf\\J\&\D0',_binary 'Fr׵\)a\&+C-\jd>	ˊU\	p,u\/VC\Kn\gh \Z{_\\\\\%ve\\NU1_\\"..\\腽\\s\\L\\\\#L/R',NULL,'employee',1,NULL,'mvniq9'),('e8208c95-8512-11ea-9959-8c1645373715','Aurore.Ward53@yahoo.com',_binary 'XB\\i*\Z\n_\\\mCN\sO>]J*96}\\0\?\\\s<WW\4݈\R\2w',_binary '\*\iww0R\\ZPnC\!8\,`\Z\Q\%U\NK0ir=8~zF\\yx\ZG\\\R\\\\\\\?t\f+M]\1\Z^q,/\I\'7r8^tM',NULL,'employee',1,NULL,'gogoms'),('e8208d02-8512-11ea-9959-8c1645373715','Alene.Macejkovic94@hotmail.com',_binary '\0Ac\\\\䶻\\\\r\	F\Ye\.$fv\v\İ۟	ຽ\',_binary 'Fcy ~S;O3\\\{7˂\\PX\l`8_+\i\\p)ŵ\n֌(\"o>\\ܞg_\R,\\s\ʵ\\\1`\\p\rs\HoE\5]GP\A-ꩍn($~=',NULL,'employee',1,NULL,'z3inly'),('e8208d6c-8512-11ea-9959-8c1645373715','Jimmie.Feest@yahoo.com',_binary '\gU\\n\"Я5\5ԉv\\\R\\8\Q\>\"J\\1$\\t 5~G%y#',_binary 'f]v\\ڪwGna\t\-\~D㎄g,ZWZu\k\TAg\Q\h0\*0\=މD\\:DX\\-8Za\\ \J{q\/X\\%\W\PWj\\\J',NULL,'employee',1,NULL,'745mhg'),('e8208dd2-8512-11ea-9959-8c1645373715','Alexandra_Runolfsdottir55@yahoo.com',_binary '\a${0\R]\:H=\FiS֖)2~\O+\Q\\S,\r\}Њqn\\\L',_binary '=ū\i\Z`Ӛ\"\#T\\Zna\$m\=\'n@J\#y\\\\\\\dAl/I\\\=\kM<\,\\߯$\\Z\\sߋJ;ry\P<\B%\1\\"7sm',NULL,'employee',1,NULL,'9s91k3'),('e8208e47-8512-11ea-9959-8c1645373715','Floy_Swaniawski@hotmail.com',_binary '>\\"{hNM=Gȧ\&\h\G\0\}G٭0L4(0\'{\_\\f\F!F\ZQ',_binary 'K\\\/\\5ق\?\U\'.4O	tj☸$SY_gx-\?\ά\'\)\f2H\F*1Qu\\u3=\s\"L~$}@tX\|4gSr-XL_xϘE\'',NULL,'employee',1,NULL,'tk3rlx'),('e8208eb4-8512-11ea-9959-8c1645373715','Milford_Feil64@gmail.com',_binary 'U#SP\\\(\\"\\\\\hJMрE<-\]\\\\x\\rnƞ7b\',_binary 'Ճu,\<\ׄ-\\gq<GRh\u\Ν?N\"\\i\RY\HP{NJڃ߱\4AؑW\pW@wB.\\\\5)݋?iW\՘/ì\.q=2ᄷ蜱~?rɀ',NULL,'employee',1,NULL,'813ijy'),('e8208f2f-8512-11ea-9959-8c1645373715','Alice_Ortiz25@gmail.com',_binary ')Z\"Tc	x\rC|\0\\\혵vM>l\\Z\HD\>\C\z',_binary 'nUʺ;Cx\"\]_<\a#/\Լҭ\o \\$\X\kv裂.P\\\\ ,N<>厜%zT;H1\D#(\rה\9X\l<\'6[;e}',NULL,'employee',1,NULL,'akfa12'),('e8208fa0-8512-11ea-9959-8c1645373715','Norval.Prohaska12@hotmail.com',_binary '%\r|\"Ap0fr>:\[X|J%XeH\鿌n\(\Je(|Y\n\\'',_binary '˼KO5\e\2osl\\\\-ƈ~nM	^4@\j\RQW\fBS\e\\_\)\~҅\\Z\\0JGtwʙ(scK\\h\E][\-{\\rJ\HaT\\iϲ#\9n	b\\nV\',NULL,'employee',1,NULL,'irskys'),('e820900a-8512-11ea-9959-8c1645373715','Annette23@hotmail.com',_binary '_\QJ:\t-fs5o{T}ܿ\g\Wzi\(\\PA\w\Y\_\\',_binary '0F\\\3\j9Ӄ\6qfIQ\"c\rh\O\g#fr\2䞧Ld\'i\Xk\=R\=P\\<\	O\\j\2\{P\kJd\a\=dh~@',NULL,'employee',1,NULL,'77kkib'),('e8209070-8512-11ea-9959-8c1645373715','Vernie_Anderson93@hotmail.com',_binary 'Xon8䘮\\3L\\n {\:ھ\CgK\P\I\	ީ\*|\'猙׬~F\/VfH',_binary '\)bz\Y\\$W\(Ւ\\"\\d[o[8\n\ez\a\\r\R\#\8@D%ަO\>\\GLO7㑠ul.\\P޵7W\%\ \$\NnFϏ1+\n@0S\',NULL,'employee',1,NULL,'2kq3av'),('e82090da-8512-11ea-9959-8c1645373715','Dejon94@gmail.com',_binary '\I\\\\Z\(%+-s\b\n!\#\/gX]y%\֓ӝ{\',_binary '}dL Ϧ\\\t\e!/*\lr\\\~J\	eqZ\\\\\nc\\r<ĳ\\Oת]\Xw\G>\'nk5`k\&1=jOK\\\S\=1\\Z(4\L\Sa\\R\\n8',NULL,'employee',1,NULL,'mawxgz'),('e820914e-8512-11ea-9959-8c1645373715','Dora_Schiller@hotmail.com',_binary '5\X\r\c\0yn	>(1yw\\\0\\hA~7F5\Eʷbp?\\Zu',_binary '	x״\W@\\\\\[,!HԻh\\"\\2\)[\o\h\\Q\\\e\\\ro9\}\n\8VR͊u\KGNJ!썿 !\ye\\\\6},_\0\r^-uGCVdm\\',NULL,'employee',1,NULL,'ahb883'),('e82091bc-8512-11ea-9959-8c1645373715','Duncan27@yahoo.com',_binary 'z\<CG\\\G`&\\\\Cy]B2\vT\v\\\\\\n\\\Ly\\Z4.\Zjg\',_binary 'e\\\Zd\Tew\0ʄ\S\p7څdZP{~GAGa\\ZZqu\\A\\Z_{g\\n\"\6LWU\0B2H\WjD5_\E꒗{]W\Ͳ\M\\\l~Ġ',NULL,'employee',1,NULL,'jon8qc'),('e820927e-8512-11ea-9959-8c1645373715','Jewel_Heaney8@hotmail.com',_binary '\I\(ay\aZK\	,Pqf\r`\4k0\:jIB\\8~',_binary '\\\\;}\\Scj05P\zv,=H]\)UW^͢Ka+oiFߪpˈή\7rEϒ\~[2\y\sa\ I)\n[0\!|\A\%Kc+P)ha؋\L\ؼ',NULL,'employee',1,NULL,'8lrr6d'),('e82092f2-8512-11ea-9959-8c1645373715','Abigail79@gmail.com',_binary '\3\ǫ(\\Fqv$\\1[JnnQOJ亙7\'E,(5d\\\n\\1\zl\-\',_binary ') \C;V+\F\\:\\\rQR\`a\n=zꤖU亦\r<\\b\\CfU]N]\\TucH_A\Cs\c\$\n2f,\n\\bp\"\Aګ\s\ZB>\',NULL,'employee',1,NULL,'5is5sa'),('e8209358-8512-11ea-9959-8c1645373715','Jimmie.Robel@hotmail.com',_binary 'BO\u\"\Xgz\E\\ڝIFW\\b.s5Qf\\\\83}#',_binary '`I_ё\tۇ\G|\X\\^X\\\\rΦ(=\@\ !v\n^x\\*秮CyؽX\Ïx\\ɤ-\rW\0\G@+\m\8\\;\Rܮn_*qJ>\\',NULL,'employee',1,NULL,'ijlmt7'),('e82093c5-8512-11ea-9959-8c1645373715','Leonie.Turner@hotmail.com',_binary 'c6#36=\r\0^>N+7c Uy\:\sbAKt}~y\'\,\\njA\"\nl',_binary 'B\͐\\46\9\\\x\H5}ĆŹJn\\u\f\73\0f\rjͪRs;p\~\\'פf6\\ZtŎ\\\;m3)iVG>\ʂR\z$ې\nd\mkj\"Ud',NULL,'employee',1,NULL,'nswsy9'),('e8209428-8512-11ea-9959-8c1645373715','Eulah5@yahoo.com',_binary '\ZФЬ3̰Z\"m\Q\?]`C4@{zS\\蘶	ajXv+Y˘QZ',_binary 'l|m\F#\O\\\'\	\i/1\4\\"!\'>\׾-!;D/֞.,`y\\\;)8:QC\igdǵO\da	a\\0;8\r\aߓ\cĐ\Z:<:]x(?\\\^o}A^',NULL,'employee',1,NULL,'3qjxmk'),('e820948e-8512-11ea-9959-8c1645373715','Mariela_Keeling32@gmail.com',_binary 'XRZ\"<em\0\C\\1\\\\.\S\GV\;W\w~\Q6',_binary '\1^2\E\\Q7跻\\f\(\r<\>\@kbF\dv~\諸mVu\r\\Z\\\\C4ьdf=\\\\;H\\c(SY{L\84dd\%~\x\r\0#P`\n\',NULL,'employee',1,NULL,'5w28vb'),('e8209526-8512-11ea-9959-8c1645373715','Kamron84@yahoo.com',_binary '1Ja\'gT$f\ݖu\jSmQ/o_\n\\\j0gGp\LNmXd\-wU',_binary '\E\\'H0pl\$R.\\"\z91\\>\B\\\>\ТO>\Eq%\rˊ\D\C\\m֤\cS\[\G \n_`\\P*j#c\ӊ\~gF\\0;kv\\\.3-\m\\',NULL,'employee',1,NULL,'nlubnw'),('e8209590-8512-11ea-9959-8c1645373715','Misael_Stehr@gmail.com',_binary '\k\l*\\r\\G\K\\n_\༮8\\\m\\K\'\1p<\5P4:\RȚM1',_binary 'И\9X<\:\l#\\1\|Z !\'|\\8\>a|U\hҾdmq\r]\R\C\\<E/\\\rf7c6.@sIJm:*w?H\0\Z\i\M\\\\ͽ\nm4r8q\\\\jpq',NULL,'employee',1,NULL,'lhfde2'),('e82095f6-8512-11ea-9959-8c1645373715','Alexane.Watsica@yahoo.com',_binary 'z\jfE$8@\jfK.\'\\	\jP\\\\"8,\~\0O2K\\lM^؂f>\F_ؿ',_binary '\ \"\Oou.A\ΝKh\oOӻù\[3;ߴ\nW\8 \"\SS4YF)I@<\\\`/;v`rUf\\}]d\ẩu`R1z\\\R\%v\-Z\',NULL,'employee',1,NULL,'cnlfhp'),('e820966a-8512-11ea-9959-8c1645373715','Junior92@yahoo.com',_binary 'y\\j}#_\\\/X5֓BFN\ZtPJ\Q\^PKe\b\a\6i',_binary '\\z\\iRR\q\\\-//Q\D-Վ~\7&\\S;~\k\\\[[@\\.u\\G\aQ\O5t\\b\\4N[ꩺuL+P,0\\ue3E}\V%\RI->\\\e',NULL,'employee',1,NULL,'gifw2y'),('e82096cd-8512-11ea-9959-8c1645373715','Kendra.Bailey2@yahoo.com',_binary '\|LaUn0.JX\\\^05c-\n\I}a,\ zOy46\$\EӦ:\n',_binary '*\n]\`K\n\o\\Lک\SN\ojF\L\\S\L&r\\}P\ʸU\X>=7XA\\\~\\..i\Asw$\K\n\\\H?aY\r/\\\\䡷7MK/aa',NULL,'employee',1,NULL,'lpckfx'),('e8209733-8512-11ea-9959-8c1645373715','Kianna27@hotmail.com',_binary '?nDq\Rf\F7-\bEib\\NR$Ҽk\o\I)h/\\]\DpoP',_binary '\\Wk\\{*e5$\b\\"\٤\\j\\]O\EW\A^gZZ}4\.M*\\\\	\	 ?No\M݀\\\R=b\A?\\#y8\\\\k_YϧY1HS	&\nƚW',NULL,'employee',1,NULL,'dq8k5t'),('e8209796-8512-11ea-9959-8c1645373715','Rosanna93@yahoo.com',_binary '?H\n&\\a6\*3,\.\E\\,&?x\7\'r\/p<\"\1H>y\t^\*',_binary '\\_H{%\\#G˥ǆ\\\\\XI\ٽ@Wx\]c\\\#p=7	!f|O\i\\i	\V\\V\'\\\dcGW5(t@wT\U5>\`M\|,\Ȯ\/s<*\',NULL,'employee',1,NULL,'ojw2y3'),('e82097fc-8512-11ea-9959-8c1645373715','Foster72@yahoo.com',_binary '\Q\bT7Z]Ra\n6L\6Χ\0Ø쒄 #\T۸	\\M5n0\\aGX\=)',_binary 'S\Zl^ļJ\\\GV\k\\Er\XkKs\c(!V\8cJ(3_N3OL\Y(f\cB\\\ry\c.r+R\\Z6U\uOe/\u\W}\	Sj6\',NULL,'employee',1,NULL,'7u3vo8'),('e820985c-8512-11ea-9959-8c1645373715','Virgil_Schuster84@yahoo.com',_binary 'Lf\}t#Uֻuo\,u;Zm؜(4\TqEjB\\\\^m\UArTV\',_binary 'k\'O|I*\1qĸ{\W$Ə\\rZMS~B\"\)	Oټ쳹FoN4\\:ےoV\|\2c\(f{\fN\w@\G?\d:H\AҶ\_-D6ڹM\',NULL,'employee',1,NULL,'ke9ta8'),('e82098c5-8512-11ea-9959-8c1645373715','Karine.Bartoletti63@yahoo.com',_binary 'm;X8Q\{lGa\ES\P\?MCPu\̮j\w\4vLĈQ\vjr	\S',_binary 'f/2L\\\&\D\׷3\J\pL,R)!Cm\\t7\ލYw:\Z\*O\\\Eςyu\GmD6\\\}?K\ؔ\V:p\\\0sr䁙X\"Cn\',NULL,'employee',1,NULL,'2pow6u'),('e820992f-8512-11ea-9959-8c1645373715','Makenzie_Mills@yahoo.com',_binary 'SXv!}&\2M~bKF\..22W2\\\¶\TM2g\m(7aM,^\\s\Z̍\Z\,',_binary '\5xvIi: h(B\IT\Z\3Y\b\&|M.NM̘~q%B\`\!֪v7t\RbڐE\\\3ɳ%lUh)A)5b\,JĻr\L\D ,\$\S,',NULL,'employee',1,NULL,'n8ll9l'),('e8209996-8512-11ea-9959-8c1645373715','Sister15@yahoo.com',_binary '30\f[-q=tbl\\E\r\[CQJ<\o\K73]JԳĉROt\x\Z5La\\q',_binary '\e\Z}W\]k&\&\w\M\rhG\{;\Iޔ\/=\H\˵И<ֽƶ \\Y:so\K@\ 0\#>	J\ᲫI\"yjWα2dxi^iz\2!ߺآ\',NULL,'employee',1,NULL,'k8amvw'),('e8209a18-8512-11ea-9959-8c1645373715','Maegan31@yahoo.com',_binary '\ڥ r\'IT\5#{I:\TcL\\	MDm1v\\q({\\\d\EI',_binary 'UpDh)}qj\2HgW[\\iŽ\^}\rZjR\\\Ώ\\K\\re鹦H\\=3<|ji=\2\;ӿ\\ZZwL#Hʏ%|E\rj\ڳ4',NULL,'employee',1,NULL,'j7h4nu'),('e8209aec-8512-11ea-9959-8c1645373715','Paul.Crooks42@yahoo.com',_binary '\x#9\\zK+\NC2\\rim2\\{\5AK\WR\gi-5\',_binary '\l\0\k\X\E\~zJH7\ֺḬ\?>\\\y%pXW2]\c\!pqlKl\8R\6$}K\\\|\\Ѷ?\\iJ-P\'\l\S\\n6c\Rr\mq.\'',NULL,'employee',1,NULL,'552qvk'),('e8209b83-8512-11ea-9959-8c1645373715','Ana.Sanford88@hotmail.com',_binary '$_^\-t$bt[\w\ÔZ@XZW[\\\\\0ޒ!@IQB&zȺ	Hΐ\X7`%t',_binary '-f0\w\{\\:6\\\mk\Z5y@4\\\^s\~BBq\0#A8cKM\~\\J)\s\G\\D]E\iBD3f4s>I\th.\\-p8\\\[+l\"l3.T%9\',NULL,'employee',1,NULL,'ax72c8'),('e8209c1b-8512-11ea-9959-8c1645373715','Raleigh63@gmail.com',_binary 'c%KH=\\1$\dKY+<\\B-luFUoǬ\@X\`Rk@	,\cM\gEx\r\=ȕҪ',_binary 'HM\\_\\|\0J\fd{\J\p_\\f>\bqc\\~\\\\Z\0Co\ƣC\"\y9O֋NW\~4]|zs.\\2\'ԭ/.G~\\5ל',NULL,'employee',1,NULL,'124llv'),('e8209cc1-8512-11ea-9959-8c1645373715','Jessyca_Labadie62@gmail.com',_binary 'xF\&\@@\?/OpJ\wy^\~\G\X\`.\"\\GH\\Bn\\\xA',_binary 'EM\03\\eWn\@Dfہ\\MO[9ojG\=\9϶fiQORI\\آ9B\\ȌM|\dz4\\xd=\]3qMD:n\i\s|\\F\|\F E\ɭI\',NULL,'employee',1,NULL,'v79orn'),('e8209dbb-8512-11ea-9959-8c1645373715','Lionel_McKenzie19@gmail.com',_binary 'wSZ\n@D\d&i\iChECV#n\/b.o6=s:\%?!\=]{',_binary '}\V\&\M\\񚨗:\\=\ZJxmӷ\KFDS03|jMR\-{\PmS^\r\nj 7\\l+cbR\\\j~jEP\(M#\rEeAgbg9\\6',NULL,'employee',1,NULL,'1hh6l2'),('e8209ea4-8512-11ea-9959-8c1645373715','Lindsay.McDermott27@hotmail.com',_binary '\\I\\;c4k_\\Z\\\Z(Z^R\8ϔug5h\'&\\\y\\'{Hs\j)',_binary '\i\gm\Z(\%[aqR6ɻV^\ɁYU\F)V/\'d\\\@\`#T\[\\\`K\\-:0i{8̟#і\\"\r%F;>\\FWyI|.\\5OX2',NULL,'employee',1,NULL,'zwnt2p');
/*!40000 ALTER TABLE `users` ENABLE KEYS */;
UNLOCK TABLES;
/*!40103 SET TIME_ZONE=@OLD_TIME_ZONE */;

/*!40101 SET SQL_MODE=@OLD_SQL_MODE */;
/*!40014 SET FOREIGN_KEY_CHECKS=@OLD_FOREIGN_KEY_CHECKS */;
/*!40014 SET UNIQUE_CHECKS=@OLD_UNIQUE_CHECKS */;
/*!40101 SET CHARACTER_SET_CLIENT=@OLD_CHARACTER_SET_CLIENT */;
/*!40101 SET CHARACTER_SET_RESULTS=@OLD_CHARACTER_SET_RESULTS */;
/*!40101 SET COLLATION_CONNECTION=@OLD_COLLATION_CONNECTION */;
/*!40111 SET SQL_NOTES=@OLD_SQL_NOTES */;

-- Dump completed on 2020-04-23 10:32:18
