-- MySQL dump 10.13  Distrib 8.0.19, for Win64 (x86_64)
--
-- Host: localhost    Database: recruiter
-- ------------------------------------------------------
-- Server version	8.0.19

/*!40101 SET @OLD_CHARACTER_SET_CLIENT=@@CHARACTER_SET_CLIENT */;
/*!40101 SET @OLD_CHARACTER_SET_RESULTS=@@CHARACTER_SET_RESULTS */;
/*!40101 SET @OLD_COLLATION_CONNECTION=@@COLLATION_CONNECTION */;
/*!50503 SET NAMES utf8mb4 */;
/*!40103 SET @OLD_TIME_ZONE=@@TIME_ZONE */;
/*!40103 SET TIME_ZONE='+00:00' */;
/*!40014 SET @OLD_UNIQUE_CHECKS=@@UNIQUE_CHECKS, UNIQUE_CHECKS=0 */;
/*!40014 SET @OLD_FOREIGN_KEY_CHECKS=@@FOREIGN_KEY_CHECKS, FOREIGN_KEY_CHECKS=0 */;
/*!40101 SET @OLD_SQL_MODE=@@SQL_MODE, SQL_MODE='NO_AUTO_VALUE_ON_ZERO' */;
/*!40111 SET @OLD_SQL_NOTES=@@SQL_NOTES, SQL_NOTES=0 */;

--
-- Table structure for table `desiredlocations`
--

DROP TABLE IF EXISTS `desiredlocations`;
/*!40101 SET @saved_cs_client     = @@character_set_client */;
/*!50503 SET character_set_client = utf8mb4 */;
CREATE TABLE `desiredlocations` (
  `employee` char(36) NOT NULL,
  `locationId` char(36) NOT NULL,
  PRIMARY KEY (`employee`,`locationId`),
  KEY `locationId` (`locationId`),
  CONSTRAINT `desiredlocations_ibfk_1` FOREIGN KEY (`employee`) REFERENCES `employees` (`id`),
  CONSTRAINT `desiredlocations_ibfk_2` FOREIGN KEY (`locationId`) REFERENCES `locations` (`id`)
) ENGINE=InnoDB DEFAULT CHARSET=utf8mb4 COLLATE=utf8mb4_0900_ai_ci;
/*!40101 SET character_set_client = @saved_cs_client */;

--
-- Dumping data for table `desiredlocations`
--

LOCK TABLES `desiredlocations` WRITE;
/*!40000 ALTER TABLE `desiredlocations` DISABLE KEYS */;
INSERT INTO `desiredlocations` VALUES ('9bc90a44-7ed8-11ea-8f79-8c1645373715','9bcbcf38-7ed8-11ea-8f79-8c1645373715'),('9bc90f48-7ed8-11ea-8f79-8c1645373715','9bcbcf38-7ed8-11ea-8f79-8c1645373715'),('9bc915a1-7ed8-11ea-8f79-8c1645373715','9bcbcf38-7ed8-11ea-8f79-8c1645373715'),('9bc91cf1-7ed8-11ea-8f79-8c1645373715','9bcbcf38-7ed8-11ea-8f79-8c1645373715'),('9bc922fa-7ed8-11ea-8f79-8c1645373715','9bcbcf38-7ed8-11ea-8f79-8c1645373715'),('9bc90ba1-7ed8-11ea-8f79-8c1645373715','9bcc2b02-7ed8-11ea-8f79-8c1645373715'),('9bc90fd5-7ed8-11ea-8f79-8c1645373715','9bcc2b02-7ed8-11ea-8f79-8c1645373715'),('9bc91d58-7ed8-11ea-8f79-8c1645373715','9bcc2b02-7ed8-11ea-8f79-8c1645373715'),('9bc910be-7ed8-11ea-8f79-8c1645373715','9bcc2cb1-7ed8-11ea-8f79-8c1645373715'),('9bc91147-7ed8-11ea-8f79-8c1645373715','9bcc2cb1-7ed8-11ea-8f79-8c1645373715'),('9bc91225-7ed8-11ea-8f79-8c1645373715','9bcc2cb1-7ed8-11ea-8f79-8c1645373715'),('9bc917ee-7ed8-11ea-8f79-8c1645373715','9bcc2cb1-7ed8-11ea-8f79-8c1645373715'),('9bc90dd9-7ed8-11ea-8f79-8c1645373715','9bcc2d6b-7ed8-11ea-8f79-8c1645373715'),('9bc920d4-7ed8-11ea-8f79-8c1645373715','9bcc2d6b-7ed8-11ea-8f79-8c1645373715'),('9bc90a44-7ed8-11ea-8f79-8c1645373715','9bcc2e5f-7ed8-11ea-8f79-8c1645373715'),('9bc90fd5-7ed8-11ea-8f79-8c1645373715','9bcc2e5f-7ed8-11ea-8f79-8c1645373715'),('9bc91a8c-7ed8-11ea-8f79-8c1645373715','9bcc2e5f-7ed8-11ea-8f79-8c1645373715'),('9bc92406-7ed8-11ea-8f79-8c1645373715','9bcc2e5f-7ed8-11ea-8f79-8c1645373715'),('9bc909bb-7ed8-11ea-8f79-8c1645373715','9bcc2f75-7ed8-11ea-8f79-8c1645373715'),('9bc918fa-7ed8-11ea-8f79-8c1645373715','9bcc2f75-7ed8-11ea-8f79-8c1645373715'),('9bc9173a-7ed8-11ea-8f79-8c1645373715','9bcc2fea-7ed8-11ea-8f79-8c1645373715'),('9bc91a8c-7ed8-11ea-8f79-8c1645373715','9bcc2fea-7ed8-11ea-8f79-8c1645373715'),('9bc90b0d-7ed8-11ea-8f79-8c1645373715','9bcc3073-7ed8-11ea-8f79-8c1645373715'),('9bc91225-7ed8-11ea-8f79-8c1645373715','9bcc3073-7ed8-11ea-8f79-8c1645373715'),('9bc91995-7ed8-11ea-8f79-8c1645373715','9bcc3073-7ed8-11ea-8f79-8c1645373715'),('9bc91995-7ed8-11ea-8f79-8c1645373715','9bcc3107-7ed8-11ea-8f79-8c1645373715'),('9bc90c91-7ed8-11ea-8f79-8c1645373715','9bcc316e-7ed8-11ea-8f79-8c1645373715'),('9bc91147-7ed8-11ea-8f79-8c1645373715','9bcc316e-7ed8-11ea-8f79-8c1645373715'),('9bc91995-7ed8-11ea-8f79-8c1645373715','9bcc316e-7ed8-11ea-8f79-8c1645373715'),('9bc91a2d-7ed8-11ea-8f79-8c1645373715','9bcc316e-7ed8-11ea-8f79-8c1645373715'),('9bc91c6f-7ed8-11ea-8f79-8c1645373715','9bcc316e-7ed8-11ea-8f79-8c1645373715'),('9bc90f48-7ed8-11ea-8f79-8c1645373715','9bcc31f4-7ed8-11ea-8f79-8c1645373715'),('9bc917ee-7ed8-11ea-8f79-8c1645373715','9bcc31f4-7ed8-11ea-8f79-8c1645373715'),('9bc918fa-7ed8-11ea-8f79-8c1645373715','9bcc31f4-7ed8-11ea-8f79-8c1645373715'),('9bc91a8c-7ed8-11ea-8f79-8c1645373715','9bcc31f4-7ed8-11ea-8f79-8c1645373715'),('9bc90a44-7ed8-11ea-8f79-8c1645373715','9bcc3386-7ed8-11ea-8f79-8c1645373715'),('9bc90ba1-7ed8-11ea-8f79-8c1645373715','9bcc3386-7ed8-11ea-8f79-8c1645373715'),('9bc91428-7ed8-11ea-8f79-8c1645373715','9bcc3386-7ed8-11ea-8f79-8c1645373715'),('9bc91522-7ed8-11ea-8f79-8c1645373715','9bcc3386-7ed8-11ea-8f79-8c1645373715'),('9bc91601-7ed8-11ea-8f79-8c1645373715','9bcc3386-7ed8-11ea-8f79-8c1645373715'),('9bc91428-7ed8-11ea-8f79-8c1645373715','9bcc3408-7ed8-11ea-8f79-8c1645373715'),('9bc91522-7ed8-11ea-8f79-8c1645373715','9bcc3408-7ed8-11ea-8f79-8c1645373715'),('9bc922fa-7ed8-11ea-8f79-8c1645373715','9bcc3408-7ed8-11ea-8f79-8c1645373715'),('9bc91d58-7ed8-11ea-8f79-8c1645373715','9bcc3495-7ed8-11ea-8f79-8c1645373715'),('9bc90fd5-7ed8-11ea-8f79-8c1645373715','9bcc3600-7ed8-11ea-8f79-8c1645373715'),('9bc912b9-7ed8-11ea-8f79-8c1645373715','9bcc3600-7ed8-11ea-8f79-8c1645373715'),('9bc91428-7ed8-11ea-8f79-8c1645373715','9bcc3600-7ed8-11ea-8f79-8c1645373715'),('9bc9173a-7ed8-11ea-8f79-8c1645373715','9bcc3600-7ed8-11ea-8f79-8c1645373715'),('9bc918fa-7ed8-11ea-8f79-8c1645373715','9bcc3600-7ed8-11ea-8f79-8c1645373715'),('9bc92058-7ed8-11ea-8f79-8c1645373715','9bcc3600-7ed8-11ea-8f79-8c1645373715'),('9bc92277-7ed8-11ea-8f79-8c1645373715','9bcc3600-7ed8-11ea-8f79-8c1645373715'),('9bc90a44-7ed8-11ea-8f79-8c1645373715','9bcc3694-7ed8-11ea-8f79-8c1645373715'),('9bc91225-7ed8-11ea-8f79-8c1645373715','9bcc37bd-7ed8-11ea-8f79-8c1645373715'),('9bc914a0-7ed8-11ea-8f79-8c1645373715','9bcc3869-7ed8-11ea-8f79-8c1645373715'),('9bc91d58-7ed8-11ea-8f79-8c1645373715','9bcc3869-7ed8-11ea-8f79-8c1645373715'),('9bc91dd6-7ed8-11ea-8f79-8c1645373715','9bcc3869-7ed8-11ea-8f79-8c1645373715'),('9bc91ebf-7ed8-11ea-8f79-8c1645373715','9bcc3869-7ed8-11ea-8f79-8c1645373715'),('9bc91346-7ed8-11ea-8f79-8c1645373715','9bcc38c5-7ed8-11ea-8f79-8c1645373715'),('9bc913c9-7ed8-11ea-8f79-8c1645373715','9bcc3944-7ed8-11ea-8f79-8c1645373715'),('9bc91cf1-7ed8-11ea-8f79-8c1645373715','9bcc3944-7ed8-11ea-8f79-8c1645373715'),('9bc909bb-7ed8-11ea-8f79-8c1645373715','9bcc39bf-7ed8-11ea-8f79-8c1645373715'),('9bc910be-7ed8-11ea-8f79-8c1645373715','9bcc3a1b-7ed8-11ea-8f79-8c1645373715'),('9bc91e59-7ed8-11ea-8f79-8c1645373715','9bcc3a1b-7ed8-11ea-8f79-8c1645373715'),('9bc920d4-7ed8-11ea-8f79-8c1645373715','9bcc3a1b-7ed8-11ea-8f79-8c1645373715'),('9bc90ba1-7ed8-11ea-8f79-8c1645373715','9bcc3aa1-7ed8-11ea-8f79-8c1645373715'),('9bc90dd9-7ed8-11ea-8f79-8c1645373715','9bcc3aa1-7ed8-11ea-8f79-8c1645373715'),('9bc91bec-7ed8-11ea-8f79-8c1645373715','9bcc3aa1-7ed8-11ea-8f79-8c1645373715'),('9bc90f48-7ed8-11ea-8f79-8c1645373715','9bcc3b0e-7ed8-11ea-8f79-8c1645373715'),('9bc917ee-7ed8-11ea-8f79-8c1645373715','9bcc3b0e-7ed8-11ea-8f79-8c1645373715'),('9bc921f1-7ed8-11ea-8f79-8c1645373715','9bcc3b0e-7ed8-11ea-8f79-8c1645373715'),('9bc9103b-7ed8-11ea-8f79-8c1645373715','9bcc3bfb-7ed8-11ea-8f79-8c1645373715'),('9bc91cf1-7ed8-11ea-8f79-8c1645373715','9bcc3bfb-7ed8-11ea-8f79-8c1645373715'),('9bc90c0b-7ed8-11ea-8f79-8c1645373715','9bcc3c84-7ed8-11ea-8f79-8c1645373715'),('9bc92058-7ed8-11ea-8f79-8c1645373715','9bcc3c84-7ed8-11ea-8f79-8c1645373715'),('9bc912b9-7ed8-11ea-8f79-8c1645373715','9bcc3d07-7ed8-11ea-8f79-8c1645373715'),('9bc918fa-7ed8-11ea-8f79-8c1645373715','9bcc3d07-7ed8-11ea-8f79-8c1645373715'),('9bc91c6f-7ed8-11ea-8f79-8c1645373715','9bcc3d07-7ed8-11ea-8f79-8c1645373715'),('9bc91fd9-7ed8-11ea-8f79-8c1645373715','9bcc3d07-7ed8-11ea-8f79-8c1645373715'),('9bc92406-7ed8-11ea-8f79-8c1645373715','9bcc3d07-7ed8-11ea-8f79-8c1645373715'),('9bc90d2c-7ed8-11ea-8f79-8c1645373715','9bcc3d82-7ed8-11ea-8f79-8c1645373715'),('9bc90ec5-7ed8-11ea-8f79-8c1645373715','9bcc3d82-7ed8-11ea-8f79-8c1645373715'),('9bc91346-7ed8-11ea-8f79-8c1645373715','9bcc3d82-7ed8-11ea-8f79-8c1645373715'),('9bc91a2d-7ed8-11ea-8f79-8c1645373715','9bcc3d82-7ed8-11ea-8f79-8c1645373715'),('9bc91ebf-7ed8-11ea-8f79-8c1645373715','9bcc3d82-7ed8-11ea-8f79-8c1645373715'),('9bc9103b-7ed8-11ea-8f79-8c1645373715','9bcc3de5-7ed8-11ea-8f79-8c1645373715'),('9bc91bec-7ed8-11ea-8f79-8c1645373715','9bcc3de5-7ed8-11ea-8f79-8c1645373715'),('9bc90b0d-7ed8-11ea-8f79-8c1645373715','9bcc3e56-7ed8-11ea-8f79-8c1645373715'),('9bc90ec5-7ed8-11ea-8f79-8c1645373715','9bcc3e56-7ed8-11ea-8f79-8c1645373715'),('9bc91225-7ed8-11ea-8f79-8c1645373715','9bcc3e56-7ed8-11ea-8f79-8c1645373715'),('9bc914a0-7ed8-11ea-8f79-8c1645373715','9bcc3e56-7ed8-11ea-8f79-8c1645373715'),('9bc91601-7ed8-11ea-8f79-8c1645373715','9bcc3e56-7ed8-11ea-8f79-8c1645373715'),('9bc91fd9-7ed8-11ea-8f79-8c1645373715','9bcc3e56-7ed8-11ea-8f79-8c1645373715'),('9bc91601-7ed8-11ea-8f79-8c1645373715','9bcc3eb1-7ed8-11ea-8f79-8c1645373715'),('9bc91fd9-7ed8-11ea-8f79-8c1645373715','9bcc3eb1-7ed8-11ea-8f79-8c1645373715'),('9bc90fd5-7ed8-11ea-8f79-8c1645373715','9bcc3f29-7ed8-11ea-8f79-8c1645373715'),('9bc90ba1-7ed8-11ea-8f79-8c1645373715','9bcc3f8c-7ed8-11ea-8f79-8c1645373715'),('9bc90d2c-7ed8-11ea-8f79-8c1645373715','9bcc3f8c-7ed8-11ea-8f79-8c1645373715'),('9bc90dd9-7ed8-11ea-8f79-8c1645373715','9bcc3f8c-7ed8-11ea-8f79-8c1645373715'),('9bc912b9-7ed8-11ea-8f79-8c1645373715','9bcc4040-7ed8-11ea-8f79-8c1645373715'),('9bc9173a-7ed8-11ea-8f79-8c1645373715','9bcc4040-7ed8-11ea-8f79-8c1645373715'),('9bc91dd6-7ed8-11ea-8f79-8c1645373715','9bcc4040-7ed8-11ea-8f79-8c1645373715'),('9bc920d4-7ed8-11ea-8f79-8c1645373715','9bcc4040-7ed8-11ea-8f79-8c1645373715'),('9bc922fa-7ed8-11ea-8f79-8c1645373715','9bcc4040-7ed8-11ea-8f79-8c1645373715'),('9bc90c91-7ed8-11ea-8f79-8c1645373715','9bcc40c6-7ed8-11ea-8f79-8c1645373715'),('9bc90d2c-7ed8-11ea-8f79-8c1645373715','9bcc40c6-7ed8-11ea-8f79-8c1645373715'),('9bc90e46-7ed8-11ea-8f79-8c1645373715','9bcc4199-7ed8-11ea-8f79-8c1645373715'),('9bc912b9-7ed8-11ea-8f79-8c1645373715','9bcc4199-7ed8-11ea-8f79-8c1645373715'),('9bc91995-7ed8-11ea-8f79-8c1645373715','9bcc4199-7ed8-11ea-8f79-8c1645373715'),('9bc91bec-7ed8-11ea-8f79-8c1645373715','9bcc41f5-7ed8-11ea-8f79-8c1645373715'),('9bc91fd9-7ed8-11ea-8f79-8c1645373715','9bcc41f5-7ed8-11ea-8f79-8c1645373715'),('9bc91428-7ed8-11ea-8f79-8c1645373715','9bcc427f-7ed8-11ea-8f79-8c1645373715'),('9bc91d58-7ed8-11ea-8f79-8c1645373715','9bcc427f-7ed8-11ea-8f79-8c1645373715'),('9bc91346-7ed8-11ea-8f79-8c1645373715','9bcc42ef-7ed8-11ea-8f79-8c1645373715'),('9bc915a1-7ed8-11ea-8f79-8c1645373715','9bcc42ef-7ed8-11ea-8f79-8c1645373715'),('9bc91c6f-7ed8-11ea-8f79-8c1645373715','9bcc42ef-7ed8-11ea-8f79-8c1645373715'),('9bc911c3-7ed8-11ea-8f79-8c1645373715','9bcc4364-7ed8-11ea-8f79-8c1645373715'),('9bc913c9-7ed8-11ea-8f79-8c1645373715','9bcc4364-7ed8-11ea-8f79-8c1645373715'),('9bc920d4-7ed8-11ea-8f79-8c1645373715','9bcc4364-7ed8-11ea-8f79-8c1645373715'),('9bc92406-7ed8-11ea-8f79-8c1645373715','9bcc4364-7ed8-11ea-8f79-8c1645373715'),('9bc91147-7ed8-11ea-8f79-8c1645373715','9bcc43cd-7ed8-11ea-8f79-8c1645373715'),('9bc91cf1-7ed8-11ea-8f79-8c1645373715','9bcc43cd-7ed8-11ea-8f79-8c1645373715'),('9bc92058-7ed8-11ea-8f79-8c1645373715','9bcc43cd-7ed8-11ea-8f79-8c1645373715'),('9bc911c3-7ed8-11ea-8f79-8c1645373715','9bcc4449-7ed8-11ea-8f79-8c1645373715'),('9bc91bec-7ed8-11ea-8f79-8c1645373715','9bcc4449-7ed8-11ea-8f79-8c1645373715'),('9bc909bb-7ed8-11ea-8f79-8c1645373715','9bcc44a1-7ed8-11ea-8f79-8c1645373715'),('9bc90fd5-7ed8-11ea-8f79-8c1645373715','9bcc44a1-7ed8-11ea-8f79-8c1645373715'),('9bc917ee-7ed8-11ea-8f79-8c1645373715','9bcc44a1-7ed8-11ea-8f79-8c1645373715'),('9bc91e59-7ed8-11ea-8f79-8c1645373715','9bcc44a1-7ed8-11ea-8f79-8c1645373715'),('9bc921f1-7ed8-11ea-8f79-8c1645373715','9bcc44a1-7ed8-11ea-8f79-8c1645373715'),('9bc90ba1-7ed8-11ea-8f79-8c1645373715','9bcc4515-7ed8-11ea-8f79-8c1645373715'),('9bc9103b-7ed8-11ea-8f79-8c1645373715','9bcc4515-7ed8-11ea-8f79-8c1645373715'),('9bc9173a-7ed8-11ea-8f79-8c1645373715','9bcc4515-7ed8-11ea-8f79-8c1645373715'),('9bc91a2d-7ed8-11ea-8f79-8c1645373715','9bcc4515-7ed8-11ea-8f79-8c1645373715'),('9bc909bb-7ed8-11ea-8f79-8c1645373715','9bcc45a6-7ed8-11ea-8f79-8c1645373715'),('9bc90dd9-7ed8-11ea-8f79-8c1645373715','9bcc45a6-7ed8-11ea-8f79-8c1645373715'),('9bc918fa-7ed8-11ea-8f79-8c1645373715','9bcc45a6-7ed8-11ea-8f79-8c1645373715'),('9bc90c0b-7ed8-11ea-8f79-8c1645373715','9bcc4621-7ed8-11ea-8f79-8c1645373715'),('9bc91225-7ed8-11ea-8f79-8c1645373715','9bcc4621-7ed8-11ea-8f79-8c1645373715'),('9bc91601-7ed8-11ea-8f79-8c1645373715','9bcc4621-7ed8-11ea-8f79-8c1645373715'),('9bc91dd6-7ed8-11ea-8f79-8c1645373715','9bcc4621-7ed8-11ea-8f79-8c1645373715'),('9bc91e59-7ed8-11ea-8f79-8c1645373715','9bcc4621-7ed8-11ea-8f79-8c1645373715'),('9bc910be-7ed8-11ea-8f79-8c1645373715','9bcc4676-7ed8-11ea-8f79-8c1645373715'),('9bc91ebf-7ed8-11ea-8f79-8c1645373715','9bcc4676-7ed8-11ea-8f79-8c1645373715'),('9bc90e46-7ed8-11ea-8f79-8c1645373715','9bcc4774-7ed8-11ea-8f79-8c1645373715'),('9bc913c9-7ed8-11ea-8f79-8c1645373715','9bcc4774-7ed8-11ea-8f79-8c1645373715'),('9bc90c91-7ed8-11ea-8f79-8c1645373715','9bcc47d0-7ed8-11ea-8f79-8c1645373715'),('9bc9173a-7ed8-11ea-8f79-8c1645373715','9bcc47d0-7ed8-11ea-8f79-8c1645373715'),('9bc921f1-7ed8-11ea-8f79-8c1645373715','9bcc47d0-7ed8-11ea-8f79-8c1645373715'),('9bc90c0b-7ed8-11ea-8f79-8c1645373715','9bcc4844-7ed8-11ea-8f79-8c1645373715'),('9bc90dd9-7ed8-11ea-8f79-8c1645373715','9bcc4844-7ed8-11ea-8f79-8c1645373715'),('9bc92277-7ed8-11ea-8f79-8c1645373715','9bcc4844-7ed8-11ea-8f79-8c1645373715'),('9bc90d2c-7ed8-11ea-8f79-8c1645373715','9bcc48aa-7ed8-11ea-8f79-8c1645373715'),('9bc911c3-7ed8-11ea-8f79-8c1645373715','9bcc48aa-7ed8-11ea-8f79-8c1645373715'),('9bc915a1-7ed8-11ea-8f79-8c1645373715','9bcc48aa-7ed8-11ea-8f79-8c1645373715'),('9bc91601-7ed8-11ea-8f79-8c1645373715','9bcc48aa-7ed8-11ea-8f79-8c1645373715'),('9bc91e59-7ed8-11ea-8f79-8c1645373715','9bcc48aa-7ed8-11ea-8f79-8c1645373715'),('9bc92058-7ed8-11ea-8f79-8c1645373715','9bcc48aa-7ed8-11ea-8f79-8c1645373715'),('9bc920d4-7ed8-11ea-8f79-8c1645373715','9bcc48aa-7ed8-11ea-8f79-8c1645373715'),('9bc92277-7ed8-11ea-8f79-8c1645373715','9bcc48aa-7ed8-11ea-8f79-8c1645373715'),('9bc90b0d-7ed8-11ea-8f79-8c1645373715','9bcc49ba-7ed8-11ea-8f79-8c1645373715'),('9bc90ec5-7ed8-11ea-8f79-8c1645373715','9bcc49ba-7ed8-11ea-8f79-8c1645373715'),('9bc91995-7ed8-11ea-8f79-8c1645373715','9bcc49ba-7ed8-11ea-8f79-8c1645373715'),('9bc91a8c-7ed8-11ea-8f79-8c1645373715','9bcc49ba-7ed8-11ea-8f79-8c1645373715'),('9bc92058-7ed8-11ea-8f79-8c1645373715','9bcc49ba-7ed8-11ea-8f79-8c1645373715'),('9bc921f1-7ed8-11ea-8f79-8c1645373715','9bcc49ba-7ed8-11ea-8f79-8c1645373715'),('9bc90e46-7ed8-11ea-8f79-8c1645373715','9bcc4aaa-7ed8-11ea-8f79-8c1645373715'),('9bc9103b-7ed8-11ea-8f79-8c1645373715','9bcc4aaa-7ed8-11ea-8f79-8c1645373715'),('9bc910be-7ed8-11ea-8f79-8c1645373715','9bcc4aaa-7ed8-11ea-8f79-8c1645373715'),('9bc914a0-7ed8-11ea-8f79-8c1645373715','9bcc4aaa-7ed8-11ea-8f79-8c1645373715'),('9bc91522-7ed8-11ea-8f79-8c1645373715','9bcc4aaa-7ed8-11ea-8f79-8c1645373715'),('9bc915a1-7ed8-11ea-8f79-8c1645373715','9bcc4aaa-7ed8-11ea-8f79-8c1645373715'),('9bc917ee-7ed8-11ea-8f79-8c1645373715','9bcc4aaa-7ed8-11ea-8f79-8c1645373715'),('9bc90b0d-7ed8-11ea-8f79-8c1645373715','9bcc4b21-7ed8-11ea-8f79-8c1645373715'),('9bc91bec-7ed8-11ea-8f79-8c1645373715','9bcc4b21-7ed8-11ea-8f79-8c1645373715'),('9bc92277-7ed8-11ea-8f79-8c1645373715','9bcc4b21-7ed8-11ea-8f79-8c1645373715'),('9bc90c91-7ed8-11ea-8f79-8c1645373715','9bcc4b7a-7ed8-11ea-8f79-8c1645373715'),('9bc90d2c-7ed8-11ea-8f79-8c1645373715','9bcc4b7a-7ed8-11ea-8f79-8c1645373715'),('9bc90e46-7ed8-11ea-8f79-8c1645373715','9bcc4b7a-7ed8-11ea-8f79-8c1645373715'),('9bc90f48-7ed8-11ea-8f79-8c1645373715','9bcc4b7a-7ed8-11ea-8f79-8c1645373715'),('9bc910be-7ed8-11ea-8f79-8c1645373715','9bcc4b7a-7ed8-11ea-8f79-8c1645373715'),('9bc921f1-7ed8-11ea-8f79-8c1645373715','9bcc4b7a-7ed8-11ea-8f79-8c1645373715'),('9bc90c0b-7ed8-11ea-8f79-8c1645373715','9bcc4bce-7ed8-11ea-8f79-8c1645373715'),('9bc90ec5-7ed8-11ea-8f79-8c1645373715','9bcc4bce-7ed8-11ea-8f79-8c1645373715'),('9bc91a2d-7ed8-11ea-8f79-8c1645373715','9bcc4bce-7ed8-11ea-8f79-8c1645373715'),('9bc91fd9-7ed8-11ea-8f79-8c1645373715','9bcc4bce-7ed8-11ea-8f79-8c1645373715'),('9bc922fa-7ed8-11ea-8f79-8c1645373715','9bcc4bce-7ed8-11ea-8f79-8c1645373715'),('9bc909bb-7ed8-11ea-8f79-8c1645373715','9bcc4c46-7ed8-11ea-8f79-8c1645373715'),('9bc911c3-7ed8-11ea-8f79-8c1645373715','9bcc4c46-7ed8-11ea-8f79-8c1645373715'),('9bc922fa-7ed8-11ea-8f79-8c1645373715','9bcc4c46-7ed8-11ea-8f79-8c1645373715');
/*!40000 ALTER TABLE `desiredlocations` ENABLE KEYS */;
UNLOCK TABLES;

--
-- Table structure for table `employees`
--

DROP TABLE IF EXISTS `employees`;
/*!40101 SET @saved_cs_client     = @@character_set_client */;
/*!50503 SET character_set_client = utf8mb4 */;
CREATE TABLE `employees` (
  `id` char(36) NOT NULL,
  `name` varchar(100) NOT NULL,
  `phoneNumber` varchar(30) DEFAULT NULL,
  `bio` varchar(200) DEFAULT NULL,
  PRIMARY KEY (`id`),
  CONSTRAINT `employees_ibfk_1` FOREIGN KEY (`id`) REFERENCES `users` (`id`)
) ENGINE=InnoDB DEFAULT CHARSET=utf8mb4 COLLATE=utf8mb4_0900_ai_ci;
/*!40101 SET character_set_client = @saved_cs_client */;

--
-- Dumping data for table `employees`
--

LOCK TABLES `employees` WRITE;
/*!40000 ALTER TABLE `employees` DISABLE KEYS */;
INSERT INTO `employees` VALUES ('9bc909bb-7ed8-11ea-8f79-8c1645373715','Ms. Aubree King','(286) 164-8728 x94678','Vero ut vitae excepturi voluptatibus vero et rerum nihil.'),('9bc90a44-7ed8-11ea-8f79-8c1645373715','Adell Wuckert','1-048-239-0954','Numquam et occaecati eaque consequatur perferendis dolore.'),('9bc90b0d-7ed8-11ea-8f79-8c1645373715','Gail Hickle','1-592-899-6789 x45248','Eum esse et omnis facilis.'),('9bc90ba1-7ed8-11ea-8f79-8c1645373715','Katlyn Dickinson','(377) 000-2560 x7269','Ut eum dolor.'),('9bc90c0b-7ed8-11ea-8f79-8c1645373715','Lindsey Kohler','993-665-2519 x06973','Odio dolorum corporis voluptatem consequatur.'),('9bc90c91-7ed8-11ea-8f79-8c1645373715','Nova Jacobi','969.648.1845 x261','Facilis at dolores.'),('9bc90d2c-7ed8-11ea-8f79-8c1645373715','Garret Bednar','804-977-1016 x8800','Aliquam doloribus qui laboriosam harum assumenda.'),('9bc90dd9-7ed8-11ea-8f79-8c1645373715','Claudine Grady','(164) 508-3504 x4549','Illo velit harum totam aperiam distinctio aspernatur autem velit.'),('9bc90e46-7ed8-11ea-8f79-8c1645373715','Enos Pollich','117-071-3165','Dolor consequatur aliquid asperiores voluptatibus rem suscipit magnam quasi.'),('9bc90ec5-7ed8-11ea-8f79-8c1645373715','Talon Hartmann','1-114-487-2411 x45285','Quia nobis nulla aspernatur enim incidunt earum quia ratione.'),('9bc90f48-7ed8-11ea-8f79-8c1645373715','Jannie Boyle II','(969) 604-6972 x986','Rerum inventore illum.'),('9bc90fd5-7ed8-11ea-8f79-8c1645373715','Phyllis Lockman','1-381-062-5433','Et dolores qui in optio sint aut aut et.'),('9bc9103b-7ed8-11ea-8f79-8c1645373715','Shanel Collier','(392) 342-1990 x00323','Cupiditate maxime est inventore reiciendis quo mollitia.'),('9bc910be-7ed8-11ea-8f79-8c1645373715','Dandre Welch','1-573-062-0997','Sit alias assumenda recusandae minus repellendus.'),('9bc91147-7ed8-11ea-8f79-8c1645373715','Makenna Kling','674-254-7334 x34589','Vitae qui quia eius ut.'),('9bc911c3-7ed8-11ea-8f79-8c1645373715','Larry Schultz','194.475.9872','Dolores ut nobis velit.'),('9bc91225-7ed8-11ea-8f79-8c1645373715','Bo Schiller','1-668-137-5419 x67559','Perferendis et voluptates eum reiciendis sit.'),('9bc912b9-7ed8-11ea-8f79-8c1645373715','Cordelia Dibbert','(699) 854-7545','Quo non est.'),('9bc91346-7ed8-11ea-8f79-8c1645373715','Noble Koelpin','488-613-8724 x5681','Est fugit aut.'),('9bc913c9-7ed8-11ea-8f79-8c1645373715','Ms. Emil Cronin','691-885-8380 x3214','Suscipit laboriosam quasi voluptas vero illo tempora.'),('9bc91428-7ed8-11ea-8f79-8c1645373715','Shakira Brown','(445) 166-8151 x72331','Cumque voluptate laboriosam aliquam.'),('9bc914a0-7ed8-11ea-8f79-8c1645373715','Ms. Cordie Effertz','980-697-9356 x6343','Quos adipisci ut quo aut molestias dolorem.'),('9bc91522-7ed8-11ea-8f79-8c1645373715','Mikel Bogan','(978) 765-1407','Ratione quae tenetur itaque ut et dicta eos tempora.'),('9bc915a1-7ed8-11ea-8f79-8c1645373715','Evelyn Sanford','(641) 533-6878','Hic qui nesciunt adipisci corporis.'),('9bc91601-7ed8-11ea-8f79-8c1645373715','Laron Rempel','(311) 866-7739 x9293','Iusto accusamus ipsa amet.'),('9bc9173a-7ed8-11ea-8f79-8c1645373715','Joanny Schowalter','(398) 040-8997','Natus sunt eos id accusantium commodi voluptates quis et ratione.'),('9bc917ee-7ed8-11ea-8f79-8c1645373715','Shanel Graham','1-276-626-0344','Velit voluptates provident harum ipsam.'),('9bc918fa-7ed8-11ea-8f79-8c1645373715','Blaise Kerluke','951.515.9997','Sed hic sed aut sit consequatur non voluptate.'),('9bc91995-7ed8-11ea-8f79-8c1645373715','Tillman Stiedemann','(470) 276-7527','Tenetur non quis quidem similique nihil animi eius quisquam.'),('9bc91a2d-7ed8-11ea-8f79-8c1645373715','Sylvan Parisian','1-112-203-5664','Qui voluptates illum aut odit dolorum ad incidunt.'),('9bc91a8c-7ed8-11ea-8f79-8c1645373715','Elbert Leannon','786-727-5932','Quam quod voluptas incidunt nihil.'),('9bc91bec-7ed8-11ea-8f79-8c1645373715','Guiseppe Schamberger','1-726-030-7570 x20561','Eos doloremque aut et culpa ex cumque itaque deleniti quae.'),('9bc91c6f-7ed8-11ea-8f79-8c1645373715','Anais Nolan','1-934-802-1459 x41776','Voluptate error eligendi sit qui.'),('9bc91cf1-7ed8-11ea-8f79-8c1645373715','Brooks Cummings','708-920-5960','Quia qui impedit magni assumenda nemo qui.'),('9bc91d58-7ed8-11ea-8f79-8c1645373715','Nicola Lynch','480.899.3077','Qui dolorem aut.'),('9bc91dd6-7ed8-11ea-8f79-8c1645373715','Madelyn Daniel','614-699-7395','Ut sint quasi laborum explicabo.'),('9bc91e59-7ed8-11ea-8f79-8c1645373715','Green Walker','655.032.1660 x230','Et sit tenetur repellendus rerum et voluptas.'),('9bc91ebf-7ed8-11ea-8f79-8c1645373715','Amie Bins','202-264-1451','Et vero in perspiciatis est est molestiae.'),('9bc91fd9-7ed8-11ea-8f79-8c1645373715','Anjali Harvey DVM','407-560-2756','Repellat aperiam itaque.'),('9bc92058-7ed8-11ea-8f79-8c1645373715','Ulises Murray','336.978.4925 x62673','Voluptatibus dolor odit sed quas doloremque eum distinctio dolore.'),('9bc920d4-7ed8-11ea-8f79-8c1645373715','Marcos Stehr','129-804-6680','Aliquam earum dolores.'),('9bc921f1-7ed8-11ea-8f79-8c1645373715','Dewitt Walker','(736) 118-4437','Pariatur vero in voluptate eveniet quia.'),('9bc92277-7ed8-11ea-8f79-8c1645373715','Leonor Kemmer','(045) 242-2038','Sed omnis sunt.'),('9bc922fa-7ed8-11ea-8f79-8c1645373715','Dylan Trantow','552.371.3419','Ducimus enim nisi similique omnis fugiat praesentium voluptates quo.'),('9bc92406-7ed8-11ea-8f79-8c1645373715','Kellen Raynor','1-817-453-2965 x5822','Laboriosam et est.');
/*!40000 ALTER TABLE `employees` ENABLE KEYS */;
UNLOCK TABLES;

--
-- Table structure for table `employers`
--

DROP TABLE IF EXISTS `employers`;
/*!40101 SET @saved_cs_client     = @@character_set_client */;
/*!50503 SET character_set_client = utf8mb4 */;
CREATE TABLE `employers` (
  `id` char(36) NOT NULL,
  `companyName` varchar(100) NOT NULL,
  `phoneNumber` varchar(30) NOT NULL,
  `website` varchar(100) NOT NULL,
  `address` char(36) NOT NULL,
  PRIMARY KEY (`id`),
  KEY `address` (`address`),
  CONSTRAINT `employers_ibfk_1` FOREIGN KEY (`id`) REFERENCES `users` (`id`),
  CONSTRAINT `employers_ibfk_2` FOREIGN KEY (`address`) REFERENCES `locations` (`id`)
) ENGINE=InnoDB DEFAULT CHARSET=utf8mb4 COLLATE=utf8mb4_0900_ai_ci;
/*!40101 SET character_set_client = @saved_cs_client */;

--
-- Dumping data for table `employers`
--

LOCK TABLES `employers` WRITE;
/*!40000 ALTER TABLE `employers` DISABLE KEYS */;
INSERT INTO `employers` VALUES ('9bc8e4e2-7ed8-11ea-8f79-8c1645373715','Price and Sons','422.068.8611','http://tyra.name','9bcc35a5-7ed8-11ea-8f79-8c1645373715'),('9bc906cc-7ed8-11ea-8f79-8c1645373715','Fisher - Koss','(527) 107-5898 x78069','https://sydnee.net','9bcc3f29-7ed8-11ea-8f79-8c1645373715'),('9bc9081b-7ed8-11ea-8f79-8c1645373715','Emard - Volkman','219-160-1326 x71332','https://kevon.biz','9bcc37bd-7ed8-11ea-8f79-8c1645373715'),('9bc908c0-7ed8-11ea-8f79-8c1645373715','Satterfield - Stamm','(804) 966-6330 x867','http://lavinia.info','9bcc38c5-7ed8-11ea-8f79-8c1645373715'),('9bc90951-7ed8-11ea-8f79-8c1645373715','Ratke, Crooks and Crona','980-152-5902','https://dandre.name','9bcc3e56-7ed8-11ea-8f79-8c1645373715');
/*!40000 ALTER TABLE `employers` ENABLE KEYS */;
UNLOCK TABLES;

--
-- Table structure for table `industries`
--

DROP TABLE IF EXISTS `industries`;
/*!40101 SET @saved_cs_client     = @@character_set_client */;
/*!50503 SET character_set_client = utf8mb4 */;
CREATE TABLE `industries` (
  `id` char(36) NOT NULL,
  `industry` varchar(100) NOT NULL,
  `description` varchar(100) NOT NULL,
  PRIMARY KEY (`id`)
) ENGINE=InnoDB DEFAULT CHARSET=utf8mb4 COLLATE=utf8mb4_0900_ai_ci;
/*!40101 SET character_set_client = @saved_cs_client */;

--
-- Dumping data for table `industries`
--

LOCK TABLES `industries` WRITE;
/*!40000 ALTER TABLE `industries` DISABLE KEYS */;
INSERT INTO `industries` VALUES ('9bca23a1-7ed8-11ea-8f79-8c1645373715','Real Estate','Voluptatum recusandae rerum voluptatem minus.'),('9bca3441-7ed8-11ea-8f79-8c1645373715','Public Relations','Ut occaecati doloremque deleniti velit dolores.'),('9bca3506-7ed8-11ea-8f79-8c1645373715','Recreational','Beatae mollitia qui.'),('9bca3557-7ed8-11ea-8f79-8c1645373715','Civic & Social Organization','Animi blanditiis nulla totam rerum nesciunt accusamus voluptas incidunt.'),('9bca35a5-7ed8-11ea-8f79-8c1645373715','Consumer Electronics','Voluptatum numquam harum sed illo laudantium est.');
/*!40000 ALTER TABLE `industries` ENABLE KEYS */;
UNLOCK TABLES;

--
-- Table structure for table `interestedroles`
--

DROP TABLE IF EXISTS `interestedroles`;
/*!40101 SET @saved_cs_client     = @@character_set_client */;
/*!50503 SET character_set_client = utf8mb4 */;
CREATE TABLE `interestedroles` (
  `employee` char(36) NOT NULL,
  `roleId` char(36) NOT NULL,
  PRIMARY KEY (`employee`,`roleId`),
  KEY `roleId` (`roleId`),
  CONSTRAINT `interestedroles_ibfk_1` FOREIGN KEY (`employee`) REFERENCES `employees` (`id`),
  CONSTRAINT `interestedroles_ibfk_2` FOREIGN KEY (`roleId`) REFERENCES `roles` (`id`)
) ENGINE=InnoDB DEFAULT CHARSET=utf8mb4 COLLATE=utf8mb4_0900_ai_ci;
/*!40101 SET character_set_client = @saved_cs_client */;

--
-- Dumping data for table `interestedroles`
--

LOCK TABLES `interestedroles` WRITE;
/*!40000 ALTER TABLE `interestedroles` DISABLE KEYS */;
INSERT INTO `interestedroles` VALUES ('9bc909bb-7ed8-11ea-8f79-8c1645373715','9bcae942-7ed8-11ea-8f79-8c1645373715'),('9bc90a44-7ed8-11ea-8f79-8c1645373715','9bcae942-7ed8-11ea-8f79-8c1645373715'),('9bc90f48-7ed8-11ea-8f79-8c1645373715','9bcae942-7ed8-11ea-8f79-8c1645373715'),('9bc91225-7ed8-11ea-8f79-8c1645373715','9bcae942-7ed8-11ea-8f79-8c1645373715'),('9bc914a0-7ed8-11ea-8f79-8c1645373715','9bcae942-7ed8-11ea-8f79-8c1645373715'),('9bc917ee-7ed8-11ea-8f79-8c1645373715','9bcae942-7ed8-11ea-8f79-8c1645373715'),('9bc91fd9-7ed8-11ea-8f79-8c1645373715','9bcae942-7ed8-11ea-8f79-8c1645373715'),('9bc92406-7ed8-11ea-8f79-8c1645373715','9bcae942-7ed8-11ea-8f79-8c1645373715'),('9bc90b0d-7ed8-11ea-8f79-8c1645373715','9bcafaf5-7ed8-11ea-8f79-8c1645373715'),('9bc90c0b-7ed8-11ea-8f79-8c1645373715','9bcafaf5-7ed8-11ea-8f79-8c1645373715'),('9bc90d2c-7ed8-11ea-8f79-8c1645373715','9bcafaf5-7ed8-11ea-8f79-8c1645373715'),('9bc91147-7ed8-11ea-8f79-8c1645373715','9bcafaf5-7ed8-11ea-8f79-8c1645373715'),('9bc912b9-7ed8-11ea-8f79-8c1645373715','9bcafaf5-7ed8-11ea-8f79-8c1645373715'),('9bc91346-7ed8-11ea-8f79-8c1645373715','9bcafaf5-7ed8-11ea-8f79-8c1645373715'),('9bc915a1-7ed8-11ea-8f79-8c1645373715','9bcafaf5-7ed8-11ea-8f79-8c1645373715'),('9bc91dd6-7ed8-11ea-8f79-8c1645373715','9bcafaf5-7ed8-11ea-8f79-8c1645373715'),('9bc91e59-7ed8-11ea-8f79-8c1645373715','9bcafaf5-7ed8-11ea-8f79-8c1645373715'),('9bc921f1-7ed8-11ea-8f79-8c1645373715','9bcafaf5-7ed8-11ea-8f79-8c1645373715'),('9bc90dd9-7ed8-11ea-8f79-8c1645373715','9bcafc3a-7ed8-11ea-8f79-8c1645373715'),('9bc90f48-7ed8-11ea-8f79-8c1645373715','9bcafc3a-7ed8-11ea-8f79-8c1645373715'),('9bc913c9-7ed8-11ea-8f79-8c1645373715','9bcafc3a-7ed8-11ea-8f79-8c1645373715'),('9bc9173a-7ed8-11ea-8f79-8c1645373715','9bcafc3a-7ed8-11ea-8f79-8c1645373715'),('9bc91c6f-7ed8-11ea-8f79-8c1645373715','9bcafc3a-7ed8-11ea-8f79-8c1645373715'),('9bc91d58-7ed8-11ea-8f79-8c1645373715','9bcafc3a-7ed8-11ea-8f79-8c1645373715'),('9bc90a44-7ed8-11ea-8f79-8c1645373715','9bcafd0d-7ed8-11ea-8f79-8c1645373715'),('9bc90b0d-7ed8-11ea-8f79-8c1645373715','9bcafd0d-7ed8-11ea-8f79-8c1645373715'),('9bc90c91-7ed8-11ea-8f79-8c1645373715','9bcafd0d-7ed8-11ea-8f79-8c1645373715'),('9bc910be-7ed8-11ea-8f79-8c1645373715','9bcafd0d-7ed8-11ea-8f79-8c1645373715'),('9bc911c3-7ed8-11ea-8f79-8c1645373715','9bcafd0d-7ed8-11ea-8f79-8c1645373715'),('9bc91522-7ed8-11ea-8f79-8c1645373715','9bcafd0d-7ed8-11ea-8f79-8c1645373715'),('9bc9173a-7ed8-11ea-8f79-8c1645373715','9bcafd0d-7ed8-11ea-8f79-8c1645373715'),('9bc91a2d-7ed8-11ea-8f79-8c1645373715','9bcafd0d-7ed8-11ea-8f79-8c1645373715'),('9bc91bec-7ed8-11ea-8f79-8c1645373715','9bcafd0d-7ed8-11ea-8f79-8c1645373715'),('9bc921f1-7ed8-11ea-8f79-8c1645373715','9bcafd0d-7ed8-11ea-8f79-8c1645373715'),('9bc92277-7ed8-11ea-8f79-8c1645373715','9bcafd0d-7ed8-11ea-8f79-8c1645373715'),('9bc92406-7ed8-11ea-8f79-8c1645373715','9bcafd0d-7ed8-11ea-8f79-8c1645373715'),('9bc90f48-7ed8-11ea-8f79-8c1645373715','9bcafdda-7ed8-11ea-8f79-8c1645373715'),('9bc913c9-7ed8-11ea-8f79-8c1645373715','9bcafdda-7ed8-11ea-8f79-8c1645373715'),('9bc917ee-7ed8-11ea-8f79-8c1645373715','9bcafdda-7ed8-11ea-8f79-8c1645373715'),('9bc91995-7ed8-11ea-8f79-8c1645373715','9bcafdda-7ed8-11ea-8f79-8c1645373715'),('9bc91a8c-7ed8-11ea-8f79-8c1645373715','9bcafdda-7ed8-11ea-8f79-8c1645373715'),('9bc91fd9-7ed8-11ea-8f79-8c1645373715','9bcafdda-7ed8-11ea-8f79-8c1645373715'),('9bc920d4-7ed8-11ea-8f79-8c1645373715','9bcafdda-7ed8-11ea-8f79-8c1645373715'),('9bc90a44-7ed8-11ea-8f79-8c1645373715','9bcafead-7ed8-11ea-8f79-8c1645373715'),('9bc90d2c-7ed8-11ea-8f79-8c1645373715','9bcafead-7ed8-11ea-8f79-8c1645373715'),('9bc90dd9-7ed8-11ea-8f79-8c1645373715','9bcafead-7ed8-11ea-8f79-8c1645373715'),('9bc912b9-7ed8-11ea-8f79-8c1645373715','9bcafead-7ed8-11ea-8f79-8c1645373715'),('9bc913c9-7ed8-11ea-8f79-8c1645373715','9bcafead-7ed8-11ea-8f79-8c1645373715'),('9bc91601-7ed8-11ea-8f79-8c1645373715','9bcafead-7ed8-11ea-8f79-8c1645373715'),('9bc91a8c-7ed8-11ea-8f79-8c1645373715','9bcafead-7ed8-11ea-8f79-8c1645373715'),('9bc909bb-7ed8-11ea-8f79-8c1645373715','9bcaff81-7ed8-11ea-8f79-8c1645373715'),('9bc90b0d-7ed8-11ea-8f79-8c1645373715','9bcaff81-7ed8-11ea-8f79-8c1645373715'),('9bc910be-7ed8-11ea-8f79-8c1645373715','9bcaff81-7ed8-11ea-8f79-8c1645373715'),('9bc91147-7ed8-11ea-8f79-8c1645373715','9bcaff81-7ed8-11ea-8f79-8c1645373715'),('9bc91c6f-7ed8-11ea-8f79-8c1645373715','9bcaff81-7ed8-11ea-8f79-8c1645373715'),('9bc90c0b-7ed8-11ea-8f79-8c1645373715','9bcb0046-7ed8-11ea-8f79-8c1645373715'),('9bc910be-7ed8-11ea-8f79-8c1645373715','9bcb0046-7ed8-11ea-8f79-8c1645373715'),('9bc913c9-7ed8-11ea-8f79-8c1645373715','9bcb0046-7ed8-11ea-8f79-8c1645373715'),('9bc91428-7ed8-11ea-8f79-8c1645373715','9bcb0046-7ed8-11ea-8f79-8c1645373715'),('9bc91522-7ed8-11ea-8f79-8c1645373715','9bcb0046-7ed8-11ea-8f79-8c1645373715'),('9bc918fa-7ed8-11ea-8f79-8c1645373715','9bcb0046-7ed8-11ea-8f79-8c1645373715'),('9bc91a8c-7ed8-11ea-8f79-8c1645373715','9bcb0046-7ed8-11ea-8f79-8c1645373715'),('9bc91c6f-7ed8-11ea-8f79-8c1645373715','9bcb0046-7ed8-11ea-8f79-8c1645373715'),('9bc91dd6-7ed8-11ea-8f79-8c1645373715','9bcb0046-7ed8-11ea-8f79-8c1645373715'),('9bc920d4-7ed8-11ea-8f79-8c1645373715','9bcb0046-7ed8-11ea-8f79-8c1645373715'),('9bc92277-7ed8-11ea-8f79-8c1645373715','9bcb0046-7ed8-11ea-8f79-8c1645373715'),('9bc90ec5-7ed8-11ea-8f79-8c1645373715','9bcb00e9-7ed8-11ea-8f79-8c1645373715'),('9bc912b9-7ed8-11ea-8f79-8c1645373715','9bcb00e9-7ed8-11ea-8f79-8c1645373715'),('9bc917ee-7ed8-11ea-8f79-8c1645373715','9bcb00e9-7ed8-11ea-8f79-8c1645373715'),('9bc918fa-7ed8-11ea-8f79-8c1645373715','9bcb00e9-7ed8-11ea-8f79-8c1645373715'),('9bc91cf1-7ed8-11ea-8f79-8c1645373715','9bcb00e9-7ed8-11ea-8f79-8c1645373715'),('9bc91d58-7ed8-11ea-8f79-8c1645373715','9bcb00e9-7ed8-11ea-8f79-8c1645373715'),('9bc91e59-7ed8-11ea-8f79-8c1645373715','9bcb00e9-7ed8-11ea-8f79-8c1645373715'),('9bc90ba1-7ed8-11ea-8f79-8c1645373715','9bcb01a0-7ed8-11ea-8f79-8c1645373715'),('9bc90e46-7ed8-11ea-8f79-8c1645373715','9bcb01a0-7ed8-11ea-8f79-8c1645373715'),('9bc910be-7ed8-11ea-8f79-8c1645373715','9bcb01a0-7ed8-11ea-8f79-8c1645373715'),('9bc912b9-7ed8-11ea-8f79-8c1645373715','9bcb01a0-7ed8-11ea-8f79-8c1645373715'),('9bc91428-7ed8-11ea-8f79-8c1645373715','9bcb01a0-7ed8-11ea-8f79-8c1645373715'),('9bc91522-7ed8-11ea-8f79-8c1645373715','9bcb01a0-7ed8-11ea-8f79-8c1645373715'),('9bc91a2d-7ed8-11ea-8f79-8c1645373715','9bcb01a0-7ed8-11ea-8f79-8c1645373715'),('9bc91a8c-7ed8-11ea-8f79-8c1645373715','9bcb01a0-7ed8-11ea-8f79-8c1645373715'),('9bc91e59-7ed8-11ea-8f79-8c1645373715','9bcb01a0-7ed8-11ea-8f79-8c1645373715'),('9bc921f1-7ed8-11ea-8f79-8c1645373715','9bcb01a0-7ed8-11ea-8f79-8c1645373715'),('9bc90f48-7ed8-11ea-8f79-8c1645373715','9bcb0257-7ed8-11ea-8f79-8c1645373715'),('9bc90fd5-7ed8-11ea-8f79-8c1645373715','9bcb0257-7ed8-11ea-8f79-8c1645373715'),('9bc913c9-7ed8-11ea-8f79-8c1645373715','9bcb0257-7ed8-11ea-8f79-8c1645373715'),('9bc915a1-7ed8-11ea-8f79-8c1645373715','9bcb0257-7ed8-11ea-8f79-8c1645373715'),('9bc91d58-7ed8-11ea-8f79-8c1645373715','9bcb0257-7ed8-11ea-8f79-8c1645373715'),('9bc91ebf-7ed8-11ea-8f79-8c1645373715','9bcb0257-7ed8-11ea-8f79-8c1645373715'),('9bc91fd9-7ed8-11ea-8f79-8c1645373715','9bcb0257-7ed8-11ea-8f79-8c1645373715'),('9bc92406-7ed8-11ea-8f79-8c1645373715','9bcb0257-7ed8-11ea-8f79-8c1645373715'),('9bc90c0b-7ed8-11ea-8f79-8c1645373715','9bcb02f2-7ed8-11ea-8f79-8c1645373715'),('9bc90c91-7ed8-11ea-8f79-8c1645373715','9bcb02f2-7ed8-11ea-8f79-8c1645373715'),('9bc91147-7ed8-11ea-8f79-8c1645373715','9bcb02f2-7ed8-11ea-8f79-8c1645373715'),('9bc91225-7ed8-11ea-8f79-8c1645373715','9bcb02f2-7ed8-11ea-8f79-8c1645373715'),('9bc91428-7ed8-11ea-8f79-8c1645373715','9bcb02f2-7ed8-11ea-8f79-8c1645373715'),('9bc91cf1-7ed8-11ea-8f79-8c1645373715','9bcb02f2-7ed8-11ea-8f79-8c1645373715'),('9bc90b0d-7ed8-11ea-8f79-8c1645373715','9bcb03aa-7ed8-11ea-8f79-8c1645373715'),('9bc90c91-7ed8-11ea-8f79-8c1645373715','9bcb03aa-7ed8-11ea-8f79-8c1645373715'),('9bc90d2c-7ed8-11ea-8f79-8c1645373715','9bcb03aa-7ed8-11ea-8f79-8c1645373715'),('9bc9103b-7ed8-11ea-8f79-8c1645373715','9bcb03aa-7ed8-11ea-8f79-8c1645373715'),('9bc91225-7ed8-11ea-8f79-8c1645373715','9bcb03aa-7ed8-11ea-8f79-8c1645373715'),('9bc91bec-7ed8-11ea-8f79-8c1645373715','9bcb03aa-7ed8-11ea-8f79-8c1645373715'),('9bc92406-7ed8-11ea-8f79-8c1645373715','9bcb03aa-7ed8-11ea-8f79-8c1645373715'),('9bc90dd9-7ed8-11ea-8f79-8c1645373715','9bcb046c-7ed8-11ea-8f79-8c1645373715'),('9bc90ec5-7ed8-11ea-8f79-8c1645373715','9bcb046c-7ed8-11ea-8f79-8c1645373715'),('9bc911c3-7ed8-11ea-8f79-8c1645373715','9bcb046c-7ed8-11ea-8f79-8c1645373715'),('9bc91346-7ed8-11ea-8f79-8c1645373715','9bcb046c-7ed8-11ea-8f79-8c1645373715'),('9bc914a0-7ed8-11ea-8f79-8c1645373715','9bcb046c-7ed8-11ea-8f79-8c1645373715'),('9bc91995-7ed8-11ea-8f79-8c1645373715','9bcb046c-7ed8-11ea-8f79-8c1645373715'),('9bc91a8c-7ed8-11ea-8f79-8c1645373715','9bcb046c-7ed8-11ea-8f79-8c1645373715'),('9bc91d58-7ed8-11ea-8f79-8c1645373715','9bcb046c-7ed8-11ea-8f79-8c1645373715'),('9bc91ebf-7ed8-11ea-8f79-8c1645373715','9bcb046c-7ed8-11ea-8f79-8c1645373715'),('9bc92058-7ed8-11ea-8f79-8c1645373715','9bcb046c-7ed8-11ea-8f79-8c1645373715'),('9bc922fa-7ed8-11ea-8f79-8c1645373715','9bcb046c-7ed8-11ea-8f79-8c1645373715'),('9bc90fd5-7ed8-11ea-8f79-8c1645373715','9bcb052a-7ed8-11ea-8f79-8c1645373715'),('9bc9103b-7ed8-11ea-8f79-8c1645373715','9bcb052a-7ed8-11ea-8f79-8c1645373715'),('9bc911c3-7ed8-11ea-8f79-8c1645373715','9bcb052a-7ed8-11ea-8f79-8c1645373715'),('9bc914a0-7ed8-11ea-8f79-8c1645373715','9bcb052a-7ed8-11ea-8f79-8c1645373715'),('9bc91522-7ed8-11ea-8f79-8c1645373715','9bcb052a-7ed8-11ea-8f79-8c1645373715'),('9bc915a1-7ed8-11ea-8f79-8c1645373715','9bcb052a-7ed8-11ea-8f79-8c1645373715'),('9bc91601-7ed8-11ea-8f79-8c1645373715','9bcb052a-7ed8-11ea-8f79-8c1645373715'),('9bc91bec-7ed8-11ea-8f79-8c1645373715','9bcb052a-7ed8-11ea-8f79-8c1645373715'),('9bc91cf1-7ed8-11ea-8f79-8c1645373715','9bcb052a-7ed8-11ea-8f79-8c1645373715'),('9bc91ebf-7ed8-11ea-8f79-8c1645373715','9bcb052a-7ed8-11ea-8f79-8c1645373715'),('9bc921f1-7ed8-11ea-8f79-8c1645373715','9bcb052a-7ed8-11ea-8f79-8c1645373715'),('9bc922fa-7ed8-11ea-8f79-8c1645373715','9bcb052a-7ed8-11ea-8f79-8c1645373715'),('9bc90b0d-7ed8-11ea-8f79-8c1645373715','9bcb05ec-7ed8-11ea-8f79-8c1645373715'),('9bc90c0b-7ed8-11ea-8f79-8c1645373715','9bcb05ec-7ed8-11ea-8f79-8c1645373715'),('9bc90d2c-7ed8-11ea-8f79-8c1645373715','9bcb05ec-7ed8-11ea-8f79-8c1645373715'),('9bc90ec5-7ed8-11ea-8f79-8c1645373715','9bcb05ec-7ed8-11ea-8f79-8c1645373715'),('9bc9103b-7ed8-11ea-8f79-8c1645373715','9bcb05ec-7ed8-11ea-8f79-8c1645373715'),('9bc91147-7ed8-11ea-8f79-8c1645373715','9bcb05ec-7ed8-11ea-8f79-8c1645373715'),('9bc918fa-7ed8-11ea-8f79-8c1645373715','9bcb05ec-7ed8-11ea-8f79-8c1645373715'),('9bc91995-7ed8-11ea-8f79-8c1645373715','9bcb05ec-7ed8-11ea-8f79-8c1645373715'),('9bc920d4-7ed8-11ea-8f79-8c1645373715','9bcb05ec-7ed8-11ea-8f79-8c1645373715'),('9bc909bb-7ed8-11ea-8f79-8c1645373715','9bcb0684-7ed8-11ea-8f79-8c1645373715'),('9bc90ba1-7ed8-11ea-8f79-8c1645373715','9bcb0684-7ed8-11ea-8f79-8c1645373715'),('9bc90c0b-7ed8-11ea-8f79-8c1645373715','9bcb0684-7ed8-11ea-8f79-8c1645373715'),('9bc90dd9-7ed8-11ea-8f79-8c1645373715','9bcb0684-7ed8-11ea-8f79-8c1645373715'),('9bc90fd5-7ed8-11ea-8f79-8c1645373715','9bcb0684-7ed8-11ea-8f79-8c1645373715'),('9bc91225-7ed8-11ea-8f79-8c1645373715','9bcb0684-7ed8-11ea-8f79-8c1645373715'),('9bc912b9-7ed8-11ea-8f79-8c1645373715','9bcb0684-7ed8-11ea-8f79-8c1645373715'),('9bc9173a-7ed8-11ea-8f79-8c1645373715','9bcb0684-7ed8-11ea-8f79-8c1645373715'),('9bc91dd6-7ed8-11ea-8f79-8c1645373715','9bcb0684-7ed8-11ea-8f79-8c1645373715'),('9bc92058-7ed8-11ea-8f79-8c1645373715','9bcb0684-7ed8-11ea-8f79-8c1645373715'),('9bc90a44-7ed8-11ea-8f79-8c1645373715','9bcb07e4-7ed8-11ea-8f79-8c1645373715'),('9bc90e46-7ed8-11ea-8f79-8c1645373715','9bcb07e4-7ed8-11ea-8f79-8c1645373715'),('9bc90f48-7ed8-11ea-8f79-8c1645373715','9bcb07e4-7ed8-11ea-8f79-8c1645373715'),('9bc91601-7ed8-11ea-8f79-8c1645373715','9bcb07e4-7ed8-11ea-8f79-8c1645373715'),('9bc91995-7ed8-11ea-8f79-8c1645373715','9bcb07e4-7ed8-11ea-8f79-8c1645373715'),('9bc91fd9-7ed8-11ea-8f79-8c1645373715','9bcb07e4-7ed8-11ea-8f79-8c1645373715'),('9bc92277-7ed8-11ea-8f79-8c1645373715','9bcb07e4-7ed8-11ea-8f79-8c1645373715'),('9bc90ba1-7ed8-11ea-8f79-8c1645373715','9bcb0929-7ed8-11ea-8f79-8c1645373715'),('9bc90e46-7ed8-11ea-8f79-8c1645373715','9bcb0929-7ed8-11ea-8f79-8c1645373715'),('9bc9103b-7ed8-11ea-8f79-8c1645373715','9bcb0929-7ed8-11ea-8f79-8c1645373715'),('9bc915a1-7ed8-11ea-8f79-8c1645373715','9bcb0929-7ed8-11ea-8f79-8c1645373715'),('9bc917ee-7ed8-11ea-8f79-8c1645373715','9bcb0929-7ed8-11ea-8f79-8c1645373715'),('9bc918fa-7ed8-11ea-8f79-8c1645373715','9bcb0929-7ed8-11ea-8f79-8c1645373715'),('9bc91c6f-7ed8-11ea-8f79-8c1645373715','9bcb0929-7ed8-11ea-8f79-8c1645373715'),('9bc91e59-7ed8-11ea-8f79-8c1645373715','9bcb0929-7ed8-11ea-8f79-8c1645373715'),('9bc921f1-7ed8-11ea-8f79-8c1645373715','9bcb0929-7ed8-11ea-8f79-8c1645373715'),('9bc909bb-7ed8-11ea-8f79-8c1645373715','9bcb09ee-7ed8-11ea-8f79-8c1645373715'),('9bc90a44-7ed8-11ea-8f79-8c1645373715','9bcb09ee-7ed8-11ea-8f79-8c1645373715'),('9bc90dd9-7ed8-11ea-8f79-8c1645373715','9bcb09ee-7ed8-11ea-8f79-8c1645373715'),('9bc90e46-7ed8-11ea-8f79-8c1645373715','9bcb09ee-7ed8-11ea-8f79-8c1645373715'),('9bc91346-7ed8-11ea-8f79-8c1645373715','9bcb09ee-7ed8-11ea-8f79-8c1645373715'),('9bc91a2d-7ed8-11ea-8f79-8c1645373715','9bcb09ee-7ed8-11ea-8f79-8c1645373715'),('9bc91c6f-7ed8-11ea-8f79-8c1645373715','9bcb09ee-7ed8-11ea-8f79-8c1645373715'),('9bc91d58-7ed8-11ea-8f79-8c1645373715','9bcb09ee-7ed8-11ea-8f79-8c1645373715'),('9bc91dd6-7ed8-11ea-8f79-8c1645373715','9bcb09ee-7ed8-11ea-8f79-8c1645373715'),('9bc91fd9-7ed8-11ea-8f79-8c1645373715','9bcb09ee-7ed8-11ea-8f79-8c1645373715'),('9bc92058-7ed8-11ea-8f79-8c1645373715','9bcb09ee-7ed8-11ea-8f79-8c1645373715'),('9bc922fa-7ed8-11ea-8f79-8c1645373715','9bcb09ee-7ed8-11ea-8f79-8c1645373715');
/*!40000 ALTER TABLE `interestedroles` ENABLE KEYS */;
UNLOCK TABLES;

--
-- Table structure for table `jobinterest`
--

DROP TABLE IF EXISTS `jobinterest`;
/*!40101 SET @saved_cs_client     = @@character_set_client */;
/*!50503 SET character_set_client = utf8mb4 */;
CREATE TABLE `jobinterest` (
  `jobId` char(36) NOT NULL,
  `employee` char(36) NOT NULL,
  `initiator` enum('employer','employee') DEFAULT NULL,
  `status` enum('available','liked','offered','done') DEFAULT NULL,
  PRIMARY KEY (`jobId`,`employee`),
  KEY `employee` (`employee`),
  CONSTRAINT `jobinterest_ibfk_1` FOREIGN KEY (`jobId`) REFERENCES `jobs` (`jobId`),
  CONSTRAINT `jobinterest_ibfk_2` FOREIGN KEY (`employee`) REFERENCES `employees` (`id`)
) ENGINE=InnoDB DEFAULT CHARSET=utf8mb4 COLLATE=utf8mb4_0900_ai_ci;
/*!40101 SET character_set_client = @saved_cs_client */;

--
-- Dumping data for table `jobinterest`
--

LOCK TABLES `jobinterest` WRITE;
/*!40000 ALTER TABLE `jobinterest` DISABLE KEYS */;
/*!40000 ALTER TABLE `jobinterest` ENABLE KEYS */;
UNLOCK TABLES;

--
-- Table structure for table `jobs`
--

DROP TABLE IF EXISTS `jobs`;
/*!40101 SET @saved_cs_client     = @@character_set_client */;
/*!50503 SET character_set_client = utf8mb4 */;
CREATE TABLE `jobs` (
  `jobId` char(36) NOT NULL,
  `employer` char(36) NOT NULL,
  `role` char(36) NOT NULL,
  `jobTitle` varchar(100) NOT NULL,
  `salary` varchar(100) DEFAULT NULL,
  `workLocation` varchar(36) NOT NULL,
  `description` varchar(100) DEFAULT NULL,
  PRIMARY KEY (`jobId`),
  KEY `employer` (`employer`),
  KEY `role` (`role`),
  KEY `workLocation` (`workLocation`),
  CONSTRAINT `jobs_ibfk_1` FOREIGN KEY (`employer`) REFERENCES `employers` (`id`),
  CONSTRAINT `jobs_ibfk_2` FOREIGN KEY (`role`) REFERENCES `roles` (`id`),
  CONSTRAINT `jobs_ibfk_3` FOREIGN KEY (`workLocation`) REFERENCES `locations` (`id`)
) ENGINE=InnoDB DEFAULT CHARSET=utf8mb4 COLLATE=utf8mb4_0900_ai_ci;
/*!40101 SET character_set_client = @saved_cs_client */;

--
-- Dumping data for table `jobs`
--

LOCK TABLES `jobs` WRITE;
/*!40000 ALTER TABLE `jobs` DISABLE KEYS */;
INSERT INTO `jobs` VALUES ('9bcfa8e4-7ed8-11ea-8f79-8c1645373715','9bc9081b-7ed8-11ea-8f79-8c1645373715','9bcb01a0-7ed8-11ea-8f79-8c1645373715','minima voluptas suscipit deleniti similique ullam quia sint laborum','16765 - 92742','9bcc4364-7ed8-11ea-8f79-8c1645373715','Ipsa sit nihil sint et commodi aut natus quia.'),('9bcfb9d2-7ed8-11ea-8f79-8c1645373715','9bc90951-7ed8-11ea-8f79-8c1645373715','9bcb01a0-7ed8-11ea-8f79-8c1645373715','assumenda dicta in aut voluptas aut','14849 - 95142','9bcc37bd-7ed8-11ea-8f79-8c1645373715','Totam molestiae esse et eum.'),('9bcfbb4b-7ed8-11ea-8f79-8c1645373715','9bc908c0-7ed8-11ea-8f79-8c1645373715','9bcb05ec-7ed8-11ea-8f79-8c1645373715','voluptas ea voluptatibus reprehenderit maxime magni quo sequi omnis','13839 - 93245','9bcc4bce-7ed8-11ea-8f79-8c1645373715','Non assumenda quam.'),('9bcfbc77-7ed8-11ea-8f79-8c1645373715','9bc9081b-7ed8-11ea-8f79-8c1645373715','9bcafead-7ed8-11ea-8f79-8c1645373715','perferendis aut minus aut excepturi facilis','10555 - 32195','9bcc4676-7ed8-11ea-8f79-8c1645373715','Ratione assumenda molestiae ea velit voluptatum vel aperiam ullam numquam.'),('9bcfbdb4-7ed8-11ea-8f79-8c1645373715','9bc908c0-7ed8-11ea-8f79-8c1645373715','9bcb046c-7ed8-11ea-8f79-8c1645373715','illo sint et voluptatem ut molestiae occaecati debitis ducimus ipsa','10445 - 93064','9bcc3f29-7ed8-11ea-8f79-8c1645373715','Nulla id vel culpa.'),('9bcfbed5-7ed8-11ea-8f79-8c1645373715','9bc906cc-7ed8-11ea-8f79-8c1645373715','9bcb01a0-7ed8-11ea-8f79-8c1645373715','explicabo distinctio aut et iure id vel est','13736 - 21750','9bcc316e-7ed8-11ea-8f79-8c1645373715','Sapiente et hic ut.'),('9bcfc001-7ed8-11ea-8f79-8c1645373715','9bc8e4e2-7ed8-11ea-8f79-8c1645373715','9bcb02f2-7ed8-11ea-8f79-8c1645373715','sunt ratione accusamus id minima','18922 - 52617','9bcc49ba-7ed8-11ea-8f79-8c1645373715','Omnis quam aliquid distinctio qui temporibus voluptatum hic.'),('9bcfc10d-7ed8-11ea-8f79-8c1645373715','9bc9081b-7ed8-11ea-8f79-8c1645373715','9bcb052a-7ed8-11ea-8f79-8c1645373715','harum impedit quia et minus ducimus rerum ut','14157 - 85853','9bcc2cb1-7ed8-11ea-8f79-8c1645373715','Veritatis hic vitae est aut atque.'),('9bcfc224-7ed8-11ea-8f79-8c1645373715','9bc908c0-7ed8-11ea-8f79-8c1645373715','9bcb046c-7ed8-11ea-8f79-8c1645373715','voluptatem aut reprehenderit aut inventore vel molestias rerum','19800 - 99502','9bcc3bfb-7ed8-11ea-8f79-8c1645373715','Voluptate a ratione et enim dicta ad iure neque ut.'),('9bcfc34c-7ed8-11ea-8f79-8c1645373715','9bc9081b-7ed8-11ea-8f79-8c1645373715','9bcafd0d-7ed8-11ea-8f79-8c1645373715','optio consequatur magnam delectus sed illo qui doloremque perspiciatis dolorem','13917 - 95114','9bcc2cb1-7ed8-11ea-8f79-8c1645373715','Magni corrupti aut explicabo sunt reprehenderit vel veniam accusantium.');
/*!40000 ALTER TABLE `jobs` ENABLE KEYS */;
UNLOCK TABLES;

--
-- Table structure for table `locations`
--

DROP TABLE IF EXISTS `locations`;
/*!40101 SET @saved_cs_client     = @@character_set_client */;
/*!50503 SET character_set_client = utf8mb4 */;
CREATE TABLE `locations` (
  `id` char(36) NOT NULL,
  `address` varchar(200) NOT NULL,
  `location` json NOT NULL,
  `area` varchar(50) NOT NULL,
  PRIMARY KEY (`id`)
) ENGINE=InnoDB DEFAULT CHARSET=utf8mb4 COLLATE=utf8mb4_0900_ai_ci;
/*!40101 SET character_set_client = @saved_cs_client */;

--
-- Dumping data for table `locations`
--

LOCK TABLES `locations` WRITE;
/*!40000 ALTER TABLE `locations` DISABLE KEYS */;
INSERT INTO `locations` VALUES ('9bcbcf38-7ed8-11ea-8f79-8c1645373715','314 Lê Thị Riêng, Tân Thới An, Quận 12, Hồ Chí Minh, Vietnam','{\"lat\": 10.8734765, \"lng\": 106.6554024}','Hồ Chí Minh'),('9bcc2b02-7ed8-11ea-8f79-8c1645373715','172 Ông Ích Khiêm, Phường 5, Quận 11, Hồ Chí Minh, Vietnam','{\"lat\": 10.7667661, \"lng\": 106.6429388}','Hồ Chí Minh'),('9bcc2cb1-7ed8-11ea-8f79-8c1645373715','403 Cách Mạng Tháng Tám, Phường 13, Quận 10, Hồ Chí Minh, Vietnam','{\"lat\": 10.7809243, \"lng\": 106.6756289}','Hồ Chí Minh'),('9bcc2d6b-7ed8-11ea-8f79-8c1645373715','592 Nguyễn Ảnh Thủ, Trung Mỹ Tây, Quận 12, Hồ Chí Minh, Vietnam','{\"lat\": 10.8592969, \"lng\": 106.6098683}','Hồ Chí Minh'),('9bcc2e5f-7ed8-11ea-8f79-8c1645373715','28-30 Nguyen Thai Binh Street, Nguyen Thai Binh Ward, District 1, Ho Chi Minh City, Phường Nguyễn Thái Bình, Quận 1, Hồ Chí Minh, Vietnam','{\"lat\": 10.7698733, \"lng\": 106.7003882}','Hồ Chí Minh'),('9bcc2f75-7ed8-11ea-8f79-8c1645373715','Đồng Văn Cống, Phường Thạnh Mỹ Lợi, Quận 2, Hồ Chí Minh, Vietnam','{\"lat\": 10.7753988, \"lng\": 106.7594779}','Hồ Chí Minh'),('9bcc2fea-7ed8-11ea-8f79-8c1645373715','Đường số 50, Bình Trưng Đông, Quận 2, Hồ Chí Minh, Vietnam','{\"lat\": 10.7888971, \"lng\": 106.7749}','Hồ Chí Minh'),('9bcc3073-7ed8-11ea-8f79-8c1645373715','Đường Số 1, Liên Tỉnh Lộ 25B, Phường Thạnh Mỹ Lợi, Quận 2, Phường Thạnh Mỹ Lợi, Quận 2, Hồ Chí Minh, Vietnam','{\"lat\": 10.7757492, \"lng\": 106.7599118}','Hồ Chí Minh'),('9bcc3107-7ed8-11ea-8f79-8c1645373715','34, 31D-Khu C, An Phú, Quận 2, Hồ Chí Minh, Vietnam','{\"lat\": 10.7918944, \"lng\": 106.7404785}','Hồ Chí Minh'),('9bcc316e-7ed8-11ea-8f79-8c1645373715','63 đường số 5, phường Cát Lái, Quận 2, Cát Lái, Hồ Chí Minh, Vietnam','{\"lat\": 10.775406, \"lng\": 106.7712947}','Hồ Chí Minh'),('9bcc31f4-7ed8-11ea-8f79-8c1645373715','386/79 Đ. Lê Văn Sỹ, Phường 14, Quận 3, Hồ Chí Minh, Vietnam','{\"lat\": 10.7898918, \"lng\": 106.6772974}','Hồ Chí Minh'),('9bcc3386-7ed8-11ea-8f79-8c1645373715','2 Bà Huyện Thanh Quan, Phường 6, Quận 3, Hồ Chí Minh, Vietnam','{\"lat\": 10.7752899, \"lng\": 106.6903125}','Hồ Chí Minh'),('9bcc3408-7ed8-11ea-8f79-8c1645373715','9 Huỳnh Tịnh Của, Phường 8, Quận 3, Hồ Chí Minh, Vietnam','{\"lat\": 10.7883648, \"lng\": 106.6883543}','Hồ Chí Minh'),('9bcc3495-7ed8-11ea-8f79-8c1645373715','139 Nguyễn Đình Chiểu, Phường 6, Quận 3, Hồ Chí Minh, Vietnam','{\"lat\": 10.777158, \"lng\": 106.6890399}','Hồ Chí Minh'),('9bcc35a5-7ed8-11ea-8f79-8c1645373715','243 Cách Mạng Tháng Tám, Phường 4, Quận 3, Hồ Chí Minh, Vietnam','{\"lat\": 10.7770139, \"lng\": 106.6829741}','Hồ Chí Minh'),('9bcc3600-7ed8-11ea-8f79-8c1645373715','63, 65 Bến Vân Đồn, Phường 12, Quận 4, Hồ Chí Minh, Vietnam','{\"lat\": 10.7653075, \"lng\": 106.7022376}','Hồ Chí Minh'),('9bcc3694-7ed8-11ea-8f79-8c1645373715','Hẻm 42 Hoàng Diệu, Phường 12, Quận 4, Hồ Chí Minh, Vietnam','{\"lat\": 10.7653624, \"lng\": 106.7060284}','Hồ Chí Minh'),('9bcc37bd-7ed8-11ea-8f79-8c1645373715','18 Đường Đoàn Như Hài, Phường 12, Quận 4, Hồ Chí Minh, Vietnam','{\"lat\": 10.7663214, \"lng\": 106.7051618}','Hồ Chí Minh'),('9bcc3869-7ed8-11ea-8f79-8c1645373715','64 Nguyễn Khoái, Phường 2, Quận 4, Hồ Chí Minh, Vietnam','{\"lat\": 10.7550974, \"lng\": 106.694483}','Hồ Chí Minh'),('9bcc38c5-7ed8-11ea-8f79-8c1645373715','14 Đường Đoàn Như Hài, Phường 12, Quận 4, Hồ Chí Minh, Vietnam','{\"lat\": 10.7667587, \"lng\": 106.7057955}','Hồ Chí Minh'),('9bcc3944-7ed8-11ea-8f79-8c1645373715','3 Mạc Cửu, Phường 13, Quận 5, Hồ Chí Minh, Vietnam','{\"lat\": 10.750223, \"lng\": 106.659248}','Hồ Chí Minh'),('9bcc39bf-7ed8-11ea-8f79-8c1645373715','642 A Đ. Nguyễn Trãi, Phường 11, Quận 5, Hồ Chí Minh 700000, Vietnam','{\"lat\": 10.7540801, \"lng\": 106.6657832}','Hồ Chí Minh'),('9bcc3a1b-7ed8-11ea-8f79-8c1645373715','642 Đ. Nguyễn Trãi, Phường 11, Quận 5, Hồ Chí Minh, Vietnam','{\"lat\": 10.7541276, \"lng\": 106.6662972}','Hồ Chí Minh'),('9bcc3aa1-7ed8-11ea-8f79-8c1645373715','203 An Dương Vương, Phường 8, Quận 5, phường 8 Quận 5 Hồ Chí Minh, Vietnam','{\"lat\": 10.7558049, \"lng\": 106.6675406}','phường 8 Quận 5 Hồ Chí Minh'),('9bcc3b0e-7ed8-11ea-8f79-8c1645373715','660 Võ Văn Kiệt, Phường 1, Quận 5, Hồ Chí Minh, Vietnam','{\"lat\": 10.7520489, \"lng\": 106.6836549}','Hồ Chí Minh'),('9bcc3b94-7ed8-11ea-8f79-8c1645373715','107 Cao Văn Lầu, Phường 1, Quận 6, Hồ Chí Minh, Vietnam','{\"lat\": 10.7464601, \"lng\": 106.6495791}','Hồ Chí Minh'),('9bcc3bfb-7ed8-11ea-8f79-8c1645373715','88 Tháp Mười, Phường 2, Quận 6, Hồ Chí Minh, Vietnam','{\"lat\": 10.7499949, \"lng\": 106.6504626}','Hồ Chí Minh'),('9bcc3c84-7ed8-11ea-8f79-8c1645373715','Hẻm 45/67 Bình Tiên, Phường 7, Quận 6, Hồ Chí Minh, Vietnam','{\"lat\": 10.7405803, \"lng\": 106.6424917}','Hồ Chí Minh'),('9bcc3d07-7ed8-11ea-8f79-8c1645373715','114 Đường Phạm Văn Chí, Phường 1, Quận 6, Hồ Chí Minh, Vietnam','{\"lat\": 10.7462002, \"lng\": 106.6490232}','Hồ Chí Minh'),('9bcc3d82-7ed8-11ea-8f79-8c1645373715','2D Chợ Lớn, Phường 11, Quận 6, Phường 11 Quận 6 Hồ Chí Minh, Vietnam','{\"lat\": 10.7465793, \"lng\": 106.6348488}','Phường 11 Quận 6 Hồ Chí Minh'),('9bcc3de5-7ed8-11ea-8f79-8c1645373715','3 Tân Phú, P, Quận 7, Hồ Chí Minh, Vietnam','{\"lat\": 10.7327717, \"lng\": 106.725198}','Hồ Chí Minh'),('9bcc3e56-7ed8-11ea-8f79-8c1645373715','1 Tân Phú, Hồ Chí Minh, Vietnam','{\"lat\": 10.7328615, \"lng\": 106.7251448}','Hồ Chí Minh'),('9bcc3eb1-7ed8-11ea-8f79-8c1645373715','504, 506 Huỳnh Tấn Phát, Bình Thuận, Quận 7, Hồ Chí Minh, Vietnam','{\"lat\": 10.741525, \"lng\": 106.7292689}','Hồ Chí Minh'),('9bcc3f29-7ed8-11ea-8f79-8c1645373715','People\'s Committee Of District 7, 1362, Huynh Tan Phat Street, Phu My Ward, District 7, Tân Phú, Quận 7, Hồ Chí Minh, Vietnam','{\"lat\": 10.7321119, \"lng\": 106.7262769}','Hồ Chí Minh'),('9bcc3f8c-7ed8-11ea-8f79-8c1645373715','1364 Huỳnh Tấn Phát, KP1, Quận 7, Hồ Chí Minh, Vietnam','{\"lat\": 10.713834, \"lng\": 106.7370286}','Hồ Chí Minh'),('9bcc4040-7ed8-11ea-8f79-8c1645373715','175 Phạm Hùng, Phường 4, Quận 8, Phường 5, Quận 8, Hồ Chí Minh, Vietnam','{\"lat\": 10.7395539, \"lng\": 106.6693443}','Hồ Chí Minh'),('9bcc40c6-7ed8-11ea-8f79-8c1645373715','126 Đường Lê Quyên, Phường 5, Quận 8, Hồ Chí Minh, Vietnam','{\"lat\": 10.740894, \"lng\": 106.6664351}','Hồ Chí Minh'),('9bcc4121-7ed8-11ea-8f79-8c1645373715','993 Phạm Thế Hiển, Phường 5, 8, Hồ Chí Minh, Vietnam','{\"lat\": 10.7428452, \"lng\": 106.667443}','Hồ Chí Minh'),('9bcc4199-7ed8-11ea-8f79-8c1645373715','993 Phạm Thế Hiển, Phường 5, Quận 8, Hồ Chí Minh, Vietnam','{\"lat\": 10.7422643, \"lng\": 106.6678169}','Hồ Chí Minh'),('9bcc41f5-7ed8-11ea-8f79-8c1645373715','250 Tùng Thiện Vương, Phường 11, Quận 8, Hồ Chí Minh, Vietnam','{\"lat\": 10.7471976, \"lng\": 106.6615428}','Hồ Chí Minh'),('9bcc427f-7ed8-11ea-8f79-8c1645373715','Dong Nai, Vietnam','{\"lat\": 11.0686305, \"lng\": 107.1675976}','Dong Nai'),('9bcc42ef-7ed8-11ea-8f79-8c1645373715','Đồng Nai, Cư xá Bắc Hải, Phường 15, Quận 10, Hồ Chí Minh, Vietnam','{\"lat\": 10.7788966, \"lng\": 106.6626316}','Hồ Chí Minh'),('9bcc4364-7ed8-11ea-8f79-8c1645373715','Kp5 Đường Nguyễn Khuyến, Trảng Dài, Thành phố Biên Hòa, Đồng Nai, Vietnam','{\"lat\": 10.9846076, \"lng\": 106.8691285}','Đồng Nai'),('9bcc43cd-7ed8-11ea-8f79-8c1645373715','4 Lê Quý Đôn, Kp3, Thành phố Biên Hòa, Đồng Nai, Vietnam','{\"lat\": 10.9591332, \"lng\": 106.8613505}','Đồng Nai'),('9bcc4449-7ed8-11ea-8f79-8c1645373715','1048A Phạm Văn Thuận, Tân Mai, Thành phố Biên Hòa, Đồng Nai, Vietnam','{\"lat\": 10.9580619, \"lng\": 106.8468985}','Đồng Nai'),('9bcc44a1-7ed8-11ea-8f79-8c1645373715','Long An, Cần Đước District, Long An Province, Vietnam','{\"lat\": 10.5607168, \"lng\": 106.6497623}','Long An Province'),('9bcc4515-7ed8-11ea-8f79-8c1645373715','2523 South Blvd, Charlotte, NC 28203, USA','{\"lat\": 35.2023634, \"lng\": -80.8646618}','North Carolina'),('9bcc45a6-7ed8-11ea-8f79-8c1645373715','Long An Province, Vietnam','{\"lat\": 10.695572, \"lng\": 106.2431205}','Long An Province'),('9bcc4621-7ed8-11ea-8f79-8c1645373715','Long An, Mỹ Tho, Tien Giang, Vietnam','{\"lat\": 10.4032411, \"lng\": 106.3384114}','Tien Giang'),('9bcc4676-7ed8-11ea-8f79-8c1645373715','211 Nguyễn Thông, Phường 3, Tân An, Long An, Vietnam','{\"lat\": 10.5327197, \"lng\": 106.4261931}','Long An'),('9bcc4774-7ed8-11ea-8f79-8c1645373715','Tien Giang, Vietnam','{\"lat\": 10.4493324, \"lng\": 106.3420504}','Tien Giang'),('9bcc47d0-7ed8-11ea-8f79-8c1645373715','Cái Bè, Cái Bè District, Tien Giang, Vietnam','{\"lat\": 10.3367347, \"lng\": 106.0298196}','Tien Giang'),('9bcc4844-7ed8-11ea-8f79-8c1645373715','Tiền Giang, Phường 2, Tân Bình, Hồ Chí Minh, Vietnam','{\"lat\": 10.8082688, \"lng\": 106.6655128}','Hồ Chí Minh'),('9bcc48aa-7ed8-11ea-8f79-8c1645373715','02 Đường Hùng Vương, Phường 1, Thành phố Mỹ Tho, Tiền Giang, Vietnam','{\"lat\": 10.3549773, \"lng\": 106.3643284}','Tiền Giang'),('9bcc49ba-7ed8-11ea-8f79-8c1645373715','Tiền Giang, Lê Lợi, Bắc Giang, Vietnam','{\"lat\": 21.2694124, \"lng\": 106.1992451}','Bắc Giang'),('9bcc4aaa-7ed8-11ea-8f79-8c1645373715','Ishikawa, Japan','{\"lat\": 36.32603169999999, \"lng\": 136.5289653}','Ishikawa'),('9bcc4b21-7ed8-11ea-8f79-8c1645373715','Ishikawa, Uruma, Okinawa 904-1106, Japan','{\"lat\": 26.4376186, \"lng\": 127.8220414}','Okinawa'),('9bcc4b7a-7ed8-11ea-8f79-8c1645373715','Ishikawacho, Ota City, Tokyo 145-0061, Japan','{\"lat\": 35.6029663, \"lng\": 139.6822041}','Tokyo'),('9bcc4bce-7ed8-11ea-8f79-8c1645373715','Ishikawa, Fujisawa, Kanagawa 252-0815, Japan','{\"lat\": 35.3791036, \"lng\": 139.4542268}','Kanagawa'),('9bcc4c46-7ed8-11ea-8f79-8c1645373715','Ishikawacho, Naka Ward, Yokohama, Kanagawa 231-0868, Japan','{\"lat\": 35.4373853, \"lng\": 139.6410647}','Kanagawa');
/*!40000 ALTER TABLE `locations` ENABLE KEYS */;
UNLOCK TABLES;

--
-- Table structure for table `roles`
--

DROP TABLE IF EXISTS `roles`;
/*!40101 SET @saved_cs_client     = @@character_set_client */;
/*!50503 SET character_set_client = utf8mb4 */;
CREATE TABLE `roles` (
  `id` char(36) NOT NULL,
  `roleName` varchar(100) NOT NULL,
  `industry` char(36) NOT NULL,
  `description` varchar(100) NOT NULL,
  PRIMARY KEY (`id`),
  UNIQUE KEY `roleName` (`roleName`),
  KEY `industry` (`industry`),
  CONSTRAINT `roles_ibfk_1` FOREIGN KEY (`industry`) REFERENCES `industries` (`id`)
) ENGINE=InnoDB DEFAULT CHARSET=utf8mb4 COLLATE=utf8mb4_0900_ai_ci;
/*!40101 SET character_set_client = @saved_cs_client */;

--
-- Dumping data for table `roles`
--

LOCK TABLES `roles` WRITE;
/*!40000 ALTER TABLE `roles` DISABLE KEYS */;
INSERT INTO `roles` VALUES ('9bcae942-7ed8-11ea-8f79-8c1645373715','Regional Accountability Administrator','9bca3441-7ed8-11ea-8f79-8c1645373715','Aspernatur dolor qui dolore architecto veritatis.'),('9bcafaf5-7ed8-11ea-8f79-8c1645373715','Forward Accountability Orchestrator','9bca3557-7ed8-11ea-8f79-8c1645373715','Aspernatur magnam officia.'),('9bcafc3a-7ed8-11ea-8f79-8c1645373715','Investor Applications Analyst','9bca3506-7ed8-11ea-8f79-8c1645373715','Autem culpa quis quia temporibus ipsa ad repudiandae suscipit et.'),('9bcafd0d-7ed8-11ea-8f79-8c1645373715','Direct Integration Liaison','9bca23a1-7ed8-11ea-8f79-8c1645373715','Perferendis eos magni iste aut ipsum fugit.'),('9bcafdda-7ed8-11ea-8f79-8c1645373715','Forward Identity Representative','9bca23a1-7ed8-11ea-8f79-8c1645373715','Labore sed id.'),('9bcafead-7ed8-11ea-8f79-8c1645373715','Future Usability Analyst','9bca23a1-7ed8-11ea-8f79-8c1645373715','Officia explicabo autem voluptatem delectus debitis.'),('9bcaff81-7ed8-11ea-8f79-8c1645373715','Internal Applications Representative','9bca3441-7ed8-11ea-8f79-8c1645373715','Dolorem porro amet cupiditate autem laboriosam beatae eveniet architecto.'),('9bcb0046-7ed8-11ea-8f79-8c1645373715','Customer Mobility Executive','9bca23a1-7ed8-11ea-8f79-8c1645373715','Alias a sunt dolore doloremque.'),('9bcb00e9-7ed8-11ea-8f79-8c1645373715','Investor Factors Engineer','9bca3506-7ed8-11ea-8f79-8c1645373715','Culpa mollitia minus quo id sed id velit voluptas sint.'),('9bcb01a0-7ed8-11ea-8f79-8c1645373715','Legacy Program Manager','9bca3557-7ed8-11ea-8f79-8c1645373715','Consequuntur commodi cum necessitatibus voluptate sapiente.'),('9bcb0257-7ed8-11ea-8f79-8c1645373715','Dynamic Usability Director','9bca3506-7ed8-11ea-8f79-8c1645373715','Hic quidem nam.'),('9bcb02f2-7ed8-11ea-8f79-8c1645373715','Central Mobility Orchestrator','9bca3441-7ed8-11ea-8f79-8c1645373715','Rerum itaque aperiam dolorum at.'),('9bcb03aa-7ed8-11ea-8f79-8c1645373715','Central Usability Orchestrator','9bca3441-7ed8-11ea-8f79-8c1645373715','Et ipsum eum repellendus explicabo unde dolores aperiam enim in.'),('9bcb046c-7ed8-11ea-8f79-8c1645373715','Global Usability Administrator','9bca23a1-7ed8-11ea-8f79-8c1645373715','Quibusdam labore repellendus neque.'),('9bcb052a-7ed8-11ea-8f79-8c1645373715','Legacy Functionality Assistant','9bca3506-7ed8-11ea-8f79-8c1645373715','Dolore mollitia quasi numquam incidunt.'),('9bcb05ec-7ed8-11ea-8f79-8c1645373715','Lead Response Engineer','9bca23a1-7ed8-11ea-8f79-8c1645373715','Voluptatem at sint ipsam et ipsa et voluptas fugit ipsam.'),('9bcb0684-7ed8-11ea-8f79-8c1645373715','Legacy Configuration Officer','9bca3506-7ed8-11ea-8f79-8c1645373715','Eos nemo nostrum omnis aut quos eum.'),('9bcb07e4-7ed8-11ea-8f79-8c1645373715','Future Configuration Facilitator','9bca23a1-7ed8-11ea-8f79-8c1645373715','Molestiae maxime omnis vel harum architecto et libero eaque.'),('9bcb0929-7ed8-11ea-8f79-8c1645373715','Customer Usability Executive','9bca23a1-7ed8-11ea-8f79-8c1645373715','Tenetur omnis ipsam qui.'),('9bcb09ee-7ed8-11ea-8f79-8c1645373715','Internal Identity Supervisor','9bca3506-7ed8-11ea-8f79-8c1645373715','Rerum ut explicabo necessitatibus dicta accusamus sit.');
/*!40000 ALTER TABLE `roles` ENABLE KEYS */;
UNLOCK TABLES;

--
-- Table structure for table `users`
--

DROP TABLE IF EXISTS `users`;
/*!40101 SET @saved_cs_client     = @@character_set_client */;
/*!50503 SET character_set_client = utf8mb4 */;
CREATE TABLE `users` (
  `id` char(36) NOT NULL,
  `email` varchar(320) NOT NULL,
  `password` binary(64) NOT NULL,
  `salt` binary(128) NOT NULL,
  `customerId` varchar(30) DEFAULT NULL,
  `userType` enum('employer','employee') DEFAULT NULL,
  `active` tinyint(1) NOT NULL DEFAULT '0',
  `subscriptionId` varchar(30) DEFAULT NULL,
  `resetCode` char(6) NOT NULL DEFAULT '000000',
  PRIMARY KEY (`id`)
) ENGINE=InnoDB DEFAULT CHARSET=utf8mb4 COLLATE=utf8mb4_0900_ai_ci;
/*!40101 SET character_set_client = @saved_cs_client */;

--
-- Dumping data for table `users`
--

LOCK TABLES `users` WRITE;
/*!40000 ALTER TABLE `users` DISABLE KEYS */;
INSERT INTO `users` VALUES ('9bc8e4e2-7ed8-11ea-8f79-8c1645373715','Rae_Reynolds37@yahoo.com',_binary '\\\Bq\1fiJ\FAFHG \/KzMKTK?ǹ]\\~z+\$uR\Ҹ',_binary '\\n;\\p*IE\sx{\\~瓋zď\z׫(vAU\Z)B:\Atގp\I3[\ccS\\vzsa<I\#B\\\\g\\6[\\\m\\'H\i8\',NULL,'employer',1,NULL,'6fzmya'),('9bc906cc-7ed8-11ea-8f79-8c1645373715','Idell.Rogahn@yahoo.com',_binary 'f\\"$\\l\\\M\r\B6\{\*Cyd?O\3\D\L\<^OOE^\X\\\Ke',_binary 'N\ފ\\ƞ~٥\V(\9V\\/Lq\\0yئFy%\\\</(\\R_nR!0[\v{eq0z\?\D\X\IŜ\^\#\\\y,\r\#2\%i\ra\4*з#57^',NULL,'employer',1,NULL,'pgzsfd'),('9bc9081b-7ed8-11ea-8f79-8c1645373715','Aurelie.Stoltenberg25@yahoo.com',_binary ',\\پ5B\\Z*gHP)q%0z\rS9m)B$║R8wZKh\\㿆?\x 7\\G1',_binary '*9AH\\M#\\34\ش\\atYv}\09ӘE\0\j\\\\L\\jrlahV!~\Xz\i٧\\npSn%\T&\0:=!\I\\'Z\\3$$\Mot\2Q\\\<?\X.',NULL,'employer',1,NULL,'qjdbo2'),('9bc908c0-7ed8-11ea-8f79-8c1645373715','Lucie.Larkin37@yahoo.com',_binary 'dnWW\n1?wn\ҧ\E`9\; H\CK7JX3d5499~\\',_binary '>\gA\\\:sM\*/\wz\^\z\>n\ɫ\[WbP߸\\Qo\'w\&\,(u׆jA6&߻ę\<\r\ckFt\j\KNثr	\\',NULL,'employer',1,NULL,'k2k3yp'),('9bc90951-7ed8-11ea-8f79-8c1645373715','Angeline_Kshlerin@hotmail.com',_binary 'rL\p5ׄm\3K\umeZzpN\7c\T\eS4q޹\=\Xץ',_binary ' \@\\{\\\\{\0bũ\q\g?\X>@u\Y\HT\2ۣd\n{8}H-\\u\mju\\|_\K;\'O\rIDnWY+qB8\Ѵ:\s\W\哸',NULL,'employer',1,NULL,'fn4e17'),('9bc909bb-7ed8-11ea-8f79-8c1645373715','Jaydon14@yahoo.com',_binary '\>+<fǇ\*SO|\\\0ENӚ,\\j\5L\\\0 H\Q8\T[\´u=',_binary '3EI6\ވDu:q[\5\\\\&ua$\\j\'\\\\y\\޼\\\?\XQd3 yP\\'ߖ\K\\\U\\*@\H\|M\L.E#\\\`\\\۞:\n.H',NULL,'employee',1,NULL,'x8g9re'),('9bc90a44-7ed8-11ea-8f79-8c1645373715','Shany.Schiller@yahoo.com',_binary '\δsh\0ĈsQ\\\$\Ȃ\\%2ɗ!PR\-\hR\:&',_binary 'dP\p7ܔ\vANÒ\O 1y\/AV\8Ċ+7*)_\=\0%rVS}1\^X\7]\eJֶ\*n\fe\9,\\☜Nb\̽\fq2\0\֮\n',NULL,'employee',1,NULL,'w32qt8'),('9bc90b0d-7ed8-11ea-8f79-8c1645373715','Zakary32@gmail.com',_binary '\|x\r{\3l*~\c\\Ie\B\H\$\ҵ\\0\V\0/+)f\8t/\\7',_binary '\ѡ\\:EPL3.{j*Iy\O)گh3R|j\*\#+M\\U#<:7\0wSNq2J\\0\\\0I\\b׎Z-Ӗnt\\*[c5',NULL,'employee',1,NULL,'e5e217'),('9bc90ba1-7ed8-11ea-8f79-8c1645373715','Reginald.Schimmel@yahoo.com',_binary '+\\\@\t\.\"uUΜs\{<hboFX\>^\\H|\-g1lA',_binary 'v4D&Su\Tz\#\1Q]\wCU6\\gt\PtGX\\Y+j\#\*\`|?	;\3\\N=\\\Yvoq_+\fh[>\\y7\U\"\\\L6x\"\',NULL,'employee',1,NULL,'ozzd89'),('9bc90c0b-7ed8-11ea-8f79-8c1645373715','Anastasia.Leuschke6@yahoo.com',_binary 'S\\Z&c^@\)\\㝖{\\\Ȼ\Ao\I{0\nֆ.=PP/\`\&~h\\',_binary 'u\L\0\Z=IL\\ k\dgԱq\D5\7b:(IR=\ɂ){\\'ƭ(jF\,\.\\\I\\+*7Z\\1\[W\\\\\_\rl\\rh2\',NULL,'employee',1,NULL,'0dkyie'),('9bc90c91-7ed8-11ea-8f79-8c1645373715','Gregory_Waters23@yahoo.com',_binary 'Sa(\\la+,\7\=xkD\v&MWq1y\\wOV\5\\\\!+:',_binary '8\B\\y\\RWMstj\\}\\Cu\ަ|!~9P7jykˉP\\2H\\bk\\\l}\'\'zx\\r*62\\1\\	⬠РFTK',NULL,'employee',1,NULL,'749b99'),('9bc90d2c-7ed8-11ea-8f79-8c1645373715','Candace_Crist44@hotmail.com',_binary 'UEO(\A	XM\z\\\Z$z2a}\\h(\ݪ\\\\O\\\3\"GFLb\\',_binary '_4k0~kHy\~Cz\*\ {2;\\\w/%\?{#\\)AL\\nUbt\\n۸4|L2\\\和o\Dz\_rvb\{\\\/\b\b\J\ݽ\	ڎ6\0M',NULL,'employee',1,NULL,'d7qemt'),('9bc90dd9-7ed8-11ea-8f79-8c1645373715','Steve.Kemmer@yahoo.com',_binary '\c\\\0&\\\0\GCZߋ9\*\x\-0m\2\%[	ِ7LsBe;\;SX\I',_binary '%E`\'>4Tg@j\ڢ7\\w|X\! \'\9$\\\\Q\?F?j\x\\ks8\mȓg\\K \/s\d3g\|;}\cK\o\w\mn\K{5I',NULL,'employee',1,NULL,'7y5hmu'),('9bc90e46-7ed8-11ea-8f79-8c1645373715','Icie_Jacobson@hotmail.com',_binary '[x\Y\\ \\Qww\"I\_\\R90~#(S\\r*j\\c1LTF\b%\~',_binary 'a\z+\\ᙇ}\\\\q13\\%~\\u`D3U\p\^e`\|\g;\\C\nMqȁȕ(\\V3\\Jwm.%A\\q\R\8fr)%XRQ9J\>fN\',NULL,'employee',1,NULL,'ad0yjf'),('9bc90ec5-7ed8-11ea-8f79-8c1645373715','Hailey.Barton@yahoo.com',_binary 'se#S\\\\\<)\\V=wOh6\\X8h{톋\`6[\L\	Jc\\F\n|D\',_binary '\B\	颇Te\5d֒\nD\XR1PR@R\0\\n!c\,r++o\7\"\j\\cK=Y	\v`0\>\ml& 2\d¢*\o\Ӱe\~i\\\<l^ErO\0Z3J',NULL,'employee',1,NULL,'953tk3'),('9bc90f48-7ed8-11ea-8f79-8c1645373715','Fredrick_Dickinson17@hotmail.com',_binary '\]\D\\n\x\\t\ϩ@.\rM\ \\\m dk\N\/2\cq$IH\䍯\\j\',_binary 'kW\\mȽM:,/t\\d}C]Wj\\Z\\\\ \{\u\\\aҗ	ъ\\`8\\񯶗.lǎy\5\ZcCw0w\\C\"\rjl\0su',NULL,'employee',1,NULL,'haldcm'),('9bc90fd5-7ed8-11ea-8f79-8c1645373715','Antonietta_Raynor@gmail.com',_binary 'UW\w\0\\*8\lۖ7!;5B90<-XE\0W#/P\\rqļޚJ\׶{y',_binary '-\ŧ\фVOB\S64\!nQa\\\-\\\~Ǻ)([~E:=g1Y\\~\\U\\*\\=\E-iN\8r\\p0\Xi)p˷Q)UYe\ۼO\9',NULL,'employee',1,NULL,'2fsr98'),('9bc9103b-7ed8-11ea-8f79-8c1645373715','Mohammad_Douglas14@yahoo.com',_binary 'r\~L4\Pۡ\\h\2\K%\\Båi\\nf\\։\vEL\r\)*\',_binary '-<u\_9nLc\\ZXà\w+\\`q\\r\nvf9 ]\\K3\\2\l!\K 4z$\V\9̻\\OHt[)Ӭ\V7\KV\\\9mj\n13\\\IF\',NULL,'employee',1,NULL,'sb17yu'),('9bc910be-7ed8-11ea-8f79-8c1645373715','Destany.Gaylord@yahoo.com',_binary '\eB\G࿳\\\\\J!GX\\Z_\r0|LZÓ݆\\#\E+',_binary '9$Gǟ}e\\*`\\\ZL\\˸;vZ2ucr\\<\Z\\\zjl\\:R<ɬZ\\W\lR\\\iv\zc\\QxN4h;t9Ak썙C',NULL,'employee',1,NULL,'8a37j5'),('9bc91147-7ed8-11ea-8f79-8c1645373715','Florian_Stroman@gmail.com',_binary 'UOY6z㝖LR3pmq\wxM_`X\\t7/J\\\@\ \\\b\ie\',_binary '\mo\6Nh\\\zw\ ] yd`~e\r\a\0\F`\\\/l\|-\IQF\64}\5\\_}\\N\\4.Sf,\\:\\t\䮑@g#xit\Ȁ',NULL,'employee',1,NULL,'38ja8j'),('9bc911c3-7ed8-11ea-8f79-8c1645373715','Austen.Feeney18@gmail.com',_binary 'xRن\[V\q\V8f\6/΋ R$է\Z\Ύi:	smף\j1\SI1r\C',_binary '¶\ɽ\\\lY2H8\=MƢ	G}\\\\\hrS\kH\k\b˼P\z}9\\\\q\\\.	nfCD\/$#j\J\	\D\\1I! #p',NULL,'employee',1,NULL,'3co7v7'),('9bc91225-7ed8-11ea-8f79-8c1645373715','Ernest_Goldner@gmail.com',_binary '\?W	O>i$\tz>\?\\V\nϙ5g\\̺\a\"w<s-g\\R\\\u8ؐC\O',_binary 'u\OY0w1\\\ă	\\3e\b\ ɰ@c\/Kw7u]#nh++gy?\\0\S/\+\ºL=e&d\ɠ4R\T`R?*\\\N(\cyR\-\h\<Z*H\nɺJŋI',NULL,'employee',1,NULL,'tgxnu6'),('9bc912b9-7ed8-11ea-8f79-8c1645373715','Millie_Quigley85@yahoo.com',_binary '\xc!M40\:\\"\'|p6NR\Ҿ[M>\\[y\P\\\\k\*aq\\T\\`6',_binary '\8(Z\"Qd8\\%\c*l\0(@`Z>n\b\\FBlR^\t\\2`V-mΝ\\[1\_@~\>KAv\\Gm`c\\r5;>\\\\\j\32f$(\XNE*\F',NULL,'employee',1,NULL,'7cdzm8'),('9bc91346-7ed8-11ea-8f79-8c1645373715','Theresia62@gmail.com',_binary 'g\tF&\<8\Fd<Dqu\\W6qN\"J$~㞵X\kvAM\:\XS\y,-7)p',_binary 'wGːs\\n\8\=7qoL<ڌe:\4\o+ZK{K@dӳ*\g\\Ėo\\\\ƒ\x\m\ϟbu|Y\^\Ѫ\"\\\#\<\DE\	\3##wL\u%a\+z\~g\\.`s',NULL,'employee',1,NULL,'olfgbn'),('9bc913c9-7ed8-11ea-8f79-8c1645373715','Elvie74@yahoo.com',_binary 'r\ZW͋kjyG\ΩcS_	\|p\8%\T\b\\r\j{\Z\so\\\)(\Mӎp	0\',_binary '\\.2\ĩE\2*\[\O&)!\'\\'o\\]k\*\\MQ68<\Zu\Z\n\T\E\\\nQ\0t\\/;x2Ȉԥp\;>&2%NQ\ !\\\ ',NULL,'employee',1,NULL,'q1c86g'),('9bc91428-7ed8-11ea-8f79-8c1645373715','Noemi_Reichert72@hotmail.com',_binary '*5?7n8qr\\;5θ\\'\\\\0\=\"!}nt8\0\%t\\\\',_binary '\Ό&Lh\룀;bR_\\{pm\1Rv\GAK\s\h$E%d|A\*P\JSu\\<\k \z>KZSa}dfpХϫ\\\~9VDW[0o\\ףԪ\C$``@',NULL,'employee',1,NULL,'93qtl0'),('9bc914a0-7ed8-11ea-8f79-8c1645373715','Lia20@gmail.com',_binary '\}\V#\\~Zkթ\+o֛xɉ\\\F\\L\\=[P\M/\0\>KlGy\+B\l\\',_binary '\\e/\ <e\\xO\\7\f5\v*\6LF(\Z\׌[-yo\\5s֋\_\'_\$\\K\K<\^p\&<3\\;\y{^5&sL~\\~\I$s\',NULL,'employee',1,NULL,'xu46zt'),('9bc91522-7ed8-11ea-8f79-8c1645373715','Katarina_Blanda@yahoo.com',_binary 'ג\X\\ǕȆ\omUQx`\y0\\\iTnA\y Me^XWn',_binary '+ H\\\\\6͕\wx&#`K\5\)t\N\F fTԓ\,\\\gFˌT9\-\,\*4[]R\\uYW98v+\01',NULL,'employee',1,NULL,'lw0rjt'),('9bc915a1-7ed8-11ea-8f79-8c1645373715','Madelynn_Hahn@yahoo.com',_binary '\sS\0)\W;]ש^\\^[\\dk,1\su\ETnW\\T',_binary '\Qrb\t\$܈*\v4\E\\JxUMtr\BE,\|\R1+4\DϊHE,k\\53Fתy\\\?1[\mm2+Sԉ\RT\\@K\!L|\,\',NULL,'employee',1,NULL,'np8c6o'),('9bc91601-7ed8-11ea-8f79-8c1645373715','Jessika_McCullough@hotmail.com',_binary '\\\\h\w\\|\1\ܛ\i\nH/\|\n\rRUm^w\rGN0)\y\\A$',_binary '\\$\?H`\o`S8UA#\\\n\g?.\2\[݁\#HS\A\\\n\J+\~H\$\Ԗ\*\Z\0uFoW\cpx\\W1\5\Ydʁf\\_\O\@j',NULL,'employee',1,NULL,'ukojfm'),('9bc9173a-7ed8-11ea-8f79-8c1645373715','Jovanny_Gibson@yahoo.com',_binary '\*\ثTٺgѷ(\Zn .\D;P\Y>E\ԟΡBl\\ӆ&!7\NvB\',_binary '`jV\Z\A\\c`h\\\\\et7\'U\\\\\.Ǡ\ڥ\0郥\\\W\\\\\\;\q\jkxX,)MsAhѩ2Rpo#sg\\\۽\\r1/C\kR-',NULL,'employee',1,NULL,'8gy50k'),('9bc917ee-7ed8-11ea-8f79-8c1645373715','Chelsie10@yahoo.com',_binary '09\\ҭ\e\xNN\\n)\f\~|\|\\\'o\GUv\!a\\C-\r\rJ%',_binary '\u\5\\r<\0H\\"R`epmۓ\r)^86P\ɟ,l\ Ā\VVuV/6=\C笠\SΚ\*;T:=rFn#){\.\\\\\\)H0P\W\!\\\[\^\<.',NULL,'employee',1,NULL,'wkgkcm'),('9bc918fa-7ed8-11ea-8f79-8c1645373715','Dameon_Schroeder18@hotmail.com',_binary 'o@k\M\u\9eNQʺ䧷GE:-l~\*=~cG\\Q\rG~\\n(o݊',_binary '\	]5\pe\:0ak<1 \\A5\mgBw6\E`P\\6rT\\A5\\Z25~{\\ V\@b\\'nK*\\;Lmhe\\\f$\n|7GU\l\rF\',NULL,'employee',1,NULL,'nyr18n'),('9bc91995-7ed8-11ea-8f79-8c1645373715','Alec85@hotmail.com',_binary '\\\OP\躌1\ƢňvP\r\^F\\a\oW\\_ߐ2Ѵ\Yms\',_binary ')\-z|\\\}`.\!g[KT__Jӊ~f;2\$\/;\ۥ\R\O\}Ȧs[Ya#\Ş\2N\yF\D_3(RQk~|i]\\{3\7ⷙT\\\wg>',NULL,'employee',1,NULL,'cz3ewk'),('9bc91a2d-7ed8-11ea-8f79-8c1645373715','Osbaldo47@yahoo.com',_binary 'Kk\t\9\u\@dӇ\Z\k|Y-\n\\v)uQ@\'V\\[\*cSE=E\.ѷ\\',_binary 'mFy\dcma\w8_uf@}N\wGtU%]{j\Jʼ\\\#\^S_\\7R\0\@ 9#-9*\\Pf\ d\]~kN \n\s퀍-\9\'X',NULL,'employee',1,NULL,'n3xoq6'),('9bc91a8c-7ed8-11ea-8f79-8c1645373715','Citlalli20@yahoo.com',_binary 'lz<\X\\\|h]WG=;Vmb9\ʽ0a\kpR`ܼ\۲\\\Z\\F-\R',_binary '\<\>]sf\\\k\6rK0\\\n\X?\Z<D|J:Nj\V\U\>7OgÚ1\8\,k\\\\\ӃV_\O55j{v;Bx\А?u\`JYMK\+-\zα',NULL,'employee',1,NULL,'4mfyob'),('9bc91bec-7ed8-11ea-8f79-8c1645373715','Maxine_Miller43@gmail.com',_binary '(/0_\L*t\\}\{reWdr\0h\\\ڎ>1HMՐ[K\VAX+-\\w\'ߔ\\p',_binary 'tΜX\ő\q\fL1KG^#7\i-Ɠ(%\g:b\!fnYO\i\{\'|\t^$h\#о5h9G\a9Vgl^`߿\5\n{C\\\G9˄\',NULL,'employee',1,NULL,'2zt0qy'),('9bc91c6f-7ed8-11ea-8f79-8c1645373715','Theo88@yahoo.com',_binary '@PRJ40\\Ag\iMnJI\8\\,x\]q \uOg\\\D$3\',_binary '\ND\\\\<	c\2\1$\Mq?\\\RV2t.\0W?K\\5\\X!γ\	\+DU\=P1W)4l\\#\uL!x\H,P5Y\\|\ί\أ\q\j;\\\\',NULL,'employee',1,NULL,'f98dyv'),('9bc91cf1-7ed8-11ea-8f79-8c1645373715','Isom.Veum25@yahoo.com',_binary '9c/C\@.x\\UWו\@^\#qk\0A Z\,C\\6ɯ\i\n\枒\',_binary '\q\\Ơ_T.y	gH\')oo\mtL\*V\â\م\WD@{:^L*\\ZBIR!\\\Z\"\~Iñv\q3ʣ\0\\r79(P\db\\\5\r__so~\_U',NULL,'employee',1,NULL,'96tf8j'),('9bc91d58-7ed8-11ea-8f79-8c1645373715','Khalid21@gmail.com',_binary 'zAS\لh\x{s\\nr\PX\\yh.	\9-lCE\/g\lA_R19\/GY',_binary '3\\73\$y\|;~,\\w,T\v\\nDev\幈DjoTo\\\\\UynRk\ȜyULkW\r\c\z\Gu\	].5\\\"\\9s\e\*\',NULL,'employee',1,NULL,'8hywth'),('9bc91dd6-7ed8-11ea-8f79-8c1645373715','Rosemarie_Leannon@gmail.com',_binary '\EPo\Σ\\>\R\}l#I4\|\n1\щ|\"73Ew )	\*/f4B2C',_binary ' \'7[s*_\\\Z\\\,d\P6\qNyNUGXJx\\M\\C1{.\iZ\\-f;[w\g\m.ܼ\\f=ȡO.t1J\01+p]~D\\\\\\\4=k\r,?3\j$~`',NULL,'employee',1,NULL,'sjn2fm'),('9bc91e59-7ed8-11ea-8f79-8c1645373715','Oswaldo_Beatty@gmail.com',_binary '>ζh)w=\V(y@p)-	\r\\\\5c?(ilb\\2~\\{\S6@\ \<\i\',_binary 'I?s\׺\Ctg\\\\\nǑ\\\鶾\^}\ш ӊzr\(̺>b\\s\&~FZ\\$nbbXޖ?R%uBo̩\}{`7ܗpG\m=ԧ3<\X6GQJ<',NULL,'employee',1,NULL,'yjf5xk'),('9bc91ebf-7ed8-11ea-8f79-8c1645373715','Lucius46@gmail.com',_binary '.\\\\p\\Z\/\\<\\'V\WC\O{ļ\\\\*\^\)\5@\',_binary '\&fL\zmXQ\\J\V\N\\\\0,D\\\&\=WUCo}r̡AΏ\MR\v~\\\j`\Cj5KG\\\uN\w\q.=\\&\<',NULL,'employee',1,NULL,'j6h6lb'),('9bc91fd9-7ed8-11ea-8f79-8c1645373715','Jakayla20@hotmail.com',_binary ';\XB[l]&K\~0O\[\'G>T|܅\cܛCR=6MB$$\_\"j%Hc',_binary '\{\\|+@.a$m\9\;\\\\\֮ݞJҚ\\Q\C!(\\0%\U;\.\#\r&?\.jܮ\l w K))XZ\h\ah\bl\+_q\.3^f\qr;',NULL,'employee',1,NULL,'41a1ty'),('9bc92058-7ed8-11ea-8f79-8c1645373715','Clementina.Crist@hotmail.com',_binary '+;\\1*Wsj\*\4*\ɬ4\R{\N46cϸÇ\n\\\1\\\\',_binary '\\?Ad5\\Y.\=(j2\\RB9Y*nyc\0m7\'\r\\Z*]ak;3-x`\C7\8\\p\r*\ٺh\j\]f\\ ]\a\휑jR>\\J\}\\n',NULL,'employee',1,NULL,'k4ik10'),('9bc920d4-7ed8-11ea-8f79-8c1645373715','Vickie.Cormier63@gmail.com',_binary '\΢$\ӄ0S\\\\ūٰ>>F3M\>h\\\I<\[\nȷpz\0kzu',_binary '`+6-\Yo;K0]w\\\\rY\"j\El\℩y+a/\&Unoo\9D\@%jJuh-D>!\\0:ʯ\\\NEQTaZeL\\	d \¶6m\\\-%',NULL,'employee',1,NULL,'uvuxy6'),('9bc921f1-7ed8-11ea-8f79-8c1645373715','Carolanne28@hotmail.com',_binary 'L\0\0\\\0a\\\Z\$oOS\P\\nǫ/⣗h\\+9\}\\r](͍(\Tdyځ',_binary '7\'A=\\E	\ZZ\Z\Z\pWΈ\Z\q\>Iu\>-߽䪋s\\\<(X\\dG\<\|\=\?G\9	\5\	}\\T_\r˳`ɯ\\nb\\ӻg',NULL,'employee',1,NULL,'cij3oc'),('9bc92277-7ed8-11ea-8f79-8c1645373715','Clarabelle_Swaniawski16@gmail.com',_binary 'Z\"c%#\#\'՛\\\\\nX\i]5#n\LW{\6\O>FllL\\\BgIL$\',_binary 'ɺG$ZMe{\"\alI\0N-L^#Tdr4g\6\[f[jQ%_	ZH\[\0Zy砑F\\P(/\N9\@EIG\g\\"(f\\\t2l\]l3YR\\٭.\\Z:\L\^\\Z',NULL,'employee',1,NULL,'f52gx8'),('9bc922fa-7ed8-11ea-8f79-8c1645373715','Devan.White75@gmail.com',_binary '\ZE6\'\V\\Nuw1v\\\\	\yN,\@S\\$tZ^C61mh \r\nV;\',_binary 'fM`+\ay\5\'!߯\0Ubr\*\1\'4q\00cǖo*g\\\qu	J\\"K%Ρr>64\VY\\gb\\6PdTX-rr\?0]l\"!6\\٨jxFy+\X\k\Qk\',NULL,'employee',1,NULL,'suelv7'),('9bc92406-7ed8-11ea-8f79-8c1645373715','Ed_Hammes65@yahoo.com',_binary 'F9[FVN\\H}^{S\ %KR$1wn\'ӆv\.\K{\wܩ\',_binary 'X]\V P\9\\"\\\\w?\B\\:5\\kX\\,X\}._{xgZ\ܮo\W\f\\!3ǝS2s~\ï\\|>j.aĆ!5#\\\ީӄ,\(]\',NULL,'employee',1,NULL,'emgqi7');
/*!40000 ALTER TABLE `users` ENABLE KEYS */;
UNLOCK TABLES;
/*!40103 SET TIME_ZONE=@OLD_TIME_ZONE */;

/*!40101 SET SQL_MODE=@OLD_SQL_MODE */;
/*!40014 SET FOREIGN_KEY_CHECKS=@OLD_FOREIGN_KEY_CHECKS */;
/*!40014 SET UNIQUE_CHECKS=@OLD_UNIQUE_CHECKS */;
/*!40101 SET CHARACTER_SET_CLIENT=@OLD_CHARACTER_SET_CLIENT */;
/*!40101 SET CHARACTER_SET_RESULTS=@OLD_CHARACTER_SET_RESULTS */;
/*!40101 SET COLLATION_CONNECTION=@OLD_COLLATION_CONNECTION */;
/*!40111 SET SQL_NOTES=@OLD_SQL_NOTES */;

-- Dump completed on 2020-04-15 12:19:21
