-- MySQL dump 10.13  Distrib 8.0.19, for Win64 (x86_64)
--
-- Host: localhost    Database: recruiter
-- ------------------------------------------------------
-- Server version	8.0.19

/*!40101 SET @OLD_CHARACTER_SET_CLIENT=@@CHARACTER_SET_CLIENT */;
/*!40101 SET @OLD_CHARACTER_SET_RESULTS=@@CHARACTER_SET_RESULTS */;
/*!40101 SET @OLD_COLLATION_CONNECTION=@@COLLATION_CONNECTION */;
/*!50503 SET NAMES utf8mb4 */;
/*!40103 SET @OLD_TIME_ZONE=@@TIME_ZONE */;
/*!40103 SET TIME_ZONE='+00:00' */;
/*!40014 SET @OLD_UNIQUE_CHECKS=@@UNIQUE_CHECKS, UNIQUE_CHECKS=0 */;
/*!40014 SET @OLD_FOREIGN_KEY_CHECKS=@@FOREIGN_KEY_CHECKS, FOREIGN_KEY_CHECKS=0 */;
/*!40101 SET @OLD_SQL_MODE=@@SQL_MODE, SQL_MODE='NO_AUTO_VALUE_ON_ZERO' */;
/*!40111 SET @OLD_SQL_NOTES=@@SQL_NOTES, SQL_NOTES=0 */;

--
-- Table structure for table `employees`
--

DROP TABLE IF EXISTS `employees`;
/*!40101 SET @saved_cs_client     = @@character_set_client */;
/*!50503 SET character_set_client = utf8mb4 */;
CREATE TABLE `employees` (
  `id` char(36) NOT NULL,
  `firstName` varchar(100) NOT NULL,
  `lastName` varchar(100) NOT NULL,
  `phoneNumber` varchar(30) NOT NULL,
  `birthday` date NOT NULL,
  `availableFrom` date NOT NULL,
  `availableTo` date DEFAULT NULL,
  `payRateFrom` float NOT NULL,
  `payRateTo` float DEFAULT NULL,
  `maximumCommute` int DEFAULT NULL,
  `location` char(36) DEFAULT NULL,
  `ignoreDistance` tinyint(1) NOT NULL DEFAULT '0',
  `bio` varchar(200) DEFAULT NULL,
  `pushNotification` tinyint(1) NOT NULL DEFAULT '1',
  PRIMARY KEY (`id`),
  KEY `location` (`location`),
  CONSTRAINT `employees_ibfk_1` FOREIGN KEY (`id`) REFERENCES `users` (`id`),
  CONSTRAINT `employees_ibfk_2` FOREIGN KEY (`location`) REFERENCES `locations` (`id`)
) ENGINE=InnoDB DEFAULT CHARSET=utf8mb4 COLLATE=utf8mb4_0900_ai_ci;
/*!40101 SET character_set_client = @saved_cs_client */;

--
-- Dumping data for table `employees`
--

LOCK TABLES `employees` WRITE;
/*!40000 ALTER TABLE `employees` DISABLE KEYS */;
INSERT INTO `employees` VALUES ('3e45383d-8917-11ea-9959-8c1645373715','Leora','Lemke','1-594-026-1785 x6488','1981-05-19','2020-08-05',NULL,10,25,93702,'3e47eda8-8917-11ea-9959-8c1645373715',0,'Laborum in perspiciatis reprehenderit et sequi.',1),('3e4538aa-8917-11ea-9959-8c1645373715','Graciela','Klein','320.378.3461','1986-12-02','2020-05-28',NULL,15,25,28191,'3e47f155-8917-11ea-9959-8c1645373715',1,'Et reiciendis libero porro voluptates aut magni omnis.',1),('3e453914-8917-11ea-9959-8c1645373715','Nikita','Crooks','1-812-187-6122 x2951','1992-04-04','2020-08-03','2022-01-03',8.72,NULL,86775,'3e47f1e6-8917-11ea-9959-8c1645373715',1,'Eligendi cupiditate voluptatem aut.',1),('3e453990-8917-11ea-9959-8c1645373715','Felipe','Volkman','240.261.6989 x197','1998-11-11','2020-12-17','2022-04-06',8.72,NULL,27508,'3e48079b-8917-11ea-9959-8c1645373715',1,'Voluptas tenetur odio id ab aut sed unde velit.',1),('3e453a08-8917-11ea-9959-8c1645373715','Larue','Stehr','1-858-341-1935 x774','1980-03-31','2020-05-29',NULL,8.72,30,10684,'3e47f3d4-8917-11ea-9959-8c1645373715',0,'Sequi hic perspiciatis eius omnis facilis vel quia qui ea.',1),('3e453a72-8917-11ea-9959-8c1645373715','Joseph','King','1-783-129-8817 x0072','1998-10-07','2020-12-20',NULL,8.72,25,20720,'3e4802b7-8917-11ea-9959-8c1645373715',0,'Dignissimos quam magni repellendus molestiae quas numquam laboriosam quo.',1),('3e453adb-8917-11ea-9959-8c1645373715','Hal','Harber','504.836.4052 x639','1993-02-27','2020-09-03',NULL,10,30,83628,'3e47f1a0-8917-11ea-9959-8c1645373715',0,'Et voluptates est velit quis veritatis.',1),('3e453b65-8917-11ea-9959-8c1645373715','Kayla','Hills','146-761-3157 x9672','1981-05-25','2020-10-18',NULL,15,NULL,85515,'3e47ee3c-8917-11ea-9959-8c1645373715',0,'Et est quia sit voluptatem.',1),('3e453bcf-8917-11ea-9959-8c1645373715','Leda','Dicki','(437) 158-8074 x307','1998-04-29','2020-05-12','2022-12-27',15,20,3204,'3e47ed5a-8917-11ea-9959-8c1645373715',0,'Soluta et enim rem.',1),('3e453c43-8917-11ea-9959-8c1645373715','Garett','Thiel','1-894-125-8383','1990-06-14','2020-07-25','2022-07-31',15,20,6581,'3e480688-8917-11ea-9959-8c1645373715',1,'Vitae et asperiores quia molestias rerum deleniti sed assumenda.',1),('3e453cb7-8917-11ea-9959-8c1645373715','Ivy','Miller','513.901.9371 x84553','1993-05-17','2020-05-24',NULL,15,20,56291,'3e48094d-8917-11ea-9959-8c1645373715',0,'Consequuntur nostrum ut minima perferendis nulla.',1),('3e453d36-8917-11ea-9959-8c1645373715','Bonnie','Pouros','1-853-319-9703 x5590','1988-04-13','2020-09-18',NULL,8.72,20,9755,'3e48052b-8917-11ea-9959-8c1645373715',0,'Dolor et delectus consequatur est tenetur quos velit quia amet.',1),('3e453d9d-8917-11ea-9959-8c1645373715','Toby','Turner','(775) 596-4818 x0166','1995-01-01','2020-11-24',NULL,15,NULL,98195,'3e47eff5-8917-11ea-9959-8c1645373715',0,'Illum aut explicabo.',1),('3e453e0e-8917-11ea-9959-8c1645373715','Issac','Reinger','1-111-914-9504 x1408','1985-08-20','2020-12-15',NULL,15,25,66033,'3e480571-8917-11ea-9959-8c1645373715',0,'Dolore tempore esse saepe dignissimos harum quia odio ut ducimus.',1),('3e453e8c-8917-11ea-9959-8c1645373715','Alanna','Stark','(142) 050-9848 x0045','1992-05-26','2020-07-30',NULL,15,30,26538,'3e480832-8917-11ea-9959-8c1645373715',0,'Sunt suscipit asperiores quisquam.',1),('3e453f04-8917-11ea-9959-8c1645373715','Margret','Bosco','092.358.3130 x51521','1997-02-14','2020-05-18','2022-10-21',10,25,59198,'3e4801e0-8917-11ea-9959-8c1645373715',0,'Aut et molestiae et eum temporibus mollitia consequatur praesentium accusantium.',1),('3e453f67-8917-11ea-9959-8c1645373715','Corene','Muller','1-341-442-1092 x757','1986-12-05','2020-05-26',NULL,15,NULL,60573,'3e47ed5a-8917-11ea-9959-8c1645373715',0,'Incidunt sapiente ea placeat quas eos consequuntur voluptatem sed.',1),('3e453fd8-8917-11ea-9959-8c1645373715','Braeden','Gleichner','1-312-492-0152','1988-07-18','2020-10-02','2022-02-07',10,NULL,11609,'3e4800b4-8917-11ea-9959-8c1645373715',0,'Est laboriosam velit.',1),('3e454057-8917-11ea-9959-8c1645373715','Rebeka','Turner','1-118-640-9630','1990-05-21','2020-06-09','2022-07-15',10,25,56613,'3e47ed5a-8917-11ea-9959-8c1645373715',0,'Vero voluptatem ipsam et eveniet ut.',1),('3e4540cb-8917-11ea-9959-8c1645373715','Joana','Shields','1-975-115-4376 x229','1993-07-11','2020-12-25','2021-02-06',8.72,30,93790,'3e47edef-8917-11ea-9959-8c1645373715',0,'Ut molestiae quisquam distinctio corrupti vero est quibusdam.',1),('3e454139-8917-11ea-9959-8c1645373715','Eda','Cremin','336-940-2827 x9055','1980-06-29','2020-10-07','2022-11-29',10,NULL,56991,'3e47f94b-8917-11ea-9959-8c1645373715',0,'Eligendi exercitationem cupiditate ut et hic ipsum nihil error odit.',1),('3e4541a9-8917-11ea-9959-8c1645373715','Harley','Borer','(131) 820-2016','1992-02-19','2020-06-14','2022-01-27',15,30,28722,'3e4806ce-8917-11ea-9959-8c1645373715',1,'Distinctio commodi pariatur vitae qui.',1),('3e454210-8917-11ea-9959-8c1645373715','Clare','Predovic','414.495.8052','1994-09-01','2020-11-20','2021-01-19',15,25,53437,'3e47ee8d-8917-11ea-9959-8c1645373715',0,'Consequatur debitis veniam et recusandae quas.',1),('3e454279-8917-11ea-9959-8c1645373715','Aylin','Cole','1-209-734-4901 x11017','1981-10-17','2020-05-27',NULL,10,30,33746,'3e48037d-8917-11ea-9959-8c1645373715',0,'Reprehenderit quo aut vero aliquam eum.',1),('3e4542dc-8917-11ea-9959-8c1645373715','Geovanny','Hilpert','(589) 150-4163','1997-09-02','2020-07-11',NULL,10,20,59999,'3e47f101-8917-11ea-9959-8c1645373715',0,'Repudiandae reiciendis sit.',1),('3e45433b-8917-11ea-9959-8c1645373715','Orland','Pfeffer','(876) 665-2423 x179','1990-06-02','2020-07-02',NULL,10,NULL,82101,'3e480271-8917-11ea-9959-8c1645373715',0,'Laboriosam laudantium enim aut labore laborum sed.',1),('3e4543cf-8917-11ea-9959-8c1645373715','Sierra','Keebler','431.003.9739 x51811','1986-12-25','2020-08-24','2021-12-10',8.72,25,47224,'3e47f07b-8917-11ea-9959-8c1645373715',0,'Aut sit facere.',1),('3e454439-8917-11ea-9959-8c1645373715','Romaine','Bosco','(283) 216-3186','1982-09-30','2020-11-05',NULL,10,NULL,30023,'3e47f155-8917-11ea-9959-8c1645373715',0,'Quas ut unde.',1),('3e45449f-8917-11ea-9959-8c1645373715','Edwardo','Braun','(388) 156-5646','1980-08-27','2020-11-20','2022-03-03',15,NULL,13376,'3e47ecb8-8917-11ea-9959-8c1645373715',1,'Maxime a culpa necessitatibus ex ea quisquam veniam.',1),('3e454510-8917-11ea-9959-8c1645373715','Chase','Brekke','409.324.0392 x2795','1994-02-07','2020-12-21','2022-05-06',10,NULL,52517,'3e480450-8917-11ea-9959-8c1645373715',0,'Dolores nihil molestias recusandae aut veritatis sequi repellendus consequatur autem.',1),('3e454577-8917-11ea-9959-8c1645373715','Shawna','Abshire','401-853-0308 x01275','1984-06-08','2020-11-13',NULL,10,20,67567,'3e47f8f7-8917-11ea-9959-8c1645373715',1,'Ipsam atque dolores eligendi qui adipisci cum possimus.',1),('3e4545d9-8917-11ea-9959-8c1645373715','Elisabeth','Halvorson','(260) 850-1603 x72909','1995-01-07','2020-05-17','2022-09-04',15,25,3741,'3e48052b-8917-11ea-9959-8c1645373715',0,'Et dolores consequuntur in necessitatibus accusantium excepturi.',1),('3e454639-8917-11ea-9959-8c1645373715','Ursula','Rolfson','928-798-3613 x7615','1992-10-01','2020-05-08',NULL,10,30,35340,'3e480758-8917-11ea-9959-8c1645373715',0,'Ut unde ut et animi et.',1),('3e4546a2-8917-11ea-9959-8c1645373715','Garry','Daugherty','(206) 577-9203 x35453','1993-12-06','2020-08-29','2022-10-29',10,20,59547,'3e480758-8917-11ea-9959-8c1645373715',1,'Laboriosam similique et veritatis velit sed.',1),('3e454705-8917-11ea-9959-8c1645373715','Lilyan','Haley','(496) 162-0151','1996-04-20','2020-09-14',NULL,8.72,20,54027,'3e4805f4-8917-11ea-9959-8c1645373715',1,'Voluptas dolores eaque et est enim.',1),('3e454768-8917-11ea-9959-8c1645373715','Gerard','Ratke','022.644.9208 x73854','1996-09-05','2020-12-29','2022-04-09',15,20,67691,'3e480875-8917-11ea-9959-8c1645373715',0,'Fuga enim illum velit pariatur odio quod suscipit ab veniam.',1),('3e4547d2-8917-11ea-9959-8c1645373715','Darwin','Veum','100-631-1392','1996-11-01','2020-10-26','2021-06-20',8.72,NULL,43128,'3e47f2e4-8917-11ea-9959-8c1645373715',0,'Magnam qui atque voluptas omnis asperiores sed officia iure.',1),('3e454838-8917-11ea-9959-8c1645373715','Loyce','Barrows','898-736-2402 x50174','1980-11-23','2020-11-27',NULL,8.72,25,53730,'3e480715-8917-11ea-9959-8c1645373715',0,'Commodi ipsa quo voluptatibus aperiam.',1),('3e45489b-8917-11ea-9959-8c1645373715','Deion','Blick','(087) 802-6435','1995-06-24','2020-07-11','2022-09-22',15,20,26976,'3e47ee3c-8917-11ea-9959-8c1645373715',0,'Enim quos beatae quod tenetur quo architecto qui.',1),('3e4548fd-8917-11ea-9959-8c1645373715','Angie','Mueller','637-312-1423','1989-04-21','2020-10-03',NULL,10,20,8147,'3e47fec7-8917-11ea-9959-8c1645373715',1,'At veritatis ut id architecto.',1),('3e45495c-8917-11ea-9959-8c1645373715','Rocio','Gottlieb','381-523-7037','1997-05-29','2020-12-21','2021-12-06',8.72,25,55747,'3e47f59b-8917-11ea-9959-8c1645373715',0,'Dolorum sit ullam voluptas repellat molestias sed esse.',1),('3e4549bf-8917-11ea-9959-8c1645373715','Elna','Block','265.957.2156','1996-08-18','2020-07-28','2021-11-05',15,20,24660,'3e480641-8917-11ea-9959-8c1645373715',1,'Sit quia beatae voluptas adipisci numquam quae eveniet.',1),('3e454a2d-8917-11ea-9959-8c1645373715','Janice','Champlin','568-529-6181 x737','2000-02-02','2020-05-01',NULL,8.72,NULL,30105,'3e48037d-8917-11ea-9959-8c1645373715',0,'Ut iste incidunt accusamus sunt quam.',1),('3e454aba-8917-11ea-9959-8c1645373715','Sage','Kling','(847) 941-4080','1996-03-11','2020-12-15','2022-02-05',10,20,83764,'3e47f6b5-8917-11ea-9959-8c1645373715',0,'Occaecati ducimus illo consequatur quibusdam tenetur.',1),('3e454b39-8917-11ea-9959-8c1645373715','Maeve','Barrows','(125) 434-4326 x173','1989-08-22','2020-12-15','2021-11-10',10,30,87396,'3e480758-8917-11ea-9959-8c1645373715',1,'Mollitia enim culpa sed rem illum maiores.',1);
/*!40000 ALTER TABLE `employees` ENABLE KEYS */;
UNLOCK TABLES;

--
-- Table structure for table `employers`
--

DROP TABLE IF EXISTS `employers`;
/*!40101 SET @saved_cs_client     = @@character_set_client */;
/*!50503 SET character_set_client = utf8mb4 */;
CREATE TABLE `employers` (
  `id` char(36) NOT NULL,
  `firstName` varchar(100) NOT NULL,
  `lastName` varchar(100) NOT NULL,
  `companyName` varchar(100) NOT NULL,
  `companyNumber` varchar(100) NOT NULL,
  `landline` varchar(30) NOT NULL,
  `mobile` varchar(30) NOT NULL,
  `website` varchar(100) NOT NULL,
  `pushNotification` tinyint(1) NOT NULL DEFAULT '1',
  PRIMARY KEY (`id`),
  CONSTRAINT `employers_ibfk_1` FOREIGN KEY (`id`) REFERENCES `users` (`id`)
) ENGINE=InnoDB DEFAULT CHARSET=utf8mb4 COLLATE=utf8mb4_0900_ai_ci;
/*!40101 SET character_set_client = @saved_cs_client */;

--
-- Dumping data for table `employers`
--

LOCK TABLES `employers` WRITE;
/*!40000 ALTER TABLE `employers` DISABLE KEYS */;
INSERT INTO `employers` VALUES ('3e450eba-8917-11ea-9959-8c1645373715','Alisha','Steuber','Simonis - Champlin','601415','(374) 178-5150','(098) 977-5855 x54498','https://haleigh.com',1),('3e452de1-8917-11ea-9959-8c1645373715','Zane','Schneider','Murray Inc','565371','397-163-2384','367.467.6768','http://lamont.info',0),('3e452ee3-8917-11ea-9959-8c1645373715','Rogelio','Crona','Corkery, Mayer and Rutherford','987563','309.260.7202','1-419-150-6840 x0894','http://elinor.name',0),('3e452f73-8917-11ea-9959-8c1645373715','Geoffrey','Langosh','Hills, Schmitt and Runolfsson','72376','517-520-3693 x71098','1-436-084-6669 x79905','http://eulalia.com',0),('3e4537d0-8917-11ea-9959-8c1645373715','Stefan','Padberg','Boehm and Sons','236422','301.219.8903','174.169.5726 x6916','http://lola.info',0);
/*!40000 ALTER TABLE `employers` ENABLE KEYS */;
UNLOCK TABLES;

--
-- Table structure for table `industries`
--

DROP TABLE IF EXISTS `industries`;
/*!40101 SET @saved_cs_client     = @@character_set_client */;
/*!50503 SET character_set_client = utf8mb4 */;
CREATE TABLE `industries` (
  `id` char(36) NOT NULL,
  `industry` varchar(100) NOT NULL,
  `description` varchar(100) NOT NULL,
  PRIMARY KEY (`id`)
) ENGINE=InnoDB DEFAULT CHARSET=utf8mb4 COLLATE=utf8mb4_0900_ai_ci;
/*!40101 SET character_set_client = @saved_cs_client */;

--
-- Dumping data for table `industries`
--

LOCK TABLES `industries` WRITE;
/*!40000 ALTER TABLE `industries` DISABLE KEYS */;
INSERT INTO `industries` VALUES ('3e465be4-8917-11ea-9959-8c1645373715','Legal Services','Repudiandae iusto optio perferendis.'),('3e466b1d-8917-11ea-9959-8c1645373715','Computer & Network Security','Quidem hic veritatis autem cumque possimus.'),('3e466bbf-8917-11ea-9959-8c1645373715','Shipbuilding','Accusantium perferendis officia aspernatur accusamus maxime odio repudiandae.'),('3e466c17-8917-11ea-9959-8c1645373715','Nonprofit Organization Management','Dolor autem sit iusto ut et aspernatur magnam incidunt.'),('3e466c65-8917-11ea-9959-8c1645373715','Plastics','Nihil harum et saepe doloremque voluptate tempore labore quia quis.');
/*!40000 ALTER TABLE `industries` ENABLE KEYS */;
UNLOCK TABLES;

--
-- Table structure for table `interestedroles`
--

DROP TABLE IF EXISTS `interestedroles`;
/*!40101 SET @saved_cs_client     = @@character_set_client */;
/*!50503 SET character_set_client = utf8mb4 */;
CREATE TABLE `interestedroles` (
  `employee` char(36) NOT NULL,
  `roleId` char(36) NOT NULL,
  PRIMARY KEY (`employee`,`roleId`),
  UNIQUE KEY `employee` (`employee`,`roleId`),
  KEY `roleId` (`roleId`),
  CONSTRAINT `interestedroles_ibfk_1` FOREIGN KEY (`employee`) REFERENCES `employees` (`id`),
  CONSTRAINT `interestedroles_ibfk_2` FOREIGN KEY (`roleId`) REFERENCES `roles` (`id`)
) ENGINE=InnoDB DEFAULT CHARSET=utf8mb4 COLLATE=utf8mb4_0900_ai_ci;
/*!40101 SET character_set_client = @saved_cs_client */;

--
-- Dumping data for table `interestedroles`
--

LOCK TABLES `interestedroles` WRITE;
/*!40000 ALTER TABLE `interestedroles` DISABLE KEYS */;
INSERT INTO `interestedroles` VALUES ('3e45383d-8917-11ea-9959-8c1645373715','3e470ea3-8917-11ea-9959-8c1645373715'),('3e453adb-8917-11ea-9959-8c1645373715','3e470ea3-8917-11ea-9959-8c1645373715'),('3e453cb7-8917-11ea-9959-8c1645373715','3e470ea3-8917-11ea-9959-8c1645373715'),('3e453d36-8917-11ea-9959-8c1645373715','3e470ea3-8917-11ea-9959-8c1645373715'),('3e453d9d-8917-11ea-9959-8c1645373715','3e470ea3-8917-11ea-9959-8c1645373715'),('3e453e0e-8917-11ea-9959-8c1645373715','3e470ea3-8917-11ea-9959-8c1645373715'),('3e454057-8917-11ea-9959-8c1645373715','3e470ea3-8917-11ea-9959-8c1645373715'),('3e45433b-8917-11ea-9959-8c1645373715','3e470ea3-8917-11ea-9959-8c1645373715'),('3e454510-8917-11ea-9959-8c1645373715','3e470ea3-8917-11ea-9959-8c1645373715'),('3e454577-8917-11ea-9959-8c1645373715','3e470ea3-8917-11ea-9959-8c1645373715'),('3e45495c-8917-11ea-9959-8c1645373715','3e470ea3-8917-11ea-9959-8c1645373715'),('3e454a2d-8917-11ea-9959-8c1645373715','3e470ea3-8917-11ea-9959-8c1645373715'),('3e453914-8917-11ea-9959-8c1645373715','3e471a2e-8917-11ea-9959-8c1645373715'),('3e453cb7-8917-11ea-9959-8c1645373715','3e471a2e-8917-11ea-9959-8c1645373715'),('3e453e8c-8917-11ea-9959-8c1645373715','3e471a2e-8917-11ea-9959-8c1645373715'),('3e4540cb-8917-11ea-9959-8c1645373715','3e471a2e-8917-11ea-9959-8c1645373715'),('3e45489b-8917-11ea-9959-8c1645373715','3e471a2e-8917-11ea-9959-8c1645373715'),('3e45383d-8917-11ea-9959-8c1645373715','3e471b2c-8917-11ea-9959-8c1645373715'),('3e453adb-8917-11ea-9959-8c1645373715','3e471b2c-8917-11ea-9959-8c1645373715'),('3e453e8c-8917-11ea-9959-8c1645373715','3e471b2c-8917-11ea-9959-8c1645373715'),('3e45433b-8917-11ea-9959-8c1645373715','3e471b2c-8917-11ea-9959-8c1645373715'),('3e454439-8917-11ea-9959-8c1645373715','3e471b2c-8917-11ea-9959-8c1645373715'),('3e4545d9-8917-11ea-9959-8c1645373715','3e471b2c-8917-11ea-9959-8c1645373715'),('3e454639-8917-11ea-9959-8c1645373715','3e471b2c-8917-11ea-9959-8c1645373715'),('3e4547d2-8917-11ea-9959-8c1645373715','3e471b2c-8917-11ea-9959-8c1645373715'),('3e454aba-8917-11ea-9959-8c1645373715','3e471b2c-8917-11ea-9959-8c1645373715'),('3e453adb-8917-11ea-9959-8c1645373715','3e471bf5-8917-11ea-9959-8c1645373715'),('3e453f04-8917-11ea-9959-8c1645373715','3e471bf5-8917-11ea-9959-8c1645373715'),('3e454279-8917-11ea-9959-8c1645373715','3e471bf5-8917-11ea-9959-8c1645373715'),('3e4542dc-8917-11ea-9959-8c1645373715','3e471bf5-8917-11ea-9959-8c1645373715'),('3e454768-8917-11ea-9959-8c1645373715','3e471bf5-8917-11ea-9959-8c1645373715'),('3e45489b-8917-11ea-9959-8c1645373715','3e471bf5-8917-11ea-9959-8c1645373715'),('3e454aba-8917-11ea-9959-8c1645373715','3e471bf5-8917-11ea-9959-8c1645373715'),('3e453a72-8917-11ea-9959-8c1645373715','3e471ca2-8917-11ea-9959-8c1645373715'),('3e453cb7-8917-11ea-9959-8c1645373715','3e471ca2-8917-11ea-9959-8c1645373715'),('3e453e0e-8917-11ea-9959-8c1645373715','3e471ca2-8917-11ea-9959-8c1645373715'),('3e454057-8917-11ea-9959-8c1645373715','3e471ca2-8917-11ea-9959-8c1645373715'),('3e454139-8917-11ea-9959-8c1645373715','3e471ca2-8917-11ea-9959-8c1645373715'),('3e454705-8917-11ea-9959-8c1645373715','3e471ca2-8917-11ea-9959-8c1645373715'),('3e454768-8917-11ea-9959-8c1645373715','3e471ca2-8917-11ea-9959-8c1645373715'),('3e4549bf-8917-11ea-9959-8c1645373715','3e471ca2-8917-11ea-9959-8c1645373715'),('3e45383d-8917-11ea-9959-8c1645373715','3e471d41-8917-11ea-9959-8c1645373715'),('3e4538aa-8917-11ea-9959-8c1645373715','3e471d41-8917-11ea-9959-8c1645373715'),('3e453b65-8917-11ea-9959-8c1645373715','3e471d41-8917-11ea-9959-8c1645373715'),('3e453d36-8917-11ea-9959-8c1645373715','3e471d41-8917-11ea-9959-8c1645373715'),('3e453f67-8917-11ea-9959-8c1645373715','3e471d41-8917-11ea-9959-8c1645373715'),('3e4541a9-8917-11ea-9959-8c1645373715','3e471d41-8917-11ea-9959-8c1645373715'),('3e454639-8917-11ea-9959-8c1645373715','3e471d41-8917-11ea-9959-8c1645373715'),('3e454705-8917-11ea-9959-8c1645373715','3e471d41-8917-11ea-9959-8c1645373715'),('3e454768-8917-11ea-9959-8c1645373715','3e471d41-8917-11ea-9959-8c1645373715'),('3e454b39-8917-11ea-9959-8c1645373715','3e471d41-8917-11ea-9959-8c1645373715'),('3e453990-8917-11ea-9959-8c1645373715','3e471ddf-8917-11ea-9959-8c1645373715'),('3e453b65-8917-11ea-9959-8c1645373715','3e471ddf-8917-11ea-9959-8c1645373715'),('3e453bcf-8917-11ea-9959-8c1645373715','3e471ddf-8917-11ea-9959-8c1645373715'),('3e453c43-8917-11ea-9959-8c1645373715','3e471ddf-8917-11ea-9959-8c1645373715'),('3e453f04-8917-11ea-9959-8c1645373715','3e471ddf-8917-11ea-9959-8c1645373715'),('3e453fd8-8917-11ea-9959-8c1645373715','3e471ddf-8917-11ea-9959-8c1645373715'),('3e454139-8917-11ea-9959-8c1645373715','3e471ddf-8917-11ea-9959-8c1645373715'),('3e4541a9-8917-11ea-9959-8c1645373715','3e471ddf-8917-11ea-9959-8c1645373715'),('3e454279-8917-11ea-9959-8c1645373715','3e471ddf-8917-11ea-9959-8c1645373715'),('3e4542dc-8917-11ea-9959-8c1645373715','3e471ddf-8917-11ea-9959-8c1645373715'),('3e45433b-8917-11ea-9959-8c1645373715','3e471ddf-8917-11ea-9959-8c1645373715'),('3e454439-8917-11ea-9959-8c1645373715','3e471ddf-8917-11ea-9959-8c1645373715'),('3e45449f-8917-11ea-9959-8c1645373715','3e471ddf-8917-11ea-9959-8c1645373715'),('3e4545d9-8917-11ea-9959-8c1645373715','3e471ddf-8917-11ea-9959-8c1645373715'),('3e454639-8917-11ea-9959-8c1645373715','3e471ddf-8917-11ea-9959-8c1645373715'),('3e454705-8917-11ea-9959-8c1645373715','3e471ddf-8917-11ea-9959-8c1645373715'),('3e4548fd-8917-11ea-9959-8c1645373715','3e471ddf-8917-11ea-9959-8c1645373715'),('3e45495c-8917-11ea-9959-8c1645373715','3e471ddf-8917-11ea-9959-8c1645373715'),('3e4549bf-8917-11ea-9959-8c1645373715','3e471ddf-8917-11ea-9959-8c1645373715'),('3e454b39-8917-11ea-9959-8c1645373715','3e471ddf-8917-11ea-9959-8c1645373715'),('3e4538aa-8917-11ea-9959-8c1645373715','3e471e7e-8917-11ea-9959-8c1645373715'),('3e453d9d-8917-11ea-9959-8c1645373715','3e471e7e-8917-11ea-9959-8c1645373715'),('3e453f04-8917-11ea-9959-8c1645373715','3e471e7e-8917-11ea-9959-8c1645373715'),('3e454139-8917-11ea-9959-8c1645373715','3e471e7e-8917-11ea-9959-8c1645373715'),('3e4542dc-8917-11ea-9959-8c1645373715','3e471e7e-8917-11ea-9959-8c1645373715'),('3e4543cf-8917-11ea-9959-8c1645373715','3e471e7e-8917-11ea-9959-8c1645373715'),('3e454510-8917-11ea-9959-8c1645373715','3e471e7e-8917-11ea-9959-8c1645373715'),('3e454577-8917-11ea-9959-8c1645373715','3e471e7e-8917-11ea-9959-8c1645373715'),('3e4547d2-8917-11ea-9959-8c1645373715','3e471e7e-8917-11ea-9959-8c1645373715'),('3e4548fd-8917-11ea-9959-8c1645373715','3e471e7e-8917-11ea-9959-8c1645373715'),('3e454a2d-8917-11ea-9959-8c1645373715','3e471e7e-8917-11ea-9959-8c1645373715'),('3e453a72-8917-11ea-9959-8c1645373715','3e471f32-8917-11ea-9959-8c1645373715'),('3e453bcf-8917-11ea-9959-8c1645373715','3e471f32-8917-11ea-9959-8c1645373715'),('3e453d9d-8917-11ea-9959-8c1645373715','3e471f32-8917-11ea-9959-8c1645373715'),('3e453fd8-8917-11ea-9959-8c1645373715','3e471f32-8917-11ea-9959-8c1645373715'),('3e454279-8917-11ea-9959-8c1645373715','3e471f32-8917-11ea-9959-8c1645373715'),('3e4546a2-8917-11ea-9959-8c1645373715','3e471f32-8917-11ea-9959-8c1645373715'),('3e454768-8917-11ea-9959-8c1645373715','3e471f32-8917-11ea-9959-8c1645373715'),('3e45495c-8917-11ea-9959-8c1645373715','3e471f32-8917-11ea-9959-8c1645373715'),('3e454a2d-8917-11ea-9959-8c1645373715','3e471f32-8917-11ea-9959-8c1645373715'),('3e453a08-8917-11ea-9959-8c1645373715','3e471fdb-8917-11ea-9959-8c1645373715'),('3e453c43-8917-11ea-9959-8c1645373715','3e471fdb-8917-11ea-9959-8c1645373715'),('3e453d9d-8917-11ea-9959-8c1645373715','3e471fdb-8917-11ea-9959-8c1645373715'),('3e453f67-8917-11ea-9959-8c1645373715','3e471fdb-8917-11ea-9959-8c1645373715'),('3e454057-8917-11ea-9959-8c1645373715','3e471fdb-8917-11ea-9959-8c1645373715'),('3e454210-8917-11ea-9959-8c1645373715','3e471fdb-8917-11ea-9959-8c1645373715'),('3e454510-8917-11ea-9959-8c1645373715','3e471fdb-8917-11ea-9959-8c1645373715'),('3e454639-8917-11ea-9959-8c1645373715','3e471fdb-8917-11ea-9959-8c1645373715'),('3e4549bf-8917-11ea-9959-8c1645373715','3e471fdb-8917-11ea-9959-8c1645373715'),('3e45383d-8917-11ea-9959-8c1645373715','3e472073-8917-11ea-9959-8c1645373715'),('3e4538aa-8917-11ea-9959-8c1645373715','3e472073-8917-11ea-9959-8c1645373715'),('3e453bcf-8917-11ea-9959-8c1645373715','3e472073-8917-11ea-9959-8c1645373715'),('3e453e0e-8917-11ea-9959-8c1645373715','3e472073-8917-11ea-9959-8c1645373715'),('3e4543cf-8917-11ea-9959-8c1645373715','3e472073-8917-11ea-9959-8c1645373715'),('3e454439-8917-11ea-9959-8c1645373715','3e472073-8917-11ea-9959-8c1645373715'),('3e4546a2-8917-11ea-9959-8c1645373715','3e472073-8917-11ea-9959-8c1645373715'),('3e45495c-8917-11ea-9959-8c1645373715','3e472073-8917-11ea-9959-8c1645373715'),('3e45383d-8917-11ea-9959-8c1645373715','3e47210e-8917-11ea-9959-8c1645373715'),('3e453adb-8917-11ea-9959-8c1645373715','3e47210e-8917-11ea-9959-8c1645373715'),('3e453bcf-8917-11ea-9959-8c1645373715','3e47210e-8917-11ea-9959-8c1645373715'),('3e453fd8-8917-11ea-9959-8c1645373715','3e47210e-8917-11ea-9959-8c1645373715'),('3e454279-8917-11ea-9959-8c1645373715','3e47210e-8917-11ea-9959-8c1645373715'),('3e45433b-8917-11ea-9959-8c1645373715','3e47210e-8917-11ea-9959-8c1645373715'),('3e4546a2-8917-11ea-9959-8c1645373715','3e47210e-8917-11ea-9959-8c1645373715'),('3e454838-8917-11ea-9959-8c1645373715','3e47210e-8917-11ea-9959-8c1645373715'),('3e4548fd-8917-11ea-9959-8c1645373715','3e47210e-8917-11ea-9959-8c1645373715'),('3e45495c-8917-11ea-9959-8c1645373715','3e47210e-8917-11ea-9959-8c1645373715'),('3e453c43-8917-11ea-9959-8c1645373715','3e4721b7-8917-11ea-9959-8c1645373715'),('3e453d36-8917-11ea-9959-8c1645373715','3e4721b7-8917-11ea-9959-8c1645373715'),('3e454139-8917-11ea-9959-8c1645373715','3e4721b7-8917-11ea-9959-8c1645373715'),('3e454210-8917-11ea-9959-8c1645373715','3e4721b7-8917-11ea-9959-8c1645373715'),('3e4545d9-8917-11ea-9959-8c1645373715','3e4721b7-8917-11ea-9959-8c1645373715'),('3e453914-8917-11ea-9959-8c1645373715','3e472256-8917-11ea-9959-8c1645373715'),('3e4542dc-8917-11ea-9959-8c1645373715','3e472256-8917-11ea-9959-8c1645373715'),('3e454439-8917-11ea-9959-8c1645373715','3e472256-8917-11ea-9959-8c1645373715'),('3e45449f-8917-11ea-9959-8c1645373715','3e472256-8917-11ea-9959-8c1645373715'),('3e45489b-8917-11ea-9959-8c1645373715','3e472256-8917-11ea-9959-8c1645373715'),('3e454b39-8917-11ea-9959-8c1645373715','3e472256-8917-11ea-9959-8c1645373715'),('3e453b65-8917-11ea-9959-8c1645373715','3e4722fc-8917-11ea-9959-8c1645373715'),('3e453d36-8917-11ea-9959-8c1645373715','3e4722fc-8917-11ea-9959-8c1645373715'),('3e453e0e-8917-11ea-9959-8c1645373715','3e4722fc-8917-11ea-9959-8c1645373715'),('3e453e8c-8917-11ea-9959-8c1645373715','3e4722fc-8917-11ea-9959-8c1645373715'),('3e4543cf-8917-11ea-9959-8c1645373715','3e4722fc-8917-11ea-9959-8c1645373715'),('3e454439-8917-11ea-9959-8c1645373715','3e4722fc-8917-11ea-9959-8c1645373715'),('3e454510-8917-11ea-9959-8c1645373715','3e4722fc-8917-11ea-9959-8c1645373715'),('3e454577-8917-11ea-9959-8c1645373715','3e4722fc-8917-11ea-9959-8c1645373715'),('3e454639-8917-11ea-9959-8c1645373715','3e4722fc-8917-11ea-9959-8c1645373715'),('3e454838-8917-11ea-9959-8c1645373715','3e4722fc-8917-11ea-9959-8c1645373715'),('3e454b39-8917-11ea-9959-8c1645373715','3e4722fc-8917-11ea-9959-8c1645373715'),('3e453914-8917-11ea-9959-8c1645373715','3e4723a8-8917-11ea-9959-8c1645373715'),('3e453990-8917-11ea-9959-8c1645373715','3e4723a8-8917-11ea-9959-8c1645373715'),('3e453a08-8917-11ea-9959-8c1645373715','3e4723a8-8917-11ea-9959-8c1645373715'),('3e453c43-8917-11ea-9959-8c1645373715','3e4723a8-8917-11ea-9959-8c1645373715'),('3e454210-8917-11ea-9959-8c1645373715','3e4723a8-8917-11ea-9959-8c1645373715'),('3e454279-8917-11ea-9959-8c1645373715','3e4723a8-8917-11ea-9959-8c1645373715'),('3e4542dc-8917-11ea-9959-8c1645373715','3e4723a8-8917-11ea-9959-8c1645373715'),('3e45433b-8917-11ea-9959-8c1645373715','3e4723a8-8917-11ea-9959-8c1645373715'),('3e4543cf-8917-11ea-9959-8c1645373715','3e4723a8-8917-11ea-9959-8c1645373715'),('3e4545d9-8917-11ea-9959-8c1645373715','3e4723a8-8917-11ea-9959-8c1645373715'),('3e454705-8917-11ea-9959-8c1645373715','3e4723a8-8917-11ea-9959-8c1645373715'),('3e453a72-8917-11ea-9959-8c1645373715','3e472452-8917-11ea-9959-8c1645373715'),('3e453b65-8917-11ea-9959-8c1645373715','3e472452-8917-11ea-9959-8c1645373715'),('3e4540cb-8917-11ea-9959-8c1645373715','3e472452-8917-11ea-9959-8c1645373715'),('3e4541a9-8917-11ea-9959-8c1645373715','3e472452-8917-11ea-9959-8c1645373715'),('3e45449f-8917-11ea-9959-8c1645373715','3e472452-8917-11ea-9959-8c1645373715'),('3e453a08-8917-11ea-9959-8c1645373715','3e472502-8917-11ea-9959-8c1645373715'),('3e453d36-8917-11ea-9959-8c1645373715','3e472502-8917-11ea-9959-8c1645373715'),('3e453e0e-8917-11ea-9959-8c1645373715','3e472502-8917-11ea-9959-8c1645373715'),('3e453e8c-8917-11ea-9959-8c1645373715','3e472502-8917-11ea-9959-8c1645373715'),('3e4547d2-8917-11ea-9959-8c1645373715','3e472502-8917-11ea-9959-8c1645373715'),('3e454838-8917-11ea-9959-8c1645373715','3e472502-8917-11ea-9959-8c1645373715'),('3e45489b-8917-11ea-9959-8c1645373715','3e472502-8917-11ea-9959-8c1645373715'),('3e454aba-8917-11ea-9959-8c1645373715','3e472502-8917-11ea-9959-8c1645373715'),('3e454b39-8917-11ea-9959-8c1645373715','3e472502-8917-11ea-9959-8c1645373715'),('3e453c43-8917-11ea-9959-8c1645373715','3e4725f9-8917-11ea-9959-8c1645373715'),('3e453cb7-8917-11ea-9959-8c1645373715','3e4725f9-8917-11ea-9959-8c1645373715'),('3e453f04-8917-11ea-9959-8c1645373715','3e4725f9-8917-11ea-9959-8c1645373715'),('3e453f67-8917-11ea-9959-8c1645373715','3e4725f9-8917-11ea-9959-8c1645373715'),('3e454577-8917-11ea-9959-8c1645373715','3e4725f9-8917-11ea-9959-8c1645373715'),('3e454838-8917-11ea-9959-8c1645373715','3e4725f9-8917-11ea-9959-8c1645373715'),('3e453990-8917-11ea-9959-8c1645373715','3e47269e-8917-11ea-9959-8c1645373715'),('3e453adb-8917-11ea-9959-8c1645373715','3e47269e-8917-11ea-9959-8c1645373715'),('3e453bcf-8917-11ea-9959-8c1645373715','3e47269e-8917-11ea-9959-8c1645373715'),('3e453e8c-8917-11ea-9959-8c1645373715','3e47269e-8917-11ea-9959-8c1645373715'),('3e453fd8-8917-11ea-9959-8c1645373715','3e47269e-8917-11ea-9959-8c1645373715'),('3e4540cb-8917-11ea-9959-8c1645373715','3e47269e-8917-11ea-9959-8c1645373715'),('3e454139-8917-11ea-9959-8c1645373715','3e47269e-8917-11ea-9959-8c1645373715'),('3e4545d9-8917-11ea-9959-8c1645373715','3e47269e-8917-11ea-9959-8c1645373715'),('3e4549bf-8917-11ea-9959-8c1645373715','3e47269e-8917-11ea-9959-8c1645373715'),('3e454a2d-8917-11ea-9959-8c1645373715','3e47269e-8917-11ea-9959-8c1645373715'),('3e454aba-8917-11ea-9959-8c1645373715','3e47269e-8917-11ea-9959-8c1645373715');
/*!40000 ALTER TABLE `interestedroles` ENABLE KEYS */;
UNLOCK TABLES;

--
-- Table structure for table `jobinterest`
--

DROP TABLE IF EXISTS `jobinterest`;
/*!40101 SET @saved_cs_client     = @@character_set_client */;
/*!50503 SET character_set_client = utf8mb4 */;
CREATE TABLE `jobinterest` (
  `jobId` char(36) NOT NULL,
  `employee` char(36) NOT NULL,
  `initiator` enum('employer','employee') DEFAULT NULL,
  `status` enum('available','liked','offered','done') DEFAULT NULL,
  PRIMARY KEY (`jobId`,`employee`),
  UNIQUE KEY `jobId` (`jobId`,`employee`),
  KEY `employee` (`employee`),
  CONSTRAINT `jobinterest_ibfk_1` FOREIGN KEY (`jobId`) REFERENCES `jobs` (`jobId`),
  CONSTRAINT `jobinterest_ibfk_2` FOREIGN KEY (`employee`) REFERENCES `employees` (`id`)
) ENGINE=InnoDB DEFAULT CHARSET=utf8mb4 COLLATE=utf8mb4_0900_ai_ci;
/*!40101 SET character_set_client = @saved_cs_client */;

--
-- Dumping data for table `jobinterest`
--

LOCK TABLES `jobinterest` WRITE;
/*!40000 ALTER TABLE `jobinterest` DISABLE KEYS */;
INSERT INTO `jobinterest` VALUES ('3e4c39a1-8917-11ea-9959-8c1645373715','3e45383d-8917-11ea-9959-8c1645373715','employer','available'),('3e4c39a1-8917-11ea-9959-8c1645373715','3e4538aa-8917-11ea-9959-8c1645373715','employer','offered'),('3e4c39a1-8917-11ea-9959-8c1645373715','3e453990-8917-11ea-9959-8c1645373715','employer','offered'),('3e4c39a1-8917-11ea-9959-8c1645373715','3e453a08-8917-11ea-9959-8c1645373715','employer','offered'),('3e4c39a1-8917-11ea-9959-8c1645373715','3e453a72-8917-11ea-9959-8c1645373715','employee','liked'),('3e4c39a1-8917-11ea-9959-8c1645373715','3e453adb-8917-11ea-9959-8c1645373715','employee','liked'),('3e4c39a1-8917-11ea-9959-8c1645373715','3e453b65-8917-11ea-9959-8c1645373715','employee','liked'),('3e4c39a1-8917-11ea-9959-8c1645373715','3e453bcf-8917-11ea-9959-8c1645373715','employee','offered'),('3e4c39a1-8917-11ea-9959-8c1645373715','3e453c43-8917-11ea-9959-8c1645373715','employee','offered'),('3e4c39a1-8917-11ea-9959-8c1645373715','3e453d36-8917-11ea-9959-8c1645373715','employee','offered'),('3e4c39a1-8917-11ea-9959-8c1645373715','3e453d9d-8917-11ea-9959-8c1645373715','employee','liked'),('3e4c39a1-8917-11ea-9959-8c1645373715','3e453e0e-8917-11ea-9959-8c1645373715','employee','liked'),('3e4c39a1-8917-11ea-9959-8c1645373715','3e453f04-8917-11ea-9959-8c1645373715','employer','offered'),('3e4c39a1-8917-11ea-9959-8c1645373715','3e453f67-8917-11ea-9959-8c1645373715','employer','available'),('3e4c39a1-8917-11ea-9959-8c1645373715','3e454057-8917-11ea-9959-8c1645373715','employer','available'),('3e4c39a1-8917-11ea-9959-8c1645373715','3e4540cb-8917-11ea-9959-8c1645373715','employee','offered'),('3e4c39a1-8917-11ea-9959-8c1645373715','3e4541a9-8917-11ea-9959-8c1645373715','employer','offered'),('3e4c39a1-8917-11ea-9959-8c1645373715','3e454210-8917-11ea-9959-8c1645373715','employer','available'),('3e4c39a1-8917-11ea-9959-8c1645373715','3e454279-8917-11ea-9959-8c1645373715','employer','available'),('3e4c39a1-8917-11ea-9959-8c1645373715','3e45433b-8917-11ea-9959-8c1645373715','employer','offered'),('3e4c39a1-8917-11ea-9959-8c1645373715','3e4543cf-8917-11ea-9959-8c1645373715','employee','offered'),('3e4c39a1-8917-11ea-9959-8c1645373715','3e454439-8917-11ea-9959-8c1645373715','employee','offered'),('3e4c39a1-8917-11ea-9959-8c1645373715','3e45449f-8917-11ea-9959-8c1645373715','employee','liked'),('3e4c39a1-8917-11ea-9959-8c1645373715','3e454510-8917-11ea-9959-8c1645373715','employer','offered'),('3e4c39a1-8917-11ea-9959-8c1645373715','3e4545d9-8917-11ea-9959-8c1645373715','employer','available'),('3e4c39a1-8917-11ea-9959-8c1645373715','3e454639-8917-11ea-9959-8c1645373715','employer','available'),('3e4c39a1-8917-11ea-9959-8c1645373715','3e4546a2-8917-11ea-9959-8c1645373715','employer','offered'),('3e4c39a1-8917-11ea-9959-8c1645373715','3e454768-8917-11ea-9959-8c1645373715','employer','available'),('3e4c39a1-8917-11ea-9959-8c1645373715','3e4547d2-8917-11ea-9959-8c1645373715','employer','available'),('3e4c39a1-8917-11ea-9959-8c1645373715','3e454838-8917-11ea-9959-8c1645373715','employee','liked'),('3e4c39a1-8917-11ea-9959-8c1645373715','3e45495c-8917-11ea-9959-8c1645373715','employee','liked'),('3e4c39a1-8917-11ea-9959-8c1645373715','3e4549bf-8917-11ea-9959-8c1645373715','employee','offered'),('3e4c39a1-8917-11ea-9959-8c1645373715','3e454a2d-8917-11ea-9959-8c1645373715','employee','offered'),('3e4c4d81-8917-11ea-9959-8c1645373715','3e4538aa-8917-11ea-9959-8c1645373715','employer','available'),('3e4c4d81-8917-11ea-9959-8c1645373715','3e453990-8917-11ea-9959-8c1645373715','employee','offered'),('3e4c4d81-8917-11ea-9959-8c1645373715','3e453a08-8917-11ea-9959-8c1645373715','employee','liked'),('3e4c4d81-8917-11ea-9959-8c1645373715','3e453a72-8917-11ea-9959-8c1645373715','employee','liked'),('3e4c4d81-8917-11ea-9959-8c1645373715','3e453bcf-8917-11ea-9959-8c1645373715','employer','available'),('3e4c4d81-8917-11ea-9959-8c1645373715','3e453c43-8917-11ea-9959-8c1645373715','employer','offered'),('3e4c4d81-8917-11ea-9959-8c1645373715','3e453cb7-8917-11ea-9959-8c1645373715','employee','liked'),('3e4c4d81-8917-11ea-9959-8c1645373715','3e453d36-8917-11ea-9959-8c1645373715','employee','offered'),('3e4c4d81-8917-11ea-9959-8c1645373715','3e453d9d-8917-11ea-9959-8c1645373715','employee','offered'),('3e4c4d81-8917-11ea-9959-8c1645373715','3e453e0e-8917-11ea-9959-8c1645373715','employee','offered'),('3e4c4d81-8917-11ea-9959-8c1645373715','3e453e8c-8917-11ea-9959-8c1645373715','employer','available'),('3e4c4d81-8917-11ea-9959-8c1645373715','3e453f04-8917-11ea-9959-8c1645373715','employer','offered'),('3e4c4d81-8917-11ea-9959-8c1645373715','3e453f67-8917-11ea-9959-8c1645373715','employee','offered'),('3e4c4d81-8917-11ea-9959-8c1645373715','3e454057-8917-11ea-9959-8c1645373715','employee','liked'),('3e4c4d81-8917-11ea-9959-8c1645373715','3e4540cb-8917-11ea-9959-8c1645373715','employer','available'),('3e4c4d81-8917-11ea-9959-8c1645373715','3e4541a9-8917-11ea-9959-8c1645373715','employer','available'),('3e4c4d81-8917-11ea-9959-8c1645373715','3e454210-8917-11ea-9959-8c1645373715','employer','available'),('3e4c4d81-8917-11ea-9959-8c1645373715','3e45433b-8917-11ea-9959-8c1645373715','employee','liked'),('3e4c4d81-8917-11ea-9959-8c1645373715','3e4543cf-8917-11ea-9959-8c1645373715','employer','available'),('3e4c4d81-8917-11ea-9959-8c1645373715','3e454439-8917-11ea-9959-8c1645373715','employee','offered'),('3e4c4d81-8917-11ea-9959-8c1645373715','3e45449f-8917-11ea-9959-8c1645373715','employee','liked'),('3e4c4d81-8917-11ea-9959-8c1645373715','3e454639-8917-11ea-9959-8c1645373715','employer','offered'),('3e4c4d81-8917-11ea-9959-8c1645373715','3e4546a2-8917-11ea-9959-8c1645373715','employee','liked'),('3e4c4d81-8917-11ea-9959-8c1645373715','3e4547d2-8917-11ea-9959-8c1645373715','employer','available'),('3e4c4d81-8917-11ea-9959-8c1645373715','3e454838-8917-11ea-9959-8c1645373715','employer','offered'),('3e4c4d81-8917-11ea-9959-8c1645373715','3e45489b-8917-11ea-9959-8c1645373715','employer','available'),('3e4c4d81-8917-11ea-9959-8c1645373715','3e45495c-8917-11ea-9959-8c1645373715','employee','offered'),('3e4c4d81-8917-11ea-9959-8c1645373715','3e4549bf-8917-11ea-9959-8c1645373715','employer','available'),('3e4c4d81-8917-11ea-9959-8c1645373715','3e454b39-8917-11ea-9959-8c1645373715','employee','liked'),('3e4c4fea-8917-11ea-9959-8c1645373715','3e4538aa-8917-11ea-9959-8c1645373715','employer','offered'),('3e4c4fea-8917-11ea-9959-8c1645373715','3e453914-8917-11ea-9959-8c1645373715','employer','available'),('3e4c4fea-8917-11ea-9959-8c1645373715','3e453990-8917-11ea-9959-8c1645373715','employer','offered'),('3e4c4fea-8917-11ea-9959-8c1645373715','3e453a08-8917-11ea-9959-8c1645373715','employer','offered'),('3e4c4fea-8917-11ea-9959-8c1645373715','3e453adb-8917-11ea-9959-8c1645373715','employee','liked'),('3e4c4fea-8917-11ea-9959-8c1645373715','3e453b65-8917-11ea-9959-8c1645373715','employer','available'),('3e4c4fea-8917-11ea-9959-8c1645373715','3e453bcf-8917-11ea-9959-8c1645373715','employer','offered'),('3e4c4fea-8917-11ea-9959-8c1645373715','3e453c43-8917-11ea-9959-8c1645373715','employee','offered'),('3e4c4fea-8917-11ea-9959-8c1645373715','3e453cb7-8917-11ea-9959-8c1645373715','employer','offered'),('3e4c4fea-8917-11ea-9959-8c1645373715','3e453d36-8917-11ea-9959-8c1645373715','employee','liked'),('3e4c4fea-8917-11ea-9959-8c1645373715','3e453d9d-8917-11ea-9959-8c1645373715','employee','liked'),('3e4c4fea-8917-11ea-9959-8c1645373715','3e453f04-8917-11ea-9959-8c1645373715','employer','available'),('3e4c4fea-8917-11ea-9959-8c1645373715','3e454139-8917-11ea-9959-8c1645373715','employer','available'),('3e4c4fea-8917-11ea-9959-8c1645373715','3e4541a9-8917-11ea-9959-8c1645373715','employee','liked'),('3e4c4fea-8917-11ea-9959-8c1645373715','3e454210-8917-11ea-9959-8c1645373715','employer','offered'),('3e4c4fea-8917-11ea-9959-8c1645373715','3e454279-8917-11ea-9959-8c1645373715','employer','available'),('3e4c4fea-8917-11ea-9959-8c1645373715','3e45433b-8917-11ea-9959-8c1645373715','employer','available'),('3e4c4fea-8917-11ea-9959-8c1645373715','3e454439-8917-11ea-9959-8c1645373715','employer','offered'),('3e4c4fea-8917-11ea-9959-8c1645373715','3e45449f-8917-11ea-9959-8c1645373715','employee','liked'),('3e4c4fea-8917-11ea-9959-8c1645373715','3e454510-8917-11ea-9959-8c1645373715','employer','available'),('3e4c4fea-8917-11ea-9959-8c1645373715','3e454768-8917-11ea-9959-8c1645373715','employer','available'),('3e4c4fea-8917-11ea-9959-8c1645373715','3e4547d2-8917-11ea-9959-8c1645373715','employee','offered'),('3e4c4fea-8917-11ea-9959-8c1645373715','3e454838-8917-11ea-9959-8c1645373715','employee','liked'),('3e4c4fea-8917-11ea-9959-8c1645373715','3e45495c-8917-11ea-9959-8c1645373715','employee','liked'),('3e4c4fea-8917-11ea-9959-8c1645373715','3e4549bf-8917-11ea-9959-8c1645373715','employer','offered'),('3e4c4fea-8917-11ea-9959-8c1645373715','3e454a2d-8917-11ea-9959-8c1645373715','employee','liked'),('3e4c4fea-8917-11ea-9959-8c1645373715','3e454aba-8917-11ea-9959-8c1645373715','employer','available'),('3e4c4fea-8917-11ea-9959-8c1645373715','3e454b39-8917-11ea-9959-8c1645373715','employee','offered'),('3e4c5229-8917-11ea-9959-8c1645373715','3e45383d-8917-11ea-9959-8c1645373715','employer','offered'),('3e4c5229-8917-11ea-9959-8c1645373715','3e453914-8917-11ea-9959-8c1645373715','employer','available'),('3e4c5229-8917-11ea-9959-8c1645373715','3e453990-8917-11ea-9959-8c1645373715','employer','offered'),('3e4c5229-8917-11ea-9959-8c1645373715','3e453a08-8917-11ea-9959-8c1645373715','employee','offered'),('3e4c5229-8917-11ea-9959-8c1645373715','3e453a72-8917-11ea-9959-8c1645373715','employee','offered'),('3e4c5229-8917-11ea-9959-8c1645373715','3e453adb-8917-11ea-9959-8c1645373715','employee','liked'),('3e4c5229-8917-11ea-9959-8c1645373715','3e453bcf-8917-11ea-9959-8c1645373715','employee','offered'),('3e4c5229-8917-11ea-9959-8c1645373715','3e453c43-8917-11ea-9959-8c1645373715','employer','available'),('3e4c5229-8917-11ea-9959-8c1645373715','3e453cb7-8917-11ea-9959-8c1645373715','employer','available'),('3e4c5229-8917-11ea-9959-8c1645373715','3e453d36-8917-11ea-9959-8c1645373715','employer','offered'),('3e4c5229-8917-11ea-9959-8c1645373715','3e453d9d-8917-11ea-9959-8c1645373715','employer','offered'),('3e4c5229-8917-11ea-9959-8c1645373715','3e453e0e-8917-11ea-9959-8c1645373715','employer','offered'),('3e4c5229-8917-11ea-9959-8c1645373715','3e453f04-8917-11ea-9959-8c1645373715','employer','offered'),('3e4c5229-8917-11ea-9959-8c1645373715','3e453f67-8917-11ea-9959-8c1645373715','employee','offered'),('3e4c5229-8917-11ea-9959-8c1645373715','3e453fd8-8917-11ea-9959-8c1645373715','employee','offered'),('3e4c5229-8917-11ea-9959-8c1645373715','3e454057-8917-11ea-9959-8c1645373715','employee','liked'),('3e4c5229-8917-11ea-9959-8c1645373715','3e4540cb-8917-11ea-9959-8c1645373715','employee','liked'),('3e4c5229-8917-11ea-9959-8c1645373715','3e454139-8917-11ea-9959-8c1645373715','employer','offered'),('3e4c5229-8917-11ea-9959-8c1645373715','3e4541a9-8917-11ea-9959-8c1645373715','employer','offered'),('3e4c5229-8917-11ea-9959-8c1645373715','3e454210-8917-11ea-9959-8c1645373715','employer','available'),('3e4c5229-8917-11ea-9959-8c1645373715','3e454279-8917-11ea-9959-8c1645373715','employer','offered'),('3e4c5229-8917-11ea-9959-8c1645373715','3e45433b-8917-11ea-9959-8c1645373715','employer','offered'),('3e4c5229-8917-11ea-9959-8c1645373715','3e4545d9-8917-11ea-9959-8c1645373715','employer','offered'),('3e4c5229-8917-11ea-9959-8c1645373715','3e454639-8917-11ea-9959-8c1645373715','employee','offered'),('3e4c5229-8917-11ea-9959-8c1645373715','3e454768-8917-11ea-9959-8c1645373715','employer','available'),('3e4c5229-8917-11ea-9959-8c1645373715','3e4547d2-8917-11ea-9959-8c1645373715','employer','available'),('3e4c5229-8917-11ea-9959-8c1645373715','3e454838-8917-11ea-9959-8c1645373715','employer','offered'),('3e4c5229-8917-11ea-9959-8c1645373715','3e45489b-8917-11ea-9959-8c1645373715','employer','available'),('3e4c5229-8917-11ea-9959-8c1645373715','3e45495c-8917-11ea-9959-8c1645373715','employer','offered'),('3e4c5229-8917-11ea-9959-8c1645373715','3e4549bf-8917-11ea-9959-8c1645373715','employee','liked'),('3e4c5229-8917-11ea-9959-8c1645373715','3e454a2d-8917-11ea-9959-8c1645373715','employee','liked'),('3e4c5229-8917-11ea-9959-8c1645373715','3e454b39-8917-11ea-9959-8c1645373715','employee','offered'),('3e4c53e5-8917-11ea-9959-8c1645373715','3e45383d-8917-11ea-9959-8c1645373715','employer','available'),('3e4c53e5-8917-11ea-9959-8c1645373715','3e4538aa-8917-11ea-9959-8c1645373715','employee','liked'),('3e4c53e5-8917-11ea-9959-8c1645373715','3e453914-8917-11ea-9959-8c1645373715','employer','offered'),('3e4c53e5-8917-11ea-9959-8c1645373715','3e453990-8917-11ea-9959-8c1645373715','employer','available'),('3e4c53e5-8917-11ea-9959-8c1645373715','3e453a08-8917-11ea-9959-8c1645373715','employee','liked'),('3e4c53e5-8917-11ea-9959-8c1645373715','3e453a72-8917-11ea-9959-8c1645373715','employer','available'),('3e4c53e5-8917-11ea-9959-8c1645373715','3e453adb-8917-11ea-9959-8c1645373715','employer','available'),('3e4c53e5-8917-11ea-9959-8c1645373715','3e453bcf-8917-11ea-9959-8c1645373715','employer','available'),('3e4c53e5-8917-11ea-9959-8c1645373715','3e453cb7-8917-11ea-9959-8c1645373715','employee','liked'),('3e4c53e5-8917-11ea-9959-8c1645373715','3e453d36-8917-11ea-9959-8c1645373715','employee','liked'),('3e4c53e5-8917-11ea-9959-8c1645373715','3e453d9d-8917-11ea-9959-8c1645373715','employee','offered'),('3e4c53e5-8917-11ea-9959-8c1645373715','3e453e0e-8917-11ea-9959-8c1645373715','employee','offered'),('3e4c53e5-8917-11ea-9959-8c1645373715','3e453f67-8917-11ea-9959-8c1645373715','employee','liked'),('3e4c53e5-8917-11ea-9959-8c1645373715','3e454139-8917-11ea-9959-8c1645373715','employer','available'),('3e4c53e5-8917-11ea-9959-8c1645373715','3e4541a9-8917-11ea-9959-8c1645373715','employer','available'),('3e4c53e5-8917-11ea-9959-8c1645373715','3e454210-8917-11ea-9959-8c1645373715','employer','offered'),('3e4c53e5-8917-11ea-9959-8c1645373715','3e45433b-8917-11ea-9959-8c1645373715','employer','offered'),('3e4c53e5-8917-11ea-9959-8c1645373715','3e4543cf-8917-11ea-9959-8c1645373715','employer','available'),('3e4c53e5-8917-11ea-9959-8c1645373715','3e45449f-8917-11ea-9959-8c1645373715','employer','available'),('3e4c53e5-8917-11ea-9959-8c1645373715','3e454510-8917-11ea-9959-8c1645373715','employer','offered'),('3e4c53e5-8917-11ea-9959-8c1645373715','3e454577-8917-11ea-9959-8c1645373715','employer','offered'),('3e4c53e5-8917-11ea-9959-8c1645373715','3e4545d9-8917-11ea-9959-8c1645373715','employee','offered'),('3e4c53e5-8917-11ea-9959-8c1645373715','3e454639-8917-11ea-9959-8c1645373715','employee','offered'),('3e4c53e5-8917-11ea-9959-8c1645373715','3e4546a2-8917-11ea-9959-8c1645373715','employer','available'),('3e4c53e5-8917-11ea-9959-8c1645373715','3e454768-8917-11ea-9959-8c1645373715','employee','offered'),('3e4c53e5-8917-11ea-9959-8c1645373715','3e4547d2-8917-11ea-9959-8c1645373715','employer','available'),('3e4c53e5-8917-11ea-9959-8c1645373715','3e454838-8917-11ea-9959-8c1645373715','employee','offered'),('3e4c53e5-8917-11ea-9959-8c1645373715','3e45489b-8917-11ea-9959-8c1645373715','employer','available'),('3e4c53e5-8917-11ea-9959-8c1645373715','3e45495c-8917-11ea-9959-8c1645373715','employer','offered'),('3e4c53e5-8917-11ea-9959-8c1645373715','3e4549bf-8917-11ea-9959-8c1645373715','employee','liked'),('3e4c53e5-8917-11ea-9959-8c1645373715','3e454a2d-8917-11ea-9959-8c1645373715','employer','offered'),('3e4c53e5-8917-11ea-9959-8c1645373715','3e454b39-8917-11ea-9959-8c1645373715','employee','liked'),('3e4c56c6-8917-11ea-9959-8c1645373715','3e45383d-8917-11ea-9959-8c1645373715','employee','liked'),('3e4c56c6-8917-11ea-9959-8c1645373715','3e4538aa-8917-11ea-9959-8c1645373715','employee','offered'),('3e4c56c6-8917-11ea-9959-8c1645373715','3e453990-8917-11ea-9959-8c1645373715','employee','liked'),('3e4c56c6-8917-11ea-9959-8c1645373715','3e453a08-8917-11ea-9959-8c1645373715','employer','available'),('3e4c56c6-8917-11ea-9959-8c1645373715','3e453a72-8917-11ea-9959-8c1645373715','employer','offered'),('3e4c56c6-8917-11ea-9959-8c1645373715','3e453adb-8917-11ea-9959-8c1645373715','employee','liked'),('3e4c56c6-8917-11ea-9959-8c1645373715','3e453bcf-8917-11ea-9959-8c1645373715','employee','offered'),('3e4c56c6-8917-11ea-9959-8c1645373715','3e453c43-8917-11ea-9959-8c1645373715','employer','available'),('3e4c56c6-8917-11ea-9959-8c1645373715','3e453d36-8917-11ea-9959-8c1645373715','employer','offered'),('3e4c56c6-8917-11ea-9959-8c1645373715','3e453d9d-8917-11ea-9959-8c1645373715','employee','liked'),('3e4c56c6-8917-11ea-9959-8c1645373715','3e453e8c-8917-11ea-9959-8c1645373715','employer','available'),('3e4c56c6-8917-11ea-9959-8c1645373715','3e453f04-8917-11ea-9959-8c1645373715','employer','available'),('3e4c56c6-8917-11ea-9959-8c1645373715','3e454057-8917-11ea-9959-8c1645373715','employee','liked'),('3e4c56c6-8917-11ea-9959-8c1645373715','3e4540cb-8917-11ea-9959-8c1645373715','employer','offered'),('3e4c56c6-8917-11ea-9959-8c1645373715','3e454139-8917-11ea-9959-8c1645373715','employee','offered'),('3e4c56c6-8917-11ea-9959-8c1645373715','3e454210-8917-11ea-9959-8c1645373715','employer','available'),('3e4c56c6-8917-11ea-9959-8c1645373715','3e454279-8917-11ea-9959-8c1645373715','employer','offered'),('3e4c56c6-8917-11ea-9959-8c1645373715','3e4542dc-8917-11ea-9959-8c1645373715','employee','liked'),('3e4c56c6-8917-11ea-9959-8c1645373715','3e45433b-8917-11ea-9959-8c1645373715','employee','offered'),('3e4c56c6-8917-11ea-9959-8c1645373715','3e454439-8917-11ea-9959-8c1645373715','employer','offered'),('3e4c56c6-8917-11ea-9959-8c1645373715','3e454510-8917-11ea-9959-8c1645373715','employee','offered'),('3e4c56c6-8917-11ea-9959-8c1645373715','3e4545d9-8917-11ea-9959-8c1645373715','employer','offered'),('3e4c56c6-8917-11ea-9959-8c1645373715','3e454639-8917-11ea-9959-8c1645373715','employer','offered'),('3e4c56c6-8917-11ea-9959-8c1645373715','3e4546a2-8917-11ea-9959-8c1645373715','employee','offered'),('3e4c56c6-8917-11ea-9959-8c1645373715','3e454768-8917-11ea-9959-8c1645373715','employer','available'),('3e4c56c6-8917-11ea-9959-8c1645373715','3e4547d2-8917-11ea-9959-8c1645373715','employee','liked'),('3e4c56c6-8917-11ea-9959-8c1645373715','3e454838-8917-11ea-9959-8c1645373715','employee','offered'),('3e4c56c6-8917-11ea-9959-8c1645373715','3e45489b-8917-11ea-9959-8c1645373715','employer','available'),('3e4c56c6-8917-11ea-9959-8c1645373715','3e4548fd-8917-11ea-9959-8c1645373715','employer','available'),('3e4c56c6-8917-11ea-9959-8c1645373715','3e45495c-8917-11ea-9959-8c1645373715','employer','available'),('3e4c56c6-8917-11ea-9959-8c1645373715','3e4549bf-8917-11ea-9959-8c1645373715','employee','offered'),('3e4c56c6-8917-11ea-9959-8c1645373715','3e454a2d-8917-11ea-9959-8c1645373715','employee','liked'),('3e4c56c6-8917-11ea-9959-8c1645373715','3e454aba-8917-11ea-9959-8c1645373715','employer','available'),('3e4c56c6-8917-11ea-9959-8c1645373715','3e454b39-8917-11ea-9959-8c1645373715','employee','liked'),('3e4c5aef-8917-11ea-9959-8c1645373715','3e45383d-8917-11ea-9959-8c1645373715','employer','offered'),('3e4c5aef-8917-11ea-9959-8c1645373715','3e453914-8917-11ea-9959-8c1645373715','employer','available'),('3e4c5aef-8917-11ea-9959-8c1645373715','3e453990-8917-11ea-9959-8c1645373715','employee','liked'),('3e4c5aef-8917-11ea-9959-8c1645373715','3e453a72-8917-11ea-9959-8c1645373715','employee','offered'),('3e4c5aef-8917-11ea-9959-8c1645373715','3e453adb-8917-11ea-9959-8c1645373715','employee','offered'),('3e4c5aef-8917-11ea-9959-8c1645373715','3e453bcf-8917-11ea-9959-8c1645373715','employee','offered'),('3e4c5aef-8917-11ea-9959-8c1645373715','3e453c43-8917-11ea-9959-8c1645373715','employee','liked'),('3e4c5aef-8917-11ea-9959-8c1645373715','3e453cb7-8917-11ea-9959-8c1645373715','employer','offered'),('3e4c5aef-8917-11ea-9959-8c1645373715','3e453d36-8917-11ea-9959-8c1645373715','employer','offered'),('3e4c5aef-8917-11ea-9959-8c1645373715','3e453d9d-8917-11ea-9959-8c1645373715','employee','offered'),('3e4c5aef-8917-11ea-9959-8c1645373715','3e453f04-8917-11ea-9959-8c1645373715','employer','available'),('3e4c5aef-8917-11ea-9959-8c1645373715','3e453f67-8917-11ea-9959-8c1645373715','employee','liked'),('3e4c5aef-8917-11ea-9959-8c1645373715','3e454057-8917-11ea-9959-8c1645373715','employee','liked'),('3e4c5aef-8917-11ea-9959-8c1645373715','3e4541a9-8917-11ea-9959-8c1645373715','employee','offered'),('3e4c5aef-8917-11ea-9959-8c1645373715','3e454210-8917-11ea-9959-8c1645373715','employer','available'),('3e4c5aef-8917-11ea-9959-8c1645373715','3e454279-8917-11ea-9959-8c1645373715','employee','offered'),('3e4c5aef-8917-11ea-9959-8c1645373715','3e4542dc-8917-11ea-9959-8c1645373715','employer','offered'),('3e4c5aef-8917-11ea-9959-8c1645373715','3e45433b-8917-11ea-9959-8c1645373715','employer','offered'),('3e4c5aef-8917-11ea-9959-8c1645373715','3e4543cf-8917-11ea-9959-8c1645373715','employee','liked'),('3e4c5aef-8917-11ea-9959-8c1645373715','3e454439-8917-11ea-9959-8c1645373715','employee','liked'),('3e4c5aef-8917-11ea-9959-8c1645373715','3e45449f-8917-11ea-9959-8c1645373715','employer','offered'),('3e4c5aef-8917-11ea-9959-8c1645373715','3e454510-8917-11ea-9959-8c1645373715','employer','offered'),('3e4c5aef-8917-11ea-9959-8c1645373715','3e454577-8917-11ea-9959-8c1645373715','employee','liked'),('3e4c5aef-8917-11ea-9959-8c1645373715','3e454639-8917-11ea-9959-8c1645373715','employee','offered'),('3e4c5aef-8917-11ea-9959-8c1645373715','3e454768-8917-11ea-9959-8c1645373715','employer','offered'),('3e4c5aef-8917-11ea-9959-8c1645373715','3e4547d2-8917-11ea-9959-8c1645373715','employer','available'),('3e4c5aef-8917-11ea-9959-8c1645373715','3e454838-8917-11ea-9959-8c1645373715','employer','available'),('3e4c5aef-8917-11ea-9959-8c1645373715','3e45489b-8917-11ea-9959-8c1645373715','employer','offered'),('3e4c5aef-8917-11ea-9959-8c1645373715','3e4548fd-8917-11ea-9959-8c1645373715','employer','available'),('3e4c5aef-8917-11ea-9959-8c1645373715','3e45495c-8917-11ea-9959-8c1645373715','employer','available'),('3e4c5aef-8917-11ea-9959-8c1645373715','3e4549bf-8917-11ea-9959-8c1645373715','employer','available'),('3e4c5aef-8917-11ea-9959-8c1645373715','3e454a2d-8917-11ea-9959-8c1645373715','employee','liked'),('3e4c5aef-8917-11ea-9959-8c1645373715','3e454b39-8917-11ea-9959-8c1645373715','employee','liked'),('3e4c5d00-8917-11ea-9959-8c1645373715','3e4538aa-8917-11ea-9959-8c1645373715','employer','available'),('3e4c5d00-8917-11ea-9959-8c1645373715','3e453990-8917-11ea-9959-8c1645373715','employee','liked'),('3e4c5d00-8917-11ea-9959-8c1645373715','3e453a08-8917-11ea-9959-8c1645373715','employer','offered'),('3e4c5d00-8917-11ea-9959-8c1645373715','3e453adb-8917-11ea-9959-8c1645373715','employer','offered'),('3e4c5d00-8917-11ea-9959-8c1645373715','3e453bcf-8917-11ea-9959-8c1645373715','employee','liked'),('3e4c5d00-8917-11ea-9959-8c1645373715','3e453cb7-8917-11ea-9959-8c1645373715','employer','available'),('3e4c5d00-8917-11ea-9959-8c1645373715','3e453d36-8917-11ea-9959-8c1645373715','employer','offered'),('3e4c5d00-8917-11ea-9959-8c1645373715','3e453d9d-8917-11ea-9959-8c1645373715','employee','offered'),('3e4c5d00-8917-11ea-9959-8c1645373715','3e453e8c-8917-11ea-9959-8c1645373715','employee','liked'),('3e4c5d00-8917-11ea-9959-8c1645373715','3e453f04-8917-11ea-9959-8c1645373715','employer','offered'),('3e4c5d00-8917-11ea-9959-8c1645373715','3e453f67-8917-11ea-9959-8c1645373715','employee','liked'),('3e4c5d00-8917-11ea-9959-8c1645373715','3e454057-8917-11ea-9959-8c1645373715','employee','offered'),('3e4c5d00-8917-11ea-9959-8c1645373715','3e4540cb-8917-11ea-9959-8c1645373715','employer','offered'),('3e4c5d00-8917-11ea-9959-8c1645373715','3e454210-8917-11ea-9959-8c1645373715','employee','liked'),('3e4c5d00-8917-11ea-9959-8c1645373715','3e454279-8917-11ea-9959-8c1645373715','employer','offered'),('3e4c5d00-8917-11ea-9959-8c1645373715','3e4542dc-8917-11ea-9959-8c1645373715','employer','offered'),('3e4c5d00-8917-11ea-9959-8c1645373715','3e45433b-8917-11ea-9959-8c1645373715','employer','offered'),('3e4c5d00-8917-11ea-9959-8c1645373715','3e454439-8917-11ea-9959-8c1645373715','employer','available'),('3e4c5d00-8917-11ea-9959-8c1645373715','3e45449f-8917-11ea-9959-8c1645373715','employer','offered'),('3e4c5d00-8917-11ea-9959-8c1645373715','3e454510-8917-11ea-9959-8c1645373715','employer','offered'),('3e4c5d00-8917-11ea-9959-8c1645373715','3e4545d9-8917-11ea-9959-8c1645373715','employee','offered'),('3e4c5d00-8917-11ea-9959-8c1645373715','3e454639-8917-11ea-9959-8c1645373715','employer','available'),('3e4c5d00-8917-11ea-9959-8c1645373715','3e4546a2-8917-11ea-9959-8c1645373715','employee','offered'),('3e4c5d00-8917-11ea-9959-8c1645373715','3e454768-8917-11ea-9959-8c1645373715','employee','liked'),('3e4c5d00-8917-11ea-9959-8c1645373715','3e454838-8917-11ea-9959-8c1645373715','employee','liked'),('3e4c5d00-8917-11ea-9959-8c1645373715','3e45489b-8917-11ea-9959-8c1645373715','employer','available'),('3e4c5d00-8917-11ea-9959-8c1645373715','3e4548fd-8917-11ea-9959-8c1645373715','employer','offered'),('3e4c5d00-8917-11ea-9959-8c1645373715','3e45495c-8917-11ea-9959-8c1645373715','employer','offered'),('3e4c5d00-8917-11ea-9959-8c1645373715','3e4549bf-8917-11ea-9959-8c1645373715','employee','liked'),('3e4c5d00-8917-11ea-9959-8c1645373715','3e454a2d-8917-11ea-9959-8c1645373715','employer','offered'),('3e4c5d00-8917-11ea-9959-8c1645373715','3e454b39-8917-11ea-9959-8c1645373715','employee','liked'),('3e4c5e56-8917-11ea-9959-8c1645373715','3e453914-8917-11ea-9959-8c1645373715','employer','available'),('3e4c5e56-8917-11ea-9959-8c1645373715','3e453990-8917-11ea-9959-8c1645373715','employer','available'),('3e4c5e56-8917-11ea-9959-8c1645373715','3e453a72-8917-11ea-9959-8c1645373715','employee','offered'),('3e4c5e56-8917-11ea-9959-8c1645373715','3e453b65-8917-11ea-9959-8c1645373715','employer','available'),('3e4c5e56-8917-11ea-9959-8c1645373715','3e453bcf-8917-11ea-9959-8c1645373715','employer','available'),('3e4c5e56-8917-11ea-9959-8c1645373715','3e453c43-8917-11ea-9959-8c1645373715','employee','liked'),('3e4c5e56-8917-11ea-9959-8c1645373715','3e453d36-8917-11ea-9959-8c1645373715','employer','available'),('3e4c5e56-8917-11ea-9959-8c1645373715','3e453d9d-8917-11ea-9959-8c1645373715','employee','liked'),('3e4c5e56-8917-11ea-9959-8c1645373715','3e453e0e-8917-11ea-9959-8c1645373715','employer','offered'),('3e4c5e56-8917-11ea-9959-8c1645373715','3e453e8c-8917-11ea-9959-8c1645373715','employee','liked'),('3e4c5e56-8917-11ea-9959-8c1645373715','3e453f04-8917-11ea-9959-8c1645373715','employee','offered'),('3e4c5e56-8917-11ea-9959-8c1645373715','3e453f67-8917-11ea-9959-8c1645373715','employee','offered'),('3e4c5e56-8917-11ea-9959-8c1645373715','3e454057-8917-11ea-9959-8c1645373715','employer','available'),('3e4c5e56-8917-11ea-9959-8c1645373715','3e4540cb-8917-11ea-9959-8c1645373715','employer','available'),('3e4c5e56-8917-11ea-9959-8c1645373715','3e454210-8917-11ea-9959-8c1645373715','employee','liked'),('3e4c5e56-8917-11ea-9959-8c1645373715','3e454279-8917-11ea-9959-8c1645373715','employer','available'),('3e4c5e56-8917-11ea-9959-8c1645373715','3e45433b-8917-11ea-9959-8c1645373715','employee','liked'),('3e4c5e56-8917-11ea-9959-8c1645373715','3e454439-8917-11ea-9959-8c1645373715','employee','liked'),('3e4c5e56-8917-11ea-9959-8c1645373715','3e45449f-8917-11ea-9959-8c1645373715','employee','offered'),('3e4c5e56-8917-11ea-9959-8c1645373715','3e454510-8917-11ea-9959-8c1645373715','employer','offered'),('3e4c5e56-8917-11ea-9959-8c1645373715','3e454577-8917-11ea-9959-8c1645373715','employee','offered'),('3e4c5e56-8917-11ea-9959-8c1645373715','3e454639-8917-11ea-9959-8c1645373715','employee','liked'),('3e4c5e56-8917-11ea-9959-8c1645373715','3e454768-8917-11ea-9959-8c1645373715','employee','liked'),('3e4c5e56-8917-11ea-9959-8c1645373715','3e4547d2-8917-11ea-9959-8c1645373715','employee','liked'),('3e4c5e56-8917-11ea-9959-8c1645373715','3e454838-8917-11ea-9959-8c1645373715','employer','offered'),('3e4c5e56-8917-11ea-9959-8c1645373715','3e45495c-8917-11ea-9959-8c1645373715','employee','offered'),('3e4c5e56-8917-11ea-9959-8c1645373715','3e4549bf-8917-11ea-9959-8c1645373715','employer','available'),('3e4c5e56-8917-11ea-9959-8c1645373715','3e454a2d-8917-11ea-9959-8c1645373715','employer','available'),('3e4c5e56-8917-11ea-9959-8c1645373715','3e454b39-8917-11ea-9959-8c1645373715','employer','available'),('3e4c5fa8-8917-11ea-9959-8c1645373715','3e4538aa-8917-11ea-9959-8c1645373715','employee','offered'),('3e4c5fa8-8917-11ea-9959-8c1645373715','3e453914-8917-11ea-9959-8c1645373715','employer','offered'),('3e4c5fa8-8917-11ea-9959-8c1645373715','3e453990-8917-11ea-9959-8c1645373715','employee','liked'),('3e4c5fa8-8917-11ea-9959-8c1645373715','3e453a08-8917-11ea-9959-8c1645373715','employer','available'),('3e4c5fa8-8917-11ea-9959-8c1645373715','3e453adb-8917-11ea-9959-8c1645373715','employer','offered'),('3e4c5fa8-8917-11ea-9959-8c1645373715','3e453bcf-8917-11ea-9959-8c1645373715','employee','offered'),('3e4c5fa8-8917-11ea-9959-8c1645373715','3e453c43-8917-11ea-9959-8c1645373715','employee','offered'),('3e4c5fa8-8917-11ea-9959-8c1645373715','3e453cb7-8917-11ea-9959-8c1645373715','employer','available'),('3e4c5fa8-8917-11ea-9959-8c1645373715','3e453d36-8917-11ea-9959-8c1645373715','employee','liked'),('3e4c5fa8-8917-11ea-9959-8c1645373715','3e453d9d-8917-11ea-9959-8c1645373715','employee','offered'),('3e4c5fa8-8917-11ea-9959-8c1645373715','3e453e8c-8917-11ea-9959-8c1645373715','employee','liked'),('3e4c5fa8-8917-11ea-9959-8c1645373715','3e453f67-8917-11ea-9959-8c1645373715','employee','liked'),('3e4c5fa8-8917-11ea-9959-8c1645373715','3e453fd8-8917-11ea-9959-8c1645373715','employer','offered'),('3e4c5fa8-8917-11ea-9959-8c1645373715','3e454057-8917-11ea-9959-8c1645373715','employer','available'),('3e4c5fa8-8917-11ea-9959-8c1645373715','3e4540cb-8917-11ea-9959-8c1645373715','employer','offered'),('3e4c5fa8-8917-11ea-9959-8c1645373715','3e454139-8917-11ea-9959-8c1645373715','employer','offered'),('3e4c5fa8-8917-11ea-9959-8c1645373715','3e4541a9-8917-11ea-9959-8c1645373715','employer','offered'),('3e4c5fa8-8917-11ea-9959-8c1645373715','3e454210-8917-11ea-9959-8c1645373715','employee','liked'),('3e4c5fa8-8917-11ea-9959-8c1645373715','3e4542dc-8917-11ea-9959-8c1645373715','employee','liked'),('3e4c5fa8-8917-11ea-9959-8c1645373715','3e45433b-8917-11ea-9959-8c1645373715','employee','offered'),('3e4c5fa8-8917-11ea-9959-8c1645373715','3e4543cf-8917-11ea-9959-8c1645373715','employee','liked'),('3e4c5fa8-8917-11ea-9959-8c1645373715','3e45449f-8917-11ea-9959-8c1645373715','employer','available'),('3e4c5fa8-8917-11ea-9959-8c1645373715','3e454510-8917-11ea-9959-8c1645373715','employer','available'),('3e4c5fa8-8917-11ea-9959-8c1645373715','3e454577-8917-11ea-9959-8c1645373715','employer','offered'),('3e4c5fa8-8917-11ea-9959-8c1645373715','3e454639-8917-11ea-9959-8c1645373715','employer','available'),('3e4c5fa8-8917-11ea-9959-8c1645373715','3e454705-8917-11ea-9959-8c1645373715','employee','offered'),('3e4c5fa8-8917-11ea-9959-8c1645373715','3e4547d2-8917-11ea-9959-8c1645373715','employee','liked'),('3e4c5fa8-8917-11ea-9959-8c1645373715','3e454838-8917-11ea-9959-8c1645373715','employee','offered'),('3e4c5fa8-8917-11ea-9959-8c1645373715','3e45489b-8917-11ea-9959-8c1645373715','employer','offered'),('3e4c5fa8-8917-11ea-9959-8c1645373715','3e45495c-8917-11ea-9959-8c1645373715','employer','available'),('3e4c5fa8-8917-11ea-9959-8c1645373715','3e4549bf-8917-11ea-9959-8c1645373715','employer','offered'),('3e4c5fa8-8917-11ea-9959-8c1645373715','3e454a2d-8917-11ea-9959-8c1645373715','employer','available'),('3e4c5fa8-8917-11ea-9959-8c1645373715','3e454aba-8917-11ea-9959-8c1645373715','employee','offered'),('3e4c5fa8-8917-11ea-9959-8c1645373715','3e454b39-8917-11ea-9959-8c1645373715','employer','available'),('3e4c60df-8917-11ea-9959-8c1645373715','3e45383d-8917-11ea-9959-8c1645373715','employer','offered'),('3e4c60df-8917-11ea-9959-8c1645373715','3e4538aa-8917-11ea-9959-8c1645373715','employer','available'),('3e4c60df-8917-11ea-9959-8c1645373715','3e453914-8917-11ea-9959-8c1645373715','employee','liked'),('3e4c60df-8917-11ea-9959-8c1645373715','3e453990-8917-11ea-9959-8c1645373715','employer','available'),('3e4c60df-8917-11ea-9959-8c1645373715','3e453a08-8917-11ea-9959-8c1645373715','employee','offered'),('3e4c60df-8917-11ea-9959-8c1645373715','3e453a72-8917-11ea-9959-8c1645373715','employee','offered'),('3e4c60df-8917-11ea-9959-8c1645373715','3e453c43-8917-11ea-9959-8c1645373715','employee','liked'),('3e4c60df-8917-11ea-9959-8c1645373715','3e453cb7-8917-11ea-9959-8c1645373715','employer','offered'),('3e4c60df-8917-11ea-9959-8c1645373715','3e453d36-8917-11ea-9959-8c1645373715','employee','liked'),('3e4c60df-8917-11ea-9959-8c1645373715','3e453d9d-8917-11ea-9959-8c1645373715','employer','offered'),('3e4c60df-8917-11ea-9959-8c1645373715','3e453e0e-8917-11ea-9959-8c1645373715','employee','liked'),('3e4c60df-8917-11ea-9959-8c1645373715','3e453f04-8917-11ea-9959-8c1645373715','employer','offered'),('3e4c60df-8917-11ea-9959-8c1645373715','3e454057-8917-11ea-9959-8c1645373715','employer','offered'),('3e4c60df-8917-11ea-9959-8c1645373715','3e454210-8917-11ea-9959-8c1645373715','employee','liked'),('3e4c60df-8917-11ea-9959-8c1645373715','3e4542dc-8917-11ea-9959-8c1645373715','employer','available'),('3e4c60df-8917-11ea-9959-8c1645373715','3e45433b-8917-11ea-9959-8c1645373715','employee','offered'),('3e4c60df-8917-11ea-9959-8c1645373715','3e4543cf-8917-11ea-9959-8c1645373715','employee','offered'),('3e4c60df-8917-11ea-9959-8c1645373715','3e454439-8917-11ea-9959-8c1645373715','employer','offered'),('3e4c60df-8917-11ea-9959-8c1645373715','3e45449f-8917-11ea-9959-8c1645373715','employer','offered'),('3e4c60df-8917-11ea-9959-8c1645373715','3e454510-8917-11ea-9959-8c1645373715','employee','liked'),('3e4c60df-8917-11ea-9959-8c1645373715','3e454577-8917-11ea-9959-8c1645373715','employer','available'),('3e4c60df-8917-11ea-9959-8c1645373715','3e4545d9-8917-11ea-9959-8c1645373715','employer','available'),('3e4c60df-8917-11ea-9959-8c1645373715','3e454639-8917-11ea-9959-8c1645373715','employee','offered'),('3e4c60df-8917-11ea-9959-8c1645373715','3e4546a2-8917-11ea-9959-8c1645373715','employee','offered'),('3e4c60df-8917-11ea-9959-8c1645373715','3e454705-8917-11ea-9959-8c1645373715','employer','offered'),('3e4c60df-8917-11ea-9959-8c1645373715','3e454768-8917-11ea-9959-8c1645373715','employer','available'),('3e4c60df-8917-11ea-9959-8c1645373715','3e454838-8917-11ea-9959-8c1645373715','employer','offered'),('3e4c60df-8917-11ea-9959-8c1645373715','3e4548fd-8917-11ea-9959-8c1645373715','employee','offered'),('3e4c60df-8917-11ea-9959-8c1645373715','3e45495c-8917-11ea-9959-8c1645373715','employee','offered'),('3e4c60df-8917-11ea-9959-8c1645373715','3e4549bf-8917-11ea-9959-8c1645373715','employer','offered'),('3e4c60df-8917-11ea-9959-8c1645373715','3e454a2d-8917-11ea-9959-8c1645373715','employee','offered'),('3e4c60df-8917-11ea-9959-8c1645373715','3e454aba-8917-11ea-9959-8c1645373715','employee','liked'),('3e4c60df-8917-11ea-9959-8c1645373715','3e454b39-8917-11ea-9959-8c1645373715','employee','liked'),('3e4c62d4-8917-11ea-9959-8c1645373715','3e45383d-8917-11ea-9959-8c1645373715','employee','liked'),('3e4c62d4-8917-11ea-9959-8c1645373715','3e4538aa-8917-11ea-9959-8c1645373715','employee','offered'),('3e4c62d4-8917-11ea-9959-8c1645373715','3e453914-8917-11ea-9959-8c1645373715','employer','available'),('3e4c62d4-8917-11ea-9959-8c1645373715','3e453990-8917-11ea-9959-8c1645373715','employee','offered'),('3e4c62d4-8917-11ea-9959-8c1645373715','3e453a08-8917-11ea-9959-8c1645373715','employer','available'),('3e4c62d4-8917-11ea-9959-8c1645373715','3e453a72-8917-11ea-9959-8c1645373715','employer','offered'),('3e4c62d4-8917-11ea-9959-8c1645373715','3e453adb-8917-11ea-9959-8c1645373715','employee','liked'),('3e4c62d4-8917-11ea-9959-8c1645373715','3e453c43-8917-11ea-9959-8c1645373715','employer','available'),('3e4c62d4-8917-11ea-9959-8c1645373715','3e453d36-8917-11ea-9959-8c1645373715','employer','available'),('3e4c62d4-8917-11ea-9959-8c1645373715','3e453d9d-8917-11ea-9959-8c1645373715','employer','available'),('3e4c62d4-8917-11ea-9959-8c1645373715','3e453e0e-8917-11ea-9959-8c1645373715','employer','available'),('3e4c62d4-8917-11ea-9959-8c1645373715','3e453f67-8917-11ea-9959-8c1645373715','employee','offered'),('3e4c62d4-8917-11ea-9959-8c1645373715','3e454057-8917-11ea-9959-8c1645373715','employee','liked'),('3e4c62d4-8917-11ea-9959-8c1645373715','3e4540cb-8917-11ea-9959-8c1645373715','employee','offered'),('3e4c62d4-8917-11ea-9959-8c1645373715','3e454139-8917-11ea-9959-8c1645373715','employer','available'),('3e4c62d4-8917-11ea-9959-8c1645373715','3e454210-8917-11ea-9959-8c1645373715','employee','liked'),('3e4c62d4-8917-11ea-9959-8c1645373715','3e454279-8917-11ea-9959-8c1645373715','employee','offered'),('3e4c62d4-8917-11ea-9959-8c1645373715','3e45433b-8917-11ea-9959-8c1645373715','employer','offered'),('3e4c62d4-8917-11ea-9959-8c1645373715','3e4543cf-8917-11ea-9959-8c1645373715','employee','liked'),('3e4c62d4-8917-11ea-9959-8c1645373715','3e454439-8917-11ea-9959-8c1645373715','employee','liked'),('3e4c62d4-8917-11ea-9959-8c1645373715','3e45449f-8917-11ea-9959-8c1645373715','employee','liked'),('3e4c62d4-8917-11ea-9959-8c1645373715','3e454510-8917-11ea-9959-8c1645373715','employer','offered'),('3e4c62d4-8917-11ea-9959-8c1645373715','3e454577-8917-11ea-9959-8c1645373715','employee','liked'),('3e4c62d4-8917-11ea-9959-8c1645373715','3e4545d9-8917-11ea-9959-8c1645373715','employee','offered'),('3e4c62d4-8917-11ea-9959-8c1645373715','3e454768-8917-11ea-9959-8c1645373715','employee','liked'),('3e4c62d4-8917-11ea-9959-8c1645373715','3e4547d2-8917-11ea-9959-8c1645373715','employer','offered'),('3e4c62d4-8917-11ea-9959-8c1645373715','3e454838-8917-11ea-9959-8c1645373715','employee','offered'),('3e4c62d4-8917-11ea-9959-8c1645373715','3e45489b-8917-11ea-9959-8c1645373715','employee','liked'),('3e4c62d4-8917-11ea-9959-8c1645373715','3e4548fd-8917-11ea-9959-8c1645373715','employee','offered'),('3e4c62d4-8917-11ea-9959-8c1645373715','3e4549bf-8917-11ea-9959-8c1645373715','employer','available'),('3e4c62d4-8917-11ea-9959-8c1645373715','3e454aba-8917-11ea-9959-8c1645373715','employee','liked'),('3e4c62d4-8917-11ea-9959-8c1645373715','3e454b39-8917-11ea-9959-8c1645373715','employee','offered'),('3e4c670f-8917-11ea-9959-8c1645373715','3e45383d-8917-11ea-9959-8c1645373715','employer','available'),('3e4c670f-8917-11ea-9959-8c1645373715','3e4538aa-8917-11ea-9959-8c1645373715','employer','available'),('3e4c670f-8917-11ea-9959-8c1645373715','3e453990-8917-11ea-9959-8c1645373715','employee','offered'),('3e4c670f-8917-11ea-9959-8c1645373715','3e453a72-8917-11ea-9959-8c1645373715','employee','offered'),('3e4c670f-8917-11ea-9959-8c1645373715','3e453adb-8917-11ea-9959-8c1645373715','employer','available'),('3e4c670f-8917-11ea-9959-8c1645373715','3e453bcf-8917-11ea-9959-8c1645373715','employer','offered'),('3e4c670f-8917-11ea-9959-8c1645373715','3e453cb7-8917-11ea-9959-8c1645373715','employee','liked'),('3e4c670f-8917-11ea-9959-8c1645373715','3e453d36-8917-11ea-9959-8c1645373715','employee','liked'),('3e4c670f-8917-11ea-9959-8c1645373715','3e453d9d-8917-11ea-9959-8c1645373715','employee','liked'),('3e4c670f-8917-11ea-9959-8c1645373715','3e453e0e-8917-11ea-9959-8c1645373715','employee','offered'),('3e4c670f-8917-11ea-9959-8c1645373715','3e453f04-8917-11ea-9959-8c1645373715','employee','liked'),('3e4c670f-8917-11ea-9959-8c1645373715','3e453f67-8917-11ea-9959-8c1645373715','employer','available'),('3e4c670f-8917-11ea-9959-8c1645373715','3e454057-8917-11ea-9959-8c1645373715','employer','available'),('3e4c670f-8917-11ea-9959-8c1645373715','3e4540cb-8917-11ea-9959-8c1645373715','employee','liked'),('3e4c670f-8917-11ea-9959-8c1645373715','3e454139-8917-11ea-9959-8c1645373715','employer','offered'),('3e4c670f-8917-11ea-9959-8c1645373715','3e454210-8917-11ea-9959-8c1645373715','employee','offered'),('3e4c670f-8917-11ea-9959-8c1645373715','3e454279-8917-11ea-9959-8c1645373715','employee','offered'),('3e4c670f-8917-11ea-9959-8c1645373715','3e45433b-8917-11ea-9959-8c1645373715','employer','available'),('3e4c670f-8917-11ea-9959-8c1645373715','3e454439-8917-11ea-9959-8c1645373715','employer','offered'),('3e4c670f-8917-11ea-9959-8c1645373715','3e454705-8917-11ea-9959-8c1645373715','employee','liked'),('3e4c670f-8917-11ea-9959-8c1645373715','3e454768-8917-11ea-9959-8c1645373715','employer','available'),('3e4c670f-8917-11ea-9959-8c1645373715','3e4547d2-8917-11ea-9959-8c1645373715','employee','liked'),('3e4c670f-8917-11ea-9959-8c1645373715','3e454838-8917-11ea-9959-8c1645373715','employee','liked'),('3e4c670f-8917-11ea-9959-8c1645373715','3e45489b-8917-11ea-9959-8c1645373715','employee','liked'),('3e4c670f-8917-11ea-9959-8c1645373715','3e4548fd-8917-11ea-9959-8c1645373715','employee','offered'),('3e4c670f-8917-11ea-9959-8c1645373715','3e45495c-8917-11ea-9959-8c1645373715','employee','liked'),('3e4c670f-8917-11ea-9959-8c1645373715','3e4549bf-8917-11ea-9959-8c1645373715','employee','liked'),('3e4c670f-8917-11ea-9959-8c1645373715','3e454a2d-8917-11ea-9959-8c1645373715','employee','liked'),('3e4c670f-8917-11ea-9959-8c1645373715','3e454aba-8917-11ea-9959-8c1645373715','employee','offered'),('3e4c670f-8917-11ea-9959-8c1645373715','3e454b39-8917-11ea-9959-8c1645373715','employer','offered'),('3e4c6896-8917-11ea-9959-8c1645373715','3e4538aa-8917-11ea-9959-8c1645373715','employee','offered'),('3e4c6896-8917-11ea-9959-8c1645373715','3e453990-8917-11ea-9959-8c1645373715','employee','liked'),('3e4c6896-8917-11ea-9959-8c1645373715','3e453a72-8917-11ea-9959-8c1645373715','employer','available'),('3e4c6896-8917-11ea-9959-8c1645373715','3e453adb-8917-11ea-9959-8c1645373715','employer','available'),('3e4c6896-8917-11ea-9959-8c1645373715','3e453bcf-8917-11ea-9959-8c1645373715','employer','available'),('3e4c6896-8917-11ea-9959-8c1645373715','3e453d36-8917-11ea-9959-8c1645373715','employer','available'),('3e4c6896-8917-11ea-9959-8c1645373715','3e453d9d-8917-11ea-9959-8c1645373715','employee','liked'),('3e4c6896-8917-11ea-9959-8c1645373715','3e453e0e-8917-11ea-9959-8c1645373715','employee','offered'),('3e4c6896-8917-11ea-9959-8c1645373715','3e453f04-8917-11ea-9959-8c1645373715','employee','liked'),('3e4c6896-8917-11ea-9959-8c1645373715','3e453fd8-8917-11ea-9959-8c1645373715','employer','offered'),('3e4c6896-8917-11ea-9959-8c1645373715','3e454057-8917-11ea-9959-8c1645373715','employee','offered'),('3e4c6896-8917-11ea-9959-8c1645373715','3e4540cb-8917-11ea-9959-8c1645373715','employer','offered'),('3e4c6896-8917-11ea-9959-8c1645373715','3e454139-8917-11ea-9959-8c1645373715','employee','liked'),('3e4c6896-8917-11ea-9959-8c1645373715','3e454210-8917-11ea-9959-8c1645373715','employee','offered'),('3e4c6896-8917-11ea-9959-8c1645373715','3e454279-8917-11ea-9959-8c1645373715','employee','liked'),('3e4c6896-8917-11ea-9959-8c1645373715','3e45433b-8917-11ea-9959-8c1645373715','employee','liked'),('3e4c6896-8917-11ea-9959-8c1645373715','3e4543cf-8917-11ea-9959-8c1645373715','employer','available'),('3e4c6896-8917-11ea-9959-8c1645373715','3e45449f-8917-11ea-9959-8c1645373715','employee','offered'),('3e4c6896-8917-11ea-9959-8c1645373715','3e454577-8917-11ea-9959-8c1645373715','employer','offered'),('3e4c6896-8917-11ea-9959-8c1645373715','3e454639-8917-11ea-9959-8c1645373715','employer','available'),('3e4c6896-8917-11ea-9959-8c1645373715','3e4546a2-8917-11ea-9959-8c1645373715','employee','liked'),('3e4c6896-8917-11ea-9959-8c1645373715','3e4547d2-8917-11ea-9959-8c1645373715','employer','offered'),('3e4c6896-8917-11ea-9959-8c1645373715','3e454838-8917-11ea-9959-8c1645373715','employer','offered'),('3e4c6896-8917-11ea-9959-8c1645373715','3e45489b-8917-11ea-9959-8c1645373715','employee','liked'),('3e4c6896-8917-11ea-9959-8c1645373715','3e4548fd-8917-11ea-9959-8c1645373715','employer','available'),('3e4c6896-8917-11ea-9959-8c1645373715','3e45495c-8917-11ea-9959-8c1645373715','employer','offered'),('3e4c6896-8917-11ea-9959-8c1645373715','3e4549bf-8917-11ea-9959-8c1645373715','employer','available'),('3e4c6896-8917-11ea-9959-8c1645373715','3e454aba-8917-11ea-9959-8c1645373715','employer','available'),('3e4c6896-8917-11ea-9959-8c1645373715','3e454b39-8917-11ea-9959-8c1645373715','employee','offered'),('3e4c6a72-8917-11ea-9959-8c1645373715','3e45383d-8917-11ea-9959-8c1645373715','employer','offered'),('3e4c6a72-8917-11ea-9959-8c1645373715','3e453990-8917-11ea-9959-8c1645373715','employer','offered'),('3e4c6a72-8917-11ea-9959-8c1645373715','3e453a72-8917-11ea-9959-8c1645373715','employee','offered'),('3e4c6a72-8917-11ea-9959-8c1645373715','3e453b65-8917-11ea-9959-8c1645373715','employee','offered'),('3e4c6a72-8917-11ea-9959-8c1645373715','3e453bcf-8917-11ea-9959-8c1645373715','employee','offered'),('3e4c6a72-8917-11ea-9959-8c1645373715','3e453c43-8917-11ea-9959-8c1645373715','employee','offered'),('3e4c6a72-8917-11ea-9959-8c1645373715','3e453cb7-8917-11ea-9959-8c1645373715','employee','offered'),('3e4c6a72-8917-11ea-9959-8c1645373715','3e453d36-8917-11ea-9959-8c1645373715','employer','offered'),('3e4c6a72-8917-11ea-9959-8c1645373715','3e453d9d-8917-11ea-9959-8c1645373715','employee','liked'),('3e4c6a72-8917-11ea-9959-8c1645373715','3e453f04-8917-11ea-9959-8c1645373715','employer','available'),('3e4c6a72-8917-11ea-9959-8c1645373715','3e453f67-8917-11ea-9959-8c1645373715','employer','available'),('3e4c6a72-8917-11ea-9959-8c1645373715','3e453fd8-8917-11ea-9959-8c1645373715','employee','offered'),('3e4c6a72-8917-11ea-9959-8c1645373715','3e454057-8917-11ea-9959-8c1645373715','employer','available'),('3e4c6a72-8917-11ea-9959-8c1645373715','3e4540cb-8917-11ea-9959-8c1645373715','employer','offered'),('3e4c6a72-8917-11ea-9959-8c1645373715','3e454139-8917-11ea-9959-8c1645373715','employer','available'),('3e4c6a72-8917-11ea-9959-8c1645373715','3e454210-8917-11ea-9959-8c1645373715','employer','available'),('3e4c6a72-8917-11ea-9959-8c1645373715','3e4542dc-8917-11ea-9959-8c1645373715','employer','available'),('3e4c6a72-8917-11ea-9959-8c1645373715','3e45433b-8917-11ea-9959-8c1645373715','employee','offered'),('3e4c6a72-8917-11ea-9959-8c1645373715','3e4543cf-8917-11ea-9959-8c1645373715','employer','offered'),('3e4c6a72-8917-11ea-9959-8c1645373715','3e45449f-8917-11ea-9959-8c1645373715','employer','available'),('3e4c6a72-8917-11ea-9959-8c1645373715','3e454510-8917-11ea-9959-8c1645373715','employee','liked'),('3e4c6a72-8917-11ea-9959-8c1645373715','3e454577-8917-11ea-9959-8c1645373715','employer','offered'),('3e4c6a72-8917-11ea-9959-8c1645373715','3e4545d9-8917-11ea-9959-8c1645373715','employer','available'),('3e4c6a72-8917-11ea-9959-8c1645373715','3e454768-8917-11ea-9959-8c1645373715','employer','offered'),('3e4c6a72-8917-11ea-9959-8c1645373715','3e4547d2-8917-11ea-9959-8c1645373715','employer','offered'),('3e4c6a72-8917-11ea-9959-8c1645373715','3e454838-8917-11ea-9959-8c1645373715','employer','available'),('3e4c6a72-8917-11ea-9959-8c1645373715','3e45489b-8917-11ea-9959-8c1645373715','employee','liked'),('3e4c6a72-8917-11ea-9959-8c1645373715','3e4548fd-8917-11ea-9959-8c1645373715','employee','offered'),('3e4c6a72-8917-11ea-9959-8c1645373715','3e45495c-8917-11ea-9959-8c1645373715','employee','liked'),('3e4c6a72-8917-11ea-9959-8c1645373715','3e4549bf-8917-11ea-9959-8c1645373715','employer','available'),('3e4c6a72-8917-11ea-9959-8c1645373715','3e454aba-8917-11ea-9959-8c1645373715','employee','offered'),('3e4c6a72-8917-11ea-9959-8c1645373715','3e454b39-8917-11ea-9959-8c1645373715','employee','liked'),('3e4c6e07-8917-11ea-9959-8c1645373715','3e45383d-8917-11ea-9959-8c1645373715','employee','offered'),('3e4c6e07-8917-11ea-9959-8c1645373715','3e453914-8917-11ea-9959-8c1645373715','employer','available'),('3e4c6e07-8917-11ea-9959-8c1645373715','3e453990-8917-11ea-9959-8c1645373715','employee','offered'),('3e4c6e07-8917-11ea-9959-8c1645373715','3e453a08-8917-11ea-9959-8c1645373715','employee','liked'),('3e4c6e07-8917-11ea-9959-8c1645373715','3e453a72-8917-11ea-9959-8c1645373715','employee','offered'),('3e4c6e07-8917-11ea-9959-8c1645373715','3e453bcf-8917-11ea-9959-8c1645373715','employee','liked'),('3e4c6e07-8917-11ea-9959-8c1645373715','3e453c43-8917-11ea-9959-8c1645373715','employee','liked'),('3e4c6e07-8917-11ea-9959-8c1645373715','3e453cb7-8917-11ea-9959-8c1645373715','employer','available'),('3e4c6e07-8917-11ea-9959-8c1645373715','3e453d36-8917-11ea-9959-8c1645373715','employee','liked'),('3e4c6e07-8917-11ea-9959-8c1645373715','3e453d9d-8917-11ea-9959-8c1645373715','employer','available'),('3e4c6e07-8917-11ea-9959-8c1645373715','3e453e0e-8917-11ea-9959-8c1645373715','employer','offered'),('3e4c6e07-8917-11ea-9959-8c1645373715','3e453f04-8917-11ea-9959-8c1645373715','employer','offered'),('3e4c6e07-8917-11ea-9959-8c1645373715','3e453f67-8917-11ea-9959-8c1645373715','employee','liked'),('3e4c6e07-8917-11ea-9959-8c1645373715','3e454057-8917-11ea-9959-8c1645373715','employee','offered'),('3e4c6e07-8917-11ea-9959-8c1645373715','3e454139-8917-11ea-9959-8c1645373715','employee','liked'),('3e4c6e07-8917-11ea-9959-8c1645373715','3e454210-8917-11ea-9959-8c1645373715','employee','offered'),('3e4c6e07-8917-11ea-9959-8c1645373715','3e454279-8917-11ea-9959-8c1645373715','employer','available'),('3e4c6e07-8917-11ea-9959-8c1645373715','3e45433b-8917-11ea-9959-8c1645373715','employee','liked'),('3e4c6e07-8917-11ea-9959-8c1645373715','3e454577-8917-11ea-9959-8c1645373715','employer','available'),('3e4c6e07-8917-11ea-9959-8c1645373715','3e454639-8917-11ea-9959-8c1645373715','employee','offered'),('3e4c6e07-8917-11ea-9959-8c1645373715','3e454705-8917-11ea-9959-8c1645373715','employer','available'),('3e4c6e07-8917-11ea-9959-8c1645373715','3e454768-8917-11ea-9959-8c1645373715','employee','liked'),('3e4c6e07-8917-11ea-9959-8c1645373715','3e4547d2-8917-11ea-9959-8c1645373715','employee','offered'),('3e4c6e07-8917-11ea-9959-8c1645373715','3e454838-8917-11ea-9959-8c1645373715','employee','offered'),('3e4c6e07-8917-11ea-9959-8c1645373715','3e45495c-8917-11ea-9959-8c1645373715','employer','available'),('3e4c6e07-8917-11ea-9959-8c1645373715','3e4549bf-8917-11ea-9959-8c1645373715','employee','liked'),('3e4c6e07-8917-11ea-9959-8c1645373715','3e454a2d-8917-11ea-9959-8c1645373715','employer','available'),('3e4c6e07-8917-11ea-9959-8c1645373715','3e454b39-8917-11ea-9959-8c1645373715','employer','available'),('3e4c70dd-8917-11ea-9959-8c1645373715','3e45383d-8917-11ea-9959-8c1645373715','employer','offered'),('3e4c70dd-8917-11ea-9959-8c1645373715','3e453990-8917-11ea-9959-8c1645373715','employer','available'),('3e4c70dd-8917-11ea-9959-8c1645373715','3e453a08-8917-11ea-9959-8c1645373715','employer','offered'),('3e4c70dd-8917-11ea-9959-8c1645373715','3e453a72-8917-11ea-9959-8c1645373715','employer','offered'),('3e4c70dd-8917-11ea-9959-8c1645373715','3e453adb-8917-11ea-9959-8c1645373715','employer','offered'),('3e4c70dd-8917-11ea-9959-8c1645373715','3e453bcf-8917-11ea-9959-8c1645373715','employer','offered'),('3e4c70dd-8917-11ea-9959-8c1645373715','3e453c43-8917-11ea-9959-8c1645373715','employee','liked'),('3e4c70dd-8917-11ea-9959-8c1645373715','3e453cb7-8917-11ea-9959-8c1645373715','employer','offered'),('3e4c70dd-8917-11ea-9959-8c1645373715','3e453d36-8917-11ea-9959-8c1645373715','employer','offered'),('3e4c70dd-8917-11ea-9959-8c1645373715','3e453d9d-8917-11ea-9959-8c1645373715','employer','available'),('3e4c70dd-8917-11ea-9959-8c1645373715','3e453e0e-8917-11ea-9959-8c1645373715','employee','liked'),('3e4c70dd-8917-11ea-9959-8c1645373715','3e453f04-8917-11ea-9959-8c1645373715','employer','available'),('3e4c70dd-8917-11ea-9959-8c1645373715','3e453f67-8917-11ea-9959-8c1645373715','employer','available'),('3e4c70dd-8917-11ea-9959-8c1645373715','3e453fd8-8917-11ea-9959-8c1645373715','employer','offered'),('3e4c70dd-8917-11ea-9959-8c1645373715','3e454057-8917-11ea-9959-8c1645373715','employee','offered'),('3e4c70dd-8917-11ea-9959-8c1645373715','3e4540cb-8917-11ea-9959-8c1645373715','employee','liked'),('3e4c70dd-8917-11ea-9959-8c1645373715','3e454139-8917-11ea-9959-8c1645373715','employer','available'),('3e4c70dd-8917-11ea-9959-8c1645373715','3e4541a9-8917-11ea-9959-8c1645373715','employee','liked'),('3e4c70dd-8917-11ea-9959-8c1645373715','3e454210-8917-11ea-9959-8c1645373715','employee','offered'),('3e4c70dd-8917-11ea-9959-8c1645373715','3e454279-8917-11ea-9959-8c1645373715','employee','offered'),('3e4c70dd-8917-11ea-9959-8c1645373715','3e4542dc-8917-11ea-9959-8c1645373715','employee','offered'),('3e4c70dd-8917-11ea-9959-8c1645373715','3e45433b-8917-11ea-9959-8c1645373715','employee','liked'),('3e4c70dd-8917-11ea-9959-8c1645373715','3e4543cf-8917-11ea-9959-8c1645373715','employee','offered'),('3e4c70dd-8917-11ea-9959-8c1645373715','3e454439-8917-11ea-9959-8c1645373715','employer','available'),('3e4c70dd-8917-11ea-9959-8c1645373715','3e454510-8917-11ea-9959-8c1645373715','employer','offered'),('3e4c70dd-8917-11ea-9959-8c1645373715','3e4545d9-8917-11ea-9959-8c1645373715','employee','liked'),('3e4c70dd-8917-11ea-9959-8c1645373715','3e454639-8917-11ea-9959-8c1645373715','employee','offered'),('3e4c70dd-8917-11ea-9959-8c1645373715','3e4546a2-8917-11ea-9959-8c1645373715','employee','offered'),('3e4c70dd-8917-11ea-9959-8c1645373715','3e454705-8917-11ea-9959-8c1645373715','employee','liked'),('3e4c70dd-8917-11ea-9959-8c1645373715','3e454768-8917-11ea-9959-8c1645373715','employee','liked'),('3e4c70dd-8917-11ea-9959-8c1645373715','3e454838-8917-11ea-9959-8c1645373715','employee','offered'),('3e4c70dd-8917-11ea-9959-8c1645373715','3e45489b-8917-11ea-9959-8c1645373715','employee','liked'),('3e4c70dd-8917-11ea-9959-8c1645373715','3e4548fd-8917-11ea-9959-8c1645373715','employee','offered'),('3e4c70dd-8917-11ea-9959-8c1645373715','3e45495c-8917-11ea-9959-8c1645373715','employer','offered'),('3e4c70dd-8917-11ea-9959-8c1645373715','3e4549bf-8917-11ea-9959-8c1645373715','employee','offered'),('3e4c70dd-8917-11ea-9959-8c1645373715','3e454aba-8917-11ea-9959-8c1645373715','employee','liked'),('3e4c70dd-8917-11ea-9959-8c1645373715','3e454b39-8917-11ea-9959-8c1645373715','employee','offered'),('3e4c7217-8917-11ea-9959-8c1645373715','3e45383d-8917-11ea-9959-8c1645373715','employee','offered'),('3e4c7217-8917-11ea-9959-8c1645373715','3e4538aa-8917-11ea-9959-8c1645373715','employer','available'),('3e4c7217-8917-11ea-9959-8c1645373715','3e453990-8917-11ea-9959-8c1645373715','employer','available'),('3e4c7217-8917-11ea-9959-8c1645373715','3e453a08-8917-11ea-9959-8c1645373715','employer','offered'),('3e4c7217-8917-11ea-9959-8c1645373715','3e453a72-8917-11ea-9959-8c1645373715','employer','offered'),('3e4c7217-8917-11ea-9959-8c1645373715','3e453adb-8917-11ea-9959-8c1645373715','employee','offered'),('3e4c7217-8917-11ea-9959-8c1645373715','3e453b65-8917-11ea-9959-8c1645373715','employer','available'),('3e4c7217-8917-11ea-9959-8c1645373715','3e453bcf-8917-11ea-9959-8c1645373715','employee','offered'),('3e4c7217-8917-11ea-9959-8c1645373715','3e453d36-8917-11ea-9959-8c1645373715','employer','available'),('3e4c7217-8917-11ea-9959-8c1645373715','3e453d9d-8917-11ea-9959-8c1645373715','employer','available'),('3e4c7217-8917-11ea-9959-8c1645373715','3e453e0e-8917-11ea-9959-8c1645373715','employer','offered'),('3e4c7217-8917-11ea-9959-8c1645373715','3e453f67-8917-11ea-9959-8c1645373715','employee','offered'),('3e4c7217-8917-11ea-9959-8c1645373715','3e454057-8917-11ea-9959-8c1645373715','employer','offered'),('3e4c7217-8917-11ea-9959-8c1645373715','3e4540cb-8917-11ea-9959-8c1645373715','employee','offered'),('3e4c7217-8917-11ea-9959-8c1645373715','3e454210-8917-11ea-9959-8c1645373715','employer','available'),('3e4c7217-8917-11ea-9959-8c1645373715','3e4543cf-8917-11ea-9959-8c1645373715','employee','offered'),('3e4c7217-8917-11ea-9959-8c1645373715','3e454439-8917-11ea-9959-8c1645373715','employee','liked'),('3e4c7217-8917-11ea-9959-8c1645373715','3e45449f-8917-11ea-9959-8c1645373715','employee','offered'),('3e4c7217-8917-11ea-9959-8c1645373715','3e454510-8917-11ea-9959-8c1645373715','employee','offered'),('3e4c7217-8917-11ea-9959-8c1645373715','3e454577-8917-11ea-9959-8c1645373715','employer','offered'),('3e4c7217-8917-11ea-9959-8c1645373715','3e4546a2-8917-11ea-9959-8c1645373715','employee','offered'),('3e4c7217-8917-11ea-9959-8c1645373715','3e454705-8917-11ea-9959-8c1645373715','employee','offered'),('3e4c7217-8917-11ea-9959-8c1645373715','3e4547d2-8917-11ea-9959-8c1645373715','employer','available'),('3e4c7217-8917-11ea-9959-8c1645373715','3e454838-8917-11ea-9959-8c1645373715','employee','liked'),('3e4c7217-8917-11ea-9959-8c1645373715','3e45489b-8917-11ea-9959-8c1645373715','employer','available'),('3e4c7217-8917-11ea-9959-8c1645373715','3e45495c-8917-11ea-9959-8c1645373715','employer','available'),('3e4c7217-8917-11ea-9959-8c1645373715','3e4549bf-8917-11ea-9959-8c1645373715','employer','offered'),('3e4c7217-8917-11ea-9959-8c1645373715','3e454a2d-8917-11ea-9959-8c1645373715','employee','liked'),('3e4c7217-8917-11ea-9959-8c1645373715','3e454b39-8917-11ea-9959-8c1645373715','employee','offered'),('3e4c733f-8917-11ea-9959-8c1645373715','3e45383d-8917-11ea-9959-8c1645373715','employer','available'),('3e4c733f-8917-11ea-9959-8c1645373715','3e4538aa-8917-11ea-9959-8c1645373715','employer','available'),('3e4c733f-8917-11ea-9959-8c1645373715','3e453914-8917-11ea-9959-8c1645373715','employer','available'),('3e4c733f-8917-11ea-9959-8c1645373715','3e453990-8917-11ea-9959-8c1645373715','employee','offered'),('3e4c733f-8917-11ea-9959-8c1645373715','3e453a08-8917-11ea-9959-8c1645373715','employer','available'),('3e4c733f-8917-11ea-9959-8c1645373715','3e453a72-8917-11ea-9959-8c1645373715','employee','liked'),('3e4c733f-8917-11ea-9959-8c1645373715','3e453bcf-8917-11ea-9959-8c1645373715','employee','offered'),('3e4c733f-8917-11ea-9959-8c1645373715','3e453c43-8917-11ea-9959-8c1645373715','employer','available'),('3e4c733f-8917-11ea-9959-8c1645373715','3e453cb7-8917-11ea-9959-8c1645373715','employee','liked'),('3e4c733f-8917-11ea-9959-8c1645373715','3e453d36-8917-11ea-9959-8c1645373715','employee','offered'),('3e4c733f-8917-11ea-9959-8c1645373715','3e453d9d-8917-11ea-9959-8c1645373715','employee','offered'),('3e4c733f-8917-11ea-9959-8c1645373715','3e453e0e-8917-11ea-9959-8c1645373715','employer','offered'),('3e4c733f-8917-11ea-9959-8c1645373715','3e453e8c-8917-11ea-9959-8c1645373715','employee','offered'),('3e4c733f-8917-11ea-9959-8c1645373715','3e453f04-8917-11ea-9959-8c1645373715','employee','offered'),('3e4c733f-8917-11ea-9959-8c1645373715','3e453f67-8917-11ea-9959-8c1645373715','employer','available'),('3e4c733f-8917-11ea-9959-8c1645373715','3e453fd8-8917-11ea-9959-8c1645373715','employer','offered'),('3e4c733f-8917-11ea-9959-8c1645373715','3e454057-8917-11ea-9959-8c1645373715','employee','liked'),('3e4c733f-8917-11ea-9959-8c1645373715','3e4540cb-8917-11ea-9959-8c1645373715','employee','liked'),('3e4c733f-8917-11ea-9959-8c1645373715','3e4541a9-8917-11ea-9959-8c1645373715','employer','offered'),('3e4c733f-8917-11ea-9959-8c1645373715','3e454210-8917-11ea-9959-8c1645373715','employer','offered'),('3e4c733f-8917-11ea-9959-8c1645373715','3e454279-8917-11ea-9959-8c1645373715','employee','liked'),('3e4c733f-8917-11ea-9959-8c1645373715','3e45433b-8917-11ea-9959-8c1645373715','employer','available'),('3e4c733f-8917-11ea-9959-8c1645373715','3e4543cf-8917-11ea-9959-8c1645373715','employer','available'),('3e4c733f-8917-11ea-9959-8c1645373715','3e45449f-8917-11ea-9959-8c1645373715','employee','liked'),('3e4c733f-8917-11ea-9959-8c1645373715','3e454639-8917-11ea-9959-8c1645373715','employer','offered'),('3e4c733f-8917-11ea-9959-8c1645373715','3e4546a2-8917-11ea-9959-8c1645373715','employee','liked'),('3e4c733f-8917-11ea-9959-8c1645373715','3e454768-8917-11ea-9959-8c1645373715','employee','liked'),('3e4c733f-8917-11ea-9959-8c1645373715','3e4547d2-8917-11ea-9959-8c1645373715','employer','offered'),('3e4c733f-8917-11ea-9959-8c1645373715','3e454838-8917-11ea-9959-8c1645373715','employee','liked'),('3e4c733f-8917-11ea-9959-8c1645373715','3e4548fd-8917-11ea-9959-8c1645373715','employee','offered'),('3e4c733f-8917-11ea-9959-8c1645373715','3e45495c-8917-11ea-9959-8c1645373715','employee','offered'),('3e4c733f-8917-11ea-9959-8c1645373715','3e4549bf-8917-11ea-9959-8c1645373715','employer','offered'),('3e4c733f-8917-11ea-9959-8c1645373715','3e454a2d-8917-11ea-9959-8c1645373715','employee','offered'),('3e4c733f-8917-11ea-9959-8c1645373715','3e454aba-8917-11ea-9959-8c1645373715','employer','available'),('3e4c733f-8917-11ea-9959-8c1645373715','3e454b39-8917-11ea-9959-8c1645373715','employer','available'),('3e4c746b-8917-11ea-9959-8c1645373715','3e4538aa-8917-11ea-9959-8c1645373715','employer','available'),('3e4c746b-8917-11ea-9959-8c1645373715','3e453914-8917-11ea-9959-8c1645373715','employee','offered'),('3e4c746b-8917-11ea-9959-8c1645373715','3e453990-8917-11ea-9959-8c1645373715','employer','available'),('3e4c746b-8917-11ea-9959-8c1645373715','3e453a08-8917-11ea-9959-8c1645373715','employee','liked'),('3e4c746b-8917-11ea-9959-8c1645373715','3e453a72-8917-11ea-9959-8c1645373715','employer','available'),('3e4c746b-8917-11ea-9959-8c1645373715','3e453adb-8917-11ea-9959-8c1645373715','employer','available'),('3e4c746b-8917-11ea-9959-8c1645373715','3e453b65-8917-11ea-9959-8c1645373715','employee','liked'),('3e4c746b-8917-11ea-9959-8c1645373715','3e453bcf-8917-11ea-9959-8c1645373715','employer','available'),('3e4c746b-8917-11ea-9959-8c1645373715','3e453c43-8917-11ea-9959-8c1645373715','employee','offered'),('3e4c746b-8917-11ea-9959-8c1645373715','3e453cb7-8917-11ea-9959-8c1645373715','employee','liked'),('3e4c746b-8917-11ea-9959-8c1645373715','3e453d36-8917-11ea-9959-8c1645373715','employer','offered'),('3e4c746b-8917-11ea-9959-8c1645373715','3e453d9d-8917-11ea-9959-8c1645373715','employer','offered'),('3e4c746b-8917-11ea-9959-8c1645373715','3e453e0e-8917-11ea-9959-8c1645373715','employer','available'),('3e4c746b-8917-11ea-9959-8c1645373715','3e453f04-8917-11ea-9959-8c1645373715','employee','liked'),('3e4c746b-8917-11ea-9959-8c1645373715','3e4540cb-8917-11ea-9959-8c1645373715','employee','liked'),('3e4c746b-8917-11ea-9959-8c1645373715','3e454139-8917-11ea-9959-8c1645373715','employee','offered'),('3e4c746b-8917-11ea-9959-8c1645373715','3e4541a9-8917-11ea-9959-8c1645373715','employer','available'),('3e4c746b-8917-11ea-9959-8c1645373715','3e454210-8917-11ea-9959-8c1645373715','employer','available'),('3e4c746b-8917-11ea-9959-8c1645373715','3e454279-8917-11ea-9959-8c1645373715','employee','liked'),('3e4c746b-8917-11ea-9959-8c1645373715','3e45433b-8917-11ea-9959-8c1645373715','employer','available'),('3e4c746b-8917-11ea-9959-8c1645373715','3e454439-8917-11ea-9959-8c1645373715','employer','available'),('3e4c746b-8917-11ea-9959-8c1645373715','3e45449f-8917-11ea-9959-8c1645373715','employee','liked'),('3e4c746b-8917-11ea-9959-8c1645373715','3e454639-8917-11ea-9959-8c1645373715','employee','offered'),('3e4c746b-8917-11ea-9959-8c1645373715','3e454768-8917-11ea-9959-8c1645373715','employee','offered'),('3e4c746b-8917-11ea-9959-8c1645373715','3e4547d2-8917-11ea-9959-8c1645373715','employee','liked'),('3e4c746b-8917-11ea-9959-8c1645373715','3e454838-8917-11ea-9959-8c1645373715','employer','offered'),('3e4c746b-8917-11ea-9959-8c1645373715','3e45489b-8917-11ea-9959-8c1645373715','employee','offered'),('3e4c746b-8917-11ea-9959-8c1645373715','3e4549bf-8917-11ea-9959-8c1645373715','employee','offered'),('3e4c746b-8917-11ea-9959-8c1645373715','3e454a2d-8917-11ea-9959-8c1645373715','employee','liked'),('3e4c746b-8917-11ea-9959-8c1645373715','3e454b39-8917-11ea-9959-8c1645373715','employer','available');
/*!40000 ALTER TABLE `jobinterest` ENABLE KEYS */;
UNLOCK TABLES;

--
-- Table structure for table `jobs`
--

DROP TABLE IF EXISTS `jobs`;
/*!40101 SET @saved_cs_client     = @@character_set_client */;
/*!50503 SET character_set_client = utf8mb4 */;
CREATE TABLE `jobs` (
  `jobId` char(36) NOT NULL,
  `employer` char(36) NOT NULL,
  `role` char(36) NOT NULL,
  `contactName` char(100) DEFAULT NULL,
  `contactNumber` char(30) DEFAULT NULL,
  `contactEmail` char(100) DEFAULT NULL,
  `jobTitle` varchar(200) NOT NULL,
  `payRate` float DEFAULT NULL,
  `startDate` date DEFAULT NULL,
  `workLocation` varchar(36) NOT NULL,
  `description` varchar(100) DEFAULT NULL,
  `bonus` tinyint(1) NOT NULL DEFAULT '0',
  `accomodation` tinyint(1) NOT NULL DEFAULT '0',
  PRIMARY KEY (`jobId`),
  KEY `employer` (`employer`),
  KEY `role` (`role`),
  KEY `workLocation` (`workLocation`),
  CONSTRAINT `jobs_ibfk_1` FOREIGN KEY (`employer`) REFERENCES `employers` (`id`),
  CONSTRAINT `jobs_ibfk_2` FOREIGN KEY (`role`) REFERENCES `roles` (`id`),
  CONSTRAINT `jobs_ibfk_3` FOREIGN KEY (`workLocation`) REFERENCES `locations` (`id`)
) ENGINE=InnoDB DEFAULT CHARSET=utf8mb4 COLLATE=utf8mb4_0900_ai_ci;
/*!40101 SET character_set_client = @saved_cs_client */;

--
-- Dumping data for table `jobs`
--

LOCK TABLES `jobs` WRITE;
/*!40000 ALTER TABLE `jobs` DISABLE KEYS */;
INSERT INTO `jobs` VALUES ('3e4c39a1-8917-11ea-9959-8c1645373715','3e452de1-8917-11ea-9959-8c1645373715','3e4723a8-8917-11ea-9959-8c1645373715','Asha Wintheiser','1-729-518-7070 x424','Chester58@hotmail.com','deserunt ipsam dolor est fuga doloribus ad reprehenderit aut voluptas temporibus eaque odio facilis qui eum quo nulla sit ullam illum',10,'2022-11-29','3e47f709-8917-11ea-9959-8c1645373715','Velit omnis accusamus voluptatem ullam ipsum at accusamus quam.',1,0),('3e4c4d81-8917-11ea-9959-8c1645373715','3e4537d0-8917-11ea-9959-8c1645373715','3e4725f9-8917-11ea-9959-8c1645373715','Brody Pacocha','430.580.8623','Mariam.Nader76@yahoo.com','molestiae natus ut ad quo facere soluta',20,'2022-01-18','3e47f62f-8917-11ea-9959-8c1645373715','Dignissimos ipsa in.',0,1),('3e4c4fea-8917-11ea-9959-8c1645373715','3e452ee3-8917-11ea-9959-8c1645373715','3e4723a8-8917-11ea-9959-8c1645373715','Otho Hackett','775-830-4877','Allie98@yahoo.com','voluptas quos similique quas et consequatur qui natus mollitia ut accusantium cumque voluptatem corrupti deserunt tempora vitae quod accusamus repudiandae expedita voluptatibus quis',20,'2021-01-19','3e480271-8917-11ea-9959-8c1645373715','Ad et vel pariatur rerum minus repellat voluptatem nobis porro.',0,0),('3e4c5229-8917-11ea-9959-8c1645373715','3e452ee3-8917-11ea-9959-8c1645373715','3e471a2e-8917-11ea-9959-8c1645373715','Damien Wuckert','1-162-044-9798','Kyla21@gmail.com','incidunt sed eos qui consequatur tempora',10,'2022-12-17','3e480715-8917-11ea-9959-8c1645373715','Odit minus quis id modi quam.',0,1),('3e4c53e5-8917-11ea-9959-8c1645373715','3e452ee3-8917-11ea-9959-8c1645373715','3e471e7e-8917-11ea-9959-8c1645373715','Madge Schuppe','046-096-6985','Rhea_Schinner@gmail.com','sint dolore perspiciatis molestias quaerat illum est sed cum molestiae distinctio enim incidunt vero',10,'2022-07-07','3e480641-8917-11ea-9959-8c1645373715','Asperiores laboriosam delectus vero quidem possimus id possimus reiciendis nesciunt.',1,0),('3e4c56c6-8917-11ea-9959-8c1645373715','3e452f73-8917-11ea-9959-8c1645373715','3e472452-8917-11ea-9959-8c1645373715','Tressie Marvin III','(232) 650-2254','Keon_Dickinson27@gmail.com','et nam minus ullam vitae ab voluptas qui totam nam eum odit voluptatem vel eius voluptatem perspiciatis excepturi nemo quisquam accusantium ab',10,'2022-02-20','3e47d18b-8917-11ea-9959-8c1645373715','Sequi nihil nisi consequatur corporis id.',1,0),('3e4c5aef-8917-11ea-9959-8c1645373715','3e452f73-8917-11ea-9959-8c1645373715','3e472256-8917-11ea-9959-8c1645373715','Monty Fahey DVM','569-653-5905 x906','Brock96@yahoo.com','doloribus nobis accusamus reprehenderit assumenda velit voluptatibus hic rem officia repellendus ea et consequatur est',10,'2022-12-25','3e480336-8917-11ea-9959-8c1645373715','Doloremque debitis enim saepe ullam facere voluptatem quo dolore adipisci.',0,1),('3e4c5d00-8917-11ea-9959-8c1645373715','3e452f73-8917-11ea-9959-8c1645373715','3e471ddf-8917-11ea-9959-8c1645373715','Carli Kshlerin','(307) 828-8839','Kiara76@gmail.com','optio id ducimus illum aliquam laborum voluptatem provident numquam sint eaque exercitationem',30,'2020-08-24','3e47f28f-8917-11ea-9959-8c1645373715','Tempora incidunt sed odio incidunt quo.',0,0),('3e4c5e56-8917-11ea-9959-8c1645373715','3e452ee3-8917-11ea-9959-8c1645373715','3e4722fc-8917-11ea-9959-8c1645373715','Carter Jones','1-359-471-4261','Franco18@gmail.com','quia et voluptatem temporibus doloremque laudantium quo minima veritatis corrupti aut',8.72,'2022-09-13','3e4808ff-8917-11ea-9959-8c1645373715','Voluptatem aliquid nemo fugit consequatur temporibus maxime.',1,0),('3e4c5fa8-8917-11ea-9959-8c1645373715','3e4537d0-8917-11ea-9959-8c1645373715','3e472452-8917-11ea-9959-8c1645373715','Ibrahim Leuschke','650-380-5165','Libby_Beier36@gmail.com','omnis qui sunt accusamus ipsum fugiat et nam vero aut et quia ut consequatur dignissimos repellendus illum nobis soluta omnis',10,'2020-12-10','3e480875-8917-11ea-9959-8c1645373715','Itaque placeat aspernatur quidem vel totam esse voluptatem omnis.',0,0),('3e4c60df-8917-11ea-9959-8c1645373715','3e450eba-8917-11ea-9959-8c1645373715','3e471ddf-8917-11ea-9959-8c1645373715','Kelvin Treutel','1-262-799-2142 x2813','Guido_Deckow@gmail.com','itaque et error fugiat quo sed praesentium voluptate sit neque quas veritatis repudiandae et pariatur optio in et non dolore amet sed facere sequi',15,'2021-06-20','3e47f1a0-8917-11ea-9959-8c1645373715','Asperiores magnam rerum qui pariatur.',1,1),('3e4c62d4-8917-11ea-9959-8c1645373715','3e4537d0-8917-11ea-9959-8c1645373715','3e471bf5-8917-11ea-9959-8c1645373715','Kamren Kunde PhD','872.029.3185 x094','Herbert58@hotmail.com','provident non et rerum tenetur ut ea error modi blanditiis et sed nemo quos et',8.72,'2021-08-24','3e480875-8917-11ea-9959-8c1645373715','Beatae quas nesciunt est deleniti.',1,0),('3e4c670f-8917-11ea-9959-8c1645373715','3e452de1-8917-11ea-9959-8c1645373715','3e47269e-8917-11ea-9959-8c1645373715','Moises Marvin','083-952-3857 x1904','Sedrick.Barton@yahoo.com','ut numquam laudantium molestiae eligendi ut soluta dignissimos dignissimos neque voluptatum molestiae sit aut deserunt enim excepturi autem molestias enim omnis nisi molestiae sed',20,'2021-03-05','3e480450-8917-11ea-9959-8c1645373715','Id unde cumque odit.',1,1),('3e4c6896-8917-11ea-9959-8c1645373715','3e452de1-8917-11ea-9959-8c1645373715','3e471d41-8917-11ea-9959-8c1645373715','Gerry Bergnaum','080.438.0222 x71037','Evelyn0@yahoo.com','neque blanditiis architecto et voluptatem qui quis optio quod provident dolor itaque pariatur cumque porro delectus rem maiores adipisci',30,'2021-05-26','3e47ec0b-8917-11ea-9959-8c1645373715','Ipsa provident sed ea eaque molestias.',0,1),('3e4c6a72-8917-11ea-9959-8c1645373715','3e450eba-8917-11ea-9959-8c1645373715','3e4723a8-8917-11ea-9959-8c1645373715','Geoffrey Shanahan','823.536.4875 x137','Cristina.Howe27@gmail.com','eligendi quos sapiente repellendus architecto ratione ab quia non et qui eos nam omnis sunt dolorem error vitae explicabo ipsum voluptas laudantium ea officia molestiae',20,'2021-06-21','3e47f1e6-8917-11ea-9959-8c1645373715','Qui nisi veniam fuga temporibus repellendus dolorem expedita.',1,0),('3e4c6e07-8917-11ea-9959-8c1645373715','3e452ee3-8917-11ea-9959-8c1645373715','3e471e7e-8917-11ea-9959-8c1645373715','Kirk Ullrich','(443) 705-7188 x6864','Carlo53@hotmail.com','similique iste maiores eum provident aliquam incidunt ut eos et animi voluptatem aliquid dolorem accusamus molestiae numquam',30,'2021-02-04','3e47f1a0-8917-11ea-9959-8c1645373715','Hic nobis nemo natus atque quae tempora id dolor.',0,1),('3e4c70dd-8917-11ea-9959-8c1645373715','3e452ee3-8917-11ea-9959-8c1645373715','3e472073-8917-11ea-9959-8c1645373715','Antonietta Stroman','527.345.3061','Estrella_Turcotte@gmail.com','molestiae veniam enim repellat vero deserunt',10,'2021-07-01','3e48006a-8917-11ea-9959-8c1645373715','Iure libero rerum alias voluptatem odit eius.',1,1),('3e4c7217-8917-11ea-9959-8c1645373715','3e450eba-8917-11ea-9959-8c1645373715','3e47269e-8917-11ea-9959-8c1645373715','Valentina Satterfield','528.436.3304 x14963','Gregoria.Quigley@gmail.com','nam dolore rerum quas perspiciatis ut exercitationem autem ut facere adipisci',30,'2021-06-13','3e47f84d-8917-11ea-9959-8c1645373715','Recusandae similique vel aut error a.',1,0),('3e4c733f-8917-11ea-9959-8c1645373715','3e452f73-8917-11ea-9959-8c1645373715','3e471e7e-8917-11ea-9959-8c1645373715','Brooks Jast','734-611-3359','Kurt.Zboncak@hotmail.com','doloremque aut beatae veritatis cumque similique architecto cumque',25,'2022-03-23','3e47fec7-8917-11ea-9959-8c1645373715','Consectetur quam rerum officiis ab et.',1,1),('3e4c746b-8917-11ea-9959-8c1645373715','3e452f73-8917-11ea-9959-8c1645373715','3e471e7e-8917-11ea-9959-8c1645373715','Sister Wehner','(295) 077-6307 x524','Marilie52@yahoo.com','explicabo quia est ea error molestiae nihil autem ducimus inventore omnis placeat quia quasi dolorem provident repellat aut aperiam sint quia quisquam unde',8.72,'2022-08-21','3e47f2e4-8917-11ea-9959-8c1645373715','Perspiciatis excepturi alias et nesciunt aliquam odit.',1,0);
/*!40000 ALTER TABLE `jobs` ENABLE KEYS */;
UNLOCK TABLES;

--
-- Table structure for table `locations`
--

DROP TABLE IF EXISTS `locations`;
/*!40101 SET @saved_cs_client     = @@character_set_client */;
/*!50503 SET character_set_client = utf8mb4 */;
CREATE TABLE `locations` (
  `id` char(36) NOT NULL,
  `address` varchar(100) NOT NULL,
  `longitude` decimal(18,12) NOT NULL,
  `latitude` decimal(18,12) NOT NULL,
  PRIMARY KEY (`id`)
) ENGINE=InnoDB DEFAULT CHARSET=utf8mb4 COLLATE=utf8mb4_0900_ai_ci;
/*!40101 SET character_set_client = @saved_cs_client */;

--
-- Dumping data for table `locations`
--

LOCK TABLES `locations` WRITE;
/*!40000 ALTER TABLE `locations` DISABLE KEYS */;
INSERT INTO `locations` VALUES ('3e47d18b-8917-11ea-9959-8c1645373715','111 Dng Th Mi, Tn Chnh Hip, Qun 12, H Ch Minh 700000, Vietnam',106.638962300000,10.873732600000),('3e47ec0b-8917-11ea-9959-8c1645373715','District 1, Ho Chi Minh City, Vietnam',106.700423800000,10.775658700000),('3e47ecb8-8917-11ea-9959-8c1645373715','District 10, Ho Chi Minh City, Vietnam',106.667954200000,10.774596500000),('3e47ed0d-8917-11ea-9959-8c1645373715','District 12, Ho Chi Minh City, Vietnam',106.641332200000,10.867153100000),('3e47ed5a-8917-11ea-9959-8c1645373715','District 11, Ho Chi Minh City, Vietnam',106.650084000000,10.762973900000),('3e47eda8-8917-11ea-9959-8c1645373715','District 2, Ho Chi Minh City, Vietnam',106.749810500000,10.787272900000),('3e47edef-8917-11ea-9959-8c1645373715','20 ng Tho in, Tho in, Qun 2, H Ch Minh, Vietnam',106.737471700000,10.804090500000),('3e47ee3c-8917-11ea-9959-8c1645373715','989 2 ng Vn Cng, Phng Bnh Trng Ty, Qun 2, H Ch Minh, Vietnam',106.756602100000,10.780497700000),('3e47ee8d-8917-11ea-9959-8c1645373715','130 ng L Vn Thnh, Phng Bnh Trng Ty, Qun 2, H Ch Minh, Vietnam',106.769255900000,10.782703000000),('3e47eede-8917-11ea-9959-8c1645373715','District 3, Ho Chi Minh City, Vietnam',106.684408900000,10.784369500000),('3e47ef25-8917-11ea-9959-8c1645373715','153, 155-157 Trn Quc Tho, Phng 9, Qun 3, H Ch Minh 70010, Vietnam',106.684026800000,10.784352200000),('3e47ef6b-8917-11ea-9959-8c1645373715','District 4, Ho Chi Minh City, Vietnam',106.701296800000,10.757826300000),('3e47efae-8917-11ea-9959-8c1645373715','63, 65 Bn Vn n, Phng 12, Qun 4, H Ch Minh, Vietnam',106.702237600000,10.765307500000),('3e47eff5-8917-11ea-9959-8c1645373715','18 ng on Nh Hi, Phng 12, Qun 4, H Ch Minh, Vietnam',106.705161800000,10.766321400000),('3e47f038-8917-11ea-9959-8c1645373715','120_122 ng Khnh Hi, Phng 3, Qun 4, H Ch Minh, Vietnam',106.700874000000,10.757037500000),('3e47f07b-8917-11ea-9959-8c1645373715','District 5, Ho Chi Minh City, Vietnam',106.663374600000,10.754027900000),('3e47f0be-8917-11ea-9959-8c1645373715','3 Mc Cu, Phng 13, Qun 5, H Ch Minh, Vietnam',106.659248000000,10.750223000000),('3e47f101-8917-11ea-9959-8c1645373715','203 An Dng Vng, Phng 8, Qun 5, phng 8 Qun 5 H Ch Minh, Vietnam',106.667540600000,10.755804900000),('3e47f155-8917-11ea-9959-8c1645373715','642 A . Nguyn Tri, Phng 11, Qun 5, H Ch Minh 700000, Vietnam',106.665783200000,10.754080100000),('3e47f1a0-8917-11ea-9959-8c1645373715','District 6, Ho Chi Minh City, Vietnam',106.635236200000,10.748092900000),('3e47f1e6-8917-11ea-9959-8c1645373715','107 Cao Vn Lu, Phng 1, Qun 6, H Ch Minh, Vietnam',106.649579100000,10.746460100000),('3e47f249-8917-11ea-9959-8c1645373715','88 Thp Mi, Phng 2, Qun 6, H Ch Minh, Vietnam',106.650462600000,10.749994900000),('3e47f28f-8917-11ea-9959-8c1645373715','2D Ch Ln, Phng 11, Qun 6, Phng 11 Qun 6 H Ch Minh, Vietnam',106.634848800000,10.746579300000),('3e47f2e4-8917-11ea-9959-8c1645373715','122 Minh Phng, Phng 6, Qun 6, H Ch Minh, Vietnam',106.642594900000,10.750283400000),('3e47f32a-8917-11ea-9959-8c1645373715','District 7, Ho Chi Minh City, Vietnam',106.721578700000,10.734034400000),('3e47f37f-8917-11ea-9959-8c1645373715','3 Tn Ph, P, Qun 7, H Ch Minh, Vietnam',106.725198000000,10.732771700000),('3e47f3d4-8917-11ea-9959-8c1645373715','504, 506 Hunh Tn Pht, Bnh Thun, Qun 7, H Ch Minh, Vietnam',106.729268900000,10.741525000000),('3e47f41a-8917-11ea-9959-8c1645373715','101 Nguyn Th Thp, Tn Ph, Qun 7, H Ch Minh, Vietnam',106.724182700000,10.737306600000),('3e47f46b-8917-11ea-9959-8c1645373715','1441 Hunh Tn Pht, Ph M, Qun 7, H Ch Minh, Vietnam',106.737430600000,10.713484700000),('3e47f4b2-8917-11ea-9959-8c1645373715','District 8, Ho Chi Minh City, Vietnam',106.628625900000,10.724087800000),('3e47f503-8917-11ea-9959-8c1645373715','126 ng L Quyn, Phng 5, Qun 8, H Ch Minh, Vietnam',106.666435100000,10.740894000000),('3e47f546-8917-11ea-9959-8c1645373715','993 Phm Th Hin, Phng 5, Qun 8, H Ch Minh, Vietnam',106.667816900000,10.742264300000),('3e47f59b-8917-11ea-9959-8c1645373715','82 ng Cao L, Phng 4, Qun 8, H Ch Minh, Vietnam',106.676410000000,10.741574300000),('3e47f5de-8917-11ea-9959-8c1645373715','302 Phm Hng, Phng 5, Qun 8, H Ch Minh, Vietnam',106.667632700000,10.739722600000),('3e47f62f-8917-11ea-9959-8c1645373715','Ho Chi Minh City, Vietnam',106.629663800000,10.823098900000),('3e47f675-8917-11ea-9959-8c1645373715','District 9, Ho Chi Minh City, Vietnam',106.828685100000,10.842840200000),('3e47f6b5-8917-11ea-9959-8c1645373715','9 Xa l H Ni, Hip Ph, Qun 9, H Ch Minh, Vietnam',106.775624900000,10.849117200000),('3e47f709-8917-11ea-9959-8c1645373715','Khu Ph 2, 387 L Vn Vit, Tng Nhn Ph A, Qun 9, H Ch Minh 715143, Vietnam',106.790147100000,10.844923500000),('3e47f77a-8917-11ea-9959-8c1645373715','48A Tng Nhn Ph, Tng Nhn Ph B, Qun 9, H Ch Minh, Vietnam',106.779904000000,10.833476000000),('3e47f7ee-8917-11ea-9959-8c1645373715','571 S Vn Hnh, Phng 12, Qun 10, H Ch Minh, Vietnam',106.666596300000,10.776170200000),('3e47f84d-8917-11ea-9959-8c1645373715','47 Thnh Thi, Phng 14, Qun 10, H Ch Minh, Vietnam',106.665163400000,10.772151200000),('3e47f8a2-8917-11ea-9959-8c1645373715','Cng vin H K Ho, Cao Thng, Phng 12, Qun 10, H Ch Minh, Vietnam',106.671473000000,10.774660900000),('3e47f8f7-8917-11ea-9959-8c1645373715','Jumeirah Village Circle - Dubai - United Arab Emirates',55.213494500000,25.054493800000),('3e47f94b-8917-11ea-9959-8c1645373715','1275 K St NW, 1275 K St NW, Washington, DC 20005, USA',-77.029233800000,38.902846000000),('3e47fec7-8917-11ea-9959-8c1645373715','District 12 K - Dubai - United Arab Emirates',55.216772200000,25.053610800000),('3e47ff37-8917-11ea-9959-8c1645373715','72 ng s 5 - CX Bnh Thi, Phng 8, Qun 11, Phng 8 District 11 Ho Chi Minh City, Vietnam',106.647890600000,10.760772200000),('3e47ff97-8917-11ea-9959-8c1645373715','215a L Thng Kit, Phng 9, Qun 11, H Ch Minh, Vietnam',106.655477300000,10.778853100000),('3e47ffdd-8917-11ea-9959-8c1645373715','G Vp, Ho Chi Minh City, Vietnam',106.665290400000,10.838677900000),('3e480024-8917-11ea-9959-8c1645373715','48/338D Quang Trung, Phng 12, G Vp, H Ch Minh, Vietnam',106.643063400000,10.840686200000),('3e48006a-8917-11ea-9959-8c1645373715','90A Nguyn Thi Sn, Phng 3, G Vp, H Ch Minh, Vietnam',106.680746200000,10.816345500000),('3e4800b4-8917-11ea-9959-8c1645373715','641 Quang Trung, Phng 11, G Vp, H Ch Minh, Vietnam',106.661565700000,10.834685400000),('3e48010c-8917-11ea-9959-8c1645373715','312 ng Nguyn Vn Nghi, Phng 7, G Vp, H Ch Minh, Vietnam',106.683027300000,10.826341700000),('3e48015a-8917-11ea-9959-8c1645373715','Tan Binh, Ho Chi Minh City, Vietnam',106.652597400000,10.801465900000),('3e48019d-8917-11ea-9959-8c1645373715','S 172 L Thng Kit, Phng 6, Tn Bnh, H Ch Minh 700000, Vietnam',106.653372600000,10.786006800000),('3e4801e0-8917-11ea-9959-8c1645373715','450 Trng Chinh, Phng 13, Tn Bnh, H Ch Minh, Vietnam',106.639041700000,10.800721200000),('3e48022a-8917-11ea-9959-8c1645373715','873 Cch Mng Thng Tm, Phng 7, Tn Bnh, H Ch Minh, Vietnam',106.660012800000,10.788691900000),('3e480271-8917-11ea-9959-8c1645373715','446 Hong Vn Th, Phng 4, Tn Bnh, H Ch Minh, Vietnam',106.654797500000,10.795685800000),('3e4802b7-8917-11ea-9959-8c1645373715','Tn Ph, Ho Chi Minh City, Vietnam',106.628190100000,10.790051700000),('3e4802f3-8917-11ea-9959-8c1645373715','Tn Ph, District 7, Ho Chi Minh City, Vietnam',106.726412500000,10.725101400000),('3e480336-8917-11ea-9959-8c1645373715','Tn Ph Trung, C Chi, Ho Chi Minh City, Vietnam',106.541106500000,10.938937500000),('3e48037d-8917-11ea-9959-8c1645373715','Tn Ph, District 9, Ho Chi Minh City, Vietnam',106.803089200000,10.856965600000),('3e4803ce-8917-11ea-9959-8c1645373715','Tn Phc, Qun 10, H Ch Minh, Vietnam',106.663336200000,10.761712700000),('3e480411-8917-11ea-9959-8c1645373715','Bnh Thnh, Ho Chi Minh City, Vietnam',106.709142200000,10.810583100000),('3e480450-8917-11ea-9959-8c1645373715','Bnh Thnh, Bnh Hng Ha B, Bnh Tn, H Ch Minh, Vietnam',106.588417400000,10.806879800000),('3e480497-8917-11ea-9959-8c1645373715','368 Bch ng, Phng 14, Bnh Thnh, H Ch Minh, Vietnam',106.698978500000,10.803134000000),('3e4804e4-8917-11ea-9959-8c1645373715','112AB inh Tin Hong, Phng 1, Bnh Thnh, H Ch Minh, Vietnam',106.696609300000,10.798054900000),('3e48052b-8917-11ea-9959-8c1645373715','164 X Vit Ngh Tnh, Phng 21, Bnh Thnh, H Ch Minh, Vietnam',106.710928700000,10.797424800000),('3e480571-8917-11ea-9959-8c1645373715','Ph Nhun, Ho Chi Minh City, Vietnam',106.680263900000,10.799194400000),('3e4805f4-8917-11ea-9959-8c1645373715','5 Hong Minh Gim, Phng 9, Ph Nhun, H Ch Minh, Vietnam',106.675626800000,10.809559400000),('3e480641-8917-11ea-9959-8c1645373715','274 Nguyn Trng Tuyn, Phng 8, Ph Nhun, H Ch Minh 40503, Vietnam',106.671828000000,10.798203100000),('3e480688-8917-11ea-9959-8c1645373715','145/9 Nguyn Vn Tri, Phng 11, Ph Nhun, H Ch Minh, Vietnam',106.676238800000,10.794032900000),('3e4806ce-8917-11ea-9959-8c1645373715','82 Trn Huy Liu, Phng 15, Ph Nhun, H Ch Minh, Vietnam',106.678094000000,10.794784200000),('3e480715-8917-11ea-9959-8c1645373715','Bnh Tn, Ho Chi Minh City, Vietnam',106.603853500000,10.765258100000),('3e480758-8917-11ea-9959-8c1645373715','Hng L 2, Bnh Tr ng A, Bnh Tn, H Ch Minh, Vietnam',106.593216400000,10.769046600000),('3e48079b-8917-11ea-9959-8c1645373715','1114 QL1A, Bnh Tr ng B, Bnh Tn, H Ch Minh, Vietnam',106.601924300000,10.730651600000),('3e4807e8-8917-11ea-9959-8c1645373715','521 Kinh Dng Vng, An Lc, Bnh Tn, H Ch Minh, Vietnam',106.615660500000,10.737207500000),('3e480832-8917-11ea-9959-8c1645373715','1 ng s 48, Tn To, Bnh Tn, H Ch Minh, Vietnam',106.598099800000,10.751845300000),('3e480875-8917-11ea-9959-8c1645373715','Th c, Ho Chi Minh City, Vietnam',106.753705500000,10.849409400000),('3e4808b8-8917-11ea-9959-8c1645373715','27 ng S 3, Hip Bnh Phc, Th c, H Ch Minh, Vietnam',106.710787200000,10.836314600000),('3e4808ff-8917-11ea-9959-8c1645373715','54 ng G Da, Bnh Chiu, Th c, H Ch Minh, Vietnam',106.743008000000,10.870593000000),('3e48094d-8917-11ea-9959-8c1645373715','Hong Diu 2, Phng 7, Th c, H Ch Minh, Vietnam',106.690699000000,10.800623000000);
/*!40000 ALTER TABLE `locations` ENABLE KEYS */;
UNLOCK TABLES;

--
-- Table structure for table `notifications`
--

DROP TABLE IF EXISTS `notifications`;
/*!40101 SET @saved_cs_client     = @@character_set_client */;
/*!50503 SET character_set_client = utf8mb4 */;
CREATE TABLE `notifications` (
  `id` char(36) NOT NULL,
  `receipent` char(36) NOT NULL,
  `job` char(36) NOT NULL,
  `employee` char(36) NOT NULL,
  `message` varchar(200) NOT NULL,
  `unread` tinyint(1) NOT NULL DEFAULT '1',
  `createdDate` date NOT NULL,
  KEY `job` (`job`),
  KEY `employee` (`employee`),
  KEY `receipent` (`receipent`),
  CONSTRAINT `notifications_ibfk_1` FOREIGN KEY (`job`) REFERENCES `jobs` (`jobId`),
  CONSTRAINT `notifications_ibfk_2` FOREIGN KEY (`employee`) REFERENCES `employees` (`id`),
  CONSTRAINT `notifications_ibfk_3` FOREIGN KEY (`receipent`) REFERENCES `users` (`id`)
) ENGINE=InnoDB DEFAULT CHARSET=utf8mb4 COLLATE=utf8mb4_0900_ai_ci;
/*!40101 SET character_set_client = @saved_cs_client */;

--
-- Dumping data for table `notifications`
--

LOCK TABLES `notifications` WRITE;
/*!40000 ALTER TABLE `notifications` DISABLE KEYS */;
/*!40000 ALTER TABLE `notifications` ENABLE KEYS */;
UNLOCK TABLES;

--
-- Table structure for table `roles`
--

DROP TABLE IF EXISTS `roles`;
/*!40101 SET @saved_cs_client     = @@character_set_client */;
/*!50503 SET character_set_client = utf8mb4 */;
CREATE TABLE `roles` (
  `id` char(36) NOT NULL,
  `roleName` varchar(100) NOT NULL,
  `industry` char(36) NOT NULL,
  `description` varchar(100) NOT NULL,
  PRIMARY KEY (`id`),
  UNIQUE KEY `roleName` (`roleName`),
  KEY `industry` (`industry`),
  CONSTRAINT `roles_ibfk_1` FOREIGN KEY (`industry`) REFERENCES `industries` (`id`)
) ENGINE=InnoDB DEFAULT CHARSET=utf8mb4 COLLATE=utf8mb4_0900_ai_ci;
/*!40101 SET character_set_client = @saved_cs_client */;

--
-- Dumping data for table `roles`
--

LOCK TABLES `roles` WRITE;
/*!40000 ALTER TABLE `roles` DISABLE KEYS */;
INSERT INTO `roles` VALUES ('3e470ea3-8917-11ea-9959-8c1645373715','Future Group Orchestrator','3e466b1d-8917-11ea-9959-8c1645373715','Velit sit eos.'),('3e471a2e-8917-11ea-9959-8c1645373715','National Identity Engineer','3e465be4-8917-11ea-9959-8c1645373715','Molestiae ipsa quod omnis aut earum aliquid.'),('3e471b2c-8917-11ea-9959-8c1645373715','Internal Paradigm Architect','3e465be4-8917-11ea-9959-8c1645373715','Sit quis tempore ab quia.'),('3e471bf5-8917-11ea-9959-8c1645373715','Investor Infrastructure Analyst','3e466c17-8917-11ea-9959-8c1645373715','Sit autem non.'),('3e471ca2-8917-11ea-9959-8c1645373715','Human Response Architect','3e465be4-8917-11ea-9959-8c1645373715','Delectus sed eos.'),('3e471d41-8917-11ea-9959-8c1645373715','Dynamic Identity Administrator','3e466c17-8917-11ea-9959-8c1645373715','Deleniti hic eligendi tempore.'),('3e471ddf-8917-11ea-9959-8c1645373715','District Interactions Technician','3e466bbf-8917-11ea-9959-8c1645373715','Omnis quaerat nam in eaque et excepturi fuga.'),('3e471e7e-8917-11ea-9959-8c1645373715','Global Security Coordinator','3e466c17-8917-11ea-9959-8c1645373715','Corrupti nam aut reprehenderit cumque eveniet.'),('3e471f32-8917-11ea-9959-8c1645373715','Customer Marketing Executive','3e466c17-8917-11ea-9959-8c1645373715','Sit sed odit enim omnis nemo ea alias dignissimos aut.'),('3e471fdb-8917-11ea-9959-8c1645373715','Direct Implementation Assistant','3e466bbf-8917-11ea-9959-8c1645373715','Cupiditate quis vel facilis.'),('3e472073-8917-11ea-9959-8c1645373715','Human Security Director','3e466bbf-8917-11ea-9959-8c1645373715','Qui ut soluta quis in consequatur voluptatem.'),('3e47210e-8917-11ea-9959-8c1645373715','Global Infrastructure Analyst','3e466bbf-8917-11ea-9959-8c1645373715','Similique quo in facere possimus qui hic.'),('3e4721b7-8917-11ea-9959-8c1645373715','Internal Security Planner','3e466c65-8917-11ea-9959-8c1645373715','Quos atque facere et unde sit odit.'),('3e472256-8917-11ea-9959-8c1645373715','Internal Integration Assistant','3e466c65-8917-11ea-9959-8c1645373715','Excepturi at et dolore dolorem rerum minus.'),('3e4722fc-8917-11ea-9959-8c1645373715','Legacy Directives Consultant','3e465be4-8917-11ea-9959-8c1645373715','Architecto nihil aliquam ut repellendus earum maiores excepturi.'),('3e4723a8-8917-11ea-9959-8c1645373715','Legacy Quality Agent','3e465be4-8917-11ea-9959-8c1645373715','Officia distinctio qui aut atque placeat ut repellat.'),('3e472452-8917-11ea-9959-8c1645373715','International Paradigm Coordinator','3e465be4-8917-11ea-9959-8c1645373715','Nobis quia veniam est ipsam.'),('3e472502-8917-11ea-9959-8c1645373715','Lead Metrics Liaison','3e466bbf-8917-11ea-9959-8c1645373715','Id quam modi dolorem id.'),('3e4725f9-8917-11ea-9959-8c1645373715','Principal Assurance Facilitator','3e466bbf-8917-11ea-9959-8c1645373715','Consequatur nobis necessitatibus blanditiis.'),('3e47269e-8917-11ea-9959-8c1645373715','Dynamic Assurance Manager','3e465be4-8917-11ea-9959-8c1645373715','Odio nesciunt dignissimos culpa.');
/*!40000 ALTER TABLE `roles` ENABLE KEYS */;
UNLOCK TABLES;

--
-- Table structure for table `users`
--

DROP TABLE IF EXISTS `users`;
/*!40101 SET @saved_cs_client     = @@character_set_client */;
/*!50503 SET character_set_client = utf8mb4 */;
CREATE TABLE `users` (
  `id` char(36) NOT NULL,
  `email` varchar(320) NOT NULL,
  `password` binary(64) NOT NULL,
  `salt` binary(128) NOT NULL,
  `customerId` varchar(30) DEFAULT NULL,
  `subscriptionId` varchar(30) DEFAULT NULL,
  `userType` enum('employer','employee') DEFAULT NULL,
  `active` tinyint(1) NOT NULL DEFAULT '0',
  `resetCode` char(6) NOT NULL DEFAULT '000000',
  PRIMARY KEY (`id`)
) ENGINE=InnoDB DEFAULT CHARSET=utf8mb4 COLLATE=utf8mb4_0900_ai_ci;
/*!40101 SET character_set_client = @saved_cs_client */;

--
-- Dumping data for table `users`
--

LOCK TABLES `users` WRITE;
/*!40000 ALTER TABLE `users` DISABLE KEYS */;
INSERT INTO `users` VALUES ('3e450eba-8917-11ea-9959-8c1645373715','Eddie.Beahan@yahoo.com',_binary '\r\]t6\\+\0V$%2\ lX,\A\P$-{\r\'R\\\Y=Q\:',_binary '?|\y4\*\\<\\\J\\\\\n,\J}\I\	b9\@\\\'F&\Rf4r5m\j{+r\3qH1\Z\\`\|}@2ek\S ',NULL,NULL,'employer',1,'qkk05m'),('3e452de1-8917-11ea-9959-8c1645373715','Samantha72@gmail.com',_binary ']\z\/\z\\+!\	U\\7,S/\q2\H&M\}\y@\6W5bP}',_binary '$\z%g\J\\\\{\}wlvT\L\\Nav]MJ\x`.4N7\sFG\\\0\\\\\~Np,\\\\>r\k#\0\a^Crm0\U\&S)\b6\',NULL,NULL,'employer',1,'e3dz4h'),('3e452ee3-8917-11ea-9959-8c1645373715','Malcolm.Braun95@hotmail.com',_binary '^e4}<$\(-F \\cv.].\k\CUa\R)Ywz\03\#+dl',_binary 'P\\F\|^wS^ga@e\\\md\\k\@/\tUJqZ2\04[\Yp~\\]\\1A]5I\D\RJc00\:\\\\p\a\p\ED\0b/<zd<~\',NULL,NULL,'employer',1,'bh7j2s'),('3e452f73-8917-11ea-9959-8c1645373715','Gage_Becker48@hotmail.com',_binary '<lp{\dXHG\C\W\*B*\/88\\"\6e2\\b3yp\J\0f',_binary 'fT@\*iq\kGNfe\M\k,f41L\\\)mS\k,\f\f:\v\M\^$\\%\\\\\\zn\?#\8	!D\\"!\O`',NULL,NULL,'employer',1,'bl2p75'),('3e4537d0-8917-11ea-9959-8c1645373715','Alvena_Kassulke28@hotmail.com',_binary '\\\\l\n\'-F8\1\nw:\5\D\9cjZ\=VJ\|T\4\Z,\,\\\',_binary 'C<c_4\\\4}*\s{Cw9\Z\yP\Z\_:\Z(MV\\\y\V|\\\\Fl\1\\PbfegJTN\\\\v\^{CuH\9q4\0;DgI\',NULL,NULL,'employer',1,'z6ivcj'),('3e45383d-8917-11ea-9959-8c1645373715','Mattie.Johnston95@gmail.com',_binary 'x\F\\n!s\P\\0]F\\\whm%b*\$S\G\\|M\Z\I\\u',_binary 'd\\"$\EV\OcVc\>\\/.1\&\Fs\dS^wz|;\\"\<@C\\p\\?\0e\Q7\\Oj\\\\\\\\6w.0\\Pr\\\\\u9T0`	',NULL,NULL,'employee',1,'x0igr0'),('3e4538aa-8917-11ea-9959-8c1645373715','Sherman_Watsica@yahoo.com',_binary '\ZF.\\J\Zq\&M\(B\\$B\A$*\Zz<i}E\R-V\]\',_binary '\K?~]\3=X\\\qDc\\r=f%_\]W\\E(}oM%H\iwuxjhg\\\b\\*:8\JFrf\\&x3\N\\0$\\;;',NULL,NULL,'employee',1,'52tnco'),('3e453914-8917-11ea-9959-8c1645373715','Fletcher.Hessel70@gmail.com',_binary '\g32)K$\Q3\:l:\j\;\\\Mk\\l9:\$\mEq\,G\Z}L\!,H?',_binary '1 \\\Gf\\`\P0\\\Z\W\\(\|U\\- uNC\!&~-{pZ\x\|Vj\qc\\\(z\\$\$Hp\[{3\C\f\\u\\\',NULL,NULL,'employee',1,'qcd4l0'),('3e453990-8917-11ea-9959-8c1645373715','Daren65@yahoo.com',_binary '\\r0;U`\\\T\:;eh3\\4G\rk\L5&\0L2\pa{\4r',_binary 'M\V,.\_%\+\D\\\0\\ZNlH\\I\Tv29b\\0<\`F\VZ\i\\(V<\]u<j|5tkwZj*\Pw\4q\<\V',NULL,NULL,'employee',1,'phppab'),('3e453a08-8917-11ea-9959-8c1645373715','Lonny_Moen99@gmail.com',_binary ']8\Y\VpET7\rT\t\h \T/\YIF\a\n&Beg\"X\00=\l\\r/',_binary '\\e\\;\\V\E	\\\\\\d5!\\\L}\:2\g\P\\3Rb,.Q\MCa\ j0\nA\AS)\\"V+pyUQalg\Z(W\',NULL,NULL,'employee',1,'bd7wr2'),('3e453a72-8917-11ea-9959-8c1645373715','Bryce30@yahoo.com',_binary 'e)q\\1!x\/TU\as\q\n	a\z\\\H5!	:SR \D?\{\',_binary '\lHz @m6\b\\f]\u\5S\\L\\=l\&\\\h\X7d\\M\V#;Iy/5W\\Z\'/L~2\)\\&a-\	\\\Zn+ \n2q_\i`[E\f\ ~',NULL,NULL,'employee',1,'wph246'),('3e453adb-8917-11ea-9959-8c1645373715','Madison27@gmail.com',_binary 'pG\\f\h\`\3K[ZZu6u\\?x&S7K|\rV9S\Mr',_binary '\K1\\	=\rxlq pO@2J~B_3(J+a^d\suEe\$\w\fF\wq,Y\O)}oH.\r\1A\\m\$\+a\yg\\\Z\\\\',NULL,NULL,'employee',1,'lgce8s'),('3e453b65-8917-11ea-9959-8c1645373715','Eliseo.Gaylord30@yahoo.com',_binary '\"um#4+\\6\\Z\RxN3\\r	*\\\Z\>=6\;avb\KbP B',_binary '\\WW5\]\\e\&}\\xa-oEq\HCra\\0AV.\\\0\]K\#\7j\_R\\@h\\T\vN,ay\=\/9f\q:\\k XrNR1Od~',NULL,NULL,'employee',1,'sxamlr'),('3e453bcf-8917-11ea-9959-8c1645373715','Tremayne.Kessler53@yahoo.com',_binary 'bG\"u3?&c.\\N\J\dj\(`Y|\\\\5\l>',_binary 'K\\\\v7ZN\"yazmB\H65334\=v;`\n\\xKH-:K3K\p\~\l2@?u;p\)]\\~BB\3\<RfxO\WKI\6QS\',NULL,NULL,'employee',1,'b7sp86'),('3e453c43-8917-11ea-9959-8c1645373715','Cristobal.Spinka50@hotmail.com',_binary 'I\Q\\w?(\~Z\\n+X	Q3\$[Ca^\0|y!\\I;\\^;l',_binary '\r\\\\\\Mc\\\[A\#\"(A\\-lE\ML!\PD~_D\7Jg\8\alljvlj!NC\\\\J{Ld\^tP+<\zcEdx \'\\\=\.\\ 8\e\r',NULL,NULL,'employee',1,'ueype6'),('3e453cb7-8917-11ea-9959-8c1645373715','Icie_Kuhic@hotmail.com',_binary '\p\\\\"\\\oGDo\;\\\\07\ b>h\\7x\v{PI',_binary '\\:AH`cHb\'\\<\\\\,\FV-4dC\0R\"\/u%\8_ t{i\)\B1W\\\g5K\HT\\N\6H\"I\\mZ\\\\\"Ig-`Plw6pJ',NULL,NULL,'employee',1,'8jdcrq'),('3e453d36-8917-11ea-9959-8c1645373715','Ashleigh.Armstrong@hotmail.com',_binary '\\w\j`a\"_\\'G\\#4\\fh\\\22}y\K\?VfZu~Xe',_binary 'S~\\\\N_z]\\Uh\6Ms\\T+e#x\\$Ng1[\\D,.n\\\BG|\.\4v2w\\@j}@0\0\J\5(*VV|\1B^k9q$$',NULL,NULL,'employee',1,'ihb94h'),('3e453d9d-8917-11ea-9959-8c1645373715','Erick91@hotmail.com',_binary '.Ap\\\g(=\\\bY\\H(^]/\\JX\6c\\t|J',_binary 'hJ[\\1${cnF=\\\?{\y\\g\?1q\/1+d]\\=\\0F`S<\\\pe}1\ZBn\CJ\~d\\\\S=G\<i}-\d]JDh:\"a\[\\\',NULL,NULL,'employee',1,'l33vjq'),('3e453e0e-8917-11ea-9959-8c1645373715','Keyshawn_Olson69@yahoo.com',_binary 'C\\4Jr\\+\Dz\Lam\	Y&Gr\\\7|\>F\m\\P\n_',_binary '\"c\\\{l$?\\u}\b\T\\Wj\\\\1D@ :b\\#M\k\\\i\\\e-6H!#O\\\"\W$Y;K~Q>',NULL,NULL,'employee',1,'ob4687'),('3e453e8c-8917-11ea-9959-8c1645373715','Jamey68@hotmail.com',_binary '1f2\H/b\\X:\.qSK\\\P!\'\)\.\\=6X\Q\a\',_binary '_|2\\MTmi1_\\JD}X+\\\_=X\\	H\\r\\\\\[V=\V#\KV\\\\>1wmZ\\&\\h.ka\2\s\+la1x-\z',NULL,NULL,'employee',1,'5irjw8'),('3e453f04-8917-11ea-9959-8c1645373715','Reginald17@yahoo.com',_binary '52B#\\\t4c\g\B&V\SU\{)c0\g\\\.\ZA0z\\	\\',_binary '\\\8b,Vx`1#\!R\\\v\8\ZVy\k@\k\Y=u[\\\\\^q#)\e\z\Z3\\ki\W,\\F=m1}\F\`ky\|\"Kr]\Z!K\\{\{\\zVlu%',NULL,NULL,'employee',1,'itzlnq'),('3e453f67-8917-11ea-9959-8c1645373715','Hester.Franecki@hotmail.com',_binary '\K\%\h/RB\\=~*\\v#]:Fb\n iBJnXL\Bqm\N\',_binary 'c)\&$\\,XU$.\%\	<\z\EVd\\\koe\[-**sy\.td\A\G\u_VyaPdP8`?gf]=H\$Yr\h\\;4\ snb9IhB-7\\',NULL,NULL,'employee',1,'jyg2eb'),('3e453fd8-8917-11ea-9959-8c1645373715','Georgianna.Mertz72@hotmail.com',_binary 'I\X\\]7r|S,e\\\w\\\T\\\g.O;B\\\u@\n\\',_binary '\E\O\JSyb3vY|\\\_e]G\x.x\K\:\"\\(=\\ZJ\r \M\\Y:\C\>E\rli\1I\lp?z\A-\\]y,\n)l\',NULL,NULL,'employee',1,'gzodwi'),('3e454057-8917-11ea-9959-8c1645373715','Vidal.Gerlach@hotmail.com',_binary '\\\\\\WK%Cd\\\@eA .\J\rJ^S\\\Zd\~fM\y\ \@v',_binary 'F?`2Fjxu\3!if_z\\I`8<WAP?\\\Y\<Mk4\U;\`(A^g\X0w	\~\HBcz\pu\\9Z>\%8i\Z$f',NULL,NULL,'employee',1,'514lws'),('3e4540cb-8917-11ea-9959-8c1645373715','Jody71@gmail.com',_binary '\\\Z\6{\"O=\ulF\Z)Ru\\\\_hy\~Q\iD\\0\\',_binary 'R`6\\pb>\\l+\~c\iaaP\R\R| C<#\n\K	Hp6\Yuux\\\'j\<:\ !w\\\\\'@TA0n\\'\K|\;\rvK\Jm?\K\jK\#',NULL,NULL,'employee',1,'6duou2'),('3e454139-8917-11ea-9959-8c1645373715','Edison_Wyman@hotmail.com',_binary 'Bi@m\&\n)\0@\\\37}\ZDb\R^\Z4]C\h\7\Mr\4',_binary 'l\FGsu!wW\\I6\\1o\P\\G9\R>5\}KB\\\T\et+}\G\\\y\'\\ B\\\ ]7y\\&~\\&GY\',NULL,NULL,'employee',1,'zql6m7'),('3e4541a9-8917-11ea-9959-8c1645373715','Alexander.Koch34@gmail.com',_binary '\\@*x>;r\Z\cfWGR\\S\\\\r\vL k',_binary 'G,AR\,5paK\Z\\'U7):4M\px\\y_\xk\\y3YE\2\h\~~tD^$C\Cy\kiG\(\`\cuYhY\h/\ 5x\|',NULL,NULL,'employee',1,'nq9cst'),('3e454210-8917-11ea-9959-8c1645373715','Daisha96@gmail.com',_binary '%|\s\\	0A(\02`p92\Z&\{V\mmU\",Wd\8j-',_binary '<(\\5\)0\;J~\"\\U\PC\\_\\P\q\\a\\V\Suj\r\{R\\=3g3o?\?bAW5\^\\F:\!ah0\\:y',NULL,NULL,'employee',1,'68wg78'),('3e454279-8917-11ea-9959-8c1645373715','Rhiannon_Feil84@hotmail.com',_binary '.\@\F\dO$\\y\/\z]P5#Ap\GX3umF\L=\=<\Av\',_binary '\M^tm+*\p\k\\b\\\\nU\7]\\d\\f2\~Sp\\\+1R2k	gNu\"\'P\\\%#gd\	 }g\\\\-M\O\	}(t/\rkj)',NULL,NULL,'employee',1,'dti36z'),('3e4542dc-8917-11ea-9959-8c1645373715','Alvah_Schiller@hotmail.com',_binary '\Kwp7\}\t5\\q17=m\OUj\,HJ\vx\/nRWg\\@P \',_binary 'T\\L!La\80(^Ct&\\<R\\*\U2sp\'c+o\\3\n\\z\3\;\p@\r!L:D\\`\\\\[BK@g\yzS9BbU(v\',NULL,NULL,'employee',1,'lkzypo'),('3e45433b-8917-11ea-9959-8c1645373715','Dimitri.Maggio@gmail.com',_binary '\\Z\O\"\{C.\~\i-mb{\D\\"v9J1e4X.ZT',_binary 'q3KDWOLl2[\%VP\\l]\rrv\T\  -\\Z\	F\\"\ZUQ}+\p6	-\\x%s\;\}\JbA}G\vf\[\@\Gk',NULL,NULL,'employee',1,'qgkge2'),('3e4543cf-8917-11ea-9959-8c1645373715','Nya58@gmail.com',_binary '\H~\={\w\7U&^:#-\$\\B\\4\\\rYE\?\',_binary ' k\\cB>\b\X:F3%\]\%\\\"\\\?\':\Z]/D\:\a\PJe0n\f\;\~(00+8\8\\I\T`cF|R+\tu\u8>?$r',NULL,NULL,'employee',1,'kmzy6f'),('3e454439-8917-11ea-9959-8c1645373715','Zachary.Bogan@gmail.com',_binary 'u	X\\$`\_3y\1!!ib@\\R I^f\+\\t\A\\F b\',_binary '\\\9Gg\+b#]`\\\%W\rFifJC\4\\\x\}\r\g\\\\7G)\i\\D9`.\\fF#\9sbw x\\ai	`h\'D\"|w\M\ZY',NULL,NULL,'employee',1,'p01y3g'),('3e45449f-8917-11ea-9959-8c1645373715','Burnice_Nitzsche@gmail.com',_binary '\\+\4	oN\F\\b\ODK\<\D\GAM\3.`\\orn&;B\B\',_binary '}\)a\DF_e\s+\^C5&Tl}Lv\\(\4\aw9\\v\\ Z\f\d\\xxa\8g:e\\'\\_,r\\\wID@D\xx1\^\\',NULL,NULL,'employee',1,'feam1n'),('3e454510-8917-11ea-9959-8c1645373715','Eliezer.Smith@hotmail.com',_binary '\X8$37 !\\W&r\V\q\"tYm\\\\4Q\[\_\B\',_binary '$c\\\`\$\3#\\\\\\n=\|\]\\!|\\\?(\\r\V\L|q`\'~\X^w0\.|F\<r\J\\:-\\\0l\\\vX94%#\b\[',NULL,NULL,'employee',1,'k52pst'),('3e454577-8917-11ea-9959-8c1645373715','Kenyon_Pollich@gmail.com',_binary '!\z9F\1\q\\\\y\n\5\\{M5H8\[2asR\,\&o',_binary '6\58D^{	g1zM*\J\	\;+gH8\"LI\\+\\\[\]+\y\#uO\\Y\\e\n\0H54kR?\\\ p8m\5\YB#\\',NULL,NULL,'employee',1,'vx2tyj'),('3e4545d9-8917-11ea-9959-8c1645373715','Kayla.Funk@gmail.com',_binary 'p\\N\0Y\\X$g@l\r5:\\\D)\TH~d\\v\\5',_binary 'F{!PXG\\)\z\\0\\m\\6V\IW\N\*Xyt~\ xPm3T|\"`Q6E@Y1\\\nd\Qyn^\n\m6\N*\'o|tr\hI3{\\p)8g\p',NULL,NULL,'employee',1,'et8swn'),('3e454639-8917-11ea-9959-8c1645373715','Edison_Bins17@hotmail.com',_binary 'G\\]Z\QA\X\\}3\\E-6dwUL\7\\=\$Kcpyx',_binary 'CA\ \nk#\\-\_\\\\B5\B\g{kS\R\Jq^\\}\gC$\g\5m]q1|mBP\\.E0\\\"\\6\\x\H\ZY\/O\SJ$',NULL,NULL,'employee',1,'3npgq1'),('3e4546a2-8917-11ea-9959-8c1645373715','Mose21@yahoo.com',_binary 'rU\'e_\=TDC9y;\D\\+\\\\\rC8\nn8lQ\n\h#',_binary '2XJiRRxe\\C\\JwfF\L:(\nk|\0NB \?p\(<B)\\\uT\J\\[7\\2V5I4!\\\u3bH-\0\zG2^;:',NULL,NULL,'employee',1,'huv253'),('3e454705-8917-11ea-9959-8c1645373715','Lucile_Sauer16@yahoo.com',_binary '&u8[\yg7\E0\i*Bs<G\{I\"#\b\>7\rsc\"\d=\Z\',_binary ']pz\x&<\#}rQ\ /Q\\\1\r\\\\=\\\\h?k\ixY\J3R\O@J\c&7	.y\\\\B\7d\\	xa\yJE}\+*\g\^x\o\',NULL,NULL,'employee',1,'sw83i6'),('3e454768-8917-11ea-9959-8c1645373715','Kara.Roberts58@hotmail.com',_binary 'g\H\AKFl\\9\\\\\\3Y:&/`\\p\@],\WL\R..\',_binary '@\\\Z3J\9<ih\{k\`\n\'dueT(\\Xk9,wM}nO\\G\\h\xL\/\A4\\"\X\1\'\\P>y\`\\\,\Htf\\!',NULL,NULL,'employee',1,'to51j1'),('3e4547d2-8917-11ea-9959-8c1645373715','Hank_Hane@yahoo.com',_binary 'b\rv\<-0k_x\n\\\\0\g@	\\"WN\\}9o4z\\\r\\a\++gO',_binary '~\xwS \\\n\qh\r1y 2Q\ D(mT=uV\{\:\\	Z9&\"Oi\Z,^z\HbF(%\\i:\gwo5\N#po*<\W~[\\\xo\\n\\\',NULL,NULL,'employee',1,'vizacb'),('3e454838-8917-11ea-9959-8c1645373715','Anika_Reynolds@gmail.com',_binary '.Y\.?I\(xj\r<\\2Z\\\Z\{\^!p5\\	\Z\4]\',_binary '\IxtT<c$o\S4.\Q M9O\^dE?`{\'\E~.9	-J{px!,\Q~p~u8>\v\x\\((Gk\\D\Qq])',NULL,NULL,'employee',1,'i94e5c'),('3e45489b-8917-11ea-9959-8c1645373715','Genoveva.Pfannerstill91@yahoo.com',_binary '\\'D4Ah\ilx_*\Gz\-;feCoHF$MPd\\M',_binary '\\\?8w\'2C[M\P\;\%\8\T%U\r< ,fI?\#\k=fsd\\\`\[\au\\i\tiX(\Ts\n\\X\t]eFL+nuY2cd\\M}Z6C\',NULL,NULL,'employee',1,'xuo2w9'),('3e4548fd-8917-11ea-9959-8c1645373715','Max_Spencer55@hotmail.com',_binary '`R\0\h\0A$\\i4/@\LL&\ \@3\I \\6/S\R&s^\\',_binary '(Q\h\nBTKR7M\D5rQs\")#0t<^\\T\/<8\"vu\\'\l\Z2\\"\>>(Vd\[/\\\mdxxU\\\j?s\\&#\}\\N',NULL,NULL,'employee',1,'n9zg5m'),('3e45495c-8917-11ea-9959-8c1645373715','Valentine_OKon75@hotmail.com',_binary 'Q\v@1\+=._\5\:\\*h2b\"&\<\j<}\\\t\L',_binary '\\tFV&=\	]N5\n\t\\\\\pT?\A$uO;t,\\\L1\\\\[\ya7)\q\\\\!b.	w}!1\0j\\v\8D4J=j\r\\C\\\k\v',NULL,NULL,'employee',1,'3y8uwe'),('3e4549bf-8917-11ea-9959-8c1645373715','Kasandra_Hettinger@yahoo.com',_binary '7`3U\um\,-\\nNF~hN\~\\zlQ\'\\Ymm-38\J\\\&z\g?k',_binary '8]#M\n\\\\\34B\kqe\\<\F\3fOc\B\un};\	\r\\\\:d\ \'u*\>r\zv3\`H\x\c\`S@J\\E',NULL,NULL,'employee',1,'rh4i9i'),('3e454a2d-8917-11ea-9959-8c1645373715','Randy86@hotmail.com',_binary '5\\\6\L\\Xv,oIP)v\h^Y\+<h\'k\\b\j0',_binary 'xb)\\\E%\'5\rs\"<;\\g_Z>\8T\\\6|e/Cf\\\rR7J/\<\P*\w9\S\\\f?<\6:f\\09\0sj<*\I+\\\\"\L\',NULL,NULL,'employee',1,'6ha1ky'),('3e454aba-8917-11ea-9959-8c1645373715','Hilton.Stamm@gmail.com',_binary '\V\}\\\n\Cy\F\E:/F90\*n8\\XIwV\Sn\n\\SK',_binary '\\IH\\BS]\\\*O+od\{{OoK\=D5\X\\Uz~^\];VU\\\P\\\_e\\>\\fVfl\\\;L1tK}\LK=fg\'WM)',NULL,NULL,'employee',1,'r6uuec'),('3e454b39-8917-11ea-9959-8c1645373715','Janet12@gmail.com',_binary '\?Qq\"\-Ab%@K\!h\\#\n\;\V\3\6ff|f!9',_binary 'N\W{fi\\0=*v\X\	\v\+Q\1\*40\?Yu	V\\\$\\c.3=2\$/0XS\"m7F\m\J\\\\\\\\r\\@3l\\.4\',NULL,NULL,'employee',1,'qtxv0z');
/*!40000 ALTER TABLE `users` ENABLE KEYS */;
UNLOCK TABLES;
/*!40103 SET TIME_ZONE=@OLD_TIME_ZONE */;

/*!40101 SET SQL_MODE=@OLD_SQL_MODE */;
/*!40014 SET FOREIGN_KEY_CHECKS=@OLD_FOREIGN_KEY_CHECKS */;
/*!40014 SET UNIQUE_CHECKS=@OLD_UNIQUE_CHECKS */;
/*!40101 SET CHARACTER_SET_CLIENT=@OLD_CHARACTER_SET_CLIENT */;
/*!40101 SET CHARACTER_SET_RESULTS=@OLD_CHARACTER_SET_RESULTS */;
/*!40101 SET COLLATION_CONNECTION=@OLD_COLLATION_CONNECTION */;
/*!40111 SET SQL_NOTES=@OLD_SQL_NOTES */;

-- Dump completed on 2020-04-28 13:13:22
