-- MySQL dump 10.13  Distrib 8.0.19, for Win64 (x86_64)
--
-- Host: localhost    Database: recruiter
-- ------------------------------------------------------
-- Server version	8.0.19

/*!40101 SET @OLD_CHARACTER_SET_CLIENT=@@CHARACTER_SET_CLIENT */;
/*!40101 SET @OLD_CHARACTER_SET_RESULTS=@@CHARACTER_SET_RESULTS */;
/*!40101 SET @OLD_COLLATION_CONNECTION=@@COLLATION_CONNECTION */;
/*!50503 SET NAMES utf8mb4 */;
/*!40103 SET @OLD_TIME_ZONE=@@TIME_ZONE */;
/*!40103 SET TIME_ZONE='+00:00' */;
/*!40014 SET @OLD_UNIQUE_CHECKS=@@UNIQUE_CHECKS, UNIQUE_CHECKS=0 */;
/*!40014 SET @OLD_FOREIGN_KEY_CHECKS=@@FOREIGN_KEY_CHECKS, FOREIGN_KEY_CHECKS=0 */;
/*!40101 SET @OLD_SQL_MODE=@@SQL_MODE, SQL_MODE='NO_AUTO_VALUE_ON_ZERO' */;
/*!40111 SET @OLD_SQL_NOTES=@@SQL_NOTES, SQL_NOTES=0 */;

--
-- Table structure for table `desiredlocations`
--

DROP TABLE IF EXISTS `desiredlocations`;
/*!40101 SET @saved_cs_client     = @@character_set_client */;
/*!50503 SET character_set_client = utf8mb4 */;
CREATE TABLE `desiredlocations` (
  `employee` char(36) NOT NULL,
  `locationId` char(36) NOT NULL,
  PRIMARY KEY (`employee`,`locationId`),
  KEY `locationId` (`locationId`),
  CONSTRAINT `desiredlocations_ibfk_1` FOREIGN KEY (`employee`) REFERENCES `employees` (`id`),
  CONSTRAINT `desiredlocations_ibfk_2` FOREIGN KEY (`locationId`) REFERENCES `locations` (`id`)
) ENGINE=InnoDB DEFAULT CHARSET=utf8mb4 COLLATE=utf8mb4_0900_ai_ci;
/*!40101 SET character_set_client = @saved_cs_client */;

--
-- Dumping data for table `desiredlocations`
--

LOCK TABLES `desiredlocations` WRITE;
/*!40000 ALTER TABLE `desiredlocations` DISABLE KEYS */;
INSERT INTO `desiredlocations` VALUES ('05d72346-7e04-11ea-8f79-8c1645373715','05da072d-7e04-11ea-8f79-8c1645373715'),('05d72a1e-7e04-11ea-8f79-8c1645373715','05da072d-7e04-11ea-8f79-8c1645373715'),('05d71d9d-7e04-11ea-8f79-8c1645373715','05da257a-7e04-11ea-8f79-8c1645373715'),('05d7215f-7e04-11ea-8f79-8c1645373715','05da257a-7e04-11ea-8f79-8c1645373715'),('05d71f19-7e04-11ea-8f79-8c1645373715','05da268a-7e04-11ea-8f79-8c1645373715'),('05d7220c-7e04-11ea-8f79-8c1645373715','05da268a-7e04-11ea-8f79-8c1645373715'),('05d72346-7e04-11ea-8f79-8c1645373715','05da268a-7e04-11ea-8f79-8c1645373715'),('05d72761-7e04-11ea-8f79-8c1645373715','05da268a-7e04-11ea-8f79-8c1645373715'),('05d71d9d-7e04-11ea-8f79-8c1645373715','05da26fb-7e04-11ea-8f79-8c1645373715'),('05d72256-7e04-11ea-8f79-8c1645373715','05da26fb-7e04-11ea-8f79-8c1645373715'),('05d7267b-7e04-11ea-8f79-8c1645373715','05da277d-7e04-11ea-8f79-8c1645373715'),('05d72b03-7e04-11ea-8f79-8c1645373715','05da277d-7e04-11ea-8f79-8c1645373715'),('05d72761-7e04-11ea-8f79-8c1645373715','05da27f5-7e04-11ea-8f79-8c1645373715'),('05d72869-7e04-11ea-8f79-8c1645373715','05da27f5-7e04-11ea-8f79-8c1645373715'),('05d7100b-7e04-11ea-8f79-8c1645373715','05da287f-7e04-11ea-8f79-8c1645373715'),('05d7206c-7e04-11ea-8f79-8c1645373715','05da287f-7e04-11ea-8f79-8c1645373715'),('05d72561-7e04-11ea-8f79-8c1645373715','05da287f-7e04-11ea-8f79-8c1645373715'),('05d71f5c-7e04-11ea-8f79-8c1645373715','05da28fd-7e04-11ea-8f79-8c1645373715'),('05d720ab-7e04-11ea-8f79-8c1645373715','05da28fd-7e04-11ea-8f79-8c1645373715'),('05d7267b-7e04-11ea-8f79-8c1645373715','05da2967-7e04-11ea-8f79-8c1645373715'),('05d727c3-7e04-11ea-8f79-8c1645373715','05da2967-7e04-11ea-8f79-8c1645373715'),('05d72ba9-7e04-11ea-8f79-8c1645373715','05da2967-7e04-11ea-8f79-8c1645373715'),('05d71fbf-7e04-11ea-8f79-8c1645373715','05da29df-7e04-11ea-8f79-8c1645373715'),('05d72b03-7e04-11ea-8f79-8c1645373715','05da29df-7e04-11ea-8f79-8c1645373715'),('05d72b4a-7e04-11ea-8f79-8c1645373715','05da29df-7e04-11ea-8f79-8c1645373715'),('05d721a9-7e04-11ea-8f79-8c1645373715','05da2ac1-7e04-11ea-8f79-8c1645373715'),('05d72256-7e04-11ea-8f79-8c1645373715','05da2ac1-7e04-11ea-8f79-8c1645373715'),('05d7271a-7e04-11ea-8f79-8c1645373715','05da2ac1-7e04-11ea-8f79-8c1645373715'),('05d728b3-7e04-11ea-8f79-8c1645373715','05da2ac1-7e04-11ea-8f79-8c1645373715'),('05d720f5-7e04-11ea-8f79-8c1645373715','05da2b1d-7e04-11ea-8f79-8c1645373715'),('05d72256-7e04-11ea-8f79-8c1645373715','05da2b1d-7e04-11ea-8f79-8c1645373715'),('05d72761-7e04-11ea-8f79-8c1645373715','05da2b1d-7e04-11ea-8f79-8c1645373715'),('05d728b3-7e04-11ea-8f79-8c1645373715','05da2b1d-7e04-11ea-8f79-8c1645373715'),('05d72aa4-7e04-11ea-8f79-8c1645373715','05da2b98-7e04-11ea-8f79-8c1645373715'),('05d71059-7e04-11ea-8f79-8c1645373715','05da2bf4-7e04-11ea-8f79-8c1645373715'),('05d71e14-7e04-11ea-8f79-8c1645373715','05da2bf4-7e04-11ea-8f79-8c1645373715'),('05d71fbf-7e04-11ea-8f79-8c1645373715','05da2bf4-7e04-11ea-8f79-8c1645373715'),('05d7267b-7e04-11ea-8f79-8c1645373715','05da2bf4-7e04-11ea-8f79-8c1645373715'),('05d72bf3-7e04-11ea-8f79-8c1645373715','05da2bf4-7e04-11ea-8f79-8c1645373715'),('05d71d4f-7e04-11ea-8f79-8c1645373715','05da2c6c-7e04-11ea-8f79-8c1645373715'),('05d71e5e-7e04-11ea-8f79-8c1645373715','05da2c6c-7e04-11ea-8f79-8c1645373715'),('05d721a9-7e04-11ea-8f79-8c1645373715','05da2c6c-7e04-11ea-8f79-8c1645373715'),('05d71ecc-7e04-11ea-8f79-8c1645373715','05da2cc4-7e04-11ea-8f79-8c1645373715'),('05d7206c-7e04-11ea-8f79-8c1645373715','05da2cc4-7e04-11ea-8f79-8c1645373715'),('05d720ab-7e04-11ea-8f79-8c1645373715','05da2cc4-7e04-11ea-8f79-8c1645373715'),('05d722ff-7e04-11ea-8f79-8c1645373715','05da2cc4-7e04-11ea-8f79-8c1645373715'),('05d724ed-7e04-11ea-8f79-8c1645373715','05da2cc4-7e04-11ea-8f79-8c1645373715'),('05d72a1e-7e04-11ea-8f79-8c1645373715','05da2cc4-7e04-11ea-8f79-8c1645373715'),('05d71ecc-7e04-11ea-8f79-8c1645373715','05da2d4a-7e04-11ea-8f79-8c1645373715'),('05d7220c-7e04-11ea-8f79-8c1645373715','05da2d4a-7e04-11ea-8f79-8c1645373715'),('05d72299-7e04-11ea-8f79-8c1645373715','05da2d4a-7e04-11ea-8f79-8c1645373715'),('05d72975-7e04-11ea-8f79-8c1645373715','05da2d4a-7e04-11ea-8f79-8c1645373715'),('05d72561-7e04-11ea-8f79-8c1645373715','05da2da9-7e04-11ea-8f79-8c1645373715'),('05d726c2-7e04-11ea-8f79-8c1645373715','05da2da9-7e04-11ea-8f79-8c1645373715'),('05d72aa4-7e04-11ea-8f79-8c1645373715','05da2da9-7e04-11ea-8f79-8c1645373715'),('05d720f5-7e04-11ea-8f79-8c1645373715','05da2e1d-7e04-11ea-8f79-8c1645373715'),('05d7100b-7e04-11ea-8f79-8c1645373715','05da2e99-7e04-11ea-8f79-8c1645373715'),('05d71d9d-7e04-11ea-8f79-8c1645373715','05da2e99-7e04-11ea-8f79-8c1645373715'),('05d720f5-7e04-11ea-8f79-8c1645373715','05da2e99-7e04-11ea-8f79-8c1645373715'),('05d729bc-7e04-11ea-8f79-8c1645373715','05da2e99-7e04-11ea-8f79-8c1645373715'),('05d71cd7-7e04-11ea-8f79-8c1645373715','05da2ef4-7e04-11ea-8f79-8c1645373715'),('05d71f19-7e04-11ea-8f79-8c1645373715','05da2ef4-7e04-11ea-8f79-8c1645373715'),('05d725af-7e04-11ea-8f79-8c1645373715','05da2ef4-7e04-11ea-8f79-8c1645373715'),('05d71f19-7e04-11ea-8f79-8c1645373715','05da2f70-7e04-11ea-8f79-8c1645373715'),('05d72009-7e04-11ea-8f79-8c1645373715','05da2f70-7e04-11ea-8f79-8c1645373715'),('05d72908-7e04-11ea-8f79-8c1645373715','05da2f70-7e04-11ea-8f79-8c1645373715'),('05d72b4a-7e04-11ea-8f79-8c1645373715','05da2f70-7e04-11ea-8f79-8c1645373715'),('05d7215f-7e04-11ea-8f79-8c1645373715','05da2fd6-7e04-11ea-8f79-8c1645373715'),('05d72a61-7e04-11ea-8f79-8c1645373715','05da2fd6-7e04-11ea-8f79-8c1645373715'),('05d72ba9-7e04-11ea-8f79-8c1645373715','05da2fd6-7e04-11ea-8f79-8c1645373715'),('05d7271a-7e04-11ea-8f79-8c1645373715','05da30e2-7e04-11ea-8f79-8c1645373715'),('05d72975-7e04-11ea-8f79-8c1645373715','05da30e2-7e04-11ea-8f79-8c1645373715'),('05d7267b-7e04-11ea-8f79-8c1645373715','05da3156-7e04-11ea-8f79-8c1645373715'),('05d726c2-7e04-11ea-8f79-8c1645373715','05da3156-7e04-11ea-8f79-8c1645373715'),('05d7280a-7e04-11ea-8f79-8c1645373715','05da3156-7e04-11ea-8f79-8c1645373715'),('05d720ab-7e04-11ea-8f79-8c1645373715','05da31d2-7e04-11ea-8f79-8c1645373715'),('05d71cd7-7e04-11ea-8f79-8c1645373715','05da322a-7e04-11ea-8f79-8c1645373715'),('05d7215f-7e04-11ea-8f79-8c1645373715','05da322a-7e04-11ea-8f79-8c1645373715'),('05d72869-7e04-11ea-8f79-8c1645373715','05da322a-7e04-11ea-8f79-8c1645373715'),('05d729bc-7e04-11ea-8f79-8c1645373715','05da322a-7e04-11ea-8f79-8c1645373715'),('05d72a61-7e04-11ea-8f79-8c1645373715','05da322a-7e04-11ea-8f79-8c1645373715'),('05d72b4a-7e04-11ea-8f79-8c1645373715','05da322a-7e04-11ea-8f79-8c1645373715'),('05d72346-7e04-11ea-8f79-8c1645373715','05da32a5-7e04-11ea-8f79-8c1645373715'),('05d720f5-7e04-11ea-8f79-8c1645373715','05da3305-7e04-11ea-8f79-8c1645373715'),('05d724ed-7e04-11ea-8f79-8c1645373715','05da337c-7e04-11ea-8f79-8c1645373715'),('05d725af-7e04-11ea-8f79-8c1645373715','05da337c-7e04-11ea-8f79-8c1645373715'),('05d72a1e-7e04-11ea-8f79-8c1645373715','05da337c-7e04-11ea-8f79-8c1645373715'),('05d72aa4-7e04-11ea-8f79-8c1645373715','05da337c-7e04-11ea-8f79-8c1645373715'),('05d7267b-7e04-11ea-8f79-8c1645373715','05da33d1-7e04-11ea-8f79-8c1645373715'),('05d7271a-7e04-11ea-8f79-8c1645373715','05da33d1-7e04-11ea-8f79-8c1645373715'),('05d722ff-7e04-11ea-8f79-8c1645373715','05da344c-7e04-11ea-8f79-8c1645373715'),('05d723a5-7e04-11ea-8f79-8c1645373715','05da344c-7e04-11ea-8f79-8c1645373715'),('05d71cd7-7e04-11ea-8f79-8c1645373715','05da34a5-7e04-11ea-8f79-8c1645373715'),('05d724a6-7e04-11ea-8f79-8c1645373715','05da34a5-7e04-11ea-8f79-8c1645373715'),('05d72975-7e04-11ea-8f79-8c1645373715','05da34a5-7e04-11ea-8f79-8c1645373715'),('05d7100b-7e04-11ea-8f79-8c1645373715','05da3524-7e04-11ea-8f79-8c1645373715'),('05d71f19-7e04-11ea-8f79-8c1645373715','05da3524-7e04-11ea-8f79-8c1645373715'),('05d72299-7e04-11ea-8f79-8c1645373715','05da3524-7e04-11ea-8f79-8c1645373715'),('05d72346-7e04-11ea-8f79-8c1645373715','05da35ad-7e04-11ea-8f79-8c1645373715'),('05d72b4a-7e04-11ea-8f79-8c1645373715','05da35ad-7e04-11ea-8f79-8c1645373715'),('05d72009-7e04-11ea-8f79-8c1645373715','05da3613-7e04-11ea-8f79-8c1645373715'),('05d721a9-7e04-11ea-8f79-8c1645373715','05da3688-7e04-11ea-8f79-8c1645373715'),('05d722ff-7e04-11ea-8f79-8c1645373715','05da3688-7e04-11ea-8f79-8c1645373715'),('05d7220c-7e04-11ea-8f79-8c1645373715','05da36e0-7e04-11ea-8f79-8c1645373715'),('05d727c3-7e04-11ea-8f79-8c1645373715','05da36e0-7e04-11ea-8f79-8c1645373715'),('05d72908-7e04-11ea-8f79-8c1645373715','05da36e0-7e04-11ea-8f79-8c1645373715'),('05d72a1e-7e04-11ea-8f79-8c1645373715','05da36e0-7e04-11ea-8f79-8c1645373715'),('05d725af-7e04-11ea-8f79-8c1645373715','05da3754-7e04-11ea-8f79-8c1645373715'),('05d72908-7e04-11ea-8f79-8c1645373715','05da3754-7e04-11ea-8f79-8c1645373715'),('05d7215f-7e04-11ea-8f79-8c1645373715','05da37b0-7e04-11ea-8f79-8c1645373715'),('05d724ed-7e04-11ea-8f79-8c1645373715','05da37b0-7e04-11ea-8f79-8c1645373715'),('05d726c2-7e04-11ea-8f79-8c1645373715','05da37b0-7e04-11ea-8f79-8c1645373715'),('05d72869-7e04-11ea-8f79-8c1645373715','05da37b0-7e04-11ea-8f79-8c1645373715'),('05d72ba9-7e04-11ea-8f79-8c1645373715','05da37b0-7e04-11ea-8f79-8c1645373715'),('05d71d9d-7e04-11ea-8f79-8c1645373715','05da3824-7e04-11ea-8f79-8c1645373715'),('05d71e14-7e04-11ea-8f79-8c1645373715','05da3824-7e04-11ea-8f79-8c1645373715'),('05d723a5-7e04-11ea-8f79-8c1645373715','05da3824-7e04-11ea-8f79-8c1645373715'),('05d72a1e-7e04-11ea-8f79-8c1645373715','05da3824-7e04-11ea-8f79-8c1645373715'),('05d72b03-7e04-11ea-8f79-8c1645373715','05da3824-7e04-11ea-8f79-8c1645373715'),('05d71e14-7e04-11ea-8f79-8c1645373715','05da387c-7e04-11ea-8f79-8c1645373715'),('05d72009-7e04-11ea-8f79-8c1645373715','05da387c-7e04-11ea-8f79-8c1645373715'),('05d7206c-7e04-11ea-8f79-8c1645373715','05da387c-7e04-11ea-8f79-8c1645373715'),('05d72761-7e04-11ea-8f79-8c1645373715','05da387c-7e04-11ea-8f79-8c1645373715'),('05d727c3-7e04-11ea-8f79-8c1645373715','05da387c-7e04-11ea-8f79-8c1645373715'),('05d7280a-7e04-11ea-8f79-8c1645373715','05da387c-7e04-11ea-8f79-8c1645373715'),('05d72bf3-7e04-11ea-8f79-8c1645373715','05da387c-7e04-11ea-8f79-8c1645373715'),('05d71d4f-7e04-11ea-8f79-8c1645373715','05da38f4-7e04-11ea-8f79-8c1645373715'),('05d71e5e-7e04-11ea-8f79-8c1645373715','05da38f4-7e04-11ea-8f79-8c1645373715'),('05d71ecc-7e04-11ea-8f79-8c1645373715','05da38f4-7e04-11ea-8f79-8c1645373715'),('05d71f19-7e04-11ea-8f79-8c1645373715','05da38f4-7e04-11ea-8f79-8c1645373715'),('05d72256-7e04-11ea-8f79-8c1645373715','05da38f4-7e04-11ea-8f79-8c1645373715'),('05d726c2-7e04-11ea-8f79-8c1645373715','05da38f4-7e04-11ea-8f79-8c1645373715'),('05d724a6-7e04-11ea-8f79-8c1645373715','05da394c-7e04-11ea-8f79-8c1645373715'),('05d72869-7e04-11ea-8f79-8c1645373715','05da394c-7e04-11ea-8f79-8c1645373715'),('05d72aa4-7e04-11ea-8f79-8c1645373715','05da394c-7e04-11ea-8f79-8c1645373715'),('05d7206c-7e04-11ea-8f79-8c1645373715','05da39c4-7e04-11ea-8f79-8c1645373715'),('05d72a61-7e04-11ea-8f79-8c1645373715','05da39c4-7e04-11ea-8f79-8c1645373715'),('05d71d4f-7e04-11ea-8f79-8c1645373715','05da3a1d-7e04-11ea-8f79-8c1645373715'),('05d71f5c-7e04-11ea-8f79-8c1645373715','05da3abb-7e04-11ea-8f79-8c1645373715'),('05d71e5e-7e04-11ea-8f79-8c1645373715','05da3b1a-7e04-11ea-8f79-8c1645373715'),('05d72346-7e04-11ea-8f79-8c1645373715','05da3b1a-7e04-11ea-8f79-8c1645373715'),('05d7280a-7e04-11ea-8f79-8c1645373715','05da3b1a-7e04-11ea-8f79-8c1645373715'),('05d72908-7e04-11ea-8f79-8c1645373715','05da3b1a-7e04-11ea-8f79-8c1645373715'),('05d72aa4-7e04-11ea-8f79-8c1645373715','05da3b1a-7e04-11ea-8f79-8c1645373715'),('05d71059-7e04-11ea-8f79-8c1645373715','05da3b8f-7e04-11ea-8f79-8c1645373715'),('05d71d9d-7e04-11ea-8f79-8c1645373715','05da3b8f-7e04-11ea-8f79-8c1645373715'),('05d71f5c-7e04-11ea-8f79-8c1645373715','05da3b8f-7e04-11ea-8f79-8c1645373715'),('05d721a9-7e04-11ea-8f79-8c1645373715','05da3b8f-7e04-11ea-8f79-8c1645373715'),('05d723a5-7e04-11ea-8f79-8c1645373715','05da3b8f-7e04-11ea-8f79-8c1645373715'),('05d72561-7e04-11ea-8f79-8c1645373715','05da3b8f-7e04-11ea-8f79-8c1645373715'),('05d726c2-7e04-11ea-8f79-8c1645373715','05da3b8f-7e04-11ea-8f79-8c1645373715'),('05d729bc-7e04-11ea-8f79-8c1645373715','05da3b8f-7e04-11ea-8f79-8c1645373715'),('05d722ff-7e04-11ea-8f79-8c1645373715','05da3be7-7e04-11ea-8f79-8c1645373715'),('05d72b03-7e04-11ea-8f79-8c1645373715','05da3c58-7e04-11ea-8f79-8c1645373715'),('05d72ba9-7e04-11ea-8f79-8c1645373715','05da3c58-7e04-11ea-8f79-8c1645373715'),('05d71059-7e04-11ea-8f79-8c1645373715','05da3d24-7e04-11ea-8f79-8c1645373715'),('05d7215f-7e04-11ea-8f79-8c1645373715','05da3d24-7e04-11ea-8f79-8c1645373715'),('05d72256-7e04-11ea-8f79-8c1645373715','05da3d24-7e04-11ea-8f79-8c1645373715'),('05d72299-7e04-11ea-8f79-8c1645373715','05da3d24-7e04-11ea-8f79-8c1645373715'),('05d727c3-7e04-11ea-8f79-8c1645373715','05da3d24-7e04-11ea-8f79-8c1645373715'),('05d728b3-7e04-11ea-8f79-8c1645373715','05da3d24-7e04-11ea-8f79-8c1645373715'),('05d72bf3-7e04-11ea-8f79-8c1645373715','05da3d24-7e04-11ea-8f79-8c1645373715'),('05d724ed-7e04-11ea-8f79-8c1645373715','05da3d83-7e04-11ea-8f79-8c1645373715'),('05d71ecc-7e04-11ea-8f79-8c1645373715','05da3df8-7e04-11ea-8f79-8c1645373715'),('05d7220c-7e04-11ea-8f79-8c1645373715','05da3df8-7e04-11ea-8f79-8c1645373715'),('05d72b03-7e04-11ea-8f79-8c1645373715','05da3df8-7e04-11ea-8f79-8c1645373715'),('05d7271a-7e04-11ea-8f79-8c1645373715','05da3e4c-7e04-11ea-8f79-8c1645373715'),('05d723a5-7e04-11ea-8f79-8c1645373715','05da3eba-7e04-11ea-8f79-8c1645373715'),('05d724a6-7e04-11ea-8f79-8c1645373715','05da3eba-7e04-11ea-8f79-8c1645373715'),('05d71e5e-7e04-11ea-8f79-8c1645373715','05da3f0e-7e04-11ea-8f79-8c1645373715'),('05d71fbf-7e04-11ea-8f79-8c1645373715','05da3f0e-7e04-11ea-8f79-8c1645373715'),('05d720f5-7e04-11ea-8f79-8c1645373715','05da3f0e-7e04-11ea-8f79-8c1645373715'),('05d722ff-7e04-11ea-8f79-8c1645373715','05da3f0e-7e04-11ea-8f79-8c1645373715'),('05d724a6-7e04-11ea-8f79-8c1645373715','05da3f0e-7e04-11ea-8f79-8c1645373715'),('05d7280a-7e04-11ea-8f79-8c1645373715','05da3f0e-7e04-11ea-8f79-8c1645373715'),('05d72a61-7e04-11ea-8f79-8c1645373715','05da3f0e-7e04-11ea-8f79-8c1645373715');
/*!40000 ALTER TABLE `desiredlocations` ENABLE KEYS */;
UNLOCK TABLES;

--
-- Table structure for table `employees`
--

DROP TABLE IF EXISTS `employees`;
/*!40101 SET @saved_cs_client     = @@character_set_client */;
/*!50503 SET character_set_client = utf8mb4 */;
CREATE TABLE `employees` (
  `id` char(36) NOT NULL,
  `name` varchar(100) NOT NULL,
  `phoneNumber` varchar(30) DEFAULT NULL,
  `bio` varchar(200) DEFAULT NULL,
  PRIMARY KEY (`id`),
  CONSTRAINT `employees_ibfk_1` FOREIGN KEY (`id`) REFERENCES `users` (`id`)
) ENGINE=InnoDB DEFAULT CHARSET=utf8mb4 COLLATE=utf8mb4_0900_ai_ci;
/*!40101 SET character_set_client = @saved_cs_client */;

--
-- Dumping data for table `employees`
--

LOCK TABLES `employees` WRITE;
/*!40000 ALTER TABLE `employees` DISABLE KEYS */;
INSERT INTO `employees` VALUES ('05d7100b-7e04-11ea-8f79-8c1645373715','Abigayle Hyatt','1-785-126-5212','Accusamus velit fugit numquam suscipit nam pariatur.'),('05d71059-7e04-11ea-8f79-8c1645373715','Erich Keebler','476.843.1510 x4538','Placeat quidem enim aut et numquam eos consequatur sint minima.'),('05d71cd7-7e04-11ea-8f79-8c1645373715','Jordi Grant','1-378-779-6704','Vero rem deserunt cumque et aut cum est consequatur consectetur.'),('05d71d4f-7e04-11ea-8f79-8c1645373715','Dr. Ethelyn Herman','1-385-906-5176','Ad quibusdam vel.'),('05d71d9d-7e04-11ea-8f79-8c1645373715','Sadye Bailey','(654) 661-8103','Voluptatum voluptate totam nam nesciunt vel iste.'),('05d71e14-7e04-11ea-8f79-8c1645373715','Sophie Cruickshank','527-234-0711 x1351','Nihil ut nihil asperiores sint sed inventore eos numquam.'),('05d71e5e-7e04-11ea-8f79-8c1645373715','Mireille Weimann','(736) 641-5282','Possimus assumenda consequuntur alias dolorum minus minus modi.'),('05d71ecc-7e04-11ea-8f79-8c1645373715','Enrico Block','(069) 696-8624','Consectetur et dolores neque qui quia minus.'),('05d71f19-7e04-11ea-8f79-8c1645373715','Al Wyman','1-787-863-6981 x136','Quos est recusandae adipisci.'),('05d71f5c-7e04-11ea-8f79-8c1645373715','Darwin Hermiston','1-516-074-4227 x251','Minima velit quaerat.'),('05d71fbf-7e04-11ea-8f79-8c1645373715','Allie O\'Keefe','1-912-414-2623 x6287','Consectetur suscipit rerum omnis voluptates ducimus aut molestias officiis.'),('05d72009-7e04-11ea-8f79-8c1645373715','Stephanie Aufderhar','1-781-874-7277','Rerum incidunt tenetur ut blanditiis vel vel ut.'),('05d7206c-7e04-11ea-8f79-8c1645373715','Dr. Kara Wehner','(541) 791-3429 x396','At dicta necessitatibus est praesentium rerum labore quae ut non.'),('05d720ab-7e04-11ea-8f79-8c1645373715','Neva Fadel','1-386-978-4471','Consequuntur repellendus nisi rerum nesciunt et et sequi maiores.'),('05d720f5-7e04-11ea-8f79-8c1645373715','Arno Franecki','1-754-196-2569','Eum tempore ex non molestiae.'),('05d7215f-7e04-11ea-8f79-8c1645373715','Reina Keeling','(861) 020-3966 x05984','Voluptates ut ab sunt dolorem cum qui necessitatibus nemo consequatur.'),('05d721a9-7e04-11ea-8f79-8c1645373715','Ramiro Trantow','116-343-3135 x521','Voluptas porro enim magnam.'),('05d7220c-7e04-11ea-8f79-8c1645373715','Susana Greenfelder','973-238-6685 x762','Molestiae qui hic est.'),('05d72256-7e04-11ea-8f79-8c1645373715','Dr. Jeanne Nienow','1-508-375-4636 x7944','Amet soluta repellat molestiae esse mollitia facere non asperiores.'),('05d72299-7e04-11ea-8f79-8c1645373715','Yasmine Ledner III','1-043-971-8920','Voluptatem eum et aliquid aut velit ipsam facere ipsa.'),('05d722ff-7e04-11ea-8f79-8c1645373715','Nasir Zieme','1-196-412-1343','Voluptatem et aut rerum qui beatae adipisci eius ad error.'),('05d72346-7e04-11ea-8f79-8c1645373715','Ms. Maud Ernser','(532) 669-6973 x97496','Est corrupti minima repellat dolorem perferendis occaecati qui.'),('05d723a5-7e04-11ea-8f79-8c1645373715','Kiera Mueller','(336) 892-6472 x800','Veritatis sequi consequuntur perferendis quia quod.'),('05d724a6-7e04-11ea-8f79-8c1645373715','Arturo Toy','1-049-037-0497 x7795','Porro labore dolorum non.'),('05d724ed-7e04-11ea-8f79-8c1645373715','Trever Bruen','(722) 121-0973','Ex enim eveniet voluptas ut dolor modi sint voluptatem ipsa.'),('05d72561-7e04-11ea-8f79-8c1645373715','Richmond Veum','(345) 956-2118 x77892','Voluptatibus consequatur officiis maxime porro omnis expedita.'),('05d725af-7e04-11ea-8f79-8c1645373715','Oswald Greenholt','1-688-401-2117','Non aperiam omnis quaerat.'),('05d7267b-7e04-11ea-8f79-8c1645373715','Krystal Abbott','1-834-324-2449','Voluptatem harum optio nemo.'),('05d726c2-7e04-11ea-8f79-8c1645373715','Mr. Bettye Wuckert','146.596.2569','Quia et similique necessitatibus molestias consequatur.'),('05d7271a-7e04-11ea-8f79-8c1645373715','Rosa Graham','664.208.6034 x27490','Fugit voluptas velit dicta perferendis aut cum ducimus delectus qui.'),('05d72761-7e04-11ea-8f79-8c1645373715','Arianna Prohaska','(596) 352-7605 x95610','Ullam possimus nisi consequatur impedit vel eveniet nisi cumque.'),('05d727c3-7e04-11ea-8f79-8c1645373715','Levi Mayert','1-142-687-2026 x51936','Fuga eius autem esse quasi modi adipisci mollitia ea autem.'),('05d7280a-7e04-11ea-8f79-8c1645373715','Dawn Ryan','855-538-4203','Omnis aut iusto voluptas aut aut iusto unde cumque ullam.'),('05d72869-7e04-11ea-8f79-8c1645373715','Cleo Brakus','278-092-7413 x9042','Omnis quae consequuntur.'),('05d728b3-7e04-11ea-8f79-8c1645373715','Marlen Hettinger','(914) 886-8605 x507','Aliquam veniam quas sint sed voluptatem sint vel.'),('05d72908-7e04-11ea-8f79-8c1645373715','Josiane Huels','(697) 930-6829','Et velit architecto porro et.'),('05d72975-7e04-11ea-8f79-8c1645373715','Beth Hegmann','(952) 078-9571 x494','Vero consequatur distinctio est similique ipsam ex suscipit.'),('05d729bc-7e04-11ea-8f79-8c1645373715','Aubree Schmidt','696-878-0612 x1134','Quia similique tenetur quo qui.'),('05d72a1e-7e04-11ea-8f79-8c1645373715','Cecil White V','1-824-033-5428','Dolorem vel officia magni.'),('05d72a61-7e04-11ea-8f79-8c1645373715','Alexandra Bode','513-820-1696','Eaque tempore provident sit ut adipisci id ut ab.'),('05d72aa4-7e04-11ea-8f79-8c1645373715','Patience Ortiz','978.608.3529 x707','Culpa quod molestias asperiores nesciunt quia sit in ea.'),('05d72b03-7e04-11ea-8f79-8c1645373715','Celestino Kihn','821.396.5839 x7529','Et error officia voluptatem libero earum earum ducimus.'),('05d72b4a-7e04-11ea-8f79-8c1645373715','Dr. Sanford Smitham','243-528-6614 x5427','Velit ipsa magni nesciunt corrupti dolores et veniam esse maiores.'),('05d72ba9-7e04-11ea-8f79-8c1645373715','Mckayla Jacobson','1-323-503-5793','Vel recusandae repellendus neque possimus dolores eum.'),('05d72bf3-7e04-11ea-8f79-8c1645373715','Molly Vandervort','(803) 230-9391','Nemo delectus suscipit quia omnis sed.');
/*!40000 ALTER TABLE `employees` ENABLE KEYS */;
UNLOCK TABLES;

--
-- Table structure for table `employers`
--

DROP TABLE IF EXISTS `employers`;
/*!40101 SET @saved_cs_client     = @@character_set_client */;
/*!50503 SET character_set_client = utf8mb4 */;
CREATE TABLE `employers` (
  `id` char(36) NOT NULL,
  `companyName` varchar(100) NOT NULL,
  `phoneNumber` varchar(30) NOT NULL,
  `website` varchar(100) NOT NULL,
  `address` char(36) NOT NULL,
  PRIMARY KEY (`id`),
  KEY `address` (`address`),
  CONSTRAINT `employers_ibfk_1` FOREIGN KEY (`id`) REFERENCES `users` (`id`),
  CONSTRAINT `employers_ibfk_2` FOREIGN KEY (`address`) REFERENCES `locations` (`id`)
) ENGINE=InnoDB DEFAULT CHARSET=utf8mb4 COLLATE=utf8mb4_0900_ai_ci;
/*!40101 SET character_set_client = @saved_cs_client */;

--
-- Dumping data for table `employers`
--

LOCK TABLES `employers` WRITE;
/*!40000 ALTER TABLE `employers` DISABLE KEYS */;
INSERT INTO `employers` VALUES ('05d6ee10-7e04-11ea-8f79-8c1645373715','Runte - Witting','1-173-762-5202 x469','https://claudia.org','05da2a3e-7e04-11ea-8f79-8c1645373715'),('05d70dec-7e04-11ea-8f79-8c1645373715','Lebsack Inc','(448) 931-8008','http://kenyatta.net','05da3f0e-7e04-11ea-8f79-8c1645373715'),('05d70ef5-7e04-11ea-8f79-8c1645373715','Schulist, Weber and Dietrich','(909) 769-4382','https://sabryna.net','05da3c58-7e04-11ea-8f79-8c1645373715'),('05d70f4d-7e04-11ea-8f79-8c1645373715','Kuphal - Schulist','223-481-7455','https://alize.net','05da257a-7e04-11ea-8f79-8c1645373715'),('05d70f9a-7e04-11ea-8f79-8c1645373715','VonRueden, Stehr and Wiegand','1-122-603-6817 x2636','https://eliezer.net','05da387c-7e04-11ea-8f79-8c1645373715');
/*!40000 ALTER TABLE `employers` ENABLE KEYS */;
UNLOCK TABLES;

--
-- Table structure for table `industries`
--

DROP TABLE IF EXISTS `industries`;
/*!40101 SET @saved_cs_client     = @@character_set_client */;
/*!50503 SET character_set_client = utf8mb4 */;
CREATE TABLE `industries` (
  `id` char(36) NOT NULL,
  `industry` varchar(100) NOT NULL,
  `description` varchar(100) NOT NULL,
  PRIMARY KEY (`id`)
) ENGINE=InnoDB DEFAULT CHARSET=utf8mb4 COLLATE=utf8mb4_0900_ai_ci;
/*!40101 SET character_set_client = @saved_cs_client */;

--
-- Dumping data for table `industries`
--

LOCK TABLES `industries` WRITE;
/*!40000 ALTER TABLE `industries` DISABLE KEYS */;
INSERT INTO `industries` VALUES ('05d84aa1-7e04-11ea-8f79-8c1645373715','Leisure & Travel','Et odit in laboriosam placeat labore neque recusandae ducimus.'),('05d86aa7-7e04-11ea-8f79-8c1645373715','Building Materials','Est facere et sit explicabo sunt facere.'),('05d86c0f-7e04-11ea-8f79-8c1645373715','Philanthropy','Dolores qui cupiditate ea dolorem ratione voluptatem.'),('05d86c9c-7e04-11ea-8f79-8c1645373715','E-learning','Eos sequi voluptas corrupti ea cupiditate et.'),('05d86cf4-7e04-11ea-8f79-8c1645373715','Industrial Automation','Sed qui consequuntur architecto autem officia tempora sed.');
/*!40000 ALTER TABLE `industries` ENABLE KEYS */;
UNLOCK TABLES;

--
-- Table structure for table `interestedroles`
--

DROP TABLE IF EXISTS `interestedroles`;
/*!40101 SET @saved_cs_client     = @@character_set_client */;
/*!50503 SET character_set_client = utf8mb4 */;
CREATE TABLE `interestedroles` (
  `employee` char(36) NOT NULL,
  `roleId` char(36) NOT NULL,
  PRIMARY KEY (`employee`,`roleId`),
  KEY `roleId` (`roleId`),
  CONSTRAINT `interestedroles_ibfk_1` FOREIGN KEY (`employee`) REFERENCES `employees` (`id`),
  CONSTRAINT `interestedroles_ibfk_2` FOREIGN KEY (`roleId`) REFERENCES `roles` (`id`)
) ENGINE=InnoDB DEFAULT CHARSET=utf8mb4 COLLATE=utf8mb4_0900_ai_ci;
/*!40101 SET character_set_client = @saved_cs_client */;

--
-- Dumping data for table `interestedroles`
--

LOCK TABLES `interestedroles` WRITE;
/*!40000 ALTER TABLE `interestedroles` DISABLE KEYS */;
INSERT INTO `interestedroles` VALUES ('05d71d9d-7e04-11ea-8f79-8c1645373715','05d8feef-7e04-11ea-8f79-8c1645373715'),('05d71ecc-7e04-11ea-8f79-8c1645373715','05d8feef-7e04-11ea-8f79-8c1645373715'),('05d72009-7e04-11ea-8f79-8c1645373715','05d8feef-7e04-11ea-8f79-8c1645373715'),('05d72761-7e04-11ea-8f79-8c1645373715','05d8feef-7e04-11ea-8f79-8c1645373715'),('05d727c3-7e04-11ea-8f79-8c1645373715','05d8feef-7e04-11ea-8f79-8c1645373715'),('05d7280a-7e04-11ea-8f79-8c1645373715','05d8feef-7e04-11ea-8f79-8c1645373715'),('05d728b3-7e04-11ea-8f79-8c1645373715','05d8feef-7e04-11ea-8f79-8c1645373715'),('05d72aa4-7e04-11ea-8f79-8c1645373715','05d8feef-7e04-11ea-8f79-8c1645373715'),('05d71d9d-7e04-11ea-8f79-8c1645373715','05d9339b-7e04-11ea-8f79-8c1645373715'),('05d71f19-7e04-11ea-8f79-8c1645373715','05d9339b-7e04-11ea-8f79-8c1645373715'),('05d720f5-7e04-11ea-8f79-8c1645373715','05d9339b-7e04-11ea-8f79-8c1645373715'),('05d72256-7e04-11ea-8f79-8c1645373715','05d9339b-7e04-11ea-8f79-8c1645373715'),('05d724a6-7e04-11ea-8f79-8c1645373715','05d9339b-7e04-11ea-8f79-8c1645373715'),('05d724ed-7e04-11ea-8f79-8c1645373715','05d9339b-7e04-11ea-8f79-8c1645373715'),('05d7267b-7e04-11ea-8f79-8c1645373715','05d9339b-7e04-11ea-8f79-8c1645373715'),('05d7280a-7e04-11ea-8f79-8c1645373715','05d9339b-7e04-11ea-8f79-8c1645373715'),('05d72975-7e04-11ea-8f79-8c1645373715','05d9339b-7e04-11ea-8f79-8c1645373715'),('05d72a61-7e04-11ea-8f79-8c1645373715','05d9339b-7e04-11ea-8f79-8c1645373715'),('05d72bf3-7e04-11ea-8f79-8c1645373715','05d9339b-7e04-11ea-8f79-8c1645373715'),('05d71059-7e04-11ea-8f79-8c1645373715','05d934b5-7e04-11ea-8f79-8c1645373715'),('05d71f19-7e04-11ea-8f79-8c1645373715','05d934b5-7e04-11ea-8f79-8c1645373715'),('05d720f5-7e04-11ea-8f79-8c1645373715','05d934b5-7e04-11ea-8f79-8c1645373715'),('05d7220c-7e04-11ea-8f79-8c1645373715','05d934b5-7e04-11ea-8f79-8c1645373715'),('05d722ff-7e04-11ea-8f79-8c1645373715','05d934b5-7e04-11ea-8f79-8c1645373715'),('05d724a6-7e04-11ea-8f79-8c1645373715','05d934b5-7e04-11ea-8f79-8c1645373715'),('05d724ed-7e04-11ea-8f79-8c1645373715','05d934b5-7e04-11ea-8f79-8c1645373715'),('05d72b03-7e04-11ea-8f79-8c1645373715','05d934b5-7e04-11ea-8f79-8c1645373715'),('05d72bf3-7e04-11ea-8f79-8c1645373715','05d934b5-7e04-11ea-8f79-8c1645373715'),('05d725af-7e04-11ea-8f79-8c1645373715','05d93607-7e04-11ea-8f79-8c1645373715'),('05d7271a-7e04-11ea-8f79-8c1645373715','05d93607-7e04-11ea-8f79-8c1645373715'),('05d72761-7e04-11ea-8f79-8c1645373715','05d93607-7e04-11ea-8f79-8c1645373715'),('05d7280a-7e04-11ea-8f79-8c1645373715','05d93607-7e04-11ea-8f79-8c1645373715'),('05d72bf3-7e04-11ea-8f79-8c1645373715','05d93607-7e04-11ea-8f79-8c1645373715'),('05d7100b-7e04-11ea-8f79-8c1645373715','05d936b4-7e04-11ea-8f79-8c1645373715'),('05d71cd7-7e04-11ea-8f79-8c1645373715','05d936b4-7e04-11ea-8f79-8c1645373715'),('05d71e5e-7e04-11ea-8f79-8c1645373715','05d936b4-7e04-11ea-8f79-8c1645373715'),('05d720ab-7e04-11ea-8f79-8c1645373715','05d936b4-7e04-11ea-8f79-8c1645373715'),('05d723a5-7e04-11ea-8f79-8c1645373715','05d936b4-7e04-11ea-8f79-8c1645373715'),('05d725af-7e04-11ea-8f79-8c1645373715','05d936b4-7e04-11ea-8f79-8c1645373715'),('05d7271a-7e04-11ea-8f79-8c1645373715','05d936b4-7e04-11ea-8f79-8c1645373715'),('05d72908-7e04-11ea-8f79-8c1645373715','05d936b4-7e04-11ea-8f79-8c1645373715'),('05d729bc-7e04-11ea-8f79-8c1645373715','05d936b4-7e04-11ea-8f79-8c1645373715'),('05d72b4a-7e04-11ea-8f79-8c1645373715','05d936b4-7e04-11ea-8f79-8c1645373715'),('05d71ecc-7e04-11ea-8f79-8c1645373715','05d9377d-7e04-11ea-8f79-8c1645373715'),('05d71f19-7e04-11ea-8f79-8c1645373715','05d9377d-7e04-11ea-8f79-8c1645373715'),('05d72009-7e04-11ea-8f79-8c1645373715','05d9377d-7e04-11ea-8f79-8c1645373715'),('05d721a9-7e04-11ea-8f79-8c1645373715','05d9377d-7e04-11ea-8f79-8c1645373715'),('05d72346-7e04-11ea-8f79-8c1645373715','05d9377d-7e04-11ea-8f79-8c1645373715'),('05d7267b-7e04-11ea-8f79-8c1645373715','05d9377d-7e04-11ea-8f79-8c1645373715'),('05d726c2-7e04-11ea-8f79-8c1645373715','05d9377d-7e04-11ea-8f79-8c1645373715'),('05d727c3-7e04-11ea-8f79-8c1645373715','05d9377d-7e04-11ea-8f79-8c1645373715'),('05d728b3-7e04-11ea-8f79-8c1645373715','05d9377d-7e04-11ea-8f79-8c1645373715'),('05d729bc-7e04-11ea-8f79-8c1645373715','05d9377d-7e04-11ea-8f79-8c1645373715'),('05d72b4a-7e04-11ea-8f79-8c1645373715','05d9377d-7e04-11ea-8f79-8c1645373715'),('05d71059-7e04-11ea-8f79-8c1645373715','05d938ba-7e04-11ea-8f79-8c1645373715'),('05d71e5e-7e04-11ea-8f79-8c1645373715','05d938ba-7e04-11ea-8f79-8c1645373715'),('05d7206c-7e04-11ea-8f79-8c1645373715','05d938ba-7e04-11ea-8f79-8c1645373715'),('05d720f5-7e04-11ea-8f79-8c1645373715','05d938ba-7e04-11ea-8f79-8c1645373715'),('05d72299-7e04-11ea-8f79-8c1645373715','05d938ba-7e04-11ea-8f79-8c1645373715'),('05d724a6-7e04-11ea-8f79-8c1645373715','05d938ba-7e04-11ea-8f79-8c1645373715'),('05d725af-7e04-11ea-8f79-8c1645373715','05d938ba-7e04-11ea-8f79-8c1645373715'),('05d72a1e-7e04-11ea-8f79-8c1645373715','05d938ba-7e04-11ea-8f79-8c1645373715'),('05d72aa4-7e04-11ea-8f79-8c1645373715','05d938ba-7e04-11ea-8f79-8c1645373715'),('05d71e14-7e04-11ea-8f79-8c1645373715','05d93983-7e04-11ea-8f79-8c1645373715'),('05d71e5e-7e04-11ea-8f79-8c1645373715','05d93983-7e04-11ea-8f79-8c1645373715'),('05d71ecc-7e04-11ea-8f79-8c1645373715','05d93983-7e04-11ea-8f79-8c1645373715'),('05d71f5c-7e04-11ea-8f79-8c1645373715','05d93983-7e04-11ea-8f79-8c1645373715'),('05d72256-7e04-11ea-8f79-8c1645373715','05d93983-7e04-11ea-8f79-8c1645373715'),('05d72346-7e04-11ea-8f79-8c1645373715','05d93983-7e04-11ea-8f79-8c1645373715'),('05d72761-7e04-11ea-8f79-8c1645373715','05d93983-7e04-11ea-8f79-8c1645373715'),('05d72869-7e04-11ea-8f79-8c1645373715','05d93983-7e04-11ea-8f79-8c1645373715'),('05d72975-7e04-11ea-8f79-8c1645373715','05d93983-7e04-11ea-8f79-8c1645373715'),('05d72a61-7e04-11ea-8f79-8c1645373715','05d93983-7e04-11ea-8f79-8c1645373715'),('05d71d4f-7e04-11ea-8f79-8c1645373715','05d93a49-7e04-11ea-8f79-8c1645373715'),('05d71e14-7e04-11ea-8f79-8c1645373715','05d93a49-7e04-11ea-8f79-8c1645373715'),('05d71f5c-7e04-11ea-8f79-8c1645373715','05d93a49-7e04-11ea-8f79-8c1645373715'),('05d71fbf-7e04-11ea-8f79-8c1645373715','05d93a49-7e04-11ea-8f79-8c1645373715'),('05d7215f-7e04-11ea-8f79-8c1645373715','05d93a49-7e04-11ea-8f79-8c1645373715'),('05d721a9-7e04-11ea-8f79-8c1645373715','05d93a49-7e04-11ea-8f79-8c1645373715'),('05d72256-7e04-11ea-8f79-8c1645373715','05d93a49-7e04-11ea-8f79-8c1645373715'),('05d723a5-7e04-11ea-8f79-8c1645373715','05d93a49-7e04-11ea-8f79-8c1645373715'),('05d72561-7e04-11ea-8f79-8c1645373715','05d93a49-7e04-11ea-8f79-8c1645373715'),('05d72908-7e04-11ea-8f79-8c1645373715','05d93a49-7e04-11ea-8f79-8c1645373715'),('05d71f5c-7e04-11ea-8f79-8c1645373715','05d93ad9-7e04-11ea-8f79-8c1645373715'),('05d7220c-7e04-11ea-8f79-8c1645373715','05d93ad9-7e04-11ea-8f79-8c1645373715'),('05d726c2-7e04-11ea-8f79-8c1645373715','05d93ad9-7e04-11ea-8f79-8c1645373715'),('05d727c3-7e04-11ea-8f79-8c1645373715','05d93ad9-7e04-11ea-8f79-8c1645373715'),('05d728b3-7e04-11ea-8f79-8c1645373715','05d93ad9-7e04-11ea-8f79-8c1645373715'),('05d71d4f-7e04-11ea-8f79-8c1645373715','05d93b8a-7e04-11ea-8f79-8c1645373715'),('05d71e5e-7e04-11ea-8f79-8c1645373715','05d93b8a-7e04-11ea-8f79-8c1645373715'),('05d720f5-7e04-11ea-8f79-8c1645373715','05d93b8a-7e04-11ea-8f79-8c1645373715'),('05d722ff-7e04-11ea-8f79-8c1645373715','05d93b8a-7e04-11ea-8f79-8c1645373715'),('05d72346-7e04-11ea-8f79-8c1645373715','05d93b8a-7e04-11ea-8f79-8c1645373715'),('05d72561-7e04-11ea-8f79-8c1645373715','05d93b8a-7e04-11ea-8f79-8c1645373715'),('05d729bc-7e04-11ea-8f79-8c1645373715','05d93b8a-7e04-11ea-8f79-8c1645373715'),('05d72b4a-7e04-11ea-8f79-8c1645373715','05d93b8a-7e04-11ea-8f79-8c1645373715'),('05d72ba9-7e04-11ea-8f79-8c1645373715','05d93b8a-7e04-11ea-8f79-8c1645373715'),('05d71f19-7e04-11ea-8f79-8c1645373715','05d93c41-7e04-11ea-8f79-8c1645373715'),('05d71fbf-7e04-11ea-8f79-8c1645373715','05d93c41-7e04-11ea-8f79-8c1645373715'),('05d72009-7e04-11ea-8f79-8c1645373715','05d93c41-7e04-11ea-8f79-8c1645373715'),('05d726c2-7e04-11ea-8f79-8c1645373715','05d93c41-7e04-11ea-8f79-8c1645373715'),('05d7280a-7e04-11ea-8f79-8c1645373715','05d93c41-7e04-11ea-8f79-8c1645373715'),('05d72b03-7e04-11ea-8f79-8c1645373715','05d93c41-7e04-11ea-8f79-8c1645373715'),('05d72ba9-7e04-11ea-8f79-8c1645373715','05d93c41-7e04-11ea-8f79-8c1645373715'),('05d71cd7-7e04-11ea-8f79-8c1645373715','05d93d89-7e04-11ea-8f79-8c1645373715'),('05d726c2-7e04-11ea-8f79-8c1645373715','05d93d89-7e04-11ea-8f79-8c1645373715'),('05d7271a-7e04-11ea-8f79-8c1645373715','05d93d89-7e04-11ea-8f79-8c1645373715'),('05d72761-7e04-11ea-8f79-8c1645373715','05d93d89-7e04-11ea-8f79-8c1645373715'),('05d71059-7e04-11ea-8f79-8c1645373715','05d93fab-7e04-11ea-8f79-8c1645373715'),('05d71d4f-7e04-11ea-8f79-8c1645373715','05d93fab-7e04-11ea-8f79-8c1645373715'),('05d71ecc-7e04-11ea-8f79-8c1645373715','05d93fab-7e04-11ea-8f79-8c1645373715'),('05d720f5-7e04-11ea-8f79-8c1645373715','05d93fab-7e04-11ea-8f79-8c1645373715'),('05d721a9-7e04-11ea-8f79-8c1645373715','05d93fab-7e04-11ea-8f79-8c1645373715'),('05d7220c-7e04-11ea-8f79-8c1645373715','05d93fab-7e04-11ea-8f79-8c1645373715'),('05d722ff-7e04-11ea-8f79-8c1645373715','05d93fab-7e04-11ea-8f79-8c1645373715'),('05d723a5-7e04-11ea-8f79-8c1645373715','05d93fab-7e04-11ea-8f79-8c1645373715'),('05d72761-7e04-11ea-8f79-8c1645373715','05d93fab-7e04-11ea-8f79-8c1645373715'),('05d72869-7e04-11ea-8f79-8c1645373715','05d93fab-7e04-11ea-8f79-8c1645373715'),('05d729bc-7e04-11ea-8f79-8c1645373715','05d93fab-7e04-11ea-8f79-8c1645373715'),('05d71059-7e04-11ea-8f79-8c1645373715','05d94055-7e04-11ea-8f79-8c1645373715'),('05d7206c-7e04-11ea-8f79-8c1645373715','05d94055-7e04-11ea-8f79-8c1645373715'),('05d7215f-7e04-11ea-8f79-8c1645373715','05d94055-7e04-11ea-8f79-8c1645373715'),('05d7220c-7e04-11ea-8f79-8c1645373715','05d94055-7e04-11ea-8f79-8c1645373715'),('05d723a5-7e04-11ea-8f79-8c1645373715','05d94055-7e04-11ea-8f79-8c1645373715'),('05d724a6-7e04-11ea-8f79-8c1645373715','05d94055-7e04-11ea-8f79-8c1645373715'),('05d72a1e-7e04-11ea-8f79-8c1645373715','05d94055-7e04-11ea-8f79-8c1645373715'),('05d71f19-7e04-11ea-8f79-8c1645373715','05d9411e-7e04-11ea-8f79-8c1645373715'),('05d71f5c-7e04-11ea-8f79-8c1645373715','05d9411e-7e04-11ea-8f79-8c1645373715'),('05d720ab-7e04-11ea-8f79-8c1645373715','05d9411e-7e04-11ea-8f79-8c1645373715'),('05d72256-7e04-11ea-8f79-8c1645373715','05d9411e-7e04-11ea-8f79-8c1645373715'),('05d72299-7e04-11ea-8f79-8c1645373715','05d9411e-7e04-11ea-8f79-8c1645373715'),('05d722ff-7e04-11ea-8f79-8c1645373715','05d9411e-7e04-11ea-8f79-8c1645373715'),('05d724a6-7e04-11ea-8f79-8c1645373715','05d9411e-7e04-11ea-8f79-8c1645373715'),('05d72908-7e04-11ea-8f79-8c1645373715','05d9411e-7e04-11ea-8f79-8c1645373715'),('05d72a61-7e04-11ea-8f79-8c1645373715','05d9411e-7e04-11ea-8f79-8c1645373715'),('05d72b03-7e04-11ea-8f79-8c1645373715','05d9411e-7e04-11ea-8f79-8c1645373715'),('05d71cd7-7e04-11ea-8f79-8c1645373715','05d941ee-7e04-11ea-8f79-8c1645373715'),('05d71e14-7e04-11ea-8f79-8c1645373715','05d941ee-7e04-11ea-8f79-8c1645373715'),('05d7206c-7e04-11ea-8f79-8c1645373715','05d941ee-7e04-11ea-8f79-8c1645373715'),('05d72256-7e04-11ea-8f79-8c1645373715','05d941ee-7e04-11ea-8f79-8c1645373715'),('05d72346-7e04-11ea-8f79-8c1645373715','05d941ee-7e04-11ea-8f79-8c1645373715'),('05d724ed-7e04-11ea-8f79-8c1645373715','05d941ee-7e04-11ea-8f79-8c1645373715'),('05d72908-7e04-11ea-8f79-8c1645373715','05d941ee-7e04-11ea-8f79-8c1645373715'),('05d72ba9-7e04-11ea-8f79-8c1645373715','05d941ee-7e04-11ea-8f79-8c1645373715'),('05d72bf3-7e04-11ea-8f79-8c1645373715','05d941ee-7e04-11ea-8f79-8c1645373715'),('05d71d4f-7e04-11ea-8f79-8c1645373715','05d942a5-7e04-11ea-8f79-8c1645373715'),('05d71e5e-7e04-11ea-8f79-8c1645373715','05d942a5-7e04-11ea-8f79-8c1645373715'),('05d7206c-7e04-11ea-8f79-8c1645373715','05d942a5-7e04-11ea-8f79-8c1645373715'),('05d720ab-7e04-11ea-8f79-8c1645373715','05d942a5-7e04-11ea-8f79-8c1645373715'),('05d725af-7e04-11ea-8f79-8c1645373715','05d942a5-7e04-11ea-8f79-8c1645373715'),('05d7267b-7e04-11ea-8f79-8c1645373715','05d942a5-7e04-11ea-8f79-8c1645373715'),('05d72a1e-7e04-11ea-8f79-8c1645373715','05d942a5-7e04-11ea-8f79-8c1645373715'),('05d72aa4-7e04-11ea-8f79-8c1645373715','05d942a5-7e04-11ea-8f79-8c1645373715'),('05d72b03-7e04-11ea-8f79-8c1645373715','05d942a5-7e04-11ea-8f79-8c1645373715'),('05d72b4a-7e04-11ea-8f79-8c1645373715','05d942a5-7e04-11ea-8f79-8c1645373715'),('05d7100b-7e04-11ea-8f79-8c1645373715','05d94352-7e04-11ea-8f79-8c1645373715'),('05d71059-7e04-11ea-8f79-8c1645373715','05d94352-7e04-11ea-8f79-8c1645373715'),('05d71ecc-7e04-11ea-8f79-8c1645373715','05d94352-7e04-11ea-8f79-8c1645373715'),('05d7215f-7e04-11ea-8f79-8c1645373715','05d94352-7e04-11ea-8f79-8c1645373715'),('05d72299-7e04-11ea-8f79-8c1645373715','05d94352-7e04-11ea-8f79-8c1645373715'),('05d72346-7e04-11ea-8f79-8c1645373715','05d94352-7e04-11ea-8f79-8c1645373715'),('05d7271a-7e04-11ea-8f79-8c1645373715','05d94352-7e04-11ea-8f79-8c1645373715'),('05d72869-7e04-11ea-8f79-8c1645373715','05d94352-7e04-11ea-8f79-8c1645373715'),('05d728b3-7e04-11ea-8f79-8c1645373715','05d94352-7e04-11ea-8f79-8c1645373715'),('05d72908-7e04-11ea-8f79-8c1645373715','05d94352-7e04-11ea-8f79-8c1645373715'),('05d72975-7e04-11ea-8f79-8c1645373715','05d94352-7e04-11ea-8f79-8c1645373715'),('05d72a1e-7e04-11ea-8f79-8c1645373715','05d94352-7e04-11ea-8f79-8c1645373715'),('05d72ba9-7e04-11ea-8f79-8c1645373715','05d94352-7e04-11ea-8f79-8c1645373715'),('05d72bf3-7e04-11ea-8f79-8c1645373715','05d94352-7e04-11ea-8f79-8c1645373715'),('05d7100b-7e04-11ea-8f79-8c1645373715','05d94488-7e04-11ea-8f79-8c1645373715'),('05d71cd7-7e04-11ea-8f79-8c1645373715','05d94488-7e04-11ea-8f79-8c1645373715'),('05d71d9d-7e04-11ea-8f79-8c1645373715','05d94488-7e04-11ea-8f79-8c1645373715'),('05d71fbf-7e04-11ea-8f79-8c1645373715','05d94488-7e04-11ea-8f79-8c1645373715'),('05d7206c-7e04-11ea-8f79-8c1645373715','05d94488-7e04-11ea-8f79-8c1645373715'),('05d720ab-7e04-11ea-8f79-8c1645373715','05d94488-7e04-11ea-8f79-8c1645373715'),('05d7220c-7e04-11ea-8f79-8c1645373715','05d94488-7e04-11ea-8f79-8c1645373715'),('05d723a5-7e04-11ea-8f79-8c1645373715','05d94488-7e04-11ea-8f79-8c1645373715'),('05d72561-7e04-11ea-8f79-8c1645373715','05d94488-7e04-11ea-8f79-8c1645373715'),('05d72a61-7e04-11ea-8f79-8c1645373715','05d94488-7e04-11ea-8f79-8c1645373715'),('05d72aa4-7e04-11ea-8f79-8c1645373715','05d94488-7e04-11ea-8f79-8c1645373715');
/*!40000 ALTER TABLE `interestedroles` ENABLE KEYS */;
UNLOCK TABLES;

--
-- Table structure for table `jobinterest`
--

DROP TABLE IF EXISTS `jobinterest`;
/*!40101 SET @saved_cs_client     = @@character_set_client */;
/*!50503 SET character_set_client = utf8mb4 */;
CREATE TABLE `jobinterest` (
  `jobId` char(36) NOT NULL,
  `employee` char(36) NOT NULL,
  `initiator` enum('employer','employee') DEFAULT NULL,
  `status` enum('available','liked','offered','done') DEFAULT NULL,
  PRIMARY KEY (`jobId`,`employee`),
  KEY `employee` (`employee`),
  CONSTRAINT `jobinterest_ibfk_1` FOREIGN KEY (`jobId`) REFERENCES `jobs` (`jobId`),
  CONSTRAINT `jobinterest_ibfk_2` FOREIGN KEY (`employee`) REFERENCES `employees` (`id`)
) ENGINE=InnoDB DEFAULT CHARSET=utf8mb4 COLLATE=utf8mb4_0900_ai_ci;
/*!40101 SET character_set_client = @saved_cs_client */;

--
-- Dumping data for table `jobinterest`
--

LOCK TABLES `jobinterest` WRITE;
/*!40000 ALTER TABLE `jobinterest` DISABLE KEYS */;
/*!40000 ALTER TABLE `jobinterest` ENABLE KEYS */;
UNLOCK TABLES;

--
-- Table structure for table `jobs`
--

DROP TABLE IF EXISTS `jobs`;
/*!40101 SET @saved_cs_client     = @@character_set_client */;
/*!50503 SET character_set_client = utf8mb4 */;
CREATE TABLE `jobs` (
  `jobId` char(36) NOT NULL,
  `employer` char(36) NOT NULL,
  `role` char(36) NOT NULL,
  `jobTitle` varchar(100) NOT NULL,
  `salary` varchar(100) DEFAULT NULL,
  `workLocation` varchar(36) NOT NULL,
  `description` varchar(100) DEFAULT NULL,
  PRIMARY KEY (`jobId`),
  KEY `employer` (`employer`),
  KEY `role` (`role`),
  KEY `workLocation` (`workLocation`),
  CONSTRAINT `jobs_ibfk_1` FOREIGN KEY (`employer`) REFERENCES `employers` (`id`),
  CONSTRAINT `jobs_ibfk_2` FOREIGN KEY (`role`) REFERENCES `roles` (`id`),
  CONSTRAINT `jobs_ibfk_3` FOREIGN KEY (`workLocation`) REFERENCES `locations` (`id`)
) ENGINE=InnoDB DEFAULT CHARSET=utf8mb4 COLLATE=utf8mb4_0900_ai_ci;
/*!40101 SET character_set_client = @saved_cs_client */;

--
-- Dumping data for table `jobs`
--

LOCK TABLES `jobs` WRITE;
/*!40000 ALTER TABLE `jobs` DISABLE KEYS */;
INSERT INTO `jobs` VALUES ('05dd8782-7e04-11ea-8f79-8c1645373715','05d70dec-7e04-11ea-8f79-8c1645373715','05d93c41-7e04-11ea-8f79-8c1645373715','fugiat quos ratione repellendus deserunt voluptatem','10204 - 91476','05da287f-7e04-11ea-8f79-8c1645373715','Ipsam ab ipsa.'),('05ddb19a-7e04-11ea-8f79-8c1645373715','05d70f4d-7e04-11ea-8f79-8c1645373715','05d93607-7e04-11ea-8f79-8c1645373715','ut eos reprehenderit perferendis fuga placeat repellendus enim modi','15425 - 31317','05da387c-7e04-11ea-8f79-8c1645373715','Optio minus est et voluptatum sed ipsum eos perferendis commodi.'),('05ddb47f-7e04-11ea-8f79-8c1645373715','05d70f9a-7e04-11ea-8f79-8c1645373715','05d93a49-7e04-11ea-8f79-8c1645373715','doloribus aliquam nostrum occaecati id ut quas molestiae iste molestiae','14209 - 60314','05da072d-7e04-11ea-8f79-8c1645373715','Expedita expedita quos possimus autem recusandae unde impedit.'),('05ddb5c7-7e04-11ea-8f79-8c1645373715','05d70ef5-7e04-11ea-8f79-8c1645373715','05d9411e-7e04-11ea-8f79-8c1645373715','eos aut voluptatibus voluptates alias voluptates','14988 - 38528','05da3305-7e04-11ea-8f79-8c1645373715','Repudiandae alias nam earum.'),('05ddb6ef-7e04-11ea-8f79-8c1645373715','05d70ef5-7e04-11ea-8f79-8c1645373715','05d93fab-7e04-11ea-8f79-8c1645373715','quia eaque in dignissimos nobis nobis rem aut aut','18684 - 81828','05da27f5-7e04-11ea-8f79-8c1645373715','Quo quia quis quas.'),('05ddb8a4-7e04-11ea-8f79-8c1645373715','05d70dec-7e04-11ea-8f79-8c1645373715','05d93607-7e04-11ea-8f79-8c1645373715','temporibus ut ratione enim nihil et consequatur id','10080 - 73881','05da257a-7e04-11ea-8f79-8c1645373715','Adipisci dignissimos autem eius repellendus.'),('05ddb9be-7e04-11ea-8f79-8c1645373715','05d70dec-7e04-11ea-8f79-8c1645373715','05d93607-7e04-11ea-8f79-8c1645373715','ab iure saepe dolorem et rerum sed ratione facilis','15421 - 27966','05da35ad-7e04-11ea-8f79-8c1645373715','Veritatis quia cupiditate.'),('05ddbad8-7e04-11ea-8f79-8c1645373715','05d6ee10-7e04-11ea-8f79-8c1645373715','05d9377d-7e04-11ea-8f79-8c1645373715','aliquam odit pariatur consectetur optio a et animi eum animi','10405 - 40564','05da277d-7e04-11ea-8f79-8c1645373715','Error officiis neque.'),('05ddbbef-7e04-11ea-8f79-8c1645373715','05d70f9a-7e04-11ea-8f79-8c1645373715','05d93607-7e04-11ea-8f79-8c1645373715','animi fugit et ab illum','16883 - 27017','05da36e0-7e04-11ea-8f79-8c1645373715','Voluptatem cumque et dolores corrupti doloremque quis numquam repellat dolorem.'),('05ddbd10-7e04-11ea-8f79-8c1645373715','05d70f9a-7e04-11ea-8f79-8c1645373715','05d8feef-7e04-11ea-8f79-8c1645373715','esse amet quod molestias placeat exercitationem rerum qui','11612 - 80952','05da35ad-7e04-11ea-8f79-8c1645373715','Officia et fugiat porro aspernatur expedita voluptatem illo dolores aut.');
/*!40000 ALTER TABLE `jobs` ENABLE KEYS */;
UNLOCK TABLES;

--
-- Table structure for table `locations`
--

DROP TABLE IF EXISTS `locations`;
/*!40101 SET @saved_cs_client     = @@character_set_client */;
/*!50503 SET character_set_client = utf8mb4 */;
CREATE TABLE `locations` (
  `id` char(36) NOT NULL,
  `address` varchar(200) NOT NULL,
  `location` json NOT NULL,
  `area` varchar(50) NOT NULL,
  PRIMARY KEY (`id`)
) ENGINE=InnoDB DEFAULT CHARSET=utf8mb4 COLLATE=utf8mb4_0900_ai_ci;
/*!40101 SET character_set_client = @saved_cs_client */;

--
-- Dumping data for table `locations`
--

LOCK TABLES `locations` WRITE;
/*!40000 ALTER TABLE `locations` DISABLE KEYS */;
INSERT INTO `locations` VALUES ('05da072d-7e04-11ea-8f79-8c1645373715','314 Lê Thị Riêng, Tân Thới An, Quận 12, Hồ Chí Minh, Vietnam','{\"lat\": 10.8734765, \"lng\": 106.6554024}','Hồ Chí Minh'),('05da257a-7e04-11ea-8f79-8c1645373715','172 Ông Ích Khiêm, Phường 5, Quận 11, Hồ Chí Minh, Vietnam','{\"lat\": 10.7667661, \"lng\": 106.6429388}','Hồ Chí Minh'),('05da268a-7e04-11ea-8f79-8c1645373715','403 Cách Mạng Tháng Tám, Phường 13, Quận 10, Hồ Chí Minh, Vietnam','{\"lat\": 10.7809243, \"lng\": 106.6756289}','Hồ Chí Minh'),('05da26fb-7e04-11ea-8f79-8c1645373715','592 Nguyễn Ảnh Thủ, Trung Mỹ Tây, Quận 12, Hồ Chí Minh, Vietnam','{\"lat\": 10.8592969, \"lng\": 106.6098683}','Hồ Chí Minh'),('05da277d-7e04-11ea-8f79-8c1645373715','28-30 Nguyen Thai Binh Street, Nguyen Thai Binh Ward, District 1, Ho Chi Minh City, Phường Nguyễn Thái Bình, Quận 1, Hồ Chí Minh, Vietnam','{\"lat\": 10.7698733, \"lng\": 106.7003882}','Hồ Chí Minh'),('05da27f5-7e04-11ea-8f79-8c1645373715','Đồng Văn Cống, Phường Thạnh Mỹ Lợi, Quận 2, Hồ Chí Minh, Vietnam','{\"lat\": 10.7753988, \"lng\": 106.7594779}','Hồ Chí Minh'),('05da287f-7e04-11ea-8f79-8c1645373715','Đường số 50, Bình Trưng Đông, Quận 2, Hồ Chí Minh, Vietnam','{\"lat\": 10.7888971, \"lng\": 106.7749}','Hồ Chí Minh'),('05da28fd-7e04-11ea-8f79-8c1645373715','Đường Số 1, Liên Tỉnh Lộ 25B, Phường Thạnh Mỹ Lợi, Quận 2, Phường Thạnh Mỹ Lợi, Quận 2, Hồ Chí Minh, Vietnam','{\"lat\": 10.7757492, \"lng\": 106.7599118}','Hồ Chí Minh'),('05da2967-7e04-11ea-8f79-8c1645373715','34, 31D-Khu C, An Phú, Quận 2, Hồ Chí Minh, Vietnam','{\"lat\": 10.7918944, \"lng\": 106.7404785}','Hồ Chí Minh'),('05da29df-7e04-11ea-8f79-8c1645373715','63 đường số 5, phường Cát Lái, Quận 2, Cát Lái, Hồ Chí Minh, Vietnam','{\"lat\": 10.775406, \"lng\": 106.7712947}','Hồ Chí Minh'),('05da2a3e-7e04-11ea-8f79-8c1645373715','386/79 Đ. Lê Văn Sỹ, Phường 14, Quận 3, Hồ Chí Minh, Vietnam','{\"lat\": 10.7898918, \"lng\": 106.6772974}','Hồ Chí Minh'),('05da2ac1-7e04-11ea-8f79-8c1645373715','2 Bà Huyện Thanh Quan, Phường 6, Quận 3, Hồ Chí Minh, Vietnam','{\"lat\": 10.7752899, \"lng\": 106.6903125}','Hồ Chí Minh'),('05da2b1d-7e04-11ea-8f79-8c1645373715','9 Huỳnh Tịnh Của, Phường 8, Quận 3, Hồ Chí Minh, Vietnam','{\"lat\": 10.7883648, \"lng\": 106.6883543}','Hồ Chí Minh'),('05da2b98-7e04-11ea-8f79-8c1645373715','139 Nguyễn Đình Chiểu, Phường 6, Quận 3, Hồ Chí Minh, Vietnam','{\"lat\": 10.777158, \"lng\": 106.6890399}','Hồ Chí Minh'),('05da2bf4-7e04-11ea-8f79-8c1645373715','243 Cách Mạng Tháng Tám, Phường 4, Quận 3, Hồ Chí Minh, Vietnam','{\"lat\": 10.7770139, \"lng\": 106.6829741}','Hồ Chí Minh'),('05da2c6c-7e04-11ea-8f79-8c1645373715','63, 65 Bến Vân Đồn, Phường 12, Quận 4, Hồ Chí Minh, Vietnam','{\"lat\": 10.7653075, \"lng\": 106.7022376}','Hồ Chí Minh'),('05da2cc4-7e04-11ea-8f79-8c1645373715','Hẻm 42 Hoàng Diệu, Phường 12, Quận 4, Hồ Chí Minh, Vietnam','{\"lat\": 10.7653624, \"lng\": 106.7060284}','Hồ Chí Minh'),('05da2d4a-7e04-11ea-8f79-8c1645373715','18 Đường Đoàn Như Hài, Phường 12, Quận 4, Hồ Chí Minh, Vietnam','{\"lat\": 10.7663214, \"lng\": 106.7051618}','Hồ Chí Minh'),('05da2da9-7e04-11ea-8f79-8c1645373715','64 Nguyễn Khoái, Phường 2, Quận 4, Hồ Chí Minh, Vietnam','{\"lat\": 10.7550974, \"lng\": 106.694483}','Hồ Chí Minh'),('05da2e1d-7e04-11ea-8f79-8c1645373715','14 Đường Đoàn Như Hài, Phường 12, Quận 4, Hồ Chí Minh, Vietnam','{\"lat\": 10.7667587, \"lng\": 106.7057955}','Hồ Chí Minh'),('05da2e99-7e04-11ea-8f79-8c1645373715','3 Mạc Cửu, Phường 13, Quận 5, Hồ Chí Minh, Vietnam','{\"lat\": 10.750223, \"lng\": 106.659248}','Hồ Chí Minh'),('05da2ef4-7e04-11ea-8f79-8c1645373715','642 A Đ. Nguyễn Trãi, Phường 11, Quận 5, Hồ Chí Minh 700000, Vietnam','{\"lat\": 10.7540801, \"lng\": 106.6657832}','Hồ Chí Minh'),('05da2f70-7e04-11ea-8f79-8c1645373715','642 Đ. Nguyễn Trãi, Phường 11, Quận 5, Hồ Chí Minh, Vietnam','{\"lat\": 10.7541276, \"lng\": 106.6662972}','Hồ Chí Minh'),('05da2fd6-7e04-11ea-8f79-8c1645373715','203 An Dương Vương, Phường 8, Quận 5, phường 8 Quận 5 Hồ Chí Minh, Vietnam','{\"lat\": 10.7558049, \"lng\": 106.6675406}','phường 8 Quận 5 Hồ Chí Minh'),('05da30e2-7e04-11ea-8f79-8c1645373715','660 Võ Văn Kiệt, Phường 1, Quận 5, Hồ Chí Minh, Vietnam','{\"lat\": 10.7520489, \"lng\": 106.6836549}','Hồ Chí Minh'),('05da3156-7e04-11ea-8f79-8c1645373715','107 Cao Văn Lầu, Phường 1, Quận 6, Hồ Chí Minh, Vietnam','{\"lat\": 10.7464601, \"lng\": 106.6495791}','Hồ Chí Minh'),('05da31d2-7e04-11ea-8f79-8c1645373715','88 Tháp Mười, Phường 2, Quận 6, Hồ Chí Minh, Vietnam','{\"lat\": 10.7499949, \"lng\": 106.6504626}','Hồ Chí Minh'),('05da322a-7e04-11ea-8f79-8c1645373715','Hẻm 45/67 Bình Tiên, Phường 7, Quận 6, Hồ Chí Minh, Vietnam','{\"lat\": 10.7405803, \"lng\": 106.6424917}','Hồ Chí Minh'),('05da32a5-7e04-11ea-8f79-8c1645373715','114 Đường Phạm Văn Chí, Phường 1, Quận 6, Hồ Chí Minh, Vietnam','{\"lat\": 10.7462002, \"lng\": 106.6490232}','Hồ Chí Minh'),('05da3305-7e04-11ea-8f79-8c1645373715','2D Chợ Lớn, Phường 11, Quận 6, Phường 11 Quận 6 Hồ Chí Minh, Vietnam','{\"lat\": 10.7465793, \"lng\": 106.6348488}','Phường 11 Quận 6 Hồ Chí Minh'),('05da337c-7e04-11ea-8f79-8c1645373715','3 Tân Phú, P, Quận 7, Hồ Chí Minh, Vietnam','{\"lat\": 10.7327717, \"lng\": 106.725198}','Hồ Chí Minh'),('05da33d1-7e04-11ea-8f79-8c1645373715','1 Tân Phú, Hồ Chí Minh, Vietnam','{\"lat\": 10.7328615, \"lng\": 106.7251448}','Hồ Chí Minh'),('05da344c-7e04-11ea-8f79-8c1645373715','504, 506 Huỳnh Tấn Phát, Bình Thuận, Quận 7, Hồ Chí Minh, Vietnam','{\"lat\": 10.741525, \"lng\": 106.7292689}','Hồ Chí Minh'),('05da34a5-7e04-11ea-8f79-8c1645373715','People\'s Committee Of District 7, 1362, Huynh Tan Phat Street, Phu My Ward, District 7, Tân Phú, Quận 7, Hồ Chí Minh, Vietnam','{\"lat\": 10.7321119, \"lng\": 106.7262769}','Hồ Chí Minh'),('05da3524-7e04-11ea-8f79-8c1645373715','1364 Huỳnh Tấn Phát, KP1, Quận 7, Hồ Chí Minh, Vietnam','{\"lat\": 10.713834, \"lng\": 106.7370286}','Hồ Chí Minh'),('05da35ad-7e04-11ea-8f79-8c1645373715','175 Phạm Hùng, Phường 4, Quận 8, Phường 5, Quận 8, Hồ Chí Minh, Vietnam','{\"lat\": 10.7395539, \"lng\": 106.6693443}','Hồ Chí Minh'),('05da3613-7e04-11ea-8f79-8c1645373715','126 Đường Lê Quyên, Phường 5, Quận 8, Hồ Chí Minh, Vietnam','{\"lat\": 10.740894, \"lng\": 106.6664351}','Hồ Chí Minh'),('05da3688-7e04-11ea-8f79-8c1645373715','993 Phạm Thế Hiển, Phường 5, 8, Hồ Chí Minh, Vietnam','{\"lat\": 10.7428452, \"lng\": 106.667443}','Hồ Chí Minh'),('05da36e0-7e04-11ea-8f79-8c1645373715','993 Phạm Thế Hiển, Phường 5, Quận 8, Hồ Chí Minh, Vietnam','{\"lat\": 10.7422643, \"lng\": 106.6678169}','Hồ Chí Minh'),('05da3754-7e04-11ea-8f79-8c1645373715','250 Tùng Thiện Vương, Phường 11, Quận 8, Hồ Chí Minh, Vietnam','{\"lat\": 10.7471976, \"lng\": 106.6615428}','Hồ Chí Minh'),('05da37b0-7e04-11ea-8f79-8c1645373715','Dong Nai, Vietnam','{\"lat\": 11.0686305, \"lng\": 107.1675976}','Dong Nai'),('05da3824-7e04-11ea-8f79-8c1645373715','Đồng Nai, Cư xá Bắc Hải, Phường 15, Quận 10, Hồ Chí Minh, Vietnam','{\"lat\": 10.7788966, \"lng\": 106.6626316}','Hồ Chí Minh'),('05da387c-7e04-11ea-8f79-8c1645373715','Kp5 Đường Nguyễn Khuyến, Trảng Dài, Thành phố Biên Hòa, Đồng Nai, Vietnam','{\"lat\": 10.9846076, \"lng\": 106.8691285}','Đồng Nai'),('05da38f4-7e04-11ea-8f79-8c1645373715','4 Lê Quý Đôn, Kp3, Thành phố Biên Hòa, Đồng Nai, Vietnam','{\"lat\": 10.9591332, \"lng\": 106.8613505}','Đồng Nai'),('05da394c-7e04-11ea-8f79-8c1645373715','1048A Phạm Văn Thuận, Tân Mai, Thành phố Biên Hòa, Đồng Nai, Vietnam','{\"lat\": 10.9580619, \"lng\": 106.8468985}','Đồng Nai'),('05da39c4-7e04-11ea-8f79-8c1645373715','Long An, Cần Đước District, Long An Province, Vietnam','{\"lat\": 10.5607168, \"lng\": 106.6497623}','Long An Province'),('05da3a1d-7e04-11ea-8f79-8c1645373715','2523 South Blvd, Charlotte, NC 28203, USA','{\"lat\": 35.2023634, \"lng\": -80.8646618}','North Carolina'),('05da3abb-7e04-11ea-8f79-8c1645373715','Long An Province, Vietnam','{\"lat\": 10.695572, \"lng\": 106.2431205}','Long An Province'),('05da3b1a-7e04-11ea-8f79-8c1645373715','Long An, Mỹ Tho, Tien Giang, Vietnam','{\"lat\": 10.4032411, \"lng\": 106.3384114}','Tien Giang'),('05da3b8f-7e04-11ea-8f79-8c1645373715','211 Nguyễn Thông, Phường 3, Tân An, Long An, Vietnam','{\"lat\": 10.5327197, \"lng\": 106.4261931}','Long An'),('05da3be7-7e04-11ea-8f79-8c1645373715','Tien Giang, Vietnam','{\"lat\": 10.4493324, \"lng\": 106.3420504}','Tien Giang'),('05da3c58-7e04-11ea-8f79-8c1645373715','Cái Bè, Cái Bè District, Tien Giang, Vietnam','{\"lat\": 10.3367347, \"lng\": 106.0298196}','Tien Giang'),('05da3cb0-7e04-11ea-8f79-8c1645373715','Tiền Giang, Phường 2, Tân Bình, Hồ Chí Minh, Vietnam','{\"lat\": 10.8082688, \"lng\": 106.6655128}','Hồ Chí Minh'),('05da3d24-7e04-11ea-8f79-8c1645373715','02 Đường Hùng Vương, Phường 1, Thành phố Mỹ Tho, Tiền Giang, Vietnam','{\"lat\": 10.3549773, \"lng\": 106.3643284}','Tiền Giang'),('05da3d83-7e04-11ea-8f79-8c1645373715','Tiền Giang, Lê Lợi, Bắc Giang, Vietnam','{\"lat\": 21.2694124, \"lng\": 106.1992451}','Bắc Giang'),('05da3df8-7e04-11ea-8f79-8c1645373715','Ishikawa, Japan','{\"lat\": 36.32603169999999, \"lng\": 136.5289653}','Ishikawa'),('05da3e4c-7e04-11ea-8f79-8c1645373715','Ishikawa, Uruma, Okinawa 904-1106, Japan','{\"lat\": 26.4376186, \"lng\": 127.8220414}','Okinawa'),('05da3eba-7e04-11ea-8f79-8c1645373715','Ishikawacho, Ota City, Tokyo 145-0061, Japan','{\"lat\": 35.6029663, \"lng\": 139.6822041}','Tokyo'),('05da3f0e-7e04-11ea-8f79-8c1645373715','Ishikawa, Fujisawa, Kanagawa 252-0815, Japan','{\"lat\": 35.3791036, \"lng\": 139.4542268}','Kanagawa'),('05da3f63-7e04-11ea-8f79-8c1645373715','Ishikawacho, Naka Ward, Yokohama, Kanagawa 231-0868, Japan','{\"lat\": 35.4373853, \"lng\": 139.6410647}','Kanagawa');
/*!40000 ALTER TABLE `locations` ENABLE KEYS */;
UNLOCK TABLES;

--
-- Table structure for table `roles`
--

DROP TABLE IF EXISTS `roles`;
/*!40101 SET @saved_cs_client     = @@character_set_client */;
/*!50503 SET character_set_client = utf8mb4 */;
CREATE TABLE `roles` (
  `id` char(36) NOT NULL,
  `roleName` varchar(100) NOT NULL,
  `industry` char(36) NOT NULL,
  `description` varchar(100) NOT NULL,
  PRIMARY KEY (`id`),
  UNIQUE KEY `roleName` (`roleName`),
  KEY `industry` (`industry`),
  CONSTRAINT `roles_ibfk_1` FOREIGN KEY (`industry`) REFERENCES `industries` (`id`)
) ENGINE=InnoDB DEFAULT CHARSET=utf8mb4 COLLATE=utf8mb4_0900_ai_ci;
/*!40101 SET character_set_client = @saved_cs_client */;

--
-- Dumping data for table `roles`
--

LOCK TABLES `roles` WRITE;
/*!40000 ALTER TABLE `roles` DISABLE KEYS */;
INSERT INTO `roles` VALUES ('05d8feef-7e04-11ea-8f79-8c1645373715','Chief Accounts Producer','05d84aa1-7e04-11ea-8f79-8c1645373715','Est quis consequatur debitis earum aliquam.'),('05d9339b-7e04-11ea-8f79-8c1645373715','Forward Implementation Specialist','05d84aa1-7e04-11ea-8f79-8c1645373715','Asperiores quod odio maxime aut aut et rerum voluptatum.'),('05d934b5-7e04-11ea-8f79-8c1645373715','Internal Directives Producer','05d84aa1-7e04-11ea-8f79-8c1645373715','Adipisci rerum quod tempora in ducimus dolorum sint.'),('05d93607-7e04-11ea-8f79-8c1645373715','District Factors Planner','05d86aa7-7e04-11ea-8f79-8c1645373715','Mollitia nesciunt vitae aut eum.'),('05d936b4-7e04-11ea-8f79-8c1645373715','Principal Security Strategist','05d84aa1-7e04-11ea-8f79-8c1645373715','Et est voluptatem saepe praesentium sit suscipit qui aliquam qui.'),('05d9377d-7e04-11ea-8f79-8c1645373715','International Division Officer','05d86aa7-7e04-11ea-8f79-8c1645373715','Dolor velit omnis dolorem odio sint enim.'),('05d938ba-7e04-11ea-8f79-8c1645373715','International Assurance Director','05d84aa1-7e04-11ea-8f79-8c1645373715','Voluptas impedit exercitationem dolore sunt assumenda sit.'),('05d93983-7e04-11ea-8f79-8c1645373715','Direct Response Agent','05d86aa7-7e04-11ea-8f79-8c1645373715','Vel quisquam eveniet omnis culpa beatae ad deserunt nesciunt ipsum.'),('05d93a49-7e04-11ea-8f79-8c1645373715','Forward Accounts Developer','05d86c0f-7e04-11ea-8f79-8c1645373715','Repudiandae iste asperiores error porro.'),('05d93ad9-7e04-11ea-8f79-8c1645373715','Human Communications Specialist','05d86c0f-7e04-11ea-8f79-8c1645373715','Dolorum optio tempore aut asperiores quibusdam aut magnam.'),('05d93b8a-7e04-11ea-8f79-8c1645373715','Investor Markets Analyst','05d86c0f-7e04-11ea-8f79-8c1645373715','Facilis accusantium ab soluta.'),('05d93c41-7e04-11ea-8f79-8c1645373715','Product Optimization Assistant','05d86cf4-7e04-11ea-8f79-8c1645373715','Voluptates fugiat ut quae magnam iure eum ea quos aliquam.'),('05d93d89-7e04-11ea-8f79-8c1645373715','Regional Response Planner','05d86c0f-7e04-11ea-8f79-8c1645373715','Quia asperiores voluptate consequatur.'),('05d93fab-7e04-11ea-8f79-8c1645373715','Investor Intranet Manager','05d86cf4-7e04-11ea-8f79-8c1645373715','Porro ut aut nostrum dolore exercitationem et sit sint.'),('05d94055-7e04-11ea-8f79-8c1645373715','Internal Tactics Liaison','05d86cf4-7e04-11ea-8f79-8c1645373715','Commodi molestiae sequi aperiam.'),('05d9411e-7e04-11ea-8f79-8c1645373715','International Mobility Executive','05d86cf4-7e04-11ea-8f79-8c1645373715','Rerum temporibus quos.'),('05d941ee-7e04-11ea-8f79-8c1645373715','Lead Markets Manager','05d84aa1-7e04-11ea-8f79-8c1645373715','Quaerat inventore veritatis doloribus in dicta dolorem ex.'),('05d942a5-7e04-11ea-8f79-8c1645373715','Investor Directives Engineer','05d86cf4-7e04-11ea-8f79-8c1645373715','Error praesentium voluptatem unde voluptatum minus et quasi.'),('05d94352-7e04-11ea-8f79-8c1645373715','Investor Branding Specialist','05d86c0f-7e04-11ea-8f79-8c1645373715','Culpa ducimus recusandae animi modi aut.'),('05d94488-7e04-11ea-8f79-8c1645373715','Central Functionality Assistant','05d86c0f-7e04-11ea-8f79-8c1645373715','Animi eveniet minus error enim libero nesciunt.');
/*!40000 ALTER TABLE `roles` ENABLE KEYS */;
UNLOCK TABLES;

--
-- Table structure for table `users`
--

DROP TABLE IF EXISTS `users`;
/*!40101 SET @saved_cs_client     = @@character_set_client */;
/*!50503 SET character_set_client = utf8mb4 */;
CREATE TABLE `users` (
  `id` char(36) NOT NULL,
  `email` varchar(320) NOT NULL,
  `password` char(32) NOT NULL,
  `customerId` varchar(30) DEFAULT NULL,
  `subscriptionId` varchar(30) DEFAULT NULL,
  `resetCode` char(6) NOT NULL,
  PRIMARY KEY (`id`)
) ENGINE=InnoDB DEFAULT CHARSET=utf8mb4 COLLATE=utf8mb4_0900_ai_ci;
/*!40101 SET character_set_client = @saved_cs_client */;

--
-- Dumping data for table `users`
--

LOCK TABLES `users` WRITE;
/*!40000 ALTER TABLE `users` DISABLE KEYS */;
INSERT INTO `users` VALUES ('05d6ee10-7e04-11ea-8f79-8c1645373715','Penelope_Hilll@hotmail.com','5f4dcc3b5aa765d61d8327deb882cf99',NULL,NULL,'qyw37w'),('05d70dec-7e04-11ea-8f79-8c1645373715','Daniella98@hotmail.com','5f4dcc3b5aa765d61d8327deb882cf99',NULL,NULL,'x7e1pr'),('05d70ef5-7e04-11ea-8f79-8c1645373715','Paul_Schaefer56@hotmail.com','5f4dcc3b5aa765d61d8327deb882cf99',NULL,NULL,'day1yb'),('05d70f4d-7e04-11ea-8f79-8c1645373715','Dejah9@yahoo.com','5f4dcc3b5aa765d61d8327deb882cf99',NULL,NULL,'ser0ov'),('05d70f9a-7e04-11ea-8f79-8c1645373715','Coralie.Ratke26@yahoo.com','5f4dcc3b5aa765d61d8327deb882cf99',NULL,NULL,'1jhub3'),('05d7100b-7e04-11ea-8f79-8c1645373715','Lonnie.Hammes@gmail.com','5f4dcc3b5aa765d61d8327deb882cf99',NULL,NULL,'xna9op'),('05d71059-7e04-11ea-8f79-8c1645373715','Brady.Bartell79@gmail.com','5f4dcc3b5aa765d61d8327deb882cf99',NULL,NULL,'mqdgte'),('05d71cd7-7e04-11ea-8f79-8c1645373715','Hilario_Thiel@hotmail.com','5f4dcc3b5aa765d61d8327deb882cf99',NULL,NULL,'3fowki'),('05d71d4f-7e04-11ea-8f79-8c1645373715','Brenna.Labadie42@hotmail.com','5f4dcc3b5aa765d61d8327deb882cf99',NULL,NULL,'h5t244'),('05d71d9d-7e04-11ea-8f79-8c1645373715','Bradly_Bartoletti@hotmail.com','5f4dcc3b5aa765d61d8327deb882cf99',NULL,NULL,'8neqss'),('05d71e14-7e04-11ea-8f79-8c1645373715','Jamie_Considine62@gmail.com','5f4dcc3b5aa765d61d8327deb882cf99',NULL,NULL,'1oeopv'),('05d71e5e-7e04-11ea-8f79-8c1645373715','Fay37@yahoo.com','5f4dcc3b5aa765d61d8327deb882cf99',NULL,NULL,'a0ihl1'),('05d71ecc-7e04-11ea-8f79-8c1645373715','Pierce_Jerde4@gmail.com','5f4dcc3b5aa765d61d8327deb882cf99',NULL,NULL,'0l0xaf'),('05d71f19-7e04-11ea-8f79-8c1645373715','Aurelia_Kub8@hotmail.com','5f4dcc3b5aa765d61d8327deb882cf99',NULL,NULL,'6bqnnn'),('05d71f5c-7e04-11ea-8f79-8c1645373715','Flavio.Adams@yahoo.com','5f4dcc3b5aa765d61d8327deb882cf99',NULL,NULL,'4mq1w5'),('05d71fbf-7e04-11ea-8f79-8c1645373715','Alexys15@hotmail.com','5f4dcc3b5aa765d61d8327deb882cf99',NULL,NULL,'rjq9qs'),('05d72009-7e04-11ea-8f79-8c1645373715','Weldon_Tremblay21@hotmail.com','5f4dcc3b5aa765d61d8327deb882cf99',NULL,NULL,'x1qec6'),('05d7206c-7e04-11ea-8f79-8c1645373715','Scotty_Bartoletti@gmail.com','5f4dcc3b5aa765d61d8327deb882cf99',NULL,NULL,'kr1s8v'),('05d720ab-7e04-11ea-8f79-8c1645373715','Giovanna16@gmail.com','5f4dcc3b5aa765d61d8327deb882cf99',NULL,NULL,'1bemk2'),('05d720f5-7e04-11ea-8f79-8c1645373715','Jace_OConner38@gmail.com','5f4dcc3b5aa765d61d8327deb882cf99',NULL,NULL,'6fgghf'),('05d7215f-7e04-11ea-8f79-8c1645373715','Aaliyah93@yahoo.com','5f4dcc3b5aa765d61d8327deb882cf99',NULL,NULL,'ak0ue0'),('05d721a9-7e04-11ea-8f79-8c1645373715','Jolie.Wunsch84@yahoo.com','5f4dcc3b5aa765d61d8327deb882cf99',NULL,NULL,'j5ah1s'),('05d7220c-7e04-11ea-8f79-8c1645373715','Rubye72@yahoo.com','5f4dcc3b5aa765d61d8327deb882cf99',NULL,NULL,'6b87ya'),('05d72256-7e04-11ea-8f79-8c1645373715','Kaylie_Walker95@hotmail.com','5f4dcc3b5aa765d61d8327deb882cf99',NULL,NULL,'qp7sua'),('05d72299-7e04-11ea-8f79-8c1645373715','Talon_Kautzer11@hotmail.com','5f4dcc3b5aa765d61d8327deb882cf99',NULL,NULL,'1to0bf'),('05d722ff-7e04-11ea-8f79-8c1645373715','Markus84@gmail.com','5f4dcc3b5aa765d61d8327deb882cf99',NULL,NULL,'xxcqp2'),('05d72346-7e04-11ea-8f79-8c1645373715','Jeanne_Leuschke@yahoo.com','5f4dcc3b5aa765d61d8327deb882cf99',NULL,NULL,'zi2lwa'),('05d723a5-7e04-11ea-8f79-8c1645373715','Dorothea48@hotmail.com','5f4dcc3b5aa765d61d8327deb882cf99',NULL,NULL,'7hhcec'),('05d724a6-7e04-11ea-8f79-8c1645373715','Vella_Kulas@gmail.com','5f4dcc3b5aa765d61d8327deb882cf99',NULL,NULL,'sw0c6p'),('05d724ed-7e04-11ea-8f79-8c1645373715','Paul.Feeney@yahoo.com','5f4dcc3b5aa765d61d8327deb882cf99',NULL,NULL,'9dzv5i'),('05d72561-7e04-11ea-8f79-8c1645373715','Erich_Bayer@hotmail.com','5f4dcc3b5aa765d61d8327deb882cf99',NULL,NULL,'itbfj4'),('05d725af-7e04-11ea-8f79-8c1645373715','Trent_Kuhn97@gmail.com','5f4dcc3b5aa765d61d8327deb882cf99',NULL,NULL,'j55zen'),('05d7267b-7e04-11ea-8f79-8c1645373715','Joyce_Sipes75@yahoo.com','5f4dcc3b5aa765d61d8327deb882cf99',NULL,NULL,'okcgom'),('05d726c2-7e04-11ea-8f79-8c1645373715','Hadley62@yahoo.com','5f4dcc3b5aa765d61d8327deb882cf99',NULL,NULL,'25r3zz'),('05d7271a-7e04-11ea-8f79-8c1645373715','Eda.Hilpert@hotmail.com','5f4dcc3b5aa765d61d8327deb882cf99',NULL,NULL,'xzg1b0'),('05d72761-7e04-11ea-8f79-8c1645373715','Ivah82@yahoo.com','5f4dcc3b5aa765d61d8327deb882cf99',NULL,NULL,'uj86ka'),('05d727c3-7e04-11ea-8f79-8c1645373715','Allan.Marks@yahoo.com','5f4dcc3b5aa765d61d8327deb882cf99',NULL,NULL,'z0yv8n'),('05d7280a-7e04-11ea-8f79-8c1645373715','Ewald_VonRueden@hotmail.com','5f4dcc3b5aa765d61d8327deb882cf99',NULL,NULL,'pmxt76'),('05d72869-7e04-11ea-8f79-8c1645373715','Christopher_Dibbert15@hotmail.com','5f4dcc3b5aa765d61d8327deb882cf99',NULL,NULL,'svnh3k'),('05d728b3-7e04-11ea-8f79-8c1645373715','Rylan_Wisoky63@yahoo.com','5f4dcc3b5aa765d61d8327deb882cf99',NULL,NULL,'b7xof4'),('05d72908-7e04-11ea-8f79-8c1645373715','Icie_OReilly@hotmail.com','5f4dcc3b5aa765d61d8327deb882cf99',NULL,NULL,'ab9h7w'),('05d72975-7e04-11ea-8f79-8c1645373715','Osborne37@hotmail.com','5f4dcc3b5aa765d61d8327deb882cf99',NULL,NULL,'d4d7oh'),('05d729bc-7e04-11ea-8f79-8c1645373715','Waino31@yahoo.com','5f4dcc3b5aa765d61d8327deb882cf99',NULL,NULL,'v0i8e4'),('05d72a1e-7e04-11ea-8f79-8c1645373715','Wyatt37@gmail.com','5f4dcc3b5aa765d61d8327deb882cf99',NULL,NULL,'kmr323'),('05d72a61-7e04-11ea-8f79-8c1645373715','Aylin21@gmail.com','5f4dcc3b5aa765d61d8327deb882cf99',NULL,NULL,'it2nky'),('05d72aa4-7e04-11ea-8f79-8c1645373715','Steve.Ratke@gmail.com','5f4dcc3b5aa765d61d8327deb882cf99',NULL,NULL,'cdszxl'),('05d72b03-7e04-11ea-8f79-8c1645373715','Arnulfo.Hickle97@gmail.com','5f4dcc3b5aa765d61d8327deb882cf99',NULL,NULL,'o6dyi2'),('05d72b4a-7e04-11ea-8f79-8c1645373715','Meagan_Weimann@gmail.com','5f4dcc3b5aa765d61d8327deb882cf99',NULL,NULL,'2ldnvd'),('05d72ba9-7e04-11ea-8f79-8c1645373715','Norene61@hotmail.com','5f4dcc3b5aa765d61d8327deb882cf99',NULL,NULL,'rle3sg'),('05d72bf3-7e04-11ea-8f79-8c1645373715','Imelda52@gmail.com','5f4dcc3b5aa765d61d8327deb882cf99',NULL,NULL,'c5x8k7');
/*!40000 ALTER TABLE `users` ENABLE KEYS */;
UNLOCK TABLES;
/*!40103 SET TIME_ZONE=@OLD_TIME_ZONE */;

/*!40101 SET SQL_MODE=@OLD_SQL_MODE */;
/*!40014 SET FOREIGN_KEY_CHECKS=@OLD_FOREIGN_KEY_CHECKS */;
/*!40014 SET UNIQUE_CHECKS=@OLD_UNIQUE_CHECKS */;
/*!40101 SET CHARACTER_SET_CLIENT=@OLD_CHARACTER_SET_CLIENT */;
/*!40101 SET CHARACTER_SET_RESULTS=@OLD_CHARACTER_SET_RESULTS */;
/*!40101 SET COLLATION_CONNECTION=@OLD_COLLATION_CONNECTION */;
/*!40111 SET SQL_NOTES=@OLD_SQL_NOTES */;

-- Dump completed on 2020-04-14 10:57:23
