-- MySQL dump 10.13  Distrib 8.0.19, for Win64 (x86_64)
--
-- Host: localhost    Database: recruiter
-- ------------------------------------------------------
-- Server version	8.0.19

/*!40101 SET @OLD_CHARACTER_SET_CLIENT=@@CHARACTER_SET_CLIENT */;
/*!40101 SET @OLD_CHARACTER_SET_RESULTS=@@CHARACTER_SET_RESULTS */;
/*!40101 SET @OLD_COLLATION_CONNECTION=@@COLLATION_CONNECTION */;
/*!50503 SET NAMES utf8mb4 */;
/*!40103 SET @OLD_TIME_ZONE=@@TIME_ZONE */;
/*!40103 SET TIME_ZONE='+00:00' */;
/*!40014 SET @OLD_UNIQUE_CHECKS=@@UNIQUE_CHECKS, UNIQUE_CHECKS=0 */;
/*!40014 SET @OLD_FOREIGN_KEY_CHECKS=@@FOREIGN_KEY_CHECKS, FOREIGN_KEY_CHECKS=0 */;
/*!40101 SET @OLD_SQL_MODE=@@SQL_MODE, SQL_MODE='NO_AUTO_VALUE_ON_ZERO' */;
/*!40111 SET @OLD_SQL_NOTES=@@SQL_NOTES, SQL_NOTES=0 */;

--
-- Table structure for table `employees`
--

DROP TABLE IF EXISTS `employees`;
/*!40101 SET @saved_cs_client     = @@character_set_client */;
/*!50503 SET character_set_client = utf8mb4 */;
CREATE TABLE `employees` (
  `id` char(36) NOT NULL,
  `firstName` varchar(100) NOT NULL,
  `lastName` varchar(100) NOT NULL,
  `phoneNumber` varchar(30) NOT NULL,
  `birthday` date NOT NULL,
  `availableFrom` date NOT NULL,
  `availableTo` date DEFAULT NULL,
  `payRateFrom` float NOT NULL,
  `payRateTo` float DEFAULT NULL,
  `maximumCommute` int NOT NULL,
  `location` char(36) NOT NULL,
  `ignoreDistance` tinyint(1) NOT NULL DEFAULT '0',
  `bio` varchar(200) DEFAULT NULL,
  `experience` varchar(100) DEFAULT NULL,
  `available` tinyint(1) NOT NULL DEFAULT '1',
  `pushNotification` tinyint(1) NOT NULL DEFAULT '1',
  PRIMARY KEY (`id`),
  KEY `location` (`location`),
  CONSTRAINT `employees_ibfk_1` FOREIGN KEY (`id`) REFERENCES `users` (`id`),
  CONSTRAINT `employees_ibfk_2` FOREIGN KEY (`location`) REFERENCES `locations` (`id`)
) ENGINE=InnoDB DEFAULT CHARSET=utf8mb4 COLLATE=utf8mb4_0900_ai_ci;
/*!40101 SET character_set_client = @saved_cs_client */;

--
-- Dumping data for table `employees`
--

LOCK TABLES `employees` WRITE;
/*!40000 ALTER TABLE `employees` DISABLE KEYS */;
INSERT INTO `employees` VALUES ('560abdfc-89c3-11ea-9959-8c1645373715','Phyllis','Franecki','1-760-402-0248 x65460','1995-09-06','2020-10-12',NULL,8.72,NULL,39649,'560e5aa7-89c3-11ea-9959-8c1645373715',0,'Distinctio dolores animi blanditiis numquam rerum eum.','id nam iure quos aliquid consequatur id beatae molestiae at',1,1),('560abe7b-89c3-11ea-9959-8c1645373715','Cathy','Stracke','(063) 254-0351','2000-02-21','2020-11-12',NULL,15,NULL,99804,'560e71a7-89c3-11ea-9959-8c1645373715',1,'Aut reprehenderit rerum.','odio hic dolores pariatur ut rerum ducimus et laborum explicabo',1,1),('560abee8-89c3-11ea-9959-8c1645373715','Lela','Nicolas','1-482-857-5306 x895','1981-04-28','2020-09-06',NULL,10,NULL,21921,'560e79ba-89c3-11ea-9959-8c1645373715',1,'Est distinctio omnis et omnis et doloribus ullam perferendis esse.','excepturi voluptas quaerat eius voluptates harum officiis possimus qui sunt',1,1),('560abf6a-89c3-11ea-9959-8c1645373715','Deshaun','Hudson','(566) 893-7159','2000-02-22','2020-08-25','2021-02-16',15,20,35577,'560e751c-89c3-11ea-9959-8c1645373715',1,'Sunt enim unde blanditiis et et harum.','pariatur odio eum suscipit perspiciatis quos sed et pariatur sequi',1,1),('560abfd4-89c3-11ea-9959-8c1645373715','Willie','Hoppe','787-855-6562','1985-06-29','2020-09-02','2021-04-06',10,30,87196,'560e6483-89c3-11ea-9959-8c1645373715',0,'Labore sed omnis.','dicta illum ut animi et beatae est ut iusto aperiam',1,1),('560ac041-89c3-11ea-9959-8c1645373715','Constance','Weber','1-712-193-0781','1997-03-03','2020-09-07',NULL,8.72,30,50519,'560e7496-89c3-11ea-9959-8c1645373715',0,'Accusantium nesciunt debitis unde est quia illo sunt nulla quo.','autem at cum necessitatibus ad quos suscipit unde quod sapiente',1,1),('560ac0b2-89c3-11ea-9959-8c1645373715','Lane','Goodwin','1-869-419-0622 x076','1988-06-29','2020-08-25','2021-07-10',10,NULL,86339,'560e8224-89c3-11ea-9959-8c1645373715',1,'A odit quidem.','sed hic excepturi exercitationem earum perspiciatis repellat aliquid sed nam',1,1),('560ac127-89c3-11ea-9959-8c1645373715','Mackenzie','Gorczany','1-455-412-7819','1996-10-28','2020-07-20','2022-10-23',10,NULL,51245,'560e5b93-89c3-11ea-9959-8c1645373715',1,'Ratione ullam sequi nemo sed velit.','ut alias a cumque nisi et laudantium sed atque nihil',1,1),('560ac190-89c3-11ea-9959-8c1645373715','Nayeli','Nienow','(151) 877-2792 x7902','1980-10-21','2020-08-12','2022-08-02',15,NULL,64747,'560e59c5-89c3-11ea-9959-8c1645373715',0,'Dicta ea nam rerum ut quo impedit quia architecto voluptate.','et commodi fugiat dolores neque aspernatur laudantium voluptatibus consequuntur similique',1,1),('560ac1fa-89c3-11ea-9959-8c1645373715','Agustina','Farrell','(087) 124-9481 x8339','2000-10-07','2020-07-09','2022-05-12',15,30,17090,'560e7075-89c3-11ea-9959-8c1645373715',1,'Fuga veniam ut.','a nobis qui ut esse animi perspiciatis sequi quo sapiente',1,1),('560ac260-89c3-11ea-9959-8c1645373715','Theresa','Wiza','231-245-5172','1980-06-14','2020-08-23','2022-03-12',10,NULL,88682,'560e813f-89c3-11ea-9959-8c1645373715',1,'Sequi eos dolores dicta provident porro.','quia cum praesentium ipsum eum vel tempore sapiente et et',1,1),('560ac2dc-89c3-11ea-9959-8c1645373715','Cornell','Funk','817.935.5461 x02456','1989-06-09','2020-11-13',NULL,10,20,20979,'560e7617-89c3-11ea-9959-8c1645373715',1,'Perspiciatis sequi assumenda et possimus.','assumenda non et laboriosam aspernatur occaecati inventore animi asperiores unde',1,1),('560ac354-89c3-11ea-9959-8c1645373715','Lemuel','Swaniawski','414-271-6273','1985-03-01','2020-11-14','2021-11-07',8.72,30,39370,'560e60a8-89c3-11ea-9959-8c1645373715',0,'A aut facere voluptatum.','rerum ullam voluptates voluptates odit eos quia voluptatem dolorem autem',1,1),('560ac3ba-89c3-11ea-9959-8c1645373715','Mortimer','Schimmel','(228) 957-3598 x26931','1991-03-23','2020-06-02','2021-06-28',10,NULL,1973,'560e7cfd-89c3-11ea-9959-8c1645373715',0,'Quis accusamus non praesentium rerum quibusdam aspernatur praesentium tempore.','nam dolore recusandae accusamus quo quo porro voluptatum quasi aliquid',1,1),('560ac427-89c3-11ea-9959-8c1645373715','Lance','Parker','(665) 810-0354','2000-10-16','2020-12-13','2022-01-15',15,25,67870,'560e5e54-89c3-11ea-9959-8c1645373715',1,'Tempore iusto quis ut eligendi et.','est quia et distinctio et voluptate et et dolore eos',1,1),('560ac491-89c3-11ea-9959-8c1645373715','Casandra','Ernser','(512) 043-2899 x41204','1998-02-11','2020-07-20','2021-09-03',15,NULL,43904,'560e6346-89c3-11ea-9959-8c1645373715',0,'Ut explicabo consequatur sed harum et voluptatem ad qui.','autem nisi tenetur dolor molestiae voluptate aliquid vero ut quia',1,1),('560ac4f4-89c3-11ea-9959-8c1645373715','Tate','Rohan','(267) 713-5556 x88059','1992-07-14','2020-05-26',NULL,15,25,61137,'560e7117-89c3-11ea-9959-8c1645373715',1,'Corrupti nobis sit similique non.','sed animi natus id aut et nihil quas vero quo',1,1),('560ac55a-89c3-11ea-9959-8c1645373715','Raoul','Johns','364.542.8157 x5595','1992-05-12','2020-05-08','2021-04-27',15,25,89514,'560e593b-89c3-11ea-9959-8c1645373715',0,'Voluptatibus excepturi qui distinctio eveniet.','atque beatae ipsum eaque voluptatibus numquam laborum et et dignissimos',1,1),('560ac5c0-89c3-11ea-9959-8c1645373715','Fletcher','Spencer','480-487-3656 x75684','1980-05-25','2020-10-14',NULL,8.72,NULL,5326,'560e3713-89c3-11ea-9959-8c1645373715',0,'Ea officiis sint hic voluptas.','itaque est sed sint adipisci sed cumque iusto exercitationem delectus',1,1),('560ac631-89c3-11ea-9959-8c1645373715','Armani','Ryan','1-757-436-5549 x45208','1982-02-10','2020-06-29',NULL,8.72,NULL,64746,'560e5f1a-89c3-11ea-9959-8c1645373715',0,'Voluptas eveniet corporis eum architecto.','occaecati exercitationem doloribus nesciunt et similique aliquam quidem aliquid vitae',1,1),('560ac6d3-89c3-11ea-9959-8c1645373715','Evalyn','Feeney','667.355.4470','1988-05-02','2020-09-10','2022-08-05',15,NULL,82043,'560e7ef2-89c3-11ea-9959-8c1645373715',1,'Sit iusto at debitis est animi.','autem porro ut labore ducimus doloremque dolorem quas minima dignissimos',1,1),('560ac756-89c3-11ea-9959-8c1645373715','Modesto','King','032.996.6281 x28080','1984-05-02','2020-10-28',NULL,10,NULL,64615,'560e80c7-89c3-11ea-9959-8c1645373715',0,'Aliquid et neque tempora aspernatur debitis et est.','sit velit perspiciatis excepturi debitis vel quas sit minima dignissimos',1,1),('560ac7c3-89c3-11ea-9959-8c1645373715','Darrick','Kuhlman','800.966.2956 x0722','1984-11-28','2020-10-14',NULL,8.72,25,44949,'560e6483-89c3-11ea-9959-8c1645373715',1,'Cupiditate error non.','modi quidem aut id molestias nihil sequi id placeat deserunt',1,1),('560ac842-89c3-11ea-9959-8c1645373715','Freida','Lang','767-729-5150 x1339','1988-08-30','2020-12-01','2022-04-20',15,20,7178,'560e5c98-89c3-11ea-9959-8c1645373715',1,'Adipisci et sit quisquam ea.','inventore earum quis sed consectetur mollitia veritatis nesciunt fuga tempore',1,1),('560ac8ac-89c3-11ea-9959-8c1645373715','Kathryn','Gusikowski','(225) 715-3640 x26349','1989-10-20','2020-05-25','2022-01-11',15,25,4794,'560e5b93-89c3-11ea-9959-8c1645373715',0,'Sequi quod similique et animi magni.','corporis dolor sed ipsam autem quas fugit distinctio nisi qui',1,1),('560ac912-89c3-11ea-9959-8c1645373715','Stanley','Shields','1-520-391-7419','1989-08-25','2020-09-24','2022-09-11',10,30,54986,'560e5aa7-89c3-11ea-9959-8c1645373715',1,'Corporis sapiente inventore eos et nulla laboriosam suscipit.','blanditiis unde ut praesentium perferendis rerum temporibus odio nam voluptates',1,1),('560ac9aa-89c3-11ea-9959-8c1645373715','Sofia','Pagac','1-531-191-6404 x0669','1987-05-31','2020-09-18','2022-12-14',10,20,21245,'560e3713-89c3-11ea-9959-8c1645373715',0,'Tenetur est mollitia.','libero ut sed nisi natus in non eveniet corporis corrupti',1,1),('560aca1b-89c3-11ea-9959-8c1645373715','Baylee','Armstrong','090-188-1269','2000-02-09','2020-06-22','2022-06-22',10,30,19740,'560e64dc-89c3-11ea-9959-8c1645373715',0,'Dignissimos illo incidunt ipsa.','laborum sed et asperiores quae exercitationem ratione facere assumenda aut',1,1),('560aca81-89c3-11ea-9959-8c1645373715','Mercedes','Eichmann','552-020-2132 x279','1990-07-05','2020-11-08','2022-05-30',8.72,NULL,14284,'560e6b75-89c3-11ea-9959-8c1645373715',0,'Asperiores amet ab fugit.','distinctio quia et suscipit blanditiis neque officiis optio dolorem repellendus',1,1),('560acaee-89c3-11ea-9959-8c1645373715','Liana','Feeney','836-883-2170','1993-10-01','2020-12-28','2021-12-29',8.72,30,32118,'560e586b-89c3-11ea-9959-8c1645373715',0,'Aut facere fuga sint accusamus eum non.','doloribus quibusdam nulla et minus assumenda sit temporibus ea sunt',1,1),('560acb54-89c3-11ea-9959-8c1645373715','Dariana','Erdman','476.450.9951','1992-01-18','2020-07-08',NULL,8.72,NULL,76685,'560e7c4a-89c3-11ea-9959-8c1645373715',0,'Recusandae dignissimos omnis repellat repudiandae aliquam nostrum saepe adipisci.','harum et consequuntur vitae dolorem odio ut debitis qui dolorum',1,1),('560acbbb-89c3-11ea-9959-8c1645373715','Beth','Howell','687.739.3613','1980-03-13','2020-06-21',NULL,15,NULL,75446,'560e6635-89c3-11ea-9959-8c1645373715',0,'Qui sed et totam dolor quo nihil non quos quia.','id aut exercitationem laudantium corrupti occaecati quo qui quidem porro',1,1),('560acc21-89c3-11ea-9959-8c1645373715','Pascale','Jerde','974-405-9244 x76816','1983-06-15','2020-09-02',NULL,8.72,25,47338,'560e603b-89c3-11ea-9959-8c1645373715',0,'Rerum incidunt quasi delectus inventore deleniti exercitationem dolores amet et.','dolorum eum omnis eos consequatur quia laudantium voluptatum velit voluptas',1,1),('560acc8e-89c3-11ea-9959-8c1645373715','Antoinette','Blick','019.568.0061 x274','1991-04-08','2020-10-13',NULL,10,30,12462,'560e6a5b-89c3-11ea-9959-8c1645373715',0,'Provident quia iusto tenetur itaque aut ut.','sit sunt voluptatem officia sit ipsum et pariatur eos exercitationem',1,1),('560accf8-89c3-11ea-9959-8c1645373715','Dion','Roob','(347) 763-2869 x84701','1992-09-25','2020-05-05',NULL,10,30,4577,'560e6522-89c3-11ea-9959-8c1645373715',1,'Rerum impedit velit corrupti quia accusamus repellendus aut.','et expedita ad esse quibusdam id qui illo dolor perferendis',1,1),('560acd5e-89c3-11ea-9959-8c1645373715','Adelia','Halvorson','087-471-0822 x67838','1990-10-17','2020-06-19',NULL,15,NULL,75935,'560e57a3-89c3-11ea-9959-8c1645373715',1,'Molestias non aliquam commodi eos sit.','enim non animi molestias earum et odit illum non et',1,1),('560acdcf-89c3-11ea-9959-8c1645373715','Nickolas','O\'Kon','(954) 100-2050 x3152','1982-12-22','2020-09-22',NULL,8.72,25,59225,'560e67a0-89c3-11ea-9959-8c1645373715',1,'Illo modi est blanditiis.','enim velit dolor nobis quae sit in quas necessitatibus nemo',1,1),('560ace35-89c3-11ea-9959-8c1645373715','Johnpaul','Durgan','(263) 304-7430 x462','1984-10-17','2020-06-05','2021-05-10',8.72,20,84122,'560e7496-89c3-11ea-9959-8c1645373715',0,'Dolores veniam aliquam voluptates omnis sit commodi quisquam nemo.','possimus doloribus aut sit occaecati qui magni est quod omnis',1,1),('560ace9f-89c3-11ea-9959-8c1645373715','Gunner','Boyle','1-003-865-0150 x2286','1992-09-16','2020-08-18',NULL,15,25,10696,'560e80c7-89c3-11ea-9959-8c1645373715',0,'In aut perferendis placeat.','facere fuga iste voluptates eveniet possimus ex tempora sit dolor',1,1),('560acf05-89c3-11ea-9959-8c1645373715','Sidney','Thiel','446-993-5544','1995-01-20','2020-07-21',NULL,8.72,NULL,4317,'560e7a0e-89c3-11ea-9959-8c1645373715',1,'Dolorem exercitationem hic.','sapiente perferendis quia occaecati similique est non eius nesciunt mollitia',1,1),('560acf6c-89c3-11ea-9959-8c1645373715','Milton','O\'Kon','692.834.2239 x301','2000-12-21','2020-12-12',NULL,10,25,91915,'560e64dc-89c3-11ea-9959-8c1645373715',0,'Quas reprehenderit repellendus quia natus eius.','vero quos nihil quod asperiores laudantium quia sunt officiis soluta',1,1),('560acfd6-89c3-11ea-9959-8c1645373715','Hillard','Aufderhar','(850) 606-3529 x09425','1999-03-15','2020-05-11','2022-07-28',10,30,56701,'560e6823-89c3-11ea-9959-8c1645373715',1,'Totam odio minima ea omnis ipsa.','rerum aperiam velit sit dolores laboriosam id fugiat sequi ipsam',1,1),('560ad03c-89c3-11ea-9959-8c1645373715','Augustus','Dooley','1-049-475-1103 x6086','1986-08-01','2020-09-27',NULL,10,NULL,13636,'560e7c4a-89c3-11ea-9959-8c1645373715',1,'Et iure consequatur ratione.','blanditiis expedita eos facere earum assumenda earum quaerat odit saepe',1,1),('560ad0ad-89c3-11ea-9959-8c1645373715','Ezequiel','West','238-062-5706','1983-03-07','2020-06-27','2022-02-25',15,NULL,15880,'560e6483-89c3-11ea-9959-8c1645373715',0,'Corrupti aut dignissimos consequatur ut expedita et et.','quidem et autem sequi distinctio perferendis aut illo rerum quo',1,1),('560ad156-89c3-11ea-9959-8c1645373715','Ethan','Rice','396.960.3281','1981-10-27','2020-08-02',NULL,8.72,30,49202,'560e5aa7-89c3-11ea-9959-8c1645373715',0,'Nobis dicta consequatur voluptas architecto cumque placeat.','reiciendis aut dignissimos eaque quae sunt in aut reprehenderit veniam',1,1);
/*!40000 ALTER TABLE `employees` ENABLE KEYS */;
UNLOCK TABLES;

--
-- Table structure for table `employeesnapshot`
--

DROP TABLE IF EXISTS `employeesnapshot`;
/*!40101 SET @saved_cs_client     = @@character_set_client */;
/*!50503 SET character_set_client = utf8mb4 */;
CREATE TABLE `employeesnapshot` (
  `id` char(36) NOT NULL,
  `firstName` varchar(100) NOT NULL,
  `lastName` varchar(100) NOT NULL,
  `phoneNumber` varchar(30) NOT NULL,
  `birthday` date NOT NULL,
  `availableFrom` date NOT NULL,
  `availableTo` date DEFAULT NULL,
  `payRateFrom` float NOT NULL,
  `payRateTo` float DEFAULT NULL,
  `maximumCommute` int NOT NULL,
  `location` char(36) NOT NULL,
  `ignoreDistance` tinyint(1) NOT NULL DEFAULT '0',
  `bio` varchar(200) DEFAULT NULL,
  `experience` varchar(100) DEFAULT NULL,
  `available` tinyint(1) NOT NULL DEFAULT '1',
  `pushNotification` tinyint(1) NOT NULL DEFAULT '1',
  KEY `id` (`id`),
  CONSTRAINT `employeesnapshot_ibfk_1` FOREIGN KEY (`id`) REFERENCES `employees` (`id`)
) ENGINE=InnoDB DEFAULT CHARSET=utf8mb4 COLLATE=utf8mb4_0900_ai_ci;
/*!40101 SET character_set_client = @saved_cs_client */;

--
-- Dumping data for table `employeesnapshot`
--

LOCK TABLES `employeesnapshot` WRITE;
/*!40000 ALTER TABLE `employeesnapshot` DISABLE KEYS */;
/*!40000 ALTER TABLE `employeesnapshot` ENABLE KEYS */;
UNLOCK TABLES;

--
-- Table structure for table `employers`
--

DROP TABLE IF EXISTS `employers`;
/*!40101 SET @saved_cs_client     = @@character_set_client */;
/*!50503 SET character_set_client = utf8mb4 */;
CREATE TABLE `employers` (
  `id` char(36) NOT NULL,
  `firstName` varchar(100) NOT NULL,
  `lastName` varchar(100) NOT NULL,
  `companyName` varchar(100) NOT NULL,
  `companyNumber` varchar(100) NOT NULL,
  `landline` varchar(30) DEFAULT NULL,
  `mobile` varchar(30) DEFAULT NULL,
  `website` varchar(100) DEFAULT NULL,
  `pushNotification` tinyint(1) NOT NULL DEFAULT '1',
  PRIMARY KEY (`id`),
  CONSTRAINT `employers_ibfk_1` FOREIGN KEY (`id`) REFERENCES `users` (`id`)
) ENGINE=InnoDB DEFAULT CHARSET=utf8mb4 COLLATE=utf8mb4_0900_ai_ci;
/*!40101 SET character_set_client = @saved_cs_client */;

--
-- Dumping data for table `employers`
--

LOCK TABLES `employers` WRITE;
/*!40000 ALTER TABLE `employers` DISABLE KEYS */;
INSERT INTO `employers` VALUES ('560a8fb7-89c3-11ea-9959-8c1645373715','Marcus','Lubowitz','Wiza, VonRueden and Hoeger','368282','537.604.4111 x879','082-690-3389 x64217','http://bernice.name',1),('560ab3a7-89c3-11ea-9959-8c1645373715','Cleo','Hirthe','Veum and Sons','483364','1-833-731-9175','903-853-7514 x6806','https://cullen.org',0),('560ab4a8-89c3-11ea-9959-8c1645373715','Tara','Conroy','Krajcik, Reinger and Lemke','761863','956.133.7104 x78557','661-256-6824 x879','http://janelle.net',0),('560ab52a-89c3-11ea-9959-8c1645373715','Alexandrea','Jacobson','Ferry, Wiegand and Koch','585404','1-040-207-3986 x4478','560-894-9450 x5119','http://diana.name',1),('560abd87-89c3-11ea-9959-8c1645373715','Elyse','Rau','Waelchi, Auer and Maggio','940396','445.514.1453 x35312','287.365.7874','http://winfield.com',1);
/*!40000 ALTER TABLE `employers` ENABLE KEYS */;
UNLOCK TABLES;

--
-- Table structure for table `industries`
--

DROP TABLE IF EXISTS `industries`;
/*!40101 SET @saved_cs_client     = @@character_set_client */;
/*!50503 SET character_set_client = utf8mb4 */;
CREATE TABLE `industries` (
  `id` char(36) NOT NULL,
  `industry` varchar(100) NOT NULL,
  `description` varchar(100) NOT NULL,
  PRIMARY KEY (`id`)
) ENGINE=InnoDB DEFAULT CHARSET=utf8mb4 COLLATE=utf8mb4_0900_ai_ci;
/*!40101 SET character_set_client = @saved_cs_client */;

--
-- Dumping data for table `industries`
--

LOCK TABLES `industries` WRITE;
/*!40000 ALTER TABLE `industries` DISABLE KEYS */;
INSERT INTO `industries` VALUES ('560c0a8b-89c3-11ea-9959-8c1645373715','Oil & Energy','Porro qui fugit praesentium placeat.'),('560c30ac-89c3-11ea-9959-8c1645373715','Philanthropy','Assumenda ad quo et molestiae minima omnis ut.'),('560c3160-89c3-11ea-9959-8c1645373715','Electrical & Electronic Manufacturing','Vel quibusdam necessitatibus autem alias doloremque excepturi accusamus sit voluptates.'),('560c3245-89c3-11ea-9959-8c1645373715','Utilities','Ducimus velit eos voluptatem voluptate voluptatem magni est vel.'),('560c329a-89c3-11ea-9959-8c1645373715','Consumer Goods','Corrupti dolor ducimus qui.');
/*!40000 ALTER TABLE `industries` ENABLE KEYS */;
UNLOCK TABLES;

--
-- Table structure for table `interestedroles`
--

DROP TABLE IF EXISTS `interestedroles`;
/*!40101 SET @saved_cs_client     = @@character_set_client */;
/*!50503 SET character_set_client = utf8mb4 */;
CREATE TABLE `interestedroles` (
  `employee` char(36) NOT NULL,
  `roleId` char(36) NOT NULL,
  PRIMARY KEY (`employee`,`roleId`),
  UNIQUE KEY `employee` (`employee`,`roleId`),
  KEY `roleId` (`roleId`),
  CONSTRAINT `interestedroles_ibfk_1` FOREIGN KEY (`employee`) REFERENCES `employees` (`id`),
  CONSTRAINT `interestedroles_ibfk_2` FOREIGN KEY (`roleId`) REFERENCES `roles` (`id`)
) ENGINE=InnoDB DEFAULT CHARSET=utf8mb4 COLLATE=utf8mb4_0900_ai_ci;
/*!40101 SET character_set_client = @saved_cs_client */;

--
-- Dumping data for table `interestedroles`
--

LOCK TABLES `interestedroles` WRITE;
/*!40000 ALTER TABLE `interestedroles` DISABLE KEYS */;
INSERT INTO `interestedroles` VALUES ('560abee8-89c3-11ea-9959-8c1645373715','560cfd3b-89c3-11ea-9959-8c1645373715'),('560ac127-89c3-11ea-9959-8c1645373715','560cfd3b-89c3-11ea-9959-8c1645373715'),('560ac260-89c3-11ea-9959-8c1645373715','560cfd3b-89c3-11ea-9959-8c1645373715'),('560ac756-89c3-11ea-9959-8c1645373715','560cfd3b-89c3-11ea-9959-8c1645373715'),('560acaee-89c3-11ea-9959-8c1645373715','560cfd3b-89c3-11ea-9959-8c1645373715'),('560acc21-89c3-11ea-9959-8c1645373715','560cfd3b-89c3-11ea-9959-8c1645373715'),('560acdcf-89c3-11ea-9959-8c1645373715','560cfd3b-89c3-11ea-9959-8c1645373715'),('560ace35-89c3-11ea-9959-8c1645373715','560cfd3b-89c3-11ea-9959-8c1645373715'),('560acf05-89c3-11ea-9959-8c1645373715','560cfd3b-89c3-11ea-9959-8c1645373715'),('560acf6c-89c3-11ea-9959-8c1645373715','560cfd3b-89c3-11ea-9959-8c1645373715'),('560ac127-89c3-11ea-9959-8c1645373715','560d2d5f-89c3-11ea-9959-8c1645373715'),('560ac2dc-89c3-11ea-9959-8c1645373715','560d2d5f-89c3-11ea-9959-8c1645373715'),('560ac354-89c3-11ea-9959-8c1645373715','560d2d5f-89c3-11ea-9959-8c1645373715'),('560ac3ba-89c3-11ea-9959-8c1645373715','560d2d5f-89c3-11ea-9959-8c1645373715'),('560ac6d3-89c3-11ea-9959-8c1645373715','560d2d5f-89c3-11ea-9959-8c1645373715'),('560ac842-89c3-11ea-9959-8c1645373715','560d2d5f-89c3-11ea-9959-8c1645373715'),('560aca1b-89c3-11ea-9959-8c1645373715','560d2d5f-89c3-11ea-9959-8c1645373715'),('560aca81-89c3-11ea-9959-8c1645373715','560d2d5f-89c3-11ea-9959-8c1645373715'),('560accf8-89c3-11ea-9959-8c1645373715','560d2d5f-89c3-11ea-9959-8c1645373715'),('560ace35-89c3-11ea-9959-8c1645373715','560d2d5f-89c3-11ea-9959-8c1645373715'),('560ac354-89c3-11ea-9959-8c1645373715','560d2ea7-89c3-11ea-9959-8c1645373715'),('560ac842-89c3-11ea-9959-8c1645373715','560d2ea7-89c3-11ea-9959-8c1645373715'),('560ac8ac-89c3-11ea-9959-8c1645373715','560d2ea7-89c3-11ea-9959-8c1645373715'),('560aca81-89c3-11ea-9959-8c1645373715','560d2ea7-89c3-11ea-9959-8c1645373715'),('560acc21-89c3-11ea-9959-8c1645373715','560d2ea7-89c3-11ea-9959-8c1645373715'),('560acc8e-89c3-11ea-9959-8c1645373715','560d2ea7-89c3-11ea-9959-8c1645373715'),('560accf8-89c3-11ea-9959-8c1645373715','560d2ea7-89c3-11ea-9959-8c1645373715'),('560acdcf-89c3-11ea-9959-8c1645373715','560d2ea7-89c3-11ea-9959-8c1645373715'),('560ace35-89c3-11ea-9959-8c1645373715','560d2ea7-89c3-11ea-9959-8c1645373715'),('560ace9f-89c3-11ea-9959-8c1645373715','560d2ea7-89c3-11ea-9959-8c1645373715'),('560acf6c-89c3-11ea-9959-8c1645373715','560d2ea7-89c3-11ea-9959-8c1645373715'),('560acfd6-89c3-11ea-9959-8c1645373715','560d2ea7-89c3-11ea-9959-8c1645373715'),('560ad0ad-89c3-11ea-9959-8c1645373715','560d2ea7-89c3-11ea-9959-8c1645373715'),('560ad156-89c3-11ea-9959-8c1645373715','560d2ea7-89c3-11ea-9959-8c1645373715'),('560abe7b-89c3-11ea-9959-8c1645373715','560d2f74-89c3-11ea-9959-8c1645373715'),('560abee8-89c3-11ea-9959-8c1645373715','560d2f74-89c3-11ea-9959-8c1645373715'),('560abf6a-89c3-11ea-9959-8c1645373715','560d2f74-89c3-11ea-9959-8c1645373715'),('560abfd4-89c3-11ea-9959-8c1645373715','560d2f74-89c3-11ea-9959-8c1645373715'),('560ac041-89c3-11ea-9959-8c1645373715','560d2f74-89c3-11ea-9959-8c1645373715'),('560ac5c0-89c3-11ea-9959-8c1645373715','560d2f74-89c3-11ea-9959-8c1645373715'),('560ac631-89c3-11ea-9959-8c1645373715','560d2f74-89c3-11ea-9959-8c1645373715'),('560ac9aa-89c3-11ea-9959-8c1645373715','560d2f74-89c3-11ea-9959-8c1645373715'),('560acb54-89c3-11ea-9959-8c1645373715','560d2f74-89c3-11ea-9959-8c1645373715'),('560accf8-89c3-11ea-9959-8c1645373715','560d2f74-89c3-11ea-9959-8c1645373715'),('560ad0ad-89c3-11ea-9959-8c1645373715','560d2f74-89c3-11ea-9959-8c1645373715'),('560abf6a-89c3-11ea-9959-8c1645373715','560d301d-89c3-11ea-9959-8c1645373715'),('560ac6d3-89c3-11ea-9959-8c1645373715','560d301d-89c3-11ea-9959-8c1645373715'),('560ace9f-89c3-11ea-9959-8c1645373715','560d301d-89c3-11ea-9959-8c1645373715'),('560ac041-89c3-11ea-9959-8c1645373715','560d30ca-89c3-11ea-9959-8c1645373715'),('560ac190-89c3-11ea-9959-8c1645373715','560d30ca-89c3-11ea-9959-8c1645373715'),('560ac5c0-89c3-11ea-9959-8c1645373715','560d30ca-89c3-11ea-9959-8c1645373715'),('560ac631-89c3-11ea-9959-8c1645373715','560d30ca-89c3-11ea-9959-8c1645373715'),('560ac7c3-89c3-11ea-9959-8c1645373715','560d30ca-89c3-11ea-9959-8c1645373715'),('560ac842-89c3-11ea-9959-8c1645373715','560d30ca-89c3-11ea-9959-8c1645373715'),('560ac8ac-89c3-11ea-9959-8c1645373715','560d30ca-89c3-11ea-9959-8c1645373715'),('560ac9aa-89c3-11ea-9959-8c1645373715','560d30ca-89c3-11ea-9959-8c1645373715'),('560acd5e-89c3-11ea-9959-8c1645373715','560d30ca-89c3-11ea-9959-8c1645373715'),('560abdfc-89c3-11ea-9959-8c1645373715','560d317a-89c3-11ea-9959-8c1645373715'),('560abee8-89c3-11ea-9959-8c1645373715','560d317a-89c3-11ea-9959-8c1645373715'),('560ac354-89c3-11ea-9959-8c1645373715','560d317a-89c3-11ea-9959-8c1645373715'),('560ac491-89c3-11ea-9959-8c1645373715','560d317a-89c3-11ea-9959-8c1645373715'),('560ac5c0-89c3-11ea-9959-8c1645373715','560d317a-89c3-11ea-9959-8c1645373715'),('560acd5e-89c3-11ea-9959-8c1645373715','560d317a-89c3-11ea-9959-8c1645373715'),('560ace9f-89c3-11ea-9959-8c1645373715','560d317a-89c3-11ea-9959-8c1645373715'),('560ad156-89c3-11ea-9959-8c1645373715','560d317a-89c3-11ea-9959-8c1645373715'),('560abee8-89c3-11ea-9959-8c1645373715','560d3220-89c3-11ea-9959-8c1645373715'),('560ac260-89c3-11ea-9959-8c1645373715','560d3220-89c3-11ea-9959-8c1645373715'),('560ac3ba-89c3-11ea-9959-8c1645373715','560d3220-89c3-11ea-9959-8c1645373715'),('560ac491-89c3-11ea-9959-8c1645373715','560d3220-89c3-11ea-9959-8c1645373715'),('560ac4f4-89c3-11ea-9959-8c1645373715','560d3220-89c3-11ea-9959-8c1645373715'),('560ac5c0-89c3-11ea-9959-8c1645373715','560d3220-89c3-11ea-9959-8c1645373715'),('560ac756-89c3-11ea-9959-8c1645373715','560d3220-89c3-11ea-9959-8c1645373715'),('560aca81-89c3-11ea-9959-8c1645373715','560d3220-89c3-11ea-9959-8c1645373715'),('560acdcf-89c3-11ea-9959-8c1645373715','560d3220-89c3-11ea-9959-8c1645373715'),('560acf05-89c3-11ea-9959-8c1645373715','560d3220-89c3-11ea-9959-8c1645373715'),('560acfd6-89c3-11ea-9959-8c1645373715','560d3220-89c3-11ea-9959-8c1645373715'),('560ad03c-89c3-11ea-9959-8c1645373715','560d3220-89c3-11ea-9959-8c1645373715'),('560ac427-89c3-11ea-9959-8c1645373715','560d32d7-89c3-11ea-9959-8c1645373715'),('560ac8ac-89c3-11ea-9959-8c1645373715','560d32d7-89c3-11ea-9959-8c1645373715'),('560ac9aa-89c3-11ea-9959-8c1645373715','560d32d7-89c3-11ea-9959-8c1645373715'),('560acaee-89c3-11ea-9959-8c1645373715','560d32d7-89c3-11ea-9959-8c1645373715'),('560acb54-89c3-11ea-9959-8c1645373715','560d32d7-89c3-11ea-9959-8c1645373715'),('560accf8-89c3-11ea-9959-8c1645373715','560d32d7-89c3-11ea-9959-8c1645373715'),('560acd5e-89c3-11ea-9959-8c1645373715','560d32d7-89c3-11ea-9959-8c1645373715'),('560ad156-89c3-11ea-9959-8c1645373715','560d32d7-89c3-11ea-9959-8c1645373715'),('560abdfc-89c3-11ea-9959-8c1645373715','560d3384-89c3-11ea-9959-8c1645373715'),('560ac0b2-89c3-11ea-9959-8c1645373715','560d3384-89c3-11ea-9959-8c1645373715'),('560ac190-89c3-11ea-9959-8c1645373715','560d3384-89c3-11ea-9959-8c1645373715'),('560ac6d3-89c3-11ea-9959-8c1645373715','560d3384-89c3-11ea-9959-8c1645373715'),('560ac912-89c3-11ea-9959-8c1645373715','560d3384-89c3-11ea-9959-8c1645373715'),('560aca1b-89c3-11ea-9959-8c1645373715','560d3384-89c3-11ea-9959-8c1645373715'),('560acc8e-89c3-11ea-9959-8c1645373715','560d3384-89c3-11ea-9959-8c1645373715'),('560ace9f-89c3-11ea-9959-8c1645373715','560d3384-89c3-11ea-9959-8c1645373715'),('560ad0ad-89c3-11ea-9959-8c1645373715','560d3384-89c3-11ea-9959-8c1645373715'),('560abe7b-89c3-11ea-9959-8c1645373715','560d3423-89c3-11ea-9959-8c1645373715'),('560abf6a-89c3-11ea-9959-8c1645373715','560d3423-89c3-11ea-9959-8c1645373715'),('560ac041-89c3-11ea-9959-8c1645373715','560d3423-89c3-11ea-9959-8c1645373715'),('560ac127-89c3-11ea-9959-8c1645373715','560d3423-89c3-11ea-9959-8c1645373715'),('560ac354-89c3-11ea-9959-8c1645373715','560d3423-89c3-11ea-9959-8c1645373715'),('560ac491-89c3-11ea-9959-8c1645373715','560d3423-89c3-11ea-9959-8c1645373715'),('560ac4f4-89c3-11ea-9959-8c1645373715','560d3423-89c3-11ea-9959-8c1645373715'),('560ac5c0-89c3-11ea-9959-8c1645373715','560d3423-89c3-11ea-9959-8c1645373715'),('560ac7c3-89c3-11ea-9959-8c1645373715','560d3423-89c3-11ea-9959-8c1645373715'),('560acaee-89c3-11ea-9959-8c1645373715','560d3423-89c3-11ea-9959-8c1645373715'),('560acb54-89c3-11ea-9959-8c1645373715','560d3423-89c3-11ea-9959-8c1645373715'),('560acbbb-89c3-11ea-9959-8c1645373715','560d3423-89c3-11ea-9959-8c1645373715'),('560ace35-89c3-11ea-9959-8c1645373715','560d3423-89c3-11ea-9959-8c1645373715'),('560acf05-89c3-11ea-9959-8c1645373715','560d3423-89c3-11ea-9959-8c1645373715'),('560acf6c-89c3-11ea-9959-8c1645373715','560d3423-89c3-11ea-9959-8c1645373715'),('560acfd6-89c3-11ea-9959-8c1645373715','560d3423-89c3-11ea-9959-8c1645373715'),('560abfd4-89c3-11ea-9959-8c1645373715','560d34c8-89c3-11ea-9959-8c1645373715'),('560ac1fa-89c3-11ea-9959-8c1645373715','560d34c8-89c3-11ea-9959-8c1645373715'),('560ac631-89c3-11ea-9959-8c1645373715','560d34c8-89c3-11ea-9959-8c1645373715'),('560ac756-89c3-11ea-9959-8c1645373715','560d34c8-89c3-11ea-9959-8c1645373715'),('560ac912-89c3-11ea-9959-8c1645373715','560d34c8-89c3-11ea-9959-8c1645373715'),('560acd5e-89c3-11ea-9959-8c1645373715','560d34c8-89c3-11ea-9959-8c1645373715'),('560acf6c-89c3-11ea-9959-8c1645373715','560d34c8-89c3-11ea-9959-8c1645373715'),('560ad03c-89c3-11ea-9959-8c1645373715','560d34c8-89c3-11ea-9959-8c1645373715'),('560abe7b-89c3-11ea-9959-8c1645373715','560d358a-89c3-11ea-9959-8c1645373715'),('560ac190-89c3-11ea-9959-8c1645373715','560d358a-89c3-11ea-9959-8c1645373715'),('560ac2dc-89c3-11ea-9959-8c1645373715','560d358a-89c3-11ea-9959-8c1645373715'),('560ac427-89c3-11ea-9959-8c1645373715','560d358a-89c3-11ea-9959-8c1645373715'),('560ac4f4-89c3-11ea-9959-8c1645373715','560d358a-89c3-11ea-9959-8c1645373715'),('560ac9aa-89c3-11ea-9959-8c1645373715','560d358a-89c3-11ea-9959-8c1645373715'),('560acdcf-89c3-11ea-9959-8c1645373715','560d358a-89c3-11ea-9959-8c1645373715'),('560acfd6-89c3-11ea-9959-8c1645373715','560d358a-89c3-11ea-9959-8c1645373715'),('560abf6a-89c3-11ea-9959-8c1645373715','560d366c-89c3-11ea-9959-8c1645373715'),('560ac260-89c3-11ea-9959-8c1645373715','560d366c-89c3-11ea-9959-8c1645373715'),('560ac756-89c3-11ea-9959-8c1645373715','560d366c-89c3-11ea-9959-8c1645373715'),('560ac842-89c3-11ea-9959-8c1645373715','560d366c-89c3-11ea-9959-8c1645373715'),('560ac912-89c3-11ea-9959-8c1645373715','560d366c-89c3-11ea-9959-8c1645373715'),('560ac9aa-89c3-11ea-9959-8c1645373715','560d366c-89c3-11ea-9959-8c1645373715'),('560acf05-89c3-11ea-9959-8c1645373715','560d366c-89c3-11ea-9959-8c1645373715'),('560ad03c-89c3-11ea-9959-8c1645373715','560d366c-89c3-11ea-9959-8c1645373715'),('560ad156-89c3-11ea-9959-8c1645373715','560d366c-89c3-11ea-9959-8c1645373715'),('560abdfc-89c3-11ea-9959-8c1645373715','560d372a-89c3-11ea-9959-8c1645373715'),('560abf6a-89c3-11ea-9959-8c1645373715','560d372a-89c3-11ea-9959-8c1645373715'),('560ac0b2-89c3-11ea-9959-8c1645373715','560d372a-89c3-11ea-9959-8c1645373715'),('560ac190-89c3-11ea-9959-8c1645373715','560d372a-89c3-11ea-9959-8c1645373715'),('560ac1fa-89c3-11ea-9959-8c1645373715','560d372a-89c3-11ea-9959-8c1645373715'),('560ac2dc-89c3-11ea-9959-8c1645373715','560d372a-89c3-11ea-9959-8c1645373715'),('560ac354-89c3-11ea-9959-8c1645373715','560d372a-89c3-11ea-9959-8c1645373715'),('560ac55a-89c3-11ea-9959-8c1645373715','560d372a-89c3-11ea-9959-8c1645373715'),('560ac631-89c3-11ea-9959-8c1645373715','560d372a-89c3-11ea-9959-8c1645373715'),('560ac7c3-89c3-11ea-9959-8c1645373715','560d372a-89c3-11ea-9959-8c1645373715'),('560ac912-89c3-11ea-9959-8c1645373715','560d372a-89c3-11ea-9959-8c1645373715'),('560acb54-89c3-11ea-9959-8c1645373715','560d372a-89c3-11ea-9959-8c1645373715'),('560ad0ad-89c3-11ea-9959-8c1645373715','560d372a-89c3-11ea-9959-8c1645373715'),('560ac127-89c3-11ea-9959-8c1645373715','560d37de-89c3-11ea-9959-8c1645373715'),('560ac1fa-89c3-11ea-9959-8c1645373715','560d37de-89c3-11ea-9959-8c1645373715'),('560ac3ba-89c3-11ea-9959-8c1645373715','560d37de-89c3-11ea-9959-8c1645373715'),('560ac427-89c3-11ea-9959-8c1645373715','560d37de-89c3-11ea-9959-8c1645373715'),('560aca81-89c3-11ea-9959-8c1645373715','560d37de-89c3-11ea-9959-8c1645373715'),('560abe7b-89c3-11ea-9959-8c1645373715','560d3892-89c3-11ea-9959-8c1645373715'),('560abfd4-89c3-11ea-9959-8c1645373715','560d3892-89c3-11ea-9959-8c1645373715'),('560ac2dc-89c3-11ea-9959-8c1645373715','560d3892-89c3-11ea-9959-8c1645373715'),('560ac55a-89c3-11ea-9959-8c1645373715','560d3892-89c3-11ea-9959-8c1645373715'),('560aca1b-89c3-11ea-9959-8c1645373715','560d3892-89c3-11ea-9959-8c1645373715'),('560acaee-89c3-11ea-9959-8c1645373715','560d3892-89c3-11ea-9959-8c1645373715'),('560acb54-89c3-11ea-9959-8c1645373715','560d3892-89c3-11ea-9959-8c1645373715'),('560acbbb-89c3-11ea-9959-8c1645373715','560d3892-89c3-11ea-9959-8c1645373715'),('560acc8e-89c3-11ea-9959-8c1645373715','560d3892-89c3-11ea-9959-8c1645373715'),('560ad0ad-89c3-11ea-9959-8c1645373715','560d3892-89c3-11ea-9959-8c1645373715'),('560ac0b2-89c3-11ea-9959-8c1645373715','560d3950-89c3-11ea-9959-8c1645373715'),('560ac190-89c3-11ea-9959-8c1645373715','560d3950-89c3-11ea-9959-8c1645373715'),('560ac3ba-89c3-11ea-9959-8c1645373715','560d3950-89c3-11ea-9959-8c1645373715'),('560ac4f4-89c3-11ea-9959-8c1645373715','560d3950-89c3-11ea-9959-8c1645373715'),('560ac55a-89c3-11ea-9959-8c1645373715','560d3950-89c3-11ea-9959-8c1645373715'),('560ac7c3-89c3-11ea-9959-8c1645373715','560d3950-89c3-11ea-9959-8c1645373715'),('560ac8ac-89c3-11ea-9959-8c1645373715','560d3950-89c3-11ea-9959-8c1645373715'),('560acc21-89c3-11ea-9959-8c1645373715','560d3950-89c3-11ea-9959-8c1645373715'),('560ac127-89c3-11ea-9959-8c1645373715','560d3a04-89c3-11ea-9959-8c1645373715'),('560ac1fa-89c3-11ea-9959-8c1645373715','560d3a04-89c3-11ea-9959-8c1645373715'),('560ac3ba-89c3-11ea-9959-8c1645373715','560d3a04-89c3-11ea-9959-8c1645373715'),('560ac631-89c3-11ea-9959-8c1645373715','560d3a04-89c3-11ea-9959-8c1645373715'),('560ac756-89c3-11ea-9959-8c1645373715','560d3a04-89c3-11ea-9959-8c1645373715'),('560aca1b-89c3-11ea-9959-8c1645373715','560d3a04-89c3-11ea-9959-8c1645373715'),('560acbbb-89c3-11ea-9959-8c1645373715','560d3a04-89c3-11ea-9959-8c1645373715'),('560accf8-89c3-11ea-9959-8c1645373715','560d3a04-89c3-11ea-9959-8c1645373715'),('560acd5e-89c3-11ea-9959-8c1645373715','560d3a04-89c3-11ea-9959-8c1645373715'),('560ace9f-89c3-11ea-9959-8c1645373715','560d3a04-89c3-11ea-9959-8c1645373715'),('560abdfc-89c3-11ea-9959-8c1645373715','560d3aad-89c3-11ea-9959-8c1645373715'),('560ac55a-89c3-11ea-9959-8c1645373715','560d3aad-89c3-11ea-9959-8c1645373715'),('560ac842-89c3-11ea-9959-8c1645373715','560d3aad-89c3-11ea-9959-8c1645373715'),('560aca1b-89c3-11ea-9959-8c1645373715','560d3aad-89c3-11ea-9959-8c1645373715'),('560ace35-89c3-11ea-9959-8c1645373715','560d3aad-89c3-11ea-9959-8c1645373715'),('560ad03c-89c3-11ea-9959-8c1645373715','560d3aad-89c3-11ea-9959-8c1645373715'),('560ad156-89c3-11ea-9959-8c1645373715','560d3aad-89c3-11ea-9959-8c1645373715');
/*!40000 ALTER TABLE `interestedroles` ENABLE KEYS */;
UNLOCK TABLES;

--
-- Table structure for table `jobinterest`
--

DROP TABLE IF EXISTS `jobinterest`;
/*!40101 SET @saved_cs_client     = @@character_set_client */;
/*!50503 SET character_set_client = utf8mb4 */;
CREATE TABLE `jobinterest` (
  `job` char(36) NOT NULL,
  `employee` char(36) NOT NULL,
  `initiator` enum('employer','employee') NOT NULL,
  `status` enum('available','liked','offered','done') NOT NULL,
  PRIMARY KEY (`job`,`employee`),
  UNIQUE KEY `job` (`job`,`employee`),
  KEY `employee` (`employee`),
  CONSTRAINT `jobinterest_ibfk_1` FOREIGN KEY (`job`) REFERENCES `jobs` (`id`),
  CONSTRAINT `jobinterest_ibfk_2` FOREIGN KEY (`employee`) REFERENCES `employees` (`id`)
) ENGINE=InnoDB DEFAULT CHARSET=utf8mb4 COLLATE=utf8mb4_0900_ai_ci;
/*!40101 SET character_set_client = @saved_cs_client */;

--
-- Dumping data for table `jobinterest`
--

LOCK TABLES `jobinterest` WRITE;
/*!40000 ALTER TABLE `jobinterest` DISABLE KEYS */;
INSERT INTO `jobinterest` VALUES ('56132b22-89c3-11ea-9959-8c1645373715','560abdfc-89c3-11ea-9959-8c1645373715','employee','offered'),('56132b22-89c3-11ea-9959-8c1645373715','560abe7b-89c3-11ea-9959-8c1645373715','employer','offered'),('56132b22-89c3-11ea-9959-8c1645373715','560abee8-89c3-11ea-9959-8c1645373715','employer','offered'),('56132b22-89c3-11ea-9959-8c1645373715','560ac041-89c3-11ea-9959-8c1645373715','employer','available'),('56132b22-89c3-11ea-9959-8c1645373715','560ac0b2-89c3-11ea-9959-8c1645373715','employer','available'),('56132b22-89c3-11ea-9959-8c1645373715','560ac190-89c3-11ea-9959-8c1645373715','employer','available'),('56132b22-89c3-11ea-9959-8c1645373715','560ac1fa-89c3-11ea-9959-8c1645373715','employer','available'),('56132b22-89c3-11ea-9959-8c1645373715','560ac260-89c3-11ea-9959-8c1645373715','employee','offered'),('56132b22-89c3-11ea-9959-8c1645373715','560ac2dc-89c3-11ea-9959-8c1645373715','employee','liked'),('56132b22-89c3-11ea-9959-8c1645373715','560ac354-89c3-11ea-9959-8c1645373715','employer','available'),('56132b22-89c3-11ea-9959-8c1645373715','560ac427-89c3-11ea-9959-8c1645373715','employee','liked'),('56132b22-89c3-11ea-9959-8c1645373715','560ac4f4-89c3-11ea-9959-8c1645373715','employee','liked'),('56132b22-89c3-11ea-9959-8c1645373715','560ac55a-89c3-11ea-9959-8c1645373715','employer','offered'),('56132b22-89c3-11ea-9959-8c1645373715','560ac5c0-89c3-11ea-9959-8c1645373715','employer','available'),('56132b22-89c3-11ea-9959-8c1645373715','560ac631-89c3-11ea-9959-8c1645373715','employer','available'),('56132b22-89c3-11ea-9959-8c1645373715','560ac842-89c3-11ea-9959-8c1645373715','employee','offered'),('56132b22-89c3-11ea-9959-8c1645373715','560ac8ac-89c3-11ea-9959-8c1645373715','employee','liked'),('56132b22-89c3-11ea-9959-8c1645373715','560ac912-89c3-11ea-9959-8c1645373715','employer','available'),('56132b22-89c3-11ea-9959-8c1645373715','560ac9aa-89c3-11ea-9959-8c1645373715','employer','available'),('56132b22-89c3-11ea-9959-8c1645373715','560aca81-89c3-11ea-9959-8c1645373715','employer','offered'),('56132b22-89c3-11ea-9959-8c1645373715','560acaee-89c3-11ea-9959-8c1645373715','employee','liked'),('56132b22-89c3-11ea-9959-8c1645373715','560acb54-89c3-11ea-9959-8c1645373715','employer','available'),('56132b22-89c3-11ea-9959-8c1645373715','560acbbb-89c3-11ea-9959-8c1645373715','employee','offered'),('56132b22-89c3-11ea-9959-8c1645373715','560acc21-89c3-11ea-9959-8c1645373715','employer','available'),('56132b22-89c3-11ea-9959-8c1645373715','560acc8e-89c3-11ea-9959-8c1645373715','employee','offered'),('56132b22-89c3-11ea-9959-8c1645373715','560ace35-89c3-11ea-9959-8c1645373715','employee','offered'),('56132b22-89c3-11ea-9959-8c1645373715','560ace9f-89c3-11ea-9959-8c1645373715','employer','available'),('56132b22-89c3-11ea-9959-8c1645373715','560acf05-89c3-11ea-9959-8c1645373715','employer','available'),('56132b22-89c3-11ea-9959-8c1645373715','560acf6c-89c3-11ea-9959-8c1645373715','employer','available'),('56132b22-89c3-11ea-9959-8c1645373715','560acfd6-89c3-11ea-9959-8c1645373715','employer','offered'),('56132b22-89c3-11ea-9959-8c1645373715','560ad03c-89c3-11ea-9959-8c1645373715','employee','liked'),('56132b22-89c3-11ea-9959-8c1645373715','560ad156-89c3-11ea-9959-8c1645373715','employee','liked'),('56136164-89c3-11ea-9959-8c1645373715','560abdfc-89c3-11ea-9959-8c1645373715','employer','available'),('56136164-89c3-11ea-9959-8c1645373715','560abe7b-89c3-11ea-9959-8c1645373715','employee','offered'),('56136164-89c3-11ea-9959-8c1645373715','560abee8-89c3-11ea-9959-8c1645373715','employer','offered'),('56136164-89c3-11ea-9959-8c1645373715','560abfd4-89c3-11ea-9959-8c1645373715','employer','available'),('56136164-89c3-11ea-9959-8c1645373715','560ac041-89c3-11ea-9959-8c1645373715','employer','available'),('56136164-89c3-11ea-9959-8c1645373715','560ac0b2-89c3-11ea-9959-8c1645373715','employer','available'),('56136164-89c3-11ea-9959-8c1645373715','560ac1fa-89c3-11ea-9959-8c1645373715','employer','offered'),('56136164-89c3-11ea-9959-8c1645373715','560ac260-89c3-11ea-9959-8c1645373715','employer','offered'),('56136164-89c3-11ea-9959-8c1645373715','560ac2dc-89c3-11ea-9959-8c1645373715','employee','liked'),('56136164-89c3-11ea-9959-8c1645373715','560ac354-89c3-11ea-9959-8c1645373715','employer','available'),('56136164-89c3-11ea-9959-8c1645373715','560ac3ba-89c3-11ea-9959-8c1645373715','employee','liked'),('56136164-89c3-11ea-9959-8c1645373715','560ac4f4-89c3-11ea-9959-8c1645373715','employee','offered'),('56136164-89c3-11ea-9959-8c1645373715','560ac5c0-89c3-11ea-9959-8c1645373715','employer','offered'),('56136164-89c3-11ea-9959-8c1645373715','560ac7c3-89c3-11ea-9959-8c1645373715','employer','offered'),('56136164-89c3-11ea-9959-8c1645373715','560ac842-89c3-11ea-9959-8c1645373715','employee','liked'),('56136164-89c3-11ea-9959-8c1645373715','560ac8ac-89c3-11ea-9959-8c1645373715','employee','liked'),('56136164-89c3-11ea-9959-8c1645373715','560aca81-89c3-11ea-9959-8c1645373715','employee','offered'),('56136164-89c3-11ea-9959-8c1645373715','560acaee-89c3-11ea-9959-8c1645373715','employee','liked'),('56136164-89c3-11ea-9959-8c1645373715','560acb54-89c3-11ea-9959-8c1645373715','employer','available'),('56136164-89c3-11ea-9959-8c1645373715','560acbbb-89c3-11ea-9959-8c1645373715','employee','offered'),('56136164-89c3-11ea-9959-8c1645373715','560acc8e-89c3-11ea-9959-8c1645373715','employer','available'),('56136164-89c3-11ea-9959-8c1645373715','560accf8-89c3-11ea-9959-8c1645373715','employer','offered'),('56136164-89c3-11ea-9959-8c1645373715','560acd5e-89c3-11ea-9959-8c1645373715','employer','offered'),('56136164-89c3-11ea-9959-8c1645373715','560ace35-89c3-11ea-9959-8c1645373715','employee','liked'),('56136164-89c3-11ea-9959-8c1645373715','560ace9f-89c3-11ea-9959-8c1645373715','employer','available'),('56136164-89c3-11ea-9959-8c1645373715','560acf05-89c3-11ea-9959-8c1645373715','employee','liked'),('56136164-89c3-11ea-9959-8c1645373715','560acfd6-89c3-11ea-9959-8c1645373715','employer','offered'),('56136558-89c3-11ea-9959-8c1645373715','560abe7b-89c3-11ea-9959-8c1645373715','employer','offered'),('56136558-89c3-11ea-9959-8c1645373715','560abee8-89c3-11ea-9959-8c1645373715','employer','offered'),('56136558-89c3-11ea-9959-8c1645373715','560abfd4-89c3-11ea-9959-8c1645373715','employer','offered'),('56136558-89c3-11ea-9959-8c1645373715','560ac0b2-89c3-11ea-9959-8c1645373715','employer','available'),('56136558-89c3-11ea-9959-8c1645373715','560ac1fa-89c3-11ea-9959-8c1645373715','employee','offered'),('56136558-89c3-11ea-9959-8c1645373715','560ac260-89c3-11ea-9959-8c1645373715','employer','offered'),('56136558-89c3-11ea-9959-8c1645373715','560ac3ba-89c3-11ea-9959-8c1645373715','employee','liked'),('56136558-89c3-11ea-9959-8c1645373715','560ac427-89c3-11ea-9959-8c1645373715','employer','offered'),('56136558-89c3-11ea-9959-8c1645373715','560ac491-89c3-11ea-9959-8c1645373715','employer','offered'),('56136558-89c3-11ea-9959-8c1645373715','560ac4f4-89c3-11ea-9959-8c1645373715','employee','liked'),('56136558-89c3-11ea-9959-8c1645373715','560ac55a-89c3-11ea-9959-8c1645373715','employer','available'),('56136558-89c3-11ea-9959-8c1645373715','560ac5c0-89c3-11ea-9959-8c1645373715','employee','offered'),('56136558-89c3-11ea-9959-8c1645373715','560ac6d3-89c3-11ea-9959-8c1645373715','employer','available'),('56136558-89c3-11ea-9959-8c1645373715','560ac756-89c3-11ea-9959-8c1645373715','employee','liked'),('56136558-89c3-11ea-9959-8c1645373715','560ac8ac-89c3-11ea-9959-8c1645373715','employer','available'),('56136558-89c3-11ea-9959-8c1645373715','560ac912-89c3-11ea-9959-8c1645373715','employee','liked'),('56136558-89c3-11ea-9959-8c1645373715','560ac9aa-89c3-11ea-9959-8c1645373715','employee','liked'),('56136558-89c3-11ea-9959-8c1645373715','560aca81-89c3-11ea-9959-8c1645373715','employer','available'),('56136558-89c3-11ea-9959-8c1645373715','560acaee-89c3-11ea-9959-8c1645373715','employee','offered'),('56136558-89c3-11ea-9959-8c1645373715','560acb54-89c3-11ea-9959-8c1645373715','employee','offered'),('56136558-89c3-11ea-9959-8c1645373715','560acbbb-89c3-11ea-9959-8c1645373715','employer','offered'),('56136558-89c3-11ea-9959-8c1645373715','560acc21-89c3-11ea-9959-8c1645373715','employer','available'),('56136558-89c3-11ea-9959-8c1645373715','560accf8-89c3-11ea-9959-8c1645373715','employee','offered'),('56136558-89c3-11ea-9959-8c1645373715','560acd5e-89c3-11ea-9959-8c1645373715','employee','liked'),('56136558-89c3-11ea-9959-8c1645373715','560acdcf-89c3-11ea-9959-8c1645373715','employer','available'),('56136558-89c3-11ea-9959-8c1645373715','560ace35-89c3-11ea-9959-8c1645373715','employer','offered'),('56136558-89c3-11ea-9959-8c1645373715','560ace9f-89c3-11ea-9959-8c1645373715','employer','offered'),('56136558-89c3-11ea-9959-8c1645373715','560acf05-89c3-11ea-9959-8c1645373715','employee','liked'),('56136558-89c3-11ea-9959-8c1645373715','560acfd6-89c3-11ea-9959-8c1645373715','employee','offered'),('56136558-89c3-11ea-9959-8c1645373715','560ad03c-89c3-11ea-9959-8c1645373715','employee','offered'),('56136558-89c3-11ea-9959-8c1645373715','560ad0ad-89c3-11ea-9959-8c1645373715','employee','liked'),('56136558-89c3-11ea-9959-8c1645373715','560ad156-89c3-11ea-9959-8c1645373715','employee','offered'),('561366e3-89c3-11ea-9959-8c1645373715','560abdfc-89c3-11ea-9959-8c1645373715','employee','liked'),('561366e3-89c3-11ea-9959-8c1645373715','560abe7b-89c3-11ea-9959-8c1645373715','employer','offered'),('561366e3-89c3-11ea-9959-8c1645373715','560abee8-89c3-11ea-9959-8c1645373715','employee','liked'),('561366e3-89c3-11ea-9959-8c1645373715','560abfd4-89c3-11ea-9959-8c1645373715','employee','liked'),('561366e3-89c3-11ea-9959-8c1645373715','560ac041-89c3-11ea-9959-8c1645373715','employer','offered'),('561366e3-89c3-11ea-9959-8c1645373715','560ac0b2-89c3-11ea-9959-8c1645373715','employer','offered'),('561366e3-89c3-11ea-9959-8c1645373715','560ac260-89c3-11ea-9959-8c1645373715','employee','liked'),('561366e3-89c3-11ea-9959-8c1645373715','560ac2dc-89c3-11ea-9959-8c1645373715','employee','offered'),('561366e3-89c3-11ea-9959-8c1645373715','560ac354-89c3-11ea-9959-8c1645373715','employer','available'),('561366e3-89c3-11ea-9959-8c1645373715','560ac4f4-89c3-11ea-9959-8c1645373715','employee','liked'),('561366e3-89c3-11ea-9959-8c1645373715','560ac756-89c3-11ea-9959-8c1645373715','employee','offered'),('561366e3-89c3-11ea-9959-8c1645373715','560ac842-89c3-11ea-9959-8c1645373715','employer','available'),('561366e3-89c3-11ea-9959-8c1645373715','560ac8ac-89c3-11ea-9959-8c1645373715','employer','offered'),('561366e3-89c3-11ea-9959-8c1645373715','560ac912-89c3-11ea-9959-8c1645373715','employer','available'),('561366e3-89c3-11ea-9959-8c1645373715','560ac9aa-89c3-11ea-9959-8c1645373715','employee','liked'),('561366e3-89c3-11ea-9959-8c1645373715','560aca1b-89c3-11ea-9959-8c1645373715','employee','offered'),('561366e3-89c3-11ea-9959-8c1645373715','560aca81-89c3-11ea-9959-8c1645373715','employer','available'),('561366e3-89c3-11ea-9959-8c1645373715','560acaee-89c3-11ea-9959-8c1645373715','employer','available'),('561366e3-89c3-11ea-9959-8c1645373715','560acbbb-89c3-11ea-9959-8c1645373715','employee','offered'),('561366e3-89c3-11ea-9959-8c1645373715','560acc21-89c3-11ea-9959-8c1645373715','employer','available'),('561366e3-89c3-11ea-9959-8c1645373715','560acc8e-89c3-11ea-9959-8c1645373715','employer','available'),('561366e3-89c3-11ea-9959-8c1645373715','560acd5e-89c3-11ea-9959-8c1645373715','employer','offered'),('561366e3-89c3-11ea-9959-8c1645373715','560ace35-89c3-11ea-9959-8c1645373715','employee','offered'),('561366e3-89c3-11ea-9959-8c1645373715','560acf05-89c3-11ea-9959-8c1645373715','employer','available'),('561366e3-89c3-11ea-9959-8c1645373715','560acf6c-89c3-11ea-9959-8c1645373715','employer','offered'),('561366e3-89c3-11ea-9959-8c1645373715','560ad0ad-89c3-11ea-9959-8c1645373715','employer','offered'),('5613682e-89c3-11ea-9959-8c1645373715','560abdfc-89c3-11ea-9959-8c1645373715','employer','offered'),('5613682e-89c3-11ea-9959-8c1645373715','560abee8-89c3-11ea-9959-8c1645373715','employee','offered'),('5613682e-89c3-11ea-9959-8c1645373715','560ac0b2-89c3-11ea-9959-8c1645373715','employer','available'),('5613682e-89c3-11ea-9959-8c1645373715','560ac190-89c3-11ea-9959-8c1645373715','employer','offered'),('5613682e-89c3-11ea-9959-8c1645373715','560ac260-89c3-11ea-9959-8c1645373715','employee','offered'),('5613682e-89c3-11ea-9959-8c1645373715','560ac2dc-89c3-11ea-9959-8c1645373715','employee','offered'),('5613682e-89c3-11ea-9959-8c1645373715','560ac354-89c3-11ea-9959-8c1645373715','employer','offered'),('5613682e-89c3-11ea-9959-8c1645373715','560ac3ba-89c3-11ea-9959-8c1645373715','employer','available'),('5613682e-89c3-11ea-9959-8c1645373715','560ac491-89c3-11ea-9959-8c1645373715','employee','liked'),('5613682e-89c3-11ea-9959-8c1645373715','560ac4f4-89c3-11ea-9959-8c1645373715','employee','liked'),('5613682e-89c3-11ea-9959-8c1645373715','560ac55a-89c3-11ea-9959-8c1645373715','employee','liked'),('5613682e-89c3-11ea-9959-8c1645373715','560ac631-89c3-11ea-9959-8c1645373715','employee','offered'),('5613682e-89c3-11ea-9959-8c1645373715','560ac6d3-89c3-11ea-9959-8c1645373715','employee','liked'),('5613682e-89c3-11ea-9959-8c1645373715','560ac756-89c3-11ea-9959-8c1645373715','employee','liked'),('5613682e-89c3-11ea-9959-8c1645373715','560ac842-89c3-11ea-9959-8c1645373715','employee','offered'),('5613682e-89c3-11ea-9959-8c1645373715','560ac8ac-89c3-11ea-9959-8c1645373715','employer','available'),('5613682e-89c3-11ea-9959-8c1645373715','560ac9aa-89c3-11ea-9959-8c1645373715','employer','offered'),('5613682e-89c3-11ea-9959-8c1645373715','560aca1b-89c3-11ea-9959-8c1645373715','employee','liked'),('5613682e-89c3-11ea-9959-8c1645373715','560aca81-89c3-11ea-9959-8c1645373715','employee','liked'),('5613682e-89c3-11ea-9959-8c1645373715','560acaee-89c3-11ea-9959-8c1645373715','employee','offered'),('5613682e-89c3-11ea-9959-8c1645373715','560acb54-89c3-11ea-9959-8c1645373715','employer','offered'),('5613682e-89c3-11ea-9959-8c1645373715','560accf8-89c3-11ea-9959-8c1645373715','employer','available'),('5613682e-89c3-11ea-9959-8c1645373715','560acd5e-89c3-11ea-9959-8c1645373715','employee','liked'),('5613682e-89c3-11ea-9959-8c1645373715','560ace35-89c3-11ea-9959-8c1645373715','employer','available'),('5613682e-89c3-11ea-9959-8c1645373715','560ace9f-89c3-11ea-9959-8c1645373715','employee','offered'),('5613682e-89c3-11ea-9959-8c1645373715','560acf05-89c3-11ea-9959-8c1645373715','employee','liked'),('5613682e-89c3-11ea-9959-8c1645373715','560acf6c-89c3-11ea-9959-8c1645373715','employer','offered'),('5613682e-89c3-11ea-9959-8c1645373715','560acfd6-89c3-11ea-9959-8c1645373715','employee','offered'),('5613682e-89c3-11ea-9959-8c1645373715','560ad03c-89c3-11ea-9959-8c1645373715','employer','available'),('5613682e-89c3-11ea-9959-8c1645373715','560ad0ad-89c3-11ea-9959-8c1645373715','employer','available'),('5613697d-89c3-11ea-9959-8c1645373715','560abdfc-89c3-11ea-9959-8c1645373715','employer','available'),('5613697d-89c3-11ea-9959-8c1645373715','560abe7b-89c3-11ea-9959-8c1645373715','employer','offered'),('5613697d-89c3-11ea-9959-8c1645373715','560abee8-89c3-11ea-9959-8c1645373715','employer','offered'),('5613697d-89c3-11ea-9959-8c1645373715','560abf6a-89c3-11ea-9959-8c1645373715','employer','offered'),('5613697d-89c3-11ea-9959-8c1645373715','560ac0b2-89c3-11ea-9959-8c1645373715','employee','offered'),('5613697d-89c3-11ea-9959-8c1645373715','560ac127-89c3-11ea-9959-8c1645373715','employee','offered'),('5613697d-89c3-11ea-9959-8c1645373715','560ac190-89c3-11ea-9959-8c1645373715','employee','offered'),('5613697d-89c3-11ea-9959-8c1645373715','560ac260-89c3-11ea-9959-8c1645373715','employee','liked'),('5613697d-89c3-11ea-9959-8c1645373715','560ac2dc-89c3-11ea-9959-8c1645373715','employer','offered'),('5613697d-89c3-11ea-9959-8c1645373715','560ac354-89c3-11ea-9959-8c1645373715','employee','liked'),('5613697d-89c3-11ea-9959-8c1645373715','560ac3ba-89c3-11ea-9959-8c1645373715','employee','offered'),('5613697d-89c3-11ea-9959-8c1645373715','560ac427-89c3-11ea-9959-8c1645373715','employee','liked'),('5613697d-89c3-11ea-9959-8c1645373715','560ac491-89c3-11ea-9959-8c1645373715','employer','available'),('5613697d-89c3-11ea-9959-8c1645373715','560ac4f4-89c3-11ea-9959-8c1645373715','employee','liked'),('5613697d-89c3-11ea-9959-8c1645373715','560ac55a-89c3-11ea-9959-8c1645373715','employer','offered'),('5613697d-89c3-11ea-9959-8c1645373715','560ac631-89c3-11ea-9959-8c1645373715','employee','liked'),('5613697d-89c3-11ea-9959-8c1645373715','560ac7c3-89c3-11ea-9959-8c1645373715','employer','offered'),('5613697d-89c3-11ea-9959-8c1645373715','560ac842-89c3-11ea-9959-8c1645373715','employer','available'),('5613697d-89c3-11ea-9959-8c1645373715','560ac8ac-89c3-11ea-9959-8c1645373715','employee','liked'),('5613697d-89c3-11ea-9959-8c1645373715','560ac9aa-89c3-11ea-9959-8c1645373715','employee','offered'),('5613697d-89c3-11ea-9959-8c1645373715','560aca1b-89c3-11ea-9959-8c1645373715','employer','offered'),('5613697d-89c3-11ea-9959-8c1645373715','560aca81-89c3-11ea-9959-8c1645373715','employee','offered'),('5613697d-89c3-11ea-9959-8c1645373715','560acaee-89c3-11ea-9959-8c1645373715','employer','available'),('5613697d-89c3-11ea-9959-8c1645373715','560acb54-89c3-11ea-9959-8c1645373715','employer','available'),('5613697d-89c3-11ea-9959-8c1645373715','560accf8-89c3-11ea-9959-8c1645373715','employee','liked'),('5613697d-89c3-11ea-9959-8c1645373715','560ace35-89c3-11ea-9959-8c1645373715','employee','offered'),('5613697d-89c3-11ea-9959-8c1645373715','560ace9f-89c3-11ea-9959-8c1645373715','employer','offered'),('5613697d-89c3-11ea-9959-8c1645373715','560acf05-89c3-11ea-9959-8c1645373715','employee','liked'),('5613697d-89c3-11ea-9959-8c1645373715','560ad03c-89c3-11ea-9959-8c1645373715','employer','offered'),('5613697d-89c3-11ea-9959-8c1645373715','560ad0ad-89c3-11ea-9959-8c1645373715','employer','available'),('5613697d-89c3-11ea-9959-8c1645373715','560ad156-89c3-11ea-9959-8c1645373715','employee','offered'),('56136ad0-89c3-11ea-9959-8c1645373715','560abdfc-89c3-11ea-9959-8c1645373715','employer','available'),('56136ad0-89c3-11ea-9959-8c1645373715','560abe7b-89c3-11ea-9959-8c1645373715','employer','offered'),('56136ad0-89c3-11ea-9959-8c1645373715','560abee8-89c3-11ea-9959-8c1645373715','employee','liked'),('56136ad0-89c3-11ea-9959-8c1645373715','560ac0b2-89c3-11ea-9959-8c1645373715','employer','available'),('56136ad0-89c3-11ea-9959-8c1645373715','560ac190-89c3-11ea-9959-8c1645373715','employee','offered'),('56136ad0-89c3-11ea-9959-8c1645373715','560ac1fa-89c3-11ea-9959-8c1645373715','employee','liked'),('56136ad0-89c3-11ea-9959-8c1645373715','560ac260-89c3-11ea-9959-8c1645373715','employer','offered'),('56136ad0-89c3-11ea-9959-8c1645373715','560ac2dc-89c3-11ea-9959-8c1645373715','employee','liked'),('56136ad0-89c3-11ea-9959-8c1645373715','560ac354-89c3-11ea-9959-8c1645373715','employer','available'),('56136ad0-89c3-11ea-9959-8c1645373715','560ac3ba-89c3-11ea-9959-8c1645373715','employee','offered'),('56136ad0-89c3-11ea-9959-8c1645373715','560ac4f4-89c3-11ea-9959-8c1645373715','employer','offered'),('56136ad0-89c3-11ea-9959-8c1645373715','560ac55a-89c3-11ea-9959-8c1645373715','employer','available'),('56136ad0-89c3-11ea-9959-8c1645373715','560ac5c0-89c3-11ea-9959-8c1645373715','employer','offered'),('56136ad0-89c3-11ea-9959-8c1645373715','560ac6d3-89c3-11ea-9959-8c1645373715','employer','offered'),('56136ad0-89c3-11ea-9959-8c1645373715','560ac756-89c3-11ea-9959-8c1645373715','employer','available'),('56136ad0-89c3-11ea-9959-8c1645373715','560ac7c3-89c3-11ea-9959-8c1645373715','employer','available'),('56136ad0-89c3-11ea-9959-8c1645373715','560ac842-89c3-11ea-9959-8c1645373715','employee','offered'),('56136ad0-89c3-11ea-9959-8c1645373715','560ac8ac-89c3-11ea-9959-8c1645373715','employee','liked'),('56136ad0-89c3-11ea-9959-8c1645373715','560aca1b-89c3-11ea-9959-8c1645373715','employer','offered'),('56136ad0-89c3-11ea-9959-8c1645373715','560aca81-89c3-11ea-9959-8c1645373715','employer','offered'),('56136ad0-89c3-11ea-9959-8c1645373715','560acaee-89c3-11ea-9959-8c1645373715','employee','liked'),('56136ad0-89c3-11ea-9959-8c1645373715','560acb54-89c3-11ea-9959-8c1645373715','employee','liked'),('56136ad0-89c3-11ea-9959-8c1645373715','560acbbb-89c3-11ea-9959-8c1645373715','employee','offered'),('56136ad0-89c3-11ea-9959-8c1645373715','560acc21-89c3-11ea-9959-8c1645373715','employer','available'),('56136ad0-89c3-11ea-9959-8c1645373715','560acc8e-89c3-11ea-9959-8c1645373715','employee','offered'),('56136ad0-89c3-11ea-9959-8c1645373715','560ace35-89c3-11ea-9959-8c1645373715','employer','available'),('56136ad0-89c3-11ea-9959-8c1645373715','560ace9f-89c3-11ea-9959-8c1645373715','employer','offered'),('56136ad0-89c3-11ea-9959-8c1645373715','560acf05-89c3-11ea-9959-8c1645373715','employee','liked'),('56136ad0-89c3-11ea-9959-8c1645373715','560acf6c-89c3-11ea-9959-8c1645373715','employer','available'),('56136ad0-89c3-11ea-9959-8c1645373715','560acfd6-89c3-11ea-9959-8c1645373715','employer','offered'),('56136ad0-89c3-11ea-9959-8c1645373715','560ad03c-89c3-11ea-9959-8c1645373715','employee','liked'),('56136ad0-89c3-11ea-9959-8c1645373715','560ad156-89c3-11ea-9959-8c1645373715','employer','available'),('56136d43-89c3-11ea-9959-8c1645373715','560abdfc-89c3-11ea-9959-8c1645373715','employee','liked'),('56136d43-89c3-11ea-9959-8c1645373715','560abee8-89c3-11ea-9959-8c1645373715','employer','offered'),('56136d43-89c3-11ea-9959-8c1645373715','560abf6a-89c3-11ea-9959-8c1645373715','employer','offered'),('56136d43-89c3-11ea-9959-8c1645373715','560ac041-89c3-11ea-9959-8c1645373715','employee','liked'),('56136d43-89c3-11ea-9959-8c1645373715','560ac0b2-89c3-11ea-9959-8c1645373715','employee','offered'),('56136d43-89c3-11ea-9959-8c1645373715','560ac127-89c3-11ea-9959-8c1645373715','employer','available'),('56136d43-89c3-11ea-9959-8c1645373715','560ac260-89c3-11ea-9959-8c1645373715','employee','liked'),('56136d43-89c3-11ea-9959-8c1645373715','560ac2dc-89c3-11ea-9959-8c1645373715','employer','offered'),('56136d43-89c3-11ea-9959-8c1645373715','560ac3ba-89c3-11ea-9959-8c1645373715','employer','offered'),('56136d43-89c3-11ea-9959-8c1645373715','560ac491-89c3-11ea-9959-8c1645373715','employer','available'),('56136d43-89c3-11ea-9959-8c1645373715','560ac4f4-89c3-11ea-9959-8c1645373715','employer','offered'),('56136d43-89c3-11ea-9959-8c1645373715','560ac55a-89c3-11ea-9959-8c1645373715','employer','available'),('56136d43-89c3-11ea-9959-8c1645373715','560ac631-89c3-11ea-9959-8c1645373715','employer','available'),('56136d43-89c3-11ea-9959-8c1645373715','560ac842-89c3-11ea-9959-8c1645373715','employee','liked'),('56136d43-89c3-11ea-9959-8c1645373715','560ac8ac-89c3-11ea-9959-8c1645373715','employee','offered'),('56136d43-89c3-11ea-9959-8c1645373715','560ac9aa-89c3-11ea-9959-8c1645373715','employer','available'),('56136d43-89c3-11ea-9959-8c1645373715','560aca81-89c3-11ea-9959-8c1645373715','employee','liked'),('56136d43-89c3-11ea-9959-8c1645373715','560acaee-89c3-11ea-9959-8c1645373715','employee','liked'),('56136d43-89c3-11ea-9959-8c1645373715','560acb54-89c3-11ea-9959-8c1645373715','employee','offered'),('56136d43-89c3-11ea-9959-8c1645373715','560acbbb-89c3-11ea-9959-8c1645373715','employer','available'),('56136d43-89c3-11ea-9959-8c1645373715','560acc21-89c3-11ea-9959-8c1645373715','employee','offered'),('56136d43-89c3-11ea-9959-8c1645373715','560accf8-89c3-11ea-9959-8c1645373715','employee','offered'),('56136d43-89c3-11ea-9959-8c1645373715','560acd5e-89c3-11ea-9959-8c1645373715','employee','offered'),('56136d43-89c3-11ea-9959-8c1645373715','560ace35-89c3-11ea-9959-8c1645373715','employer','available'),('56136d43-89c3-11ea-9959-8c1645373715','560acfd6-89c3-11ea-9959-8c1645373715','employer','available'),('56136d43-89c3-11ea-9959-8c1645373715','560ad156-89c3-11ea-9959-8c1645373715','employee','offered'),('56136f1c-89c3-11ea-9959-8c1645373715','560abee8-89c3-11ea-9959-8c1645373715','employee','offered'),('56136f1c-89c3-11ea-9959-8c1645373715','560ac041-89c3-11ea-9959-8c1645373715','employer','available'),('56136f1c-89c3-11ea-9959-8c1645373715','560ac0b2-89c3-11ea-9959-8c1645373715','employee','offered'),('56136f1c-89c3-11ea-9959-8c1645373715','560ac127-89c3-11ea-9959-8c1645373715','employee','offered'),('56136f1c-89c3-11ea-9959-8c1645373715','560ac1fa-89c3-11ea-9959-8c1645373715','employee','liked'),('56136f1c-89c3-11ea-9959-8c1645373715','560ac260-89c3-11ea-9959-8c1645373715','employer','offered'),('56136f1c-89c3-11ea-9959-8c1645373715','560ac2dc-89c3-11ea-9959-8c1645373715','employer','offered'),('56136f1c-89c3-11ea-9959-8c1645373715','560ac4f4-89c3-11ea-9959-8c1645373715','employee','offered'),('56136f1c-89c3-11ea-9959-8c1645373715','560ac5c0-89c3-11ea-9959-8c1645373715','employee','liked'),('56136f1c-89c3-11ea-9959-8c1645373715','560ac6d3-89c3-11ea-9959-8c1645373715','employer','offered'),('56136f1c-89c3-11ea-9959-8c1645373715','560ac756-89c3-11ea-9959-8c1645373715','employee','offered'),('56136f1c-89c3-11ea-9959-8c1645373715','560ac8ac-89c3-11ea-9959-8c1645373715','employer','offered'),('56136f1c-89c3-11ea-9959-8c1645373715','560ac9aa-89c3-11ea-9959-8c1645373715','employer','offered'),('56136f1c-89c3-11ea-9959-8c1645373715','560aca81-89c3-11ea-9959-8c1645373715','employee','offered'),('56136f1c-89c3-11ea-9959-8c1645373715','560acaee-89c3-11ea-9959-8c1645373715','employee','liked'),('56136f1c-89c3-11ea-9959-8c1645373715','560acb54-89c3-11ea-9959-8c1645373715','employee','offered'),('56136f1c-89c3-11ea-9959-8c1645373715','560acc8e-89c3-11ea-9959-8c1645373715','employee','liked'),('56136f1c-89c3-11ea-9959-8c1645373715','560accf8-89c3-11ea-9959-8c1645373715','employee','offered'),('56136f1c-89c3-11ea-9959-8c1645373715','560acd5e-89c3-11ea-9959-8c1645373715','employer','available'),('56136f1c-89c3-11ea-9959-8c1645373715','560ace35-89c3-11ea-9959-8c1645373715','employer','offered'),('56136f1c-89c3-11ea-9959-8c1645373715','560ace9f-89c3-11ea-9959-8c1645373715','employee','offered'),('56136f1c-89c3-11ea-9959-8c1645373715','560acf05-89c3-11ea-9959-8c1645373715','employee','offered'),('56136f1c-89c3-11ea-9959-8c1645373715','560acf6c-89c3-11ea-9959-8c1645373715','employee','offered'),('56136f1c-89c3-11ea-9959-8c1645373715','560ad03c-89c3-11ea-9959-8c1645373715','employer','available'),('56136f1c-89c3-11ea-9959-8c1645373715','560ad0ad-89c3-11ea-9959-8c1645373715','employee','offered'),('5613704f-89c3-11ea-9959-8c1645373715','560abdfc-89c3-11ea-9959-8c1645373715','employer','offered'),('5613704f-89c3-11ea-9959-8c1645373715','560abee8-89c3-11ea-9959-8c1645373715','employee','liked'),('5613704f-89c3-11ea-9959-8c1645373715','560abf6a-89c3-11ea-9959-8c1645373715','employee','liked'),('5613704f-89c3-11ea-9959-8c1645373715','560ac0b2-89c3-11ea-9959-8c1645373715','employer','offered'),('5613704f-89c3-11ea-9959-8c1645373715','560ac260-89c3-11ea-9959-8c1645373715','employee','liked'),('5613704f-89c3-11ea-9959-8c1645373715','560ac354-89c3-11ea-9959-8c1645373715','employee','liked'),('5613704f-89c3-11ea-9959-8c1645373715','560ac3ba-89c3-11ea-9959-8c1645373715','employee','offered'),('5613704f-89c3-11ea-9959-8c1645373715','560ac491-89c3-11ea-9959-8c1645373715','employee','offered'),('5613704f-89c3-11ea-9959-8c1645373715','560ac4f4-89c3-11ea-9959-8c1645373715','employee','offered'),('5613704f-89c3-11ea-9959-8c1645373715','560ac5c0-89c3-11ea-9959-8c1645373715','employee','offered'),('5613704f-89c3-11ea-9959-8c1645373715','560ac631-89c3-11ea-9959-8c1645373715','employer','available'),('5613704f-89c3-11ea-9959-8c1645373715','560ac8ac-89c3-11ea-9959-8c1645373715','employer','offered'),('5613704f-89c3-11ea-9959-8c1645373715','560ac912-89c3-11ea-9959-8c1645373715','employer','offered'),('5613704f-89c3-11ea-9959-8c1645373715','560ac9aa-89c3-11ea-9959-8c1645373715','employer','available'),('5613704f-89c3-11ea-9959-8c1645373715','560aca1b-89c3-11ea-9959-8c1645373715','employee','offered'),('5613704f-89c3-11ea-9959-8c1645373715','560acaee-89c3-11ea-9959-8c1645373715','employee','offered'),('5613704f-89c3-11ea-9959-8c1645373715','560acb54-89c3-11ea-9959-8c1645373715','employee','liked'),('5613704f-89c3-11ea-9959-8c1645373715','560acc21-89c3-11ea-9959-8c1645373715','employee','offered'),('5613704f-89c3-11ea-9959-8c1645373715','560acd5e-89c3-11ea-9959-8c1645373715','employee','liked'),('5613704f-89c3-11ea-9959-8c1645373715','560ace35-89c3-11ea-9959-8c1645373715','employee','liked'),('5613704f-89c3-11ea-9959-8c1645373715','560ace9f-89c3-11ea-9959-8c1645373715','employer','offered'),('5613704f-89c3-11ea-9959-8c1645373715','560acf05-89c3-11ea-9959-8c1645373715','employer','offered'),('5613704f-89c3-11ea-9959-8c1645373715','560acf6c-89c3-11ea-9959-8c1645373715','employee','offered'),('5613704f-89c3-11ea-9959-8c1645373715','560ad03c-89c3-11ea-9959-8c1645373715','employer','offered'),('5613704f-89c3-11ea-9959-8c1645373715','560ad0ad-89c3-11ea-9959-8c1645373715','employee','offered'),('56137185-89c3-11ea-9959-8c1645373715','560abe7b-89c3-11ea-9959-8c1645373715','employee','liked'),('56137185-89c3-11ea-9959-8c1645373715','560abee8-89c3-11ea-9959-8c1645373715','employee','offered'),('56137185-89c3-11ea-9959-8c1645373715','560ac0b2-89c3-11ea-9959-8c1645373715','employer','available'),('56137185-89c3-11ea-9959-8c1645373715','560ac127-89c3-11ea-9959-8c1645373715','employee','liked'),('56137185-89c3-11ea-9959-8c1645373715','560ac260-89c3-11ea-9959-8c1645373715','employer','offered'),('56137185-89c3-11ea-9959-8c1645373715','560ac2dc-89c3-11ea-9959-8c1645373715','employee','liked'),('56137185-89c3-11ea-9959-8c1645373715','560ac3ba-89c3-11ea-9959-8c1645373715','employee','liked'),('56137185-89c3-11ea-9959-8c1645373715','560ac427-89c3-11ea-9959-8c1645373715','employee','liked'),('56137185-89c3-11ea-9959-8c1645373715','560ac491-89c3-11ea-9959-8c1645373715','employee','offered'),('56137185-89c3-11ea-9959-8c1645373715','560ac4f4-89c3-11ea-9959-8c1645373715','employee','offered'),('56137185-89c3-11ea-9959-8c1645373715','560ac5c0-89c3-11ea-9959-8c1645373715','employer','offered'),('56137185-89c3-11ea-9959-8c1645373715','560ac631-89c3-11ea-9959-8c1645373715','employer','offered'),('56137185-89c3-11ea-9959-8c1645373715','560ac756-89c3-11ea-9959-8c1645373715','employee','liked'),('56137185-89c3-11ea-9959-8c1645373715','560ac842-89c3-11ea-9959-8c1645373715','employee','offered'),('56137185-89c3-11ea-9959-8c1645373715','560ac8ac-89c3-11ea-9959-8c1645373715','employee','liked'),('56137185-89c3-11ea-9959-8c1645373715','560ac9aa-89c3-11ea-9959-8c1645373715','employee','offered'),('56137185-89c3-11ea-9959-8c1645373715','560aca1b-89c3-11ea-9959-8c1645373715','employee','offered'),('56137185-89c3-11ea-9959-8c1645373715','560aca81-89c3-11ea-9959-8c1645373715','employer','offered'),('56137185-89c3-11ea-9959-8c1645373715','560acaee-89c3-11ea-9959-8c1645373715','employer','offered'),('56137185-89c3-11ea-9959-8c1645373715','560acb54-89c3-11ea-9959-8c1645373715','employee','liked'),('56137185-89c3-11ea-9959-8c1645373715','560acbbb-89c3-11ea-9959-8c1645373715','employee','offered'),('56137185-89c3-11ea-9959-8c1645373715','560acc8e-89c3-11ea-9959-8c1645373715','employee','liked'),('56137185-89c3-11ea-9959-8c1645373715','560accf8-89c3-11ea-9959-8c1645373715','employee','offered'),('56137185-89c3-11ea-9959-8c1645373715','560ace35-89c3-11ea-9959-8c1645373715','employer','offered'),('56137185-89c3-11ea-9959-8c1645373715','560ace9f-89c3-11ea-9959-8c1645373715','employee','liked'),('56137185-89c3-11ea-9959-8c1645373715','560acfd6-89c3-11ea-9959-8c1645373715','employer','available'),('56137185-89c3-11ea-9959-8c1645373715','560ad0ad-89c3-11ea-9959-8c1645373715','employer','offered'),('56137185-89c3-11ea-9959-8c1645373715','560ad156-89c3-11ea-9959-8c1645373715','employee','liked'),('561372bf-89c3-11ea-9959-8c1645373715','560abe7b-89c3-11ea-9959-8c1645373715','employer','offered'),('561372bf-89c3-11ea-9959-8c1645373715','560abee8-89c3-11ea-9959-8c1645373715','employer','offered'),('561372bf-89c3-11ea-9959-8c1645373715','560abf6a-89c3-11ea-9959-8c1645373715','employee','offered'),('561372bf-89c3-11ea-9959-8c1645373715','560ac0b2-89c3-11ea-9959-8c1645373715','employer','available'),('561372bf-89c3-11ea-9959-8c1645373715','560ac1fa-89c3-11ea-9959-8c1645373715','employer','available'),('561372bf-89c3-11ea-9959-8c1645373715','560ac2dc-89c3-11ea-9959-8c1645373715','employer','offered'),('561372bf-89c3-11ea-9959-8c1645373715','560ac354-89c3-11ea-9959-8c1645373715','employer','offered'),('561372bf-89c3-11ea-9959-8c1645373715','560ac3ba-89c3-11ea-9959-8c1645373715','employer','available'),('561372bf-89c3-11ea-9959-8c1645373715','560ac491-89c3-11ea-9959-8c1645373715','employer','offered'),('561372bf-89c3-11ea-9959-8c1645373715','560ac4f4-89c3-11ea-9959-8c1645373715','employer','offered'),('561372bf-89c3-11ea-9959-8c1645373715','560ac55a-89c3-11ea-9959-8c1645373715','employee','offered'),('561372bf-89c3-11ea-9959-8c1645373715','560ac5c0-89c3-11ea-9959-8c1645373715','employer','available'),('561372bf-89c3-11ea-9959-8c1645373715','560ac7c3-89c3-11ea-9959-8c1645373715','employer','offered'),('561372bf-89c3-11ea-9959-8c1645373715','560ac8ac-89c3-11ea-9959-8c1645373715','employee','liked'),('561372bf-89c3-11ea-9959-8c1645373715','560aca1b-89c3-11ea-9959-8c1645373715','employer','offered'),('561372bf-89c3-11ea-9959-8c1645373715','560aca81-89c3-11ea-9959-8c1645373715','employer','available'),('561372bf-89c3-11ea-9959-8c1645373715','560acc21-89c3-11ea-9959-8c1645373715','employer','offered'),('561372bf-89c3-11ea-9959-8c1645373715','560acc8e-89c3-11ea-9959-8c1645373715','employee','liked'),('561372bf-89c3-11ea-9959-8c1645373715','560accf8-89c3-11ea-9959-8c1645373715','employer','available'),('561372bf-89c3-11ea-9959-8c1645373715','560acdcf-89c3-11ea-9959-8c1645373715','employee','liked'),('561372bf-89c3-11ea-9959-8c1645373715','560ace35-89c3-11ea-9959-8c1645373715','employee','liked'),('561372bf-89c3-11ea-9959-8c1645373715','560ace9f-89c3-11ea-9959-8c1645373715','employer','available'),('561372bf-89c3-11ea-9959-8c1645373715','560acf6c-89c3-11ea-9959-8c1645373715','employee','liked'),('561372bf-89c3-11ea-9959-8c1645373715','560ad0ad-89c3-11ea-9959-8c1645373715','employee','liked'),('561373eb-89c3-11ea-9959-8c1645373715','560abe7b-89c3-11ea-9959-8c1645373715','employee','offered'),('561373eb-89c3-11ea-9959-8c1645373715','560abee8-89c3-11ea-9959-8c1645373715','employer','offered'),('561373eb-89c3-11ea-9959-8c1645373715','560abf6a-89c3-11ea-9959-8c1645373715','employee','liked'),('561373eb-89c3-11ea-9959-8c1645373715','560ac041-89c3-11ea-9959-8c1645373715','employer','available'),('561373eb-89c3-11ea-9959-8c1645373715','560ac0b2-89c3-11ea-9959-8c1645373715','employer','available'),('561373eb-89c3-11ea-9959-8c1645373715','560ac190-89c3-11ea-9959-8c1645373715','employee','liked'),('561373eb-89c3-11ea-9959-8c1645373715','560ac1fa-89c3-11ea-9959-8c1645373715','employee','liked'),('561373eb-89c3-11ea-9959-8c1645373715','560ac260-89c3-11ea-9959-8c1645373715','employee','liked'),('561373eb-89c3-11ea-9959-8c1645373715','560ac354-89c3-11ea-9959-8c1645373715','employee','liked'),('561373eb-89c3-11ea-9959-8c1645373715','560ac3ba-89c3-11ea-9959-8c1645373715','employee','offered'),('561373eb-89c3-11ea-9959-8c1645373715','560ac427-89c3-11ea-9959-8c1645373715','employee','offered'),('561373eb-89c3-11ea-9959-8c1645373715','560ac491-89c3-11ea-9959-8c1645373715','employer','available'),('561373eb-89c3-11ea-9959-8c1645373715','560ac4f4-89c3-11ea-9959-8c1645373715','employer','offered'),('561373eb-89c3-11ea-9959-8c1645373715','560ac55a-89c3-11ea-9959-8c1645373715','employee','liked'),('561373eb-89c3-11ea-9959-8c1645373715','560ac5c0-89c3-11ea-9959-8c1645373715','employee','liked'),('561373eb-89c3-11ea-9959-8c1645373715','560ac631-89c3-11ea-9959-8c1645373715','employer','offered'),('561373eb-89c3-11ea-9959-8c1645373715','560ac6d3-89c3-11ea-9959-8c1645373715','employee','liked'),('561373eb-89c3-11ea-9959-8c1645373715','560ac756-89c3-11ea-9959-8c1645373715','employee','liked'),('561373eb-89c3-11ea-9959-8c1645373715','560ac8ac-89c3-11ea-9959-8c1645373715','employee','liked'),('561373eb-89c3-11ea-9959-8c1645373715','560ac9aa-89c3-11ea-9959-8c1645373715','employee','liked'),('561373eb-89c3-11ea-9959-8c1645373715','560aca1b-89c3-11ea-9959-8c1645373715','employer','offered'),('561373eb-89c3-11ea-9959-8c1645373715','560aca81-89c3-11ea-9959-8c1645373715','employee','liked'),('561373eb-89c3-11ea-9959-8c1645373715','560acaee-89c3-11ea-9959-8c1645373715','employer','offered'),('561373eb-89c3-11ea-9959-8c1645373715','560acb54-89c3-11ea-9959-8c1645373715','employee','offered'),('561373eb-89c3-11ea-9959-8c1645373715','560acbbb-89c3-11ea-9959-8c1645373715','employer','offered'),('561373eb-89c3-11ea-9959-8c1645373715','560acc21-89c3-11ea-9959-8c1645373715','employer','available'),('561373eb-89c3-11ea-9959-8c1645373715','560acc8e-89c3-11ea-9959-8c1645373715','employee','liked'),('561373eb-89c3-11ea-9959-8c1645373715','560accf8-89c3-11ea-9959-8c1645373715','employee','offered'),('561373eb-89c3-11ea-9959-8c1645373715','560acd5e-89c3-11ea-9959-8c1645373715','employer','offered'),('561373eb-89c3-11ea-9959-8c1645373715','560acdcf-89c3-11ea-9959-8c1645373715','employer','offered'),('561373eb-89c3-11ea-9959-8c1645373715','560ace35-89c3-11ea-9959-8c1645373715','employer','offered'),('561373eb-89c3-11ea-9959-8c1645373715','560ace9f-89c3-11ea-9959-8c1645373715','employer','offered'),('561373eb-89c3-11ea-9959-8c1645373715','560acf05-89c3-11ea-9959-8c1645373715','employee','liked'),('561373eb-89c3-11ea-9959-8c1645373715','560acfd6-89c3-11ea-9959-8c1645373715','employer','offered'),('561373eb-89c3-11ea-9959-8c1645373715','560ad03c-89c3-11ea-9959-8c1645373715','employer','offered'),('561373eb-89c3-11ea-9959-8c1645373715','560ad0ad-89c3-11ea-9959-8c1645373715','employer','offered'),('56137505-89c3-11ea-9959-8c1645373715','560abdfc-89c3-11ea-9959-8c1645373715','employer','offered'),('56137505-89c3-11ea-9959-8c1645373715','560abe7b-89c3-11ea-9959-8c1645373715','employer','offered'),('56137505-89c3-11ea-9959-8c1645373715','560abee8-89c3-11ea-9959-8c1645373715','employee','offered'),('56137505-89c3-11ea-9959-8c1645373715','560abfd4-89c3-11ea-9959-8c1645373715','employer','available'),('56137505-89c3-11ea-9959-8c1645373715','560ac0b2-89c3-11ea-9959-8c1645373715','employer','available'),('56137505-89c3-11ea-9959-8c1645373715','560ac127-89c3-11ea-9959-8c1645373715','employer','available'),('56137505-89c3-11ea-9959-8c1645373715','560ac260-89c3-11ea-9959-8c1645373715','employer','offered'),('56137505-89c3-11ea-9959-8c1645373715','560ac2dc-89c3-11ea-9959-8c1645373715','employee','offered'),('56137505-89c3-11ea-9959-8c1645373715','560ac354-89c3-11ea-9959-8c1645373715','employee','liked'),('56137505-89c3-11ea-9959-8c1645373715','560ac3ba-89c3-11ea-9959-8c1645373715','employer','available'),('56137505-89c3-11ea-9959-8c1645373715','560ac427-89c3-11ea-9959-8c1645373715','employer','available'),('56137505-89c3-11ea-9959-8c1645373715','560ac491-89c3-11ea-9959-8c1645373715','employee','liked'),('56137505-89c3-11ea-9959-8c1645373715','560ac4f4-89c3-11ea-9959-8c1645373715','employer','available'),('56137505-89c3-11ea-9959-8c1645373715','560ac55a-89c3-11ea-9959-8c1645373715','employee','liked'),('56137505-89c3-11ea-9959-8c1645373715','560ac5c0-89c3-11ea-9959-8c1645373715','employee','liked'),('56137505-89c3-11ea-9959-8c1645373715','560ac8ac-89c3-11ea-9959-8c1645373715','employer','available'),('56137505-89c3-11ea-9959-8c1645373715','560ac912-89c3-11ea-9959-8c1645373715','employer','available'),('56137505-89c3-11ea-9959-8c1645373715','560ac9aa-89c3-11ea-9959-8c1645373715','employee','liked'),('56137505-89c3-11ea-9959-8c1645373715','560aca1b-89c3-11ea-9959-8c1645373715','employee','offered'),('56137505-89c3-11ea-9959-8c1645373715','560aca81-89c3-11ea-9959-8c1645373715','employee','liked'),('56137505-89c3-11ea-9959-8c1645373715','560acb54-89c3-11ea-9959-8c1645373715','employer','available'),('56137505-89c3-11ea-9959-8c1645373715','560accf8-89c3-11ea-9959-8c1645373715','employer','offered'),('56137505-89c3-11ea-9959-8c1645373715','560acd5e-89c3-11ea-9959-8c1645373715','employee','offered'),('56137505-89c3-11ea-9959-8c1645373715','560ace35-89c3-11ea-9959-8c1645373715','employer','available'),('56137505-89c3-11ea-9959-8c1645373715','560ace9f-89c3-11ea-9959-8c1645373715','employer','offered'),('56137505-89c3-11ea-9959-8c1645373715','560acf6c-89c3-11ea-9959-8c1645373715','employer','available'),('56137505-89c3-11ea-9959-8c1645373715','560acfd6-89c3-11ea-9959-8c1645373715','employer','offered'),('56137505-89c3-11ea-9959-8c1645373715','560ad03c-89c3-11ea-9959-8c1645373715','employee','offered'),('56137505-89c3-11ea-9959-8c1645373715','560ad156-89c3-11ea-9959-8c1645373715','employer','available'),('56137629-89c3-11ea-9959-8c1645373715','560abe7b-89c3-11ea-9959-8c1645373715','employee','liked'),('56137629-89c3-11ea-9959-8c1645373715','560abee8-89c3-11ea-9959-8c1645373715','employer','available'),('56137629-89c3-11ea-9959-8c1645373715','560abf6a-89c3-11ea-9959-8c1645373715','employee','liked'),('56137629-89c3-11ea-9959-8c1645373715','560ac0b2-89c3-11ea-9959-8c1645373715','employee','liked'),('56137629-89c3-11ea-9959-8c1645373715','560ac190-89c3-11ea-9959-8c1645373715','employer','available'),('56137629-89c3-11ea-9959-8c1645373715','560ac1fa-89c3-11ea-9959-8c1645373715','employer','offered'),('56137629-89c3-11ea-9959-8c1645373715','560ac260-89c3-11ea-9959-8c1645373715','employer','offered'),('56137629-89c3-11ea-9959-8c1645373715','560ac354-89c3-11ea-9959-8c1645373715','employer','offered'),('56137629-89c3-11ea-9959-8c1645373715','560ac3ba-89c3-11ea-9959-8c1645373715','employer','available'),('56137629-89c3-11ea-9959-8c1645373715','560ac427-89c3-11ea-9959-8c1645373715','employer','available'),('56137629-89c3-11ea-9959-8c1645373715','560ac491-89c3-11ea-9959-8c1645373715','employer','available'),('56137629-89c3-11ea-9959-8c1645373715','560ac4f4-89c3-11ea-9959-8c1645373715','employee','offered'),('56137629-89c3-11ea-9959-8c1645373715','560ac5c0-89c3-11ea-9959-8c1645373715','employer','offered'),('56137629-89c3-11ea-9959-8c1645373715','560ac7c3-89c3-11ea-9959-8c1645373715','employee','liked'),('56137629-89c3-11ea-9959-8c1645373715','560ac842-89c3-11ea-9959-8c1645373715','employee','liked'),('56137629-89c3-11ea-9959-8c1645373715','560ac8ac-89c3-11ea-9959-8c1645373715','employee','offered'),('56137629-89c3-11ea-9959-8c1645373715','560ac912-89c3-11ea-9959-8c1645373715','employer','offered'),('56137629-89c3-11ea-9959-8c1645373715','560ac9aa-89c3-11ea-9959-8c1645373715','employer','available'),('56137629-89c3-11ea-9959-8c1645373715','560aca1b-89c3-11ea-9959-8c1645373715','employee','liked'),('56137629-89c3-11ea-9959-8c1645373715','560aca81-89c3-11ea-9959-8c1645373715','employer','offered'),('56137629-89c3-11ea-9959-8c1645373715','560acaee-89c3-11ea-9959-8c1645373715','employer','offered'),('56137629-89c3-11ea-9959-8c1645373715','560acb54-89c3-11ea-9959-8c1645373715','employer','available'),('56137629-89c3-11ea-9959-8c1645373715','560ace35-89c3-11ea-9959-8c1645373715','employee','offered'),('56137629-89c3-11ea-9959-8c1645373715','560ace9f-89c3-11ea-9959-8c1645373715','employee','offered'),('56137629-89c3-11ea-9959-8c1645373715','560acf05-89c3-11ea-9959-8c1645373715','employer','offered'),('56137629-89c3-11ea-9959-8c1645373715','560acfd6-89c3-11ea-9959-8c1645373715','employee','liked'),('56137629-89c3-11ea-9959-8c1645373715','560ad03c-89c3-11ea-9959-8c1645373715','employer','offered'),('56137629-89c3-11ea-9959-8c1645373715','560ad0ad-89c3-11ea-9959-8c1645373715','employee','offered'),('5613775c-89c3-11ea-9959-8c1645373715','560abe7b-89c3-11ea-9959-8c1645373715','employer','available'),('5613775c-89c3-11ea-9959-8c1645373715','560abee8-89c3-11ea-9959-8c1645373715','employer','available'),('5613775c-89c3-11ea-9959-8c1645373715','560abfd4-89c3-11ea-9959-8c1645373715','employer','offered'),('5613775c-89c3-11ea-9959-8c1645373715','560ac0b2-89c3-11ea-9959-8c1645373715','employer','available'),('5613775c-89c3-11ea-9959-8c1645373715','560ac190-89c3-11ea-9959-8c1645373715','employer','available'),('5613775c-89c3-11ea-9959-8c1645373715','560ac1fa-89c3-11ea-9959-8c1645373715','employer','available'),('5613775c-89c3-11ea-9959-8c1645373715','560ac260-89c3-11ea-9959-8c1645373715','employer','available'),('5613775c-89c3-11ea-9959-8c1645373715','560ac2dc-89c3-11ea-9959-8c1645373715','employer','offered'),('5613775c-89c3-11ea-9959-8c1645373715','560ac354-89c3-11ea-9959-8c1645373715','employer','offered'),('5613775c-89c3-11ea-9959-8c1645373715','560ac4f4-89c3-11ea-9959-8c1645373715','employee','offered'),('5613775c-89c3-11ea-9959-8c1645373715','560ac55a-89c3-11ea-9959-8c1645373715','employee','liked'),('5613775c-89c3-11ea-9959-8c1645373715','560ac5c0-89c3-11ea-9959-8c1645373715','employee','offered'),('5613775c-89c3-11ea-9959-8c1645373715','560ac6d3-89c3-11ea-9959-8c1645373715','employer','offered'),('5613775c-89c3-11ea-9959-8c1645373715','560ac756-89c3-11ea-9959-8c1645373715','employer','available'),('5613775c-89c3-11ea-9959-8c1645373715','560ac9aa-89c3-11ea-9959-8c1645373715','employee','offered'),('5613775c-89c3-11ea-9959-8c1645373715','560aca1b-89c3-11ea-9959-8c1645373715','employer','offered'),('5613775c-89c3-11ea-9959-8c1645373715','560aca81-89c3-11ea-9959-8c1645373715','employee','liked'),('5613775c-89c3-11ea-9959-8c1645373715','560acaee-89c3-11ea-9959-8c1645373715','employer','offered'),('5613775c-89c3-11ea-9959-8c1645373715','560ace35-89c3-11ea-9959-8c1645373715','employee','offered'),('5613775c-89c3-11ea-9959-8c1645373715','560acf05-89c3-11ea-9959-8c1645373715','employee','liked'),('5613775c-89c3-11ea-9959-8c1645373715','560acf6c-89c3-11ea-9959-8c1645373715','employee','offered'),('5613775c-89c3-11ea-9959-8c1645373715','560ad03c-89c3-11ea-9959-8c1645373715','employer','available'),('5613788b-89c3-11ea-9959-8c1645373715','560abdfc-89c3-11ea-9959-8c1645373715','employee','liked'),('5613788b-89c3-11ea-9959-8c1645373715','560abe7b-89c3-11ea-9959-8c1645373715','employee','liked'),('5613788b-89c3-11ea-9959-8c1645373715','560abee8-89c3-11ea-9959-8c1645373715','employer','offered'),('5613788b-89c3-11ea-9959-8c1645373715','560ac041-89c3-11ea-9959-8c1645373715','employee','liked'),('5613788b-89c3-11ea-9959-8c1645373715','560ac0b2-89c3-11ea-9959-8c1645373715','employer','available'),('5613788b-89c3-11ea-9959-8c1645373715','560ac127-89c3-11ea-9959-8c1645373715','employer','available'),('5613788b-89c3-11ea-9959-8c1645373715','560ac190-89c3-11ea-9959-8c1645373715','employee','liked'),('5613788b-89c3-11ea-9959-8c1645373715','560ac1fa-89c3-11ea-9959-8c1645373715','employer','available'),('5613788b-89c3-11ea-9959-8c1645373715','560ac260-89c3-11ea-9959-8c1645373715','employee','liked'),('5613788b-89c3-11ea-9959-8c1645373715','560ac2dc-89c3-11ea-9959-8c1645373715','employee','offered'),('5613788b-89c3-11ea-9959-8c1645373715','560ac354-89c3-11ea-9959-8c1645373715','employer','offered'),('5613788b-89c3-11ea-9959-8c1645373715','560ac3ba-89c3-11ea-9959-8c1645373715','employee','offered'),('5613788b-89c3-11ea-9959-8c1645373715','560ac4f4-89c3-11ea-9959-8c1645373715','employee','offered'),('5613788b-89c3-11ea-9959-8c1645373715','560ac5c0-89c3-11ea-9959-8c1645373715','employer','offered'),('5613788b-89c3-11ea-9959-8c1645373715','560ac631-89c3-11ea-9959-8c1645373715','employer','offered'),('5613788b-89c3-11ea-9959-8c1645373715','560ac6d3-89c3-11ea-9959-8c1645373715','employee','offered'),('5613788b-89c3-11ea-9959-8c1645373715','560ac756-89c3-11ea-9959-8c1645373715','employee','offered'),('5613788b-89c3-11ea-9959-8c1645373715','560ac7c3-89c3-11ea-9959-8c1645373715','employee','offered'),('5613788b-89c3-11ea-9959-8c1645373715','560ac8ac-89c3-11ea-9959-8c1645373715','employer','available'),('5613788b-89c3-11ea-9959-8c1645373715','560ac912-89c3-11ea-9959-8c1645373715','employee','offered'),('5613788b-89c3-11ea-9959-8c1645373715','560ac9aa-89c3-11ea-9959-8c1645373715','employer','offered'),('5613788b-89c3-11ea-9959-8c1645373715','560aca1b-89c3-11ea-9959-8c1645373715','employer','offered'),('5613788b-89c3-11ea-9959-8c1645373715','560aca81-89c3-11ea-9959-8c1645373715','employer','available'),('5613788b-89c3-11ea-9959-8c1645373715','560acaee-89c3-11ea-9959-8c1645373715','employee','liked'),('5613788b-89c3-11ea-9959-8c1645373715','560acc8e-89c3-11ea-9959-8c1645373715','employee','liked'),('5613788b-89c3-11ea-9959-8c1645373715','560accf8-89c3-11ea-9959-8c1645373715','employee','offered'),('5613788b-89c3-11ea-9959-8c1645373715','560acd5e-89c3-11ea-9959-8c1645373715','employee','liked'),('5613788b-89c3-11ea-9959-8c1645373715','560acdcf-89c3-11ea-9959-8c1645373715','employee','liked'),('5613788b-89c3-11ea-9959-8c1645373715','560ace9f-89c3-11ea-9959-8c1645373715','employer','available'),('5613788b-89c3-11ea-9959-8c1645373715','560acf05-89c3-11ea-9959-8c1645373715','employee','liked'),('5613788b-89c3-11ea-9959-8c1645373715','560ad03c-89c3-11ea-9959-8c1645373715','employer','offered'),('5613788b-89c3-11ea-9959-8c1645373715','560ad0ad-89c3-11ea-9959-8c1645373715','employee','offered'),('5613788b-89c3-11ea-9959-8c1645373715','560ad156-89c3-11ea-9959-8c1645373715','employer','offered'),('561379c2-89c3-11ea-9959-8c1645373715','560abe7b-89c3-11ea-9959-8c1645373715','employee','offered'),('561379c2-89c3-11ea-9959-8c1645373715','560abee8-89c3-11ea-9959-8c1645373715','employer','offered'),('561379c2-89c3-11ea-9959-8c1645373715','560abfd4-89c3-11ea-9959-8c1645373715','employee','liked'),('561379c2-89c3-11ea-9959-8c1645373715','560ac041-89c3-11ea-9959-8c1645373715','employee','offered'),('561379c2-89c3-11ea-9959-8c1645373715','560ac0b2-89c3-11ea-9959-8c1645373715','employer','available'),('561379c2-89c3-11ea-9959-8c1645373715','560ac127-89c3-11ea-9959-8c1645373715','employee','liked'),('561379c2-89c3-11ea-9959-8c1645373715','560ac1fa-89c3-11ea-9959-8c1645373715','employee','offered'),('561379c2-89c3-11ea-9959-8c1645373715','560ac260-89c3-11ea-9959-8c1645373715','employee','liked'),('561379c2-89c3-11ea-9959-8c1645373715','560ac2dc-89c3-11ea-9959-8c1645373715','employee','liked'),('561379c2-89c3-11ea-9959-8c1645373715','560ac4f4-89c3-11ea-9959-8c1645373715','employee','liked'),('561379c2-89c3-11ea-9959-8c1645373715','560ac631-89c3-11ea-9959-8c1645373715','employer','offered'),('561379c2-89c3-11ea-9959-8c1645373715','560ac7c3-89c3-11ea-9959-8c1645373715','employee','liked'),('561379c2-89c3-11ea-9959-8c1645373715','560ac8ac-89c3-11ea-9959-8c1645373715','employee','offered'),('561379c2-89c3-11ea-9959-8c1645373715','560ac912-89c3-11ea-9959-8c1645373715','employer','available'),('561379c2-89c3-11ea-9959-8c1645373715','560aca1b-89c3-11ea-9959-8c1645373715','employer','available'),('561379c2-89c3-11ea-9959-8c1645373715','560aca81-89c3-11ea-9959-8c1645373715','employer','available'),('561379c2-89c3-11ea-9959-8c1645373715','560acaee-89c3-11ea-9959-8c1645373715','employer','offered'),('561379c2-89c3-11ea-9959-8c1645373715','560acb54-89c3-11ea-9959-8c1645373715','employer','offered'),('561379c2-89c3-11ea-9959-8c1645373715','560acbbb-89c3-11ea-9959-8c1645373715','employee','offered'),('561379c2-89c3-11ea-9959-8c1645373715','560acc8e-89c3-11ea-9959-8c1645373715','employer','offered'),('561379c2-89c3-11ea-9959-8c1645373715','560ace35-89c3-11ea-9959-8c1645373715','employer','offered'),('561379c2-89c3-11ea-9959-8c1645373715','560acf05-89c3-11ea-9959-8c1645373715','employer','available'),('561379c2-89c3-11ea-9959-8c1645373715','560acf6c-89c3-11ea-9959-8c1645373715','employee','offered'),('561379c2-89c3-11ea-9959-8c1645373715','560acfd6-89c3-11ea-9959-8c1645373715','employee','offered'),('561379c2-89c3-11ea-9959-8c1645373715','560ad03c-89c3-11ea-9959-8c1645373715','employer','offered'),('56137af1-89c3-11ea-9959-8c1645373715','560abdfc-89c3-11ea-9959-8c1645373715','employer','available'),('56137af1-89c3-11ea-9959-8c1645373715','560abfd4-89c3-11ea-9959-8c1645373715','employee','liked'),('56137af1-89c3-11ea-9959-8c1645373715','560ac0b2-89c3-11ea-9959-8c1645373715','employee','offered'),('56137af1-89c3-11ea-9959-8c1645373715','560ac1fa-89c3-11ea-9959-8c1645373715','employer','available'),('56137af1-89c3-11ea-9959-8c1645373715','560ac260-89c3-11ea-9959-8c1645373715','employee','offered'),('56137af1-89c3-11ea-9959-8c1645373715','560ac2dc-89c3-11ea-9959-8c1645373715','employee','liked'),('56137af1-89c3-11ea-9959-8c1645373715','560ac354-89c3-11ea-9959-8c1645373715','employer','available'),('56137af1-89c3-11ea-9959-8c1645373715','560ac3ba-89c3-11ea-9959-8c1645373715','employer','available'),('56137af1-89c3-11ea-9959-8c1645373715','560ac491-89c3-11ea-9959-8c1645373715','employee','offered'),('56137af1-89c3-11ea-9959-8c1645373715','560ac4f4-89c3-11ea-9959-8c1645373715','employer','offered'),('56137af1-89c3-11ea-9959-8c1645373715','560ac55a-89c3-11ea-9959-8c1645373715','employee','offered'),('56137af1-89c3-11ea-9959-8c1645373715','560ac5c0-89c3-11ea-9959-8c1645373715','employer','available'),('56137af1-89c3-11ea-9959-8c1645373715','560ac631-89c3-11ea-9959-8c1645373715','employee','offered'),('56137af1-89c3-11ea-9959-8c1645373715','560ac6d3-89c3-11ea-9959-8c1645373715','employee','offered'),('56137af1-89c3-11ea-9959-8c1645373715','560ac756-89c3-11ea-9959-8c1645373715','employee','liked'),('56137af1-89c3-11ea-9959-8c1645373715','560ac7c3-89c3-11ea-9959-8c1645373715','employer','available'),('56137af1-89c3-11ea-9959-8c1645373715','560ac842-89c3-11ea-9959-8c1645373715','employer','available'),('56137af1-89c3-11ea-9959-8c1645373715','560ac8ac-89c3-11ea-9959-8c1645373715','employer','offered'),('56137af1-89c3-11ea-9959-8c1645373715','560aca1b-89c3-11ea-9959-8c1645373715','employee','liked'),('56137af1-89c3-11ea-9959-8c1645373715','560aca81-89c3-11ea-9959-8c1645373715','employee','offered'),('56137af1-89c3-11ea-9959-8c1645373715','560acaee-89c3-11ea-9959-8c1645373715','employee','liked'),('56137af1-89c3-11ea-9959-8c1645373715','560acb54-89c3-11ea-9959-8c1645373715','employee','liked'),('56137af1-89c3-11ea-9959-8c1645373715','560acbbb-89c3-11ea-9959-8c1645373715','employer','offered'),('56137af1-89c3-11ea-9959-8c1645373715','560acc21-89c3-11ea-9959-8c1645373715','employee','offered'),('56137af1-89c3-11ea-9959-8c1645373715','560accf8-89c3-11ea-9959-8c1645373715','employee','liked'),('56137af1-89c3-11ea-9959-8c1645373715','560acdcf-89c3-11ea-9959-8c1645373715','employer','offered'),('56137af1-89c3-11ea-9959-8c1645373715','560ace35-89c3-11ea-9959-8c1645373715','employer','offered'),('56137af1-89c3-11ea-9959-8c1645373715','560ace9f-89c3-11ea-9959-8c1645373715','employee','liked'),('56137af1-89c3-11ea-9959-8c1645373715','560acf05-89c3-11ea-9959-8c1645373715','employee','liked'),('56137af1-89c3-11ea-9959-8c1645373715','560acf6c-89c3-11ea-9959-8c1645373715','employer','available'),('56137af1-89c3-11ea-9959-8c1645373715','560acfd6-89c3-11ea-9959-8c1645373715','employer','offered'),('56137af1-89c3-11ea-9959-8c1645373715','560ad156-89c3-11ea-9959-8c1645373715','employer','offered'),('56137c19-89c3-11ea-9959-8c1645373715','560abee8-89c3-11ea-9959-8c1645373715','employer','available'),('56137c19-89c3-11ea-9959-8c1645373715','560ac041-89c3-11ea-9959-8c1645373715','employee','liked'),('56137c19-89c3-11ea-9959-8c1645373715','560ac0b2-89c3-11ea-9959-8c1645373715','employee','offered'),('56137c19-89c3-11ea-9959-8c1645373715','560ac190-89c3-11ea-9959-8c1645373715','employee','offered'),('56137c19-89c3-11ea-9959-8c1645373715','560ac260-89c3-11ea-9959-8c1645373715','employee','liked'),('56137c19-89c3-11ea-9959-8c1645373715','560ac2dc-89c3-11ea-9959-8c1645373715','employee','liked'),('56137c19-89c3-11ea-9959-8c1645373715','560ac354-89c3-11ea-9959-8c1645373715','employee','liked'),('56137c19-89c3-11ea-9959-8c1645373715','560ac3ba-89c3-11ea-9959-8c1645373715','employer','offered'),('56137c19-89c3-11ea-9959-8c1645373715','560ac491-89c3-11ea-9959-8c1645373715','employer','available'),('56137c19-89c3-11ea-9959-8c1645373715','560ac4f4-89c3-11ea-9959-8c1645373715','employer','offered'),('56137c19-89c3-11ea-9959-8c1645373715','560ac5c0-89c3-11ea-9959-8c1645373715','employee','offered'),('56137c19-89c3-11ea-9959-8c1645373715','560ac631-89c3-11ea-9959-8c1645373715','employer','offered'),('56137c19-89c3-11ea-9959-8c1645373715','560ac6d3-89c3-11ea-9959-8c1645373715','employer','available'),('56137c19-89c3-11ea-9959-8c1645373715','560ac756-89c3-11ea-9959-8c1645373715','employer','offered'),('56137c19-89c3-11ea-9959-8c1645373715','560ac842-89c3-11ea-9959-8c1645373715','employee','liked'),('56137c19-89c3-11ea-9959-8c1645373715','560ac8ac-89c3-11ea-9959-8c1645373715','employee','liked'),('56137c19-89c3-11ea-9959-8c1645373715','560aca1b-89c3-11ea-9959-8c1645373715','employee','offered'),('56137c19-89c3-11ea-9959-8c1645373715','560acbbb-89c3-11ea-9959-8c1645373715','employer','available'),('56137c19-89c3-11ea-9959-8c1645373715','560acc21-89c3-11ea-9959-8c1645373715','employee','liked'),('56137c19-89c3-11ea-9959-8c1645373715','560accf8-89c3-11ea-9959-8c1645373715','employee','offered'),('56137c19-89c3-11ea-9959-8c1645373715','560acdcf-89c3-11ea-9959-8c1645373715','employee','offered'),('56137c19-89c3-11ea-9959-8c1645373715','560ace35-89c3-11ea-9959-8c1645373715','employee','liked'),('56137c19-89c3-11ea-9959-8c1645373715','560ace9f-89c3-11ea-9959-8c1645373715','employer','available'),('56137c19-89c3-11ea-9959-8c1645373715','560acf05-89c3-11ea-9959-8c1645373715','employer','available'),('56137c19-89c3-11ea-9959-8c1645373715','560acf6c-89c3-11ea-9959-8c1645373715','employee','liked'),('56137c19-89c3-11ea-9959-8c1645373715','560acfd6-89c3-11ea-9959-8c1645373715','employer','available');
/*!40000 ALTER TABLE `jobinterest` ENABLE KEYS */;
UNLOCK TABLES;

--
-- Table structure for table `jobs`
--

DROP TABLE IF EXISTS `jobs`;
/*!40101 SET @saved_cs_client     = @@character_set_client */;
/*!50503 SET character_set_client = utf8mb4 */;
CREATE TABLE `jobs` (
  `id` char(36) NOT NULL,
  `employer` char(36) NOT NULL,
  `role` char(36) NOT NULL,
  `contactName` char(100) DEFAULT NULL,
  `contactNumber` char(30) DEFAULT NULL,
  `contactEmail` char(100) DEFAULT NULL,
  `jobTitle` varchar(200) NOT NULL,
  `payRate` float NOT NULL,
  `startDate` date NOT NULL,
  `endDate` date DEFAULT NULL,
  `workLocation` varchar(36) NOT NULL,
  `description` varchar(100) DEFAULT NULL,
  `bonus` tinyint(1) NOT NULL DEFAULT '0',
  `accomodation` tinyint(1) NOT NULL DEFAULT '0',
  `active` tinyint(1) NOT NULL DEFAULT '1',
  PRIMARY KEY (`id`),
  KEY `employer` (`employer`),
  KEY `role` (`role`),
  KEY `workLocation` (`workLocation`),
  CONSTRAINT `jobs_ibfk_1` FOREIGN KEY (`employer`) REFERENCES `employers` (`id`),
  CONSTRAINT `jobs_ibfk_2` FOREIGN KEY (`role`) REFERENCES `roles` (`id`),
  CONSTRAINT `jobs_ibfk_3` FOREIGN KEY (`workLocation`) REFERENCES `locations` (`id`)
) ENGINE=InnoDB DEFAULT CHARSET=utf8mb4 COLLATE=utf8mb4_0900_ai_ci;
/*!40101 SET character_set_client = @saved_cs_client */;

--
-- Dumping data for table `jobs`
--

LOCK TABLES `jobs` WRITE;
/*!40000 ALTER TABLE `jobs` DISABLE KEYS */;
INSERT INTO `jobs` VALUES ('56132b22-89c3-11ea-9959-8c1645373715','560a8fb7-89c3-11ea-9959-8c1645373715','560d2f74-89c3-11ea-9959-8c1645373715','Ariane Kirlin','286-831-4375 x041','Lue_Abernathy1@hotmail.com','omnis adipisci neque repellat tenetur nobis quae itaque quod officiis voluptas et neque in et praesentium laudantium dignissimos aut nihil illum blanditiis eius',10,'2021-04-28','2022-06-30','560e78aa-89c3-11ea-9959-8c1645373715','A ut totam aut nihil qui adipisci molestiae autem.',0,0,1),('56136164-89c3-11ea-9959-8c1645373715','560ab52a-89c3-11ea-9959-8c1645373715','560cfd3b-89c3-11ea-9959-8c1645373715','Effie Dietrich','1-069-042-8664','Madge88@yahoo.com','asperiores voluptatum quasi dolores ratione qui magnam ipsa tenetur est sequi provident cum vel dolorem voluptatum quia provident',8.72,'2021-12-03','2022-12-25','560e7d6b-89c3-11ea-9959-8c1645373715','Enim sed sunt et voluptas.',0,0,1),('56136558-89c3-11ea-9959-8c1645373715','560a8fb7-89c3-11ea-9959-8c1645373715','560d366c-89c3-11ea-9959-8c1645373715','Amira Bashirian','(252) 653-6370','Phoebe54@yahoo.com','culpa et consequatur sunt iure quo non quas quidem molestiae',8.72,'2021-04-23','2022-07-17','560e5fd8-89c3-11ea-9959-8c1645373715','Dolores est dicta officiis sit veritatis ea eius reiciendis.',0,0,1),('561366e3-89c3-11ea-9959-8c1645373715','560ab52a-89c3-11ea-9959-8c1645373715','560d2d5f-89c3-11ea-9959-8c1645373715','Cordia Botsford','424.888.0073','Karine.Bailey17@gmail.com','rerum ratione dicta quo asperiores ut repellat sed et velit omnis debitis provident aut amet vel optio illum officiis eligendi eum architecto',10,'2021-12-22','2022-12-05','560e6483-89c3-11ea-9959-8c1645373715','Vel laudantium eaque in dolor ut quia sit.',0,0,1),('5613682e-89c3-11ea-9959-8c1645373715','560ab52a-89c3-11ea-9959-8c1645373715','560d2d5f-89c3-11ea-9959-8c1645373715','Bettye MacGyver','655-525-8066','Terrence_Fadel66@gmail.com','consectetur et ut eius ut ex qui voluptatibus officiis non nesciunt fuga alias laudantium consequuntur odit nostrum quisquam corrupti iusto voluptatem quae voluptatibus',30,'2021-12-24','2022-07-10','560e813f-89c3-11ea-9959-8c1645373715','Aspernatur voluptatem consequatur ullam eos est quaerat laboriosam et enim.',1,1,1),('5613697d-89c3-11ea-9959-8c1645373715','560ab52a-89c3-11ea-9959-8c1645373715','560d317a-89c3-11ea-9959-8c1645373715','Everette Feil V','(881) 650-7149 x04285','Kyle36@yahoo.com','iure unde et illo doloribus mollitia assumenda consequatur rerum perspiciatis quo rerum animi in qui ullam quaerat sint',8.72,'2020-11-27','2022-05-04','560e7496-89c3-11ea-9959-8c1645373715','Fuga ipsum iste amet quae ad repudiandae qui.',1,0,1),('56136ad0-89c3-11ea-9959-8c1645373715','560ab4a8-89c3-11ea-9959-8c1645373715','560d37de-89c3-11ea-9959-8c1645373715','Ethelyn Medhurst III','617-607-3314','Meredith.Sauer@gmail.com','est cupiditate nisi voluptatem sit amet sed impedit enim consectetur eligendi in architecto vel beatae ea asperiores facere',30,'2021-05-14','2022-12-20','560e60f6-89c3-11ea-9959-8c1645373715','Eos eum voluptatem nihil exercitationem consequatur numquam.',1,1,1),('56136d43-89c3-11ea-9959-8c1645373715','560a8fb7-89c3-11ea-9959-8c1645373715','560d3950-89c3-11ea-9959-8c1645373715','Mrs. Ricardo Trantow','082.794.7694 x610','Lois_Rogahn@hotmail.com','nemo quaerat delectus voluptas commodi fuga quae minima ipsam quidem occaecati reprehenderit qui ex consectetur',30,'2020-05-26','2022-11-01','560e7075-89c3-11ea-9959-8c1645373715','Explicabo distinctio molestiae reprehenderit nulla molestiae dolor.',1,0,1),('56136f1c-89c3-11ea-9959-8c1645373715','560abd87-89c3-11ea-9959-8c1645373715','560d372a-89c3-11ea-9959-8c1645373715','Brock Boyer','295.512.3466','Winona_Connelly75@gmail.com','ullam dolorem iusto aut vero aut non accusamus et animi quibusdam qui temporibus exercitationem ut ullam consectetur',20,'2021-07-28','2022-10-31','560e66f0-89c3-11ea-9959-8c1645373715','Qui veniam earum incidunt ullam dolorem et qui delectus.',0,1,1),('5613704f-89c3-11ea-9959-8c1645373715','560ab52a-89c3-11ea-9959-8c1645373715','560d372a-89c3-11ea-9959-8c1645373715','April DuBuque DVM','702-587-9483 x091','Oceane.Halvorson@yahoo.com','saepe et quia molestiae consequatur temporibus excepturi minus nulla quia omnis eos qui quibusdam tenetur ullam nemo consequuntur aut sed necessitatibus',30,'2020-08-24','2022-11-18','560e6346-89c3-11ea-9959-8c1645373715','Vitae velit laudantium ad.',0,0,1),('56137185-89c3-11ea-9959-8c1645373715','560a8fb7-89c3-11ea-9959-8c1645373715','560d372a-89c3-11ea-9959-8c1645373715','Chauncey Considine','(154) 133-0361 x41977','Mattie83@hotmail.com','numquam ratione consequatur nemo et maxime aspernatur debitis iure aperiam omnis vel',10,'2020-12-07','2022-08-11','560e7254-89c3-11ea-9959-8c1645373715','Atque adipisci nihil ut.',0,0,1),('561372bf-89c3-11ea-9959-8c1645373715','560ab3a7-89c3-11ea-9959-8c1645373715','560d3423-89c3-11ea-9959-8c1645373715','Malachi Monahan','899-857-6369','Savion80@hotmail.com','quia hic voluptas quo quis molestias deserunt id nihil id ipsa corrupti placeat quod voluptatem atque et sunt assumenda adipisci autem at debitis officiis',8.72,'2020-12-04','2022-06-16','560e7ff3-89c3-11ea-9959-8c1645373715','Dolor magnam iure ipsam voluptas in fuga voluptas eligendi.',1,1,1),('561373eb-89c3-11ea-9959-8c1645373715','560ab4a8-89c3-11ea-9959-8c1645373715','560d32d7-89c3-11ea-9959-8c1645373715','Mary Bogisich III','229-385-4995 x027','Izabella.Reinger@gmail.com','nemo perferendis consequatur porro atque et et non quaerat quis delectus',8.72,'2021-05-24','2022-11-05','560e768f-89c3-11ea-9959-8c1645373715','Sed reiciendis ut.',1,1,1),('56137505-89c3-11ea-9959-8c1645373715','560ab3a7-89c3-11ea-9959-8c1645373715','560d32d7-89c3-11ea-9959-8c1645373715','Henri Emard','256.442.9139 x452','Jevon_Ward19@gmail.com','incidunt maiores accusantium non et occaecati et voluptatem omnis sunt magnam quas modi veniam nobis et cupiditate sint quasi laudantium',30,'2021-01-27','2022-12-01','560e72e8-89c3-11ea-9959-8c1645373715','Aperiam autem aut.',1,0,1),('56137629-89c3-11ea-9959-8c1645373715','560a8fb7-89c3-11ea-9959-8c1645373715','560d34c8-89c3-11ea-9959-8c1645373715','Ellie Cronin','1-921-017-1194','Craig.Schowalter@hotmail.com','aperiam officia corrupti eum inventore minima et ut dignissimos quos atque voluptates',10,'2020-10-20','2022-12-13','560e6ac1-89c3-11ea-9959-8c1645373715','Voluptatibus esse et et.',1,0,1),('5613775c-89c3-11ea-9959-8c1645373715','560abd87-89c3-11ea-9959-8c1645373715','560d30ca-89c3-11ea-9959-8c1645373715','Casimir Carroll I','396.370.8263 x4145','Reginald23@gmail.com','ipsa ipsam occaecati cumque vel alias eos ex praesentium',30,'2021-12-25','2022-11-02','560e71a7-89c3-11ea-9959-8c1645373715','Suscipit perferendis officia similique.',0,0,1),('5613788b-89c3-11ea-9959-8c1645373715','560a8fb7-89c3-11ea-9959-8c1645373715','560d3220-89c3-11ea-9959-8c1645373715','Anderson Lebsack DVM','(146) 733-5761','Julien.Hettinger@gmail.com','rem iste assumenda voluptate qui qui',8.72,'2021-07-07','2022-09-19','560e6a14-89c3-11ea-9959-8c1645373715','Quibusdam in placeat laborum assumenda distinctio.',0,0,1),('561379c2-89c3-11ea-9959-8c1645373715','560abd87-89c3-11ea-9959-8c1645373715','560d3950-89c3-11ea-9959-8c1645373715','Miss Trent Bosco','734-212-3467 x51593','Aubree.Ullrich@gmail.com','iure dolorum quasi consequuntur possimus maiores eveniet velit doloremque',25,'2021-06-03','2022-11-22','560e5aa7-89c3-11ea-9959-8c1645373715','Repellendus voluptatem voluptatibus ipsam facere nesciunt totam nobis deserunt.',0,1,1),('56137af1-89c3-11ea-9959-8c1645373715','560ab4a8-89c3-11ea-9959-8c1645373715','560d3423-89c3-11ea-9959-8c1645373715','Charles Padberg','565-250-1213','Kaci_Schmidt25@gmail.com','nobis similique voluptatum inventore non hic velit in quia ut non sunt suscipit aliquid eaque ut nesciunt natus',25,'2020-07-26','2022-09-25','560e7a0e-89c3-11ea-9959-8c1645373715','Quis ut error deserunt doloribus nihil culpa.',0,0,1),('56137c19-89c3-11ea-9959-8c1645373715','560ab52a-89c3-11ea-9959-8c1645373715','560d3aad-89c3-11ea-9959-8c1645373715','Brandy DuBuque','827.541.5384','Jamey28@gmail.com','recusandae ea esse id ut veniam mollitia totam autem voluptatem iste aut deserunt',30,'2021-05-24','2022-08-28','560e7cfd-89c3-11ea-9959-8c1645373715','Eos ut necessitatibus sint placeat.',1,0,1);
/*!40000 ALTER TABLE `jobs` ENABLE KEYS */;
UNLOCK TABLES;

--
-- Table structure for table `jobsnapshot`
--

DROP TABLE IF EXISTS `jobsnapshot`;
/*!40101 SET @saved_cs_client     = @@character_set_client */;
/*!50503 SET character_set_client = utf8mb4 */;
CREATE TABLE `jobsnapshot` (
  `id` char(36) NOT NULL,
  `employer` char(36) NOT NULL,
  `role` char(36) NOT NULL,
  `contactName` char(100) DEFAULT NULL,
  `contactNumber` char(30) DEFAULT NULL,
  `contactEmail` char(100) DEFAULT NULL,
  `jobTitle` varchar(200) NOT NULL,
  `payRate` float NOT NULL,
  `startDate` date NOT NULL,
  `endDate` date DEFAULT NULL,
  `workLocation` varchar(36) NOT NULL,
  `description` varchar(100) DEFAULT NULL,
  `bonus` tinyint(1) NOT NULL DEFAULT '0',
  `accomodation` tinyint(1) NOT NULL DEFAULT '0',
  `active` tinyint(1) NOT NULL DEFAULT '1',
  KEY `id` (`id`),
  CONSTRAINT `jobsnapshot_ibfk_1` FOREIGN KEY (`id`) REFERENCES `jobs` (`id`)
) ENGINE=InnoDB DEFAULT CHARSET=utf8mb4 COLLATE=utf8mb4_0900_ai_ci;
/*!40101 SET character_set_client = @saved_cs_client */;

--
-- Dumping data for table `jobsnapshot`
--

LOCK TABLES `jobsnapshot` WRITE;
/*!40000 ALTER TABLE `jobsnapshot` DISABLE KEYS */;
/*!40000 ALTER TABLE `jobsnapshot` ENABLE KEYS */;
UNLOCK TABLES;

--
-- Table structure for table `locations`
--

DROP TABLE IF EXISTS `locations`;
/*!40101 SET @saved_cs_client     = @@character_set_client */;
/*!50503 SET character_set_client = utf8mb4 */;
CREATE TABLE `locations` (
  `id` char(36) NOT NULL,
  `address` varchar(100) NOT NULL,
  `longitude` decimal(18,12) NOT NULL,
  `latitude` decimal(18,12) NOT NULL,
  PRIMARY KEY (`id`)
) ENGINE=InnoDB DEFAULT CHARSET=utf8mb4 COLLATE=utf8mb4_0900_ai_ci;
/*!40101 SET character_set_client = @saved_cs_client */;

--
-- Dumping data for table `locations`
--

LOCK TABLES `locations` WRITE;
/*!40000 ALTER TABLE `locations` DISABLE KEYS */;
INSERT INTO `locations` VALUES ('560e3713-89c3-11ea-9959-8c1645373715','111 Dng Th Mi, Tn Chnh Hip, Qun 12, H Ch Minh 700000, Vietnam',106.638962300000,10.873732600000),('560e56c1-89c3-11ea-9959-8c1645373715','District 1, Ho Chi Minh City, Vietnam',106.700423800000,10.775658700000),('560e57a3-89c3-11ea-9959-8c1645373715','District 10, Ho Chi Minh City, Vietnam',106.667954200000,10.774596500000),('560e586b-89c3-11ea-9959-8c1645373715','District 12, Ho Chi Minh City, Vietnam',106.641332200000,10.867153100000),('560e593b-89c3-11ea-9959-8c1645373715','District 11, Ho Chi Minh City, Vietnam',106.650084000000,10.762973900000),('560e59c5-89c3-11ea-9959-8c1645373715','District 2, Ho Chi Minh City, Vietnam',106.749810500000,10.787272900000),('560e5a1a-89c3-11ea-9959-8c1645373715','20 ng Tho in, Tho in, Qun 2, H Ch Minh, Vietnam',106.737471700000,10.804090500000),('560e5aa7-89c3-11ea-9959-8c1645373715','989 2 ng Vn Cng, Phng Bnh Trng Ty, Qun 2, H Ch Minh, Vietnam',106.756602100000,10.780497700000),('560e5b93-89c3-11ea-9959-8c1645373715','130 ng L Vn Thnh, Phng Bnh Trng Ty, Qun 2, H Ch Minh, Vietnam',106.769255900000,10.782703000000),('560e5c3c-89c3-11ea-9959-8c1645373715','District 3, Ho Chi Minh City, Vietnam',106.684408900000,10.784369500000),('560e5c98-89c3-11ea-9959-8c1645373715','153, 155-157 Trn Quc Tho, Phng 9, Qun 3, H Ch Minh 70010, Vietnam',106.684026800000,10.784352200000),('560e5cf0-89c3-11ea-9959-8c1645373715','District 4, Ho Chi Minh City, Vietnam',106.701296800000,10.757826300000),('560e5d88-89c3-11ea-9959-8c1645373715','63, 65 Bn Vn n, Phng 12, Qun 4, H Ch Minh, Vietnam',106.702237600000,10.765307500000),('560e5e54-89c3-11ea-9959-8c1645373715','18 ng on Nh Hi, Phng 12, Qun 4, H Ch Minh, Vietnam',106.705161800000,10.766321400000),('560e5f1a-89c3-11ea-9959-8c1645373715','120_122 ng Khnh Hi, Phng 3, Qun 4, H Ch Minh, Vietnam',106.700874000000,10.757037500000),('560e5f95-89c3-11ea-9959-8c1645373715','District 5, Ho Chi Minh City, Vietnam',106.663374600000,10.754027900000),('560e5fd8-89c3-11ea-9959-8c1645373715','3 Mc Cu, Phng 13, Qun 5, H Ch Minh, Vietnam',106.659248000000,10.750223000000),('560e603b-89c3-11ea-9959-8c1645373715','203 An Dng Vng, Phng 8, Qun 5, phng 8 Qun 5 H Ch Minh, Vietnam',106.667540600000,10.755804900000),('560e60a8-89c3-11ea-9959-8c1645373715','642 A . Nguyn Tri, Phng 11, Qun 5, H Ch Minh 700000, Vietnam',106.665783200000,10.754080100000),('560e60f6-89c3-11ea-9959-8c1645373715','District 6, Ho Chi Minh City, Vietnam',106.635236200000,10.748092900000),('560e6140-89c3-11ea-9959-8c1645373715','107 Cao Vn Lu, Phng 1, Qun 6, H Ch Minh, Vietnam',106.649579100000,10.746460100000),('560e61cd-89c3-11ea-9959-8c1645373715','88 Thp Mi, Phng 2, Qun 6, H Ch Minh, Vietnam',106.650462600000,10.749994900000),('560e6292-89c3-11ea-9959-8c1645373715','2D Ch Ln, Phng 11, Qun 6, Phng 11 Qun 6 H Ch Minh, Vietnam',106.634848800000,10.746579300000),('560e6346-89c3-11ea-9959-8c1645373715','122 Minh Phng, Phng 6, Qun 6, H Ch Minh, Vietnam',106.642594900000,10.750283400000),('560e63cc-89c3-11ea-9959-8c1645373715','District 7, Ho Chi Minh City, Vietnam',106.721578700000,10.734034400000),('560e6424-89c3-11ea-9959-8c1645373715','3 Tn Ph, P, Qun 7, H Ch Minh, Vietnam',106.725198000000,10.732771700000),('560e6483-89c3-11ea-9959-8c1645373715','504, 506 Hunh Tn Pht, Bnh Thun, Qun 7, H Ch Minh, Vietnam',106.729268900000,10.741525000000),('560e64dc-89c3-11ea-9959-8c1645373715','101 Nguyn Th Thp, Tn Ph, Qun 7, H Ch Minh, Vietnam',106.724182700000,10.737306600000),('560e6522-89c3-11ea-9959-8c1645373715','1441 Hunh Tn Pht, Ph M, Qun 7, H Ch Minh, Vietnam',106.737430600000,10.713484700000),('560e6569-89c3-11ea-9959-8c1645373715','District 8, Ho Chi Minh City, Vietnam',106.628625900000,10.724087800000),('560e65b6-89c3-11ea-9959-8c1645373715','126 ng L Quyn, Phng 5, Qun 8, H Ch Minh, Vietnam',106.666435100000,10.740894000000),('560e6635-89c3-11ea-9959-8c1645373715','993 Phm Th Hin, Phng 5, Qun 8, H Ch Minh, Vietnam',106.667816900000,10.742264300000),('560e66f0-89c3-11ea-9959-8c1645373715','82 ng Cao L, Phng 4, Qun 8, H Ch Minh, Vietnam',106.676410000000,10.741574300000),('560e67a0-89c3-11ea-9959-8c1645373715','302 Phm Hng, Phng 5, Qun 8, H Ch Minh, Vietnam',106.667632700000,10.739722600000),('560e6823-89c3-11ea-9959-8c1645373715','Ho Chi Minh City, Vietnam',106.629663800000,10.823098900000),('560e689b-89c3-11ea-9959-8c1645373715','District 9, Ho Chi Minh City, Vietnam',106.828685100000,10.842840200000),('560e68f3-89c3-11ea-9959-8c1645373715','9 Xa l H Ni, Hip Ph, Qun 9, H Ch Minh, Vietnam',106.775624900000,10.849117200000),('560e693d-89c3-11ea-9959-8c1645373715','Khu Ph 2, 387 L Vn Vit, Tng Nhn Ph A, Qun 9, H Ch Minh 715143, Vietnam',106.790147100000,10.844923500000),('560e6983-89c3-11ea-9959-8c1645373715','48A Tng Nhn Ph, Tng Nhn Ph B, Qun 9, H Ch Minh, Vietnam',106.779904000000,10.833476000000),('560e69cd-89c3-11ea-9959-8c1645373715','571 S Vn Hnh, Phng 12, Qun 10, H Ch Minh, Vietnam',106.666596300000,10.776170200000),('560e6a14-89c3-11ea-9959-8c1645373715','47 Thnh Thi, Phng 14, Qun 10, H Ch Minh, Vietnam',106.665163400000,10.772151200000),('560e6a5b-89c3-11ea-9959-8c1645373715','Cng vin H K Ho, Cao Thng, Phng 12, Qun 10, H Ch Minh, Vietnam',106.671473000000,10.774660900000),('560e6ac1-89c3-11ea-9959-8c1645373715','Jumeirah Village Circle - Dubai - United Arab Emirates',55.213494500000,25.054493800000),('560e6b75-89c3-11ea-9959-8c1645373715','1275 K St NW, 1275 K St NW, Washington, DC 20005, USA',-77.029233800000,38.902846000000),('560e7075-89c3-11ea-9959-8c1645373715','District 12 K - Dubai - United Arab Emirates',55.216772200000,25.053610800000),('560e7117-89c3-11ea-9959-8c1645373715','72 ng s 5 - CX Bnh Thi, Phng 8, Qun 11, Phng 8 District 11 Ho Chi Minh City, Vietnam',106.647890600000,10.760772200000),('560e71a7-89c3-11ea-9959-8c1645373715','215a L Thng Kit, Phng 9, Qun 11, H Ch Minh, Vietnam',106.655477300000,10.778853100000),('560e720e-89c3-11ea-9959-8c1645373715','G Vp, Ho Chi Minh City, Vietnam',106.665290400000,10.838677900000),('560e7254-89c3-11ea-9959-8c1645373715','48/338D Quang Trung, Phng 12, G Vp, H Ch Minh, Vietnam',106.643063400000,10.840686200000),('560e729b-89c3-11ea-9959-8c1645373715','90A Nguyn Thi Sn, Phng 3, G Vp, H Ch Minh, Vietnam',106.680746200000,10.816345500000),('560e72e8-89c3-11ea-9959-8c1645373715','641 Quang Trung, Phng 11, G Vp, H Ch Minh, Vietnam',106.661565700000,10.834685400000),('560e73a0-89c3-11ea-9959-8c1645373715','312 ng Nguyn Vn Nghi, Phng 7, G Vp, H Ch Minh, Vietnam',106.683027300000,10.826341700000),('560e741f-89c3-11ea-9959-8c1645373715','Tan Binh, Ho Chi Minh City, Vietnam',106.652597400000,10.801465900000),('560e7496-89c3-11ea-9959-8c1645373715','S 172 L Thng Kit, Phng 6, Tn Bnh, H Ch Minh 700000, Vietnam',106.653372600000,10.786006800000),('560e751c-89c3-11ea-9959-8c1645373715','450 Trng Chinh, Phng 13, Tn Bnh, H Ch Minh, Vietnam',106.639041700000,10.800721200000),('560e7591-89c3-11ea-9959-8c1645373715','873 Cch Mng Thng Tm, Phng 7, Tn Bnh, H Ch Minh, Vietnam',106.660012800000,10.788691900000),('560e7617-89c3-11ea-9959-8c1645373715','446 Hong Vn Th, Phng 4, Tn Bnh, H Ch Minh, Vietnam',106.654797500000,10.795685800000),('560e768f-89c3-11ea-9959-8c1645373715','Tn Ph, Ho Chi Minh City, Vietnam',106.628190100000,10.790051700000),('560e771c-89c3-11ea-9959-8c1645373715','Tn Ph, District 7, Ho Chi Minh City, Vietnam',106.726412500000,10.725101400000),('560e77ac-89c3-11ea-9959-8c1645373715','Tn Ph Trung, C Chi, Ho Chi Minh City, Vietnam',106.541106500000,10.938937500000),('560e7824-89c3-11ea-9959-8c1645373715','Tn Ph, District 9, Ho Chi Minh City, Vietnam',106.803089200000,10.856965600000),('560e78aa-89c3-11ea-9959-8c1645373715','Tn Phc, Qun 10, H Ch Minh, Vietnam',106.663336200000,10.761712700000),('560e7906-89c3-11ea-9959-8c1645373715','Bnh Thnh, Ho Chi Minh City, Vietnam',106.709142200000,10.810583100000),('560e795e-89c3-11ea-9959-8c1645373715','Bnh Thnh, Bnh Hng Ha B, Bnh Tn, H Ch Minh, Vietnam',106.588417400000,10.806879800000),('560e79ba-89c3-11ea-9959-8c1645373715','368 Bch ng, Phng 14, Bnh Thnh, H Ch Minh, Vietnam',106.698978500000,10.803134000000),('560e7a0e-89c3-11ea-9959-8c1645373715','112AB inh Tin Hong, Phng 1, Bnh Thnh, H Ch Minh, Vietnam',106.696609300000,10.798054900000),('560e7a75-89c3-11ea-9959-8c1645373715','164 X Vit Ngh Tnh, Phng 21, Bnh Thnh, H Ch Minh, Vietnam',106.710928700000,10.797424800000),('560e7ade-89c3-11ea-9959-8c1645373715','Ph Nhun, Ho Chi Minh City, Vietnam',106.680263900000,10.799194400000),('560e7c4a-89c3-11ea-9959-8c1645373715','5 Hong Minh Gim, Phng 9, Ph Nhun, H Ch Minh, Vietnam',106.675626800000,10.809559400000),('560e7cfd-89c3-11ea-9959-8c1645373715','274 Nguyn Trng Tuyn, Phng 8, Ph Nhun, H Ch Minh 40503, Vietnam',106.671828000000,10.798203100000),('560e7d6b-89c3-11ea-9959-8c1645373715','145/9 Nguyn Vn Tri, Phng 11, Ph Nhun, H Ch Minh, Vietnam',106.676238800000,10.794032900000),('560e7ddf-89c3-11ea-9959-8c1645373715','82 Trn Huy Liu, Phng 15, Ph Nhun, H Ch Minh, Vietnam',106.678094000000,10.794784200000),('560e7e3b-89c3-11ea-9959-8c1645373715','Bnh Tn, Ho Chi Minh City, Vietnam',106.603853500000,10.765258100000),('560e7e96-89c3-11ea-9959-8c1645373715','Hng L 2, Bnh Tr ng A, Bnh Tn, H Ch Minh, Vietnam',106.593216400000,10.769046600000),('560e7ef2-89c3-11ea-9959-8c1645373715','1114 QL1A, Bnh Tr ng B, Bnh Tn, H Ch Minh, Vietnam',106.601924300000,10.730651600000),('560e7f6a-89c3-11ea-9959-8c1645373715','521 Kinh Dng Vng, An Lc, Bnh Tn, H Ch Minh, Vietnam',106.615660500000,10.737207500000),('560e7ff3-89c3-11ea-9959-8c1645373715','1 ng s 48, Tn To, Bnh Tn, H Ch Minh, Vietnam',106.598099800000,10.751845300000),('560e8064-89c3-11ea-9959-8c1645373715','Th c, Ho Chi Minh City, Vietnam',106.753705500000,10.849409400000),('560e80c7-89c3-11ea-9959-8c1645373715','27 ng S 3, Hip Bnh Phc, Th c, H Ch Minh, Vietnam',106.710787200000,10.836314600000),('560e813f-89c3-11ea-9959-8c1645373715','54 ng G Da, Bnh Chiu, Th c, H Ch Minh, Vietnam',106.743008000000,10.870593000000),('560e8224-89c3-11ea-9959-8c1645373715','Hong Diu 2, Phng 7, Th c, H Ch Minh, Vietnam',106.690699000000,10.800623000000);
/*!40000 ALTER TABLE `locations` ENABLE KEYS */;
UNLOCK TABLES;

--
-- Table structure for table `notifications`
--

DROP TABLE IF EXISTS `notifications`;
/*!40101 SET @saved_cs_client     = @@character_set_client */;
/*!50503 SET character_set_client = utf8mb4 */;
CREATE TABLE `notifications` (
  `id` char(36) NOT NULL,
  `receipent` char(36) NOT NULL,
  `job` char(36) NOT NULL,
  `employee` char(36) NOT NULL,
  `message` varchar(200) NOT NULL,
  `unread` tinyint(1) NOT NULL DEFAULT '1',
  `createdDate` date NOT NULL,
  `modifiedDate` date NOT NULL,
  `employeeSnapshot` char(36) NOT NULL,
  `jobSnapshot` char(36) NOT NULL,
  KEY `job` (`job`),
  KEY `employee` (`employee`),
  KEY `receipent` (`receipent`),
  KEY `employeeSnapshot` (`employeeSnapshot`),
  KEY `jobSnapshot` (`jobSnapshot`),
  CONSTRAINT `notifications_ibfk_1` FOREIGN KEY (`job`) REFERENCES `jobs` (`id`),
  CONSTRAINT `notifications_ibfk_2` FOREIGN KEY (`employee`) REFERENCES `employees` (`id`),
  CONSTRAINT `notifications_ibfk_3` FOREIGN KEY (`receipent`) REFERENCES `users` (`id`),
  CONSTRAINT `notifications_ibfk_4` FOREIGN KEY (`employeeSnapshot`) REFERENCES `employeesnapshot` (`id`),
  CONSTRAINT `notifications_ibfk_5` FOREIGN KEY (`jobSnapshot`) REFERENCES `jobsnapshot` (`id`)
) ENGINE=InnoDB DEFAULT CHARSET=utf8mb4 COLLATE=utf8mb4_0900_ai_ci;
/*!40101 SET character_set_client = @saved_cs_client */;

--
-- Dumping data for table `notifications`
--

LOCK TABLES `notifications` WRITE;
/*!40000 ALTER TABLE `notifications` DISABLE KEYS */;
/*!40000 ALTER TABLE `notifications` ENABLE KEYS */;
UNLOCK TABLES;

--
-- Table structure for table `roles`
--

DROP TABLE IF EXISTS `roles`;
/*!40101 SET @saved_cs_client     = @@character_set_client */;
/*!50503 SET character_set_client = utf8mb4 */;
CREATE TABLE `roles` (
  `id` char(36) NOT NULL,
  `roleName` varchar(100) NOT NULL,
  `industry` char(36) NOT NULL,
  `description` varchar(100) NOT NULL,
  PRIMARY KEY (`id`),
  UNIQUE KEY `roleName` (`roleName`),
  KEY `industry` (`industry`),
  CONSTRAINT `roles_ibfk_1` FOREIGN KEY (`industry`) REFERENCES `industries` (`id`)
) ENGINE=InnoDB DEFAULT CHARSET=utf8mb4 COLLATE=utf8mb4_0900_ai_ci;
/*!40101 SET character_set_client = @saved_cs_client */;

--
-- Dumping data for table `roles`
--

LOCK TABLES `roles` WRITE;
/*!40000 ALTER TABLE `roles` DISABLE KEYS */;
INSERT INTO `roles` VALUES ('560cfd3b-89c3-11ea-9959-8c1645373715','Dynamic Usability Officer','560c0a8b-89c3-11ea-9959-8c1645373715','Eaque minus tempore reiciendis ratione aut ad ad enim.'),('560d2d5f-89c3-11ea-9959-8c1645373715','Lead Web Planner','560c329a-89c3-11ea-9959-8c1645373715','Ducimus aut laboriosam at est asperiores.'),('560d2ea7-89c3-11ea-9959-8c1645373715','Direct Response Associate','560c329a-89c3-11ea-9959-8c1645373715','Illum expedita accusamus minima est.'),('560d2f74-89c3-11ea-9959-8c1645373715','Corporate Directives Designer','560c30ac-89c3-11ea-9959-8c1645373715','Reprehenderit sit commodi eaque.'),('560d301d-89c3-11ea-9959-8c1645373715','Dynamic Configuration Representative','560c3160-89c3-11ea-9959-8c1645373715','Officiis ea qui voluptatem dolorum beatae id ullam.'),('560d30ca-89c3-11ea-9959-8c1645373715','Dynamic Factors Designer','560c30ac-89c3-11ea-9959-8c1645373715','Voluptatibus ut ut perspiciatis nostrum eos praesentium.'),('560d317a-89c3-11ea-9959-8c1645373715','Legacy Functionality Orchestrator','560c0a8b-89c3-11ea-9959-8c1645373715','Sed optio aliquam voluptatem excepturi aut enim enim facilis aut.'),('560d3220-89c3-11ea-9959-8c1645373715','Central Accounts Facilitator','560c329a-89c3-11ea-9959-8c1645373715','Consectetur delectus in voluptatum debitis impedit velit id.'),('560d32d7-89c3-11ea-9959-8c1645373715','Central Assurance Liaison','560c329a-89c3-11ea-9959-8c1645373715','Et odio earum exercitationem et neque sint deleniti.'),('560d3384-89c3-11ea-9959-8c1645373715','Product Communications Liaison','560c3160-89c3-11ea-9959-8c1645373715','Ipsam et doloribus rerum dicta.'),('560d3423-89c3-11ea-9959-8c1645373715','National Configuration Administrator','560c30ac-89c3-11ea-9959-8c1645373715','Ut magnam iste esse rem praesentium dolor tenetur amet.'),('560d34c8-89c3-11ea-9959-8c1645373715','Internal Assurance Producer','560c3245-89c3-11ea-9959-8c1645373715','Modi laborum vero excepturi molestiae totam et necessitatibus.'),('560d358a-89c3-11ea-9959-8c1645373715','Lead Program Planner','560c0a8b-89c3-11ea-9959-8c1645373715','Impedit adipisci est.'),('560d366c-89c3-11ea-9959-8c1645373715','Global Implementation Architect','560c3160-89c3-11ea-9959-8c1645373715','Laboriosam enim id laudantium dolore soluta commodi quas velit qui.'),('560d372a-89c3-11ea-9959-8c1645373715','Dynamic Accounts Technician','560c3160-89c3-11ea-9959-8c1645373715','Sit a deleniti omnis repellendus alias facilis delectus.'),('560d37de-89c3-11ea-9959-8c1645373715','Dynamic Division Associate','560c329a-89c3-11ea-9959-8c1645373715','Dicta aut ut libero qui error.'),('560d3892-89c3-11ea-9959-8c1645373715','District Mobility Architect','560c329a-89c3-11ea-9959-8c1645373715','Repudiandae laborum quam in omnis quam.'),('560d3950-89c3-11ea-9959-8c1645373715','Dynamic Brand Orchestrator','560c0a8b-89c3-11ea-9959-8c1645373715','Qui dignissimos est rerum quidem laborum nemo nemo sint.'),('560d3a04-89c3-11ea-9959-8c1645373715','Forward Assurance Assistant','560c3160-89c3-11ea-9959-8c1645373715','Quaerat nesciunt magnam quasi quod iste earum esse.'),('560d3aad-89c3-11ea-9959-8c1645373715','Senior Integration Consultant','560c30ac-89c3-11ea-9959-8c1645373715','Et dolorem quaerat fuga ullam sequi maiores ullam magnam.');
/*!40000 ALTER TABLE `roles` ENABLE KEYS */;
UNLOCK TABLES;

--
-- Table structure for table `users`
--

DROP TABLE IF EXISTS `users`;
/*!40101 SET @saved_cs_client     = @@character_set_client */;
/*!50503 SET character_set_client = utf8mb4 */;
CREATE TABLE `users` (
  `id` char(36) NOT NULL,
  `email` varchar(320) NOT NULL,
  `password` binary(64) NOT NULL,
  `salt` binary(128) NOT NULL,
  `customerId` varchar(30) DEFAULT NULL,
  `subscriptionId` varchar(30) DEFAULT NULL,
  `userType` enum('employer','employee') NOT NULL,
  `active` tinyint(1) NOT NULL DEFAULT '0',
  `resetCode` char(6) NOT NULL DEFAULT '000000',
  PRIMARY KEY (`id`)
) ENGINE=InnoDB DEFAULT CHARSET=utf8mb4 COLLATE=utf8mb4_0900_ai_ci;
/*!40101 SET character_set_client = @saved_cs_client */;

--
-- Dumping data for table `users`
--

LOCK TABLES `users` WRITE;
/*!40000 ALTER TABLE `users` DISABLE KEYS */;
INSERT INTO `users` VALUES ('560a8fb7-89c3-11ea-9959-8c1645373715','Reilly11@yahoo.com',_binary '|I\\,\\P.\1&yo?<+]\F3MtFZ33GIsl\',_binary '\\A\+N \\\"63pD5z\Dj7cm\b\yimj=\+}\!\Cb;\yn\yVn\r;d\l_\\/\06/\0\\\:5nN7\p\\',NULL,NULL,'employer',1,'tanuc3'),('560ab3a7-89c3-11ea-9959-8c1645373715','Darlene.Walker10@gmail.com',_binary '\\\\mw*\!]5_\\\Jv;\\_D\\?B\sJ\oy$H@R\\e',_binary 'b\\t S&Bimo\3iA\w1\\ +\>,\ry#k\"Ca1l-wMA*o\L*\g\\\H;?fp=\1\\ANM93DoR^X\\1lP\',NULL,NULL,'employer',1,'9qwpte'),('560ab4a8-89c3-11ea-9959-8c1645373715','Renee.Hilpert@hotmail.com',_binary '2Rr:X;\\\\{\\\$@e\\SuV\\\*~\p\@/',_binary ']\n\u}gJ|\X*H\p\*/c\\n\1ll\\V!1PO^-\$\\#\$\6R+&\\~\0cB(\\c[_E\\[/\bit\',NULL,NULL,'employer',1,'5evurc'),('560ab52a-89c3-11ea-9959-8c1645373715','Angelita.Mills@hotmail.com',_binary '+SkJ2<$\\k\\\;R_\\"H#G3=$voxZ\j\\\',_binary '\CL9sq`t@\Z\p\\1\\u\\\\s\c&\F*	\h\_]#(U\uj\?m\ZGCMMM#\\\tUVt\ZI\\S4U\\BuT3\)\rVT\',NULL,NULL,'employer',1,'b7bqfq'),('560abd87-89c3-11ea-9959-8c1645373715','Wilfredo.Gottlieb@yahoo.com',_binary '\0\nTbJ\S\F\6.Y\] En\:\9?J/\b\@W\9<N\9\',_binary '\Ypp\\+\F\\"hrh}<\(;\hAh4\0\\\\T\e\\"L\U>\|B)dfCKy\*0,Oz:\\fe\\"HVZ%[l]\$%w\e',NULL,NULL,'employer',1,'msto2i'),('560abdfc-89c3-11ea-9959-8c1645373715','Hayley7@yahoo.com',_binary '{]{ap\XeM7w\\"\t\R\g\rQ*^)\Qaj\bi\uj\X\b	\',_binary 'x\\"#\0:o3\\\SD6<\5{\\c\R/\k(\"	38U\\Li\	)<\\\D6\\8\\E\uk~\N\\#Q%r\\\?\0t\\',NULL,NULL,'employee',1,'7lijtu'),('560abe7b-89c3-11ea-9959-8c1645373715','Dameon93@gmail.com',_binary 'b\_<\j\i1wFF\\U\\(0xc/e\Q\G\nF\n\2',_binary '\zBCt-	P\\,\\o4OLZ[\>\'4*]Bb\_\\b\\6N\"\foT\ag= \+0J\5W\'\\Q\nW\\\\nF7\k\1Tt5<',NULL,NULL,'employee',1,'ni50wg'),('560abee8-89c3-11ea-9959-8c1645373715','Marlon_VonRueden@hotmail.com',_binary 'dk\\\b*\1\k0\\\Ba\b5J\,\\Z\\\9LmJ\1Gy_\o\',_binary '_\/,nR}^	\r\nce\\ls&\\0/TBWtwU:DpCO\n\BK\k\gf\\6^/\"a`s)`J%\L\h\,\\',NULL,NULL,'employee',1,'7426rw'),('560abf6a-89c3-11ea-9959-8c1645373715','Moises69@yahoo.com',_binary 'RN~j@\j(\W6Oi[O\PGl k\\_=\\0 \q[\-\*e\/fe',_binary '\ a9A\7\Y\Z9$x\\4;o\rz@\m\x-\:	gz\\\|=eM\mJ\\B\\!\2Gjx^\\r\R8.})^\n$Em\BM+\)',NULL,NULL,'employee',1,'hqisj9'),('560abfd4-89c3-11ea-9959-8c1645373715','Lexus_Gutmann@yahoo.com',_binary '\s}#F\\4V|=!lX\j\1o\t\\4\\\_0\}-%\ZaY\:\\%O',_binary 'Adb1v%MyRD\~\\'X&\0\NE[\CI!p\QR8`,h\e_\@^^j\\>p#\w)@JuX(/H.\\n|g\\\\jGB$.\\i\rN\W',NULL,NULL,'employee',1,'zv6peq'),('560ac041-89c3-11ea-9959-8c1645373715','Maryse_Casper@hotmail.com',_binary 'e\\P\\\0c\\\~\hLm\\\y\\Q~Ry\Pv\',_binary '-`\\9e\9T\\/\\~|XL\SCFqB\n,0\5e[Te|2D\x\r/mo0\7okH	g+t\nX46:N\&E3\7?F\t\y',NULL,NULL,'employee',1,'vkpr8g'),('560ac0b2-89c3-11ea-9959-8c1645373715','Annette9@gmail.com',_binary '\CHgY4Y3\tz4[\/ \V5\+l\\8nO\hsh\',_binary '\rU0t\(?S\0(.\1VC0Y\;:U\z\\\\LF\"`Mfp\\`\O\zE?\\^PJ9<)J\Z\\x\~\6\\\\\RJ\Z\W=\!~{f8\Fg(%',NULL,NULL,'employee',1,'nz8f29'),('560ac127-89c3-11ea-9959-8c1645373715','Lenna.McGlynn@yahoo.com',_binary 'gU[?=TK\a#\\'9S	M?\L\d{}\\\<UD`\\ *\',_binary 'b0BL\\X2KCcy\\1tYwY\T,cgQ	`h\\0\\{LI8;C`|yRdr7d\>8AD^$0v`dL\IU.\&\S',NULL,NULL,'employee',1,'e7r23z'),('560ac190-89c3-11ea-9959-8c1645373715','Arielle.Muller83@gmail.com',_binary '\EkGP\_`\\0A\G$\u\z\p\\"\Ln\\T\7',_binary '_%\I\\2:\U-p_O2N~\D\>f\Y\\1Ql{E\.\\Saxh\/[\"\\E\\N!ug\O\mp\\QN\d\P	McIZ	\tRGwo\'IE',NULL,NULL,'employee',1,'0v1n6x'),('560ac1fa-89c3-11ea-9959-8c1645373715','Sylvia.Stiedemann26@hotmail.com',_binary '\\\w$\127M\t\ \}\\2O\z\\\\C\\&%=\uv',_binary '\\\Lr\0\'\{\@\\8[L\u*#L2\F\\\rj\\'Kx.\\\\5\*\Za\0-A0\'\"r\\7=\\@Q-R\w\1\0t:\q\w?)l\,3\sA',NULL,NULL,'employee',1,'a7jk2u'),('560ac260-89c3-11ea-9959-8c1645373715','Hugh1@gmail.com',_binary ',\mP([,\{\\\>\a1(U[r\\'\\\w7\\dhL%\\Mv\\',_binary '7\s4\~)l,l\Z\\g4\\\ZYluXF\jQn{So\z9@/\8\+n^DJj\\UG9up<p!$,#\g	\] Xd*Bj]A=gE\H',NULL,NULL,'employee',1,'5l7pig'),('560ac2dc-89c3-11ea-9959-8c1645373715','Jalen_Torp69@yahoo.com',_binary '\\\_)z\nwZ\QdTB8c\$\\\\,MG.+r\`E@',_binary 'aN\}\7\HQ\Z~\P\?d5\\\]xTiS\6>WI\+]/\r!-\\\A)\H\"r%{\\H\da	\\oU\iywz7V\J\j\"S\\>h',NULL,NULL,'employee',1,'it5sa6'),('560ac354-89c3-11ea-9959-8c1645373715','Kamryn67@gmail.com',_binary '\"ZBB@!pS|@\	f<}R}\>\'7SXPQ14ZTDA	\\"*',_binary 'xwo!\	\\A9:\\"\E\!\S\BIa\$\V\\\\e\\\\3\lbr\J|B\048,_7\\~\\\\;\'L\H\.<51\k\U+:',NULL,NULL,'employee',1,'8xce5a'),('560ac3ba-89c3-11ea-9959-8c1645373715','Laurie.Weissnat@gmail.com',_binary '\\q@833aq\\Z\\\\g3z\d#Ou{8U8`\;',_binary '\c)Y\[E\\B\g1&IH,$&8\En6@\\\a@Up4Xu\:\\1}\\h\4\\\h\nFG\\\\6_zz\$]\\tOV\\'y',NULL,NULL,'employee',1,'mujrc2'),('560ac427-89c3-11ea-9959-8c1645373715','Rusty.Macejkovic@hotmail.com',_binary '\\0!*W_`\"\hp^(O\\<N6\	\\\Z!~\S%>Vg\FV\pP\',_binary '\0ua\1\W|Rp/S\aBU\_h=Cw\\+;\H9U&9J\90n\e\V\?][>}\8\7\\rk=\Y?\',NULL,NULL,'employee',1,'vlnuhw'),('560ac491-89c3-11ea-9959-8c1645373715','Carolyn.Schultz@yahoo.com',_binary '6Uu\P\BHY\{\r\I=\.{YNB\\\"\\\\\'h\ZIa\',_binary '\;@\3A<;r\43pup\\oF.^i|B\w9 ?\\$\C\p<\ D\\U)@\{\'\\\bk\\\\'\r\D\n&$+}\\ZM\r\US<:\"',NULL,NULL,'employee',1,'gthvfl'),('560ac4f4-89c3-11ea-9959-8c1645373715','Leta.Tillman79@yahoo.com',_binary '\RF\8droCl\;#\.\Q\h\n\D&V\J\G\Zo\	~2\0S',_binary 'l Qh\\]\\ ([TTdT\\\k\mD}xK?F7ZI\(kIZ\GOH2\j.FeCE\0\w\\Z\f\^k\"G\wj\h\\6\v\'j|e',NULL,NULL,'employee',1,'kii6qd'),('560ac55a-89c3-11ea-9959-8c1645373715','Liza36@hotmail.com',_binary 'A-_I,f\T^F `:M,{\\\/$\\QF}\\"\	gS\a]\\\\\&s:371',_binary 'e:3\Q\b}B\tC\,C=\\!\	\D\~`*`H\H\m	x3q\gQ\\\yo\_\\\\fr?\\x\'\9&.\)\pM \^',NULL,NULL,'employee',1,'o6hwrb'),('560ac5c0-89c3-11ea-9959-8c1645373715','Albert.Jenkins@gmail.com',_binary ':q\UCn9jBzkj\6\\S5w\%.\Y^\(Zx\\#Y\n+o\Z<ez',_binary '9 \k*.\Wf\k&\\\ETK\{t\\.\:@\Z9\\:\\a\X$f?\j8\ J\\\\^xA\@\bfI\0:\j2`X7\gC\\-8',NULL,NULL,'employee',1,'ndxowy'),('560ac631-89c3-11ea-9959-8c1645373715','Candida_Pollich@hotmail.com',_binary 'uP	8\\wOXU=\\\\"D<9jm5$\n\G\B8\hFqx\:W4bG3',_binary '\\|\\\</v\\n2SWi=\kms\G\-P\v+&L6^r\Z\!\\\8k:C~V3\u;T@e!\#gy%:iM\\\6r-',NULL,NULL,'employee',1,'wqq19m'),('560ac6d3-89c3-11ea-9959-8c1645373715','Abraham_Bednar@gmail.com',_binary 'Y&\\ G1h3\HR\"\\CJ\!\C\Cu\H@\0:8n%',_binary '=W\WUW:3al>d\gv\\Unj;\#2,`L\\Mz_\I[N=&:\\\Z\\TLl!$+Z\\\\\\\"7TWsx7\s\\a;\{q\\RZ\r',NULL,NULL,'employee',1,'t5l2ym'),('560ac756-89c3-11ea-9959-8c1645373715','Rudy96@yahoo.com',_binary '\;gX\:\a\\\=@>\\X\Z\0\EU\N.:\Ga\\\9',_binary '\%*\\QQ2};[\\r!yh\\<\+\0\\P\\\?\F_\-,DqF;\\Z\]ja\&*/@^\\$_\r~k=Z#TK\\3aF>\U\e3=\',NULL,NULL,'employee',1,'ufidn2'),('560ac7c3-89c3-11ea-9959-8c1645373715','Gloria46@gmail.com',_binary 'N\*\OVP&e\\\02\"\tx\r]\\^>`}',_binary 'I\\\\VE\\?c^~%[J\)88\ts\\p\O\n\'\1J>\[\\\\n\cdH0)*\\f\\'\tY\L>N?',NULL,NULL,'employee',1,'1pe2qy'),('560ac842-89c3-11ea-9959-8c1645373715','Lillian_Armstrong12@gmail.com',_binary '`z JmS\bBA\z\n2\\X\Z;*zeP$\\~\\p\',_binary ':\Th\6\Q\\#\+p	\`Y\\[Kb,EWJ,)z0RAQ~\\\\\B\fL\\\8?\i\c\4|f)P\+\mbO\6\(Nq\0\\\\(A{\:',NULL,NULL,'employee',1,'8tfbky'),('560ac8ac-89c3-11ea-9959-8c1645373715','Ronny_Parker@hotmail.com',_binary '9\n)\rdz\\Zy{\n##v\/\OO\9EHj\z(\\/\\\',_binary 'c\\\&i{\:Sl8\\:\(\n$J?!9M\8]P{\7N\1JHyJ\6 \$q\\Q?i`m\\Z mvs~\K%ZA;8\&><',NULL,NULL,'employee',1,'qczlwh'),('560ac912-89c3-11ea-9959-8c1645373715','Timmy.Swift35@yahoo.com',_binary '4\\'G\\\g=.z\\|vp8\] \zg\\s\/\cyl\',_binary 'd75R_b<in\s	zlmaTW u\aGC\\0\:\\\1\x\M\)aiE{\-\T\-UK\u\\\\Z\0\D(\\\pGhx\9\s\Y\^c\`',NULL,NULL,'employee',1,'ftci6k'),('560ac9aa-89c3-11ea-9959-8c1645373715','Jerad1@hotmail.com',_binary '\I2#G#\=je(\0\\w\#\^\@\ZAY=\:XIN8\r\\\ \',_binary 'O\dHZ\Pq\ZYsDt\%\6\fwj.Q-\OJ\I>WV\>ucXL)_`]BB(uR\\G\\XP\2S:W	\W\'DmvE?It\IM\1',NULL,NULL,'employee',1,'b6qbgc'),('560aca1b-89c3-11ea-9959-8c1645373715','Era.Douglas46@hotmail.com',_binary '\\\r\\k;\!\';R^3$\nM\\\\P\C\I\y\(~P\C\',_binary '{	\|B\#(T\\\Y\j^\\nKS6\\\/Ict(\\\\\\\\\\\\NbqnQ33\R&\\\\v\\W\/	\%\U?Im\C',NULL,NULL,'employee',1,'ww18d2'),('560aca81-89c3-11ea-9959-8c1645373715','Carmella.Boyle@gmail.com',_binary 'MAq\\\0#?\\nKH\T?9\\>\\Wd\Lh\mDU\03\i',_binary '{\e\)\\o\2|\\\Z/S2uO	\2\-F)qT`\Z\\G3^VjQ{}X8\v\J\\\^8G:f]\\2*\\ex1R)0%\\&\\0+\!=',NULL,NULL,'employee',1,'ozmw3w'),('560acaee-89c3-11ea-9959-8c1645373715','Kelly.Mueller@hotmail.com',_binary '\\9\"tD.nQ6uIw.Ca\\\MT3\,\\}H><_~!X\ZR~',_binary 'r\:\\\7En(W\\fhn\W\dA&\^\}<wy\y\<\\g\r\rv\:\N\9\'\nKz?bnN}YI\\\\\\D\',NULL,NULL,'employee',1,'6sn3gh'),('560acb54-89c3-11ea-9959-8c1645373715','Kenny35@gmail.com',_binary '\Z\t\[d~\%\XX\1\y=KQ\	Dq\)evk\A\\"jo]O',_binary '\3\\\\_\\G\F\\d\a#\[%p3\d\d7dc<Z	\ZEb\\LJ\oa9\\":L%tZV$s_\\\_1/\%,.\\\\\\G\u.\8m',NULL,NULL,'employee',1,'fnbjjp'),('560acbbb-89c3-11ea-9959-8c1645373715','Janiya.Rath89@gmail.com',_binary '\\.nyXY,\Ht1p\e!\ZS\Oo\\=Fh[nupM\\5\\\',_binary '\n\&DbQG\\;&\!^|^p`\RtotY\J\\:3F\\r>\^\L\<TA\'sE\\0Y_\\0Kn\1C\\v.gDTGY\\}\NlqZ\\:K',NULL,NULL,'employee',1,'xzwxhf'),('560acc21-89c3-11ea-9959-8c1645373715','Ryleigh71@hotmail.com',_binary '\H3-l-8\0hr0[J\\\\@05s\\IACDwtxe)p\',_binary '9^\\0wc\'[b,\V\\WO\0\]Dc\X\ZxaE\ZVKq\\\\f5\t\wny\5\u>\\c\\AIG\HF.',NULL,NULL,'employee',1,'mot9qz'),('560acc8e-89c3-11ea-9959-8c1645373715','Sterling.Ziemann@yahoo.com',_binary 'B7\N\\\\\\"yG\\rzsE/d\)CJ]mL7fSJ8J/gUC\GT\\\',_binary 'qV}}\.+a\.DH_\L	/c\fEMRw4\\\\c8HN\)\t&=\\UZSyy\b\\^w\\?&W\\\Z',NULL,NULL,'employee',1,'fuudcb'),('560accf8-89c3-11ea-9959-8c1645373715','Beulah37@gmail.com',_binary '\]G8\Zg\\\\ZI({I\idW\=4AQEj\0+g4B%ym@h\\\\#s',_binary ']q. zt?\'\u\dW\\Y\mL;u\\;p82\"JJC\\\S\0\\\^\\^-\\[okV]RL`\4n\j\\]\\\\\\n#1R;\"\',NULL,NULL,'employee',1,'blmgpt'),('560acd5e-89c3-11ea-9959-8c1645373715','Emerson_Schaefer37@yahoo.com',_binary '\\j=\0\d\'(_Vm\\\V2\\\\o	KS1\NU\l`\C.BAz\8\',_binary '4\6\\r\FZ!\\j\Hn;\#f1\"c\\ o tOLx\$HnZO\aRf\\V\\\\\nmmo`L\r\rQl\\{\+]x5no*\',NULL,NULL,'employee',1,'zl2eq3'),('560acdcf-89c3-11ea-9959-8c1645373715','Emmanuelle98@yahoo.com',_binary '@\5+\Z\E\<M$H\Z}\_\Z\	T^\7\n)F[X\;BU.6[B6\',_binary '\|~nbCQ}k~[{\Zs8x4\;w\Ci\\\+wu\jj\XE$_X.st\':N!AJd^\\\h\\\' <\B\c\\\}v\',NULL,NULL,'employee',1,'vvnuev'),('560ace35-89c3-11ea-9959-8c1645373715','Dock.Durgan@yahoo.com',_binary 'CPo\\-\ji\)/s\7X>\rk\KqV_P\'oy\SW\mi/6\'K',_binary '5\a\^\_Z1Z\Y)O\\U\4	~_\\\E\rF\\\?K*&\+xN\\$3h+\o\\ov\Yj\\SXW/\"\v6>\\clj\} z\8\',NULL,NULL,'employee',1,'lg2ko9'),('560ace9f-89c3-11ea-9959-8c1645373715','Phoebe_Durgan53@gmail.com',_binary '~`\T\/\Q.v\\R!r\2\\\=m\CU\i?\\4UB\;|t\\?\0',_binary '4@\/\"XmNkMg\\jsve\<\L\Z\\u\\,\cp\RA\n0!z\\LD\\v^y\\mUf\\\?$\\\MT\MHo~	',NULL,NULL,'employee',1,'q2awef'),('560acf05-89c3-11ea-9959-8c1645373715','Trey_Goodwin36@gmail.com',_binary 'Zh8!\0n_|l=H]U|\N\\U\\\vjRE\\K\',_binary '\#_gX\B\$\\04\#VO&s\VK6\]a2\vP\n$l\\0Fl{?8\D\`\\j\"\kx61M7;|:\[\\F\nYr\0x/\@{',NULL,NULL,'employee',1,'niwkl8'),('560acf6c-89c3-11ea-9959-8c1645373715','Enos70@gmail.com',_binary 'J9kPQN/QW\'l\kR\q>\GY;;MfU3\\n6w/xL~',_binary '8\\ra\L[\s\Bu\Z\\6\@?SC\[\1\\\Ba6k:\\A2#x\\\C\G:(\\\fG\v\[$\\(\,3_D\\-\\2',NULL,NULL,'employee',1,'ftxtv3'),('560acfd6-89c3-11ea-9959-8c1645373715','Erik_OKeefe@gmail.com',_binary '\\w\q~	rB2\\S\\F\'ZY\b_IlL4[J^\s',_binary '}?I#v\\"3\'\t@Tni\nEKS\w\L6U\8v\\z\Xn.L\\=j1\.\o\~E|\R\K\\\O4x\Uo\&/o\9\\',NULL,NULL,'employee',1,'oecot0'),('560ad03c-89c3-11ea-9959-8c1645373715','Marquise16@gmail.com',_binary '\\\\\rK8Z\C\r+\\#PFxwe\kf\ \C\Zx4QaY\ZQ\O+',_binary '\\"c\ZG|bK\m)\[|uug\yn#>yrX\0RA?Fh	f\.cc6\r\\\$AIrq+>\tdXEY\e\FR\o2eR5xM;m\\\',NULL,NULL,'employee',1,'cjbr8w'),('560ad0ad-89c3-11ea-9959-8c1645373715','Fanny.Willms23@hotmail.com',_binary '\V\\#\'H.1\H\n^QU\gy\D\\h7\M\\i\Ys\4P	c=\V\',_binary '-\\`3,\:\\\F\3q7R|\\\mM]NP\\RNO\\\\N\\<dJLhq8j_\\8)u\1A\2~$',NULL,NULL,'employee',1,'lczic3'),('560ad156-89c3-11ea-9959-8c1645373715','Jillian.Kemmer@gmail.com',_binary '\\_E]W\Ur:={\6\bK\\wG,+;!\y.ee$\\[H6',_binary 'IH3\\\\SB/4\]\o<h\D/qr\\\6\\\e\U\'-r7W\"[ZGE*<p\p8cjJ\19tDAm^\^6P\Pb\',NULL,NULL,'employee',1,'1xhlz1');
/*!40000 ALTER TABLE `users` ENABLE KEYS */;
UNLOCK TABLES;
/*!40103 SET TIME_ZONE=@OLD_TIME_ZONE */;

/*!40101 SET SQL_MODE=@OLD_SQL_MODE */;
/*!40014 SET FOREIGN_KEY_CHECKS=@OLD_FOREIGN_KEY_CHECKS */;
/*!40014 SET UNIQUE_CHECKS=@OLD_UNIQUE_CHECKS */;
/*!40101 SET CHARACTER_SET_CLIENT=@OLD_CHARACTER_SET_CLIENT */;
/*!40101 SET CHARACTER_SET_RESULTS=@OLD_CHARACTER_SET_RESULTS */;
/*!40101 SET COLLATION_CONNECTION=@OLD_COLLATION_CONNECTION */;
/*!40111 SET SQL_NOTES=@OLD_SQL_NOTES */;

-- Dump completed on 2020-04-29  9:46:39
