-- MySQL dump 10.13  Distrib 8.0.19, for Win64 (x86_64)
--
-- Host: localhost    Database: recruiter
-- ------------------------------------------------------
-- Server version	8.0.19

/*!40101 SET @OLD_CHARACTER_SET_CLIENT=@@CHARACTER_SET_CLIENT */;
/*!40101 SET @OLD_CHARACTER_SET_RESULTS=@@CHARACTER_SET_RESULTS */;
/*!40101 SET @OLD_COLLATION_CONNECTION=@@COLLATION_CONNECTION */;
/*!50503 SET NAMES utf8mb4 */;
/*!40103 SET @OLD_TIME_ZONE=@@TIME_ZONE */;
/*!40103 SET TIME_ZONE='+00:00' */;
/*!40014 SET @OLD_UNIQUE_CHECKS=@@UNIQUE_CHECKS, UNIQUE_CHECKS=0 */;
/*!40014 SET @OLD_FOREIGN_KEY_CHECKS=@@FOREIGN_KEY_CHECKS, FOREIGN_KEY_CHECKS=0 */;
/*!40101 SET @OLD_SQL_MODE=@@SQL_MODE, SQL_MODE='NO_AUTO_VALUE_ON_ZERO' */;
/*!40111 SET @OLD_SQL_NOTES=@@SQL_NOTES, SQL_NOTES=0 */;

--
-- Table structure for table `desiredlocations`
--

DROP TABLE IF EXISTS `desiredlocations`;
/*!40101 SET @saved_cs_client     = @@character_set_client */;
/*!50503 SET character_set_client = utf8mb4 */;
CREATE TABLE `desiredlocations` (
  `employee` char(36) NOT NULL,
  `locationId` char(36) NOT NULL,
  PRIMARY KEY (`employee`,`locationId`),
  KEY `locationId` (`locationId`),
  CONSTRAINT `desiredlocations_ibfk_1` FOREIGN KEY (`employee`) REFERENCES `employees` (`id`),
  CONSTRAINT `desiredlocations_ibfk_2` FOREIGN KEY (`locationId`) REFERENCES `locations` (`id`)
) ENGINE=InnoDB DEFAULT CHARSET=utf8mb4 COLLATE=utf8mb4_0900_ai_ci;
/*!40101 SET character_set_client = @saved_cs_client */;

--
-- Dumping data for table `desiredlocations`
--

LOCK TABLES `desiredlocations` WRITE;
/*!40000 ALTER TABLE `desiredlocations` DISABLE KEYS */;
INSERT INTO `desiredlocations` VALUES ('3fc86ad4-7e39-11ea-8f79-8c1645373715','3fcb0405-7e39-11ea-8f79-8c1645373715'),('3fc86f64-7e39-11ea-8f79-8c1645373715','3fcb0405-7e39-11ea-8f79-8c1645373715'),('3fc876f7-7e39-11ea-8f79-8c1645373715','3fcb0405-7e39-11ea-8f79-8c1645373715'),('3fc86bab-7e39-11ea-8f79-8c1645373715','3fcb2284-7e39-11ea-8f79-8c1645373715'),('3fc86ede-7e39-11ea-8f79-8c1645373715','3fcb2284-7e39-11ea-8f79-8c1645373715'),('3fc8601d-7e39-11ea-8f79-8c1645373715','3fcb25ac-7e39-11ea-8f79-8c1645373715'),('3fc865c3-7e39-11ea-8f79-8c1645373715','3fcb25ac-7e39-11ea-8f79-8c1645373715'),('3fc86ede-7e39-11ea-8f79-8c1645373715','3fcb26b4-7e39-11ea-8f79-8c1645373715'),('3fc870e7-7e39-11ea-8f79-8c1645373715','3fcb26b4-7e39-11ea-8f79-8c1645373715'),('3fc8699e-7e39-11ea-8f79-8c1645373715','3fcb27ce-7e39-11ea-8f79-8c1645373715'),('3fc86a75-7e39-11ea-8f79-8c1645373715','3fcb27ce-7e39-11ea-8f79-8c1645373715'),('3fc86cb0-7e39-11ea-8f79-8c1645373715','3fcb27ce-7e39-11ea-8f79-8c1645373715'),('3fc8706c-7e39-11ea-8f79-8c1645373715','3fcb27ce-7e39-11ea-8f79-8c1645373715'),('3fc875b3-7e39-11ea-8f79-8c1645373715','3fcb27ce-7e39-11ea-8f79-8c1645373715'),('3fc8601d-7e39-11ea-8f79-8c1645373715','3fcb28cc-7e39-11ea-8f79-8c1645373715'),('3fc86122-7e39-11ea-8f79-8c1645373715','3fcb28cc-7e39-11ea-8f79-8c1645373715'),('3fc864e5-7e39-11ea-8f79-8c1645373715','3fcb28cc-7e39-11ea-8f79-8c1645373715'),('3fc8672e-7e39-11ea-8f79-8c1645373715','3fcb28cc-7e39-11ea-8f79-8c1645373715'),('3fc86a75-7e39-11ea-8f79-8c1645373715','3fcb28cc-7e39-11ea-8f79-8c1645373715'),('3fc87349-7e39-11ea-8f79-8c1645373715','3fcb28cc-7e39-11ea-8f79-8c1645373715'),('3fc871c9-7e39-11ea-8f79-8c1645373715','3fcb29df-7e39-11ea-8f79-8c1645373715'),('3fc876f7-7e39-11ea-8f79-8c1645373715','3fcb29df-7e39-11ea-8f79-8c1645373715'),('3fc86200-7e39-11ea-8f79-8c1645373715','3fcb2b04-7e39-11ea-8f79-8c1645373715'),('3fc86bab-7e39-11ea-8f79-8c1645373715','3fcb2b04-7e39-11ea-8f79-8c1645373715'),('3fc86dfc-7e39-11ea-8f79-8c1645373715','3fcb2b04-7e39-11ea-8f79-8c1645373715'),('3fc86564-7e39-11ea-8f79-8c1645373715','3fcb2c09-7e39-11ea-8f79-8c1645373715'),('3fc8699e-7e39-11ea-8f79-8c1645373715','3fcb2c09-7e39-11ea-8f79-8c1645373715'),('3fc86dfc-7e39-11ea-8f79-8c1645373715','3fcb2c09-7e39-11ea-8f79-8c1645373715'),('3fc85fb3-7e39-11ea-8f79-8c1645373715','3fcb2ce7-7e39-11ea-8f79-8c1645373715'),('3fc86403-7e39-11ea-8f79-8c1645373715','3fcb2ce7-7e39-11ea-8f79-8c1645373715'),('3fc864e5-7e39-11ea-8f79-8c1645373715','3fcb2ce7-7e39-11ea-8f79-8c1645373715'),('3fc865c3-7e39-11ea-8f79-8c1645373715','3fcb2ce7-7e39-11ea-8f79-8c1645373715'),('3fc8639d-7e39-11ea-8f79-8c1645373715','3fcb2e33-7e39-11ea-8f79-8c1645373715'),('3fc86ede-7e39-11ea-8f79-8c1645373715','3fcb2e33-7e39-11ea-8f79-8c1645373715'),('3fc87163-7e39-11ea-8f79-8c1645373715','3fcb2e33-7e39-11ea-8f79-8c1645373715'),('3fc876f7-7e39-11ea-8f79-8c1645373715','3fcb2e33-7e39-11ea-8f79-8c1645373715'),('3fc85fb3-7e39-11ea-8f79-8c1645373715','3fcb2efc-7e39-11ea-8f79-8c1645373715'),('3fc869fd-7e39-11ea-8f79-8c1645373715','3fcb2efc-7e39-11ea-8f79-8c1645373715'),('3fc86cb0-7e39-11ea-8f79-8c1645373715','3fcb2efc-7e39-11ea-8f79-8c1645373715'),('3fc86d28-7e39-11ea-8f79-8c1645373715','3fcb2efc-7e39-11ea-8f79-8c1645373715'),('3fc870e7-7e39-11ea-8f79-8c1645373715','3fcb2efc-7e39-11ea-8f79-8c1645373715'),('3fc8619a-7e39-11ea-8f79-8c1645373715','3fcb3043-7e39-11ea-8f79-8c1645373715'),('3fc86b49-7e39-11ea-8f79-8c1645373715','3fcb3043-7e39-11ea-8f79-8c1645373715'),('3fc86c20-7e39-11ea-8f79-8c1645373715','3fcb3043-7e39-11ea-8f79-8c1645373715'),('3fc86d28-7e39-11ea-8f79-8c1645373715','3fcb3043-7e39-11ea-8f79-8c1645373715'),('3fc87163-7e39-11ea-8f79-8c1645373715','3fcb3043-7e39-11ea-8f79-8c1645373715'),('3fc86474-7e39-11ea-8f79-8c1645373715','3fcb3133-7e39-11ea-8f79-8c1645373715'),('3fc86d28-7e39-11ea-8f79-8c1645373715','3fcb3133-7e39-11ea-8f79-8c1645373715'),('3fc86e74-7e39-11ea-8f79-8c1645373715','3fcb3133-7e39-11ea-8f79-8c1645373715'),('3fc8639d-7e39-11ea-8f79-8c1645373715','3fcb3266-7e39-11ea-8f79-8c1645373715'),('3fc8691c-7e39-11ea-8f79-8c1645373715','3fcb3266-7e39-11ea-8f79-8c1645373715'),('3fc86d9d-7e39-11ea-8f79-8c1645373715','3fcb3266-7e39-11ea-8f79-8c1645373715'),('3fc86f64-7e39-11ea-8f79-8c1645373715','3fcb3266-7e39-11ea-8f79-8c1645373715'),('3fc871c9-7e39-11ea-8f79-8c1645373715','3fcb3266-7e39-11ea-8f79-8c1645373715'),('3fc86dfc-7e39-11ea-8f79-8c1645373715','3fcb3341-7e39-11ea-8f79-8c1645373715'),('3fc8706c-7e39-11ea-8f79-8c1645373715','3fcb3341-7e39-11ea-8f79-8c1645373715'),('3fc86403-7e39-11ea-8f79-8c1645373715','3fcb3465-7e39-11ea-8f79-8c1645373715'),('3fc86d9d-7e39-11ea-8f79-8c1645373715','3fcb3465-7e39-11ea-8f79-8c1645373715'),('3fc872dc-7e39-11ea-8f79-8c1645373715','3fcb3465-7e39-11ea-8f79-8c1645373715'),('3fc8672e-7e39-11ea-8f79-8c1645373715','3fcb3552-7e39-11ea-8f79-8c1645373715'),('3fc8699e-7e39-11ea-8f79-8c1645373715','3fcb3552-7e39-11ea-8f79-8c1645373715'),('3fc8678a-7e39-11ea-8f79-8c1645373715','3fcb3614-7e39-11ea-8f79-8c1645373715'),('3fc878cf-7e39-11ea-8f79-8c1645373715','3fcb3614-7e39-11ea-8f79-8c1645373715'),('3fc86098-7e39-11ea-8f79-8c1645373715','3fcb3743-7e39-11ea-8f79-8c1645373715'),('3fc86403-7e39-11ea-8f79-8c1645373715','3fcb3743-7e39-11ea-8f79-8c1645373715'),('3fc87349-7e39-11ea-8f79-8c1645373715','3fcb3743-7e39-11ea-8f79-8c1645373715'),('3fc86200-7e39-11ea-8f79-8c1645373715','3fcb3860-7e39-11ea-8f79-8c1645373715'),('3fc86278-7e39-11ea-8f79-8c1645373715','3fcb3860-7e39-11ea-8f79-8c1645373715'),('3fc86403-7e39-11ea-8f79-8c1645373715','3fcb3860-7e39-11ea-8f79-8c1645373715'),('3fc86474-7e39-11ea-8f79-8c1645373715','3fcb3860-7e39-11ea-8f79-8c1645373715'),('3fc86cb0-7e39-11ea-8f79-8c1645373715','3fcb3860-7e39-11ea-8f79-8c1645373715'),('3fc87349-7e39-11ea-8f79-8c1645373715','3fcb3860-7e39-11ea-8f79-8c1645373715'),('3fc8776f-7e39-11ea-8f79-8c1645373715','3fcb3860-7e39-11ea-8f79-8c1645373715'),('3fc864e5-7e39-11ea-8f79-8c1645373715','3fcb3950-7e39-11ea-8f79-8c1645373715'),('3fc869fd-7e39-11ea-8f79-8c1645373715','3fcb3950-7e39-11ea-8f79-8c1645373715'),('3fc86fca-7e39-11ea-8f79-8c1645373715','3fcb3a6a-7e39-11ea-8f79-8c1645373715'),('3fc8706c-7e39-11ea-8f79-8c1645373715','3fcb3a6a-7e39-11ea-8f79-8c1645373715'),('3fc87163-7e39-11ea-8f79-8c1645373715','3fcb3a6a-7e39-11ea-8f79-8c1645373715'),('3fc86c20-7e39-11ea-8f79-8c1645373715','3fcb3b6c-7e39-11ea-8f79-8c1645373715'),('3fc86e74-7e39-11ea-8f79-8c1645373715','3fcb3b6c-7e39-11ea-8f79-8c1645373715'),('3fc86278-7e39-11ea-8f79-8c1645373715','3fcb3c66-7e39-11ea-8f79-8c1645373715'),('3fc86d9d-7e39-11ea-8f79-8c1645373715','3fcb3c66-7e39-11ea-8f79-8c1645373715'),('3fc878cf-7e39-11ea-8f79-8c1645373715','3fcb3c66-7e39-11ea-8f79-8c1645373715'),('3fc86122-7e39-11ea-8f79-8c1645373715','3fcb3d59-7e39-11ea-8f79-8c1645373715'),('3fc875b3-7e39-11ea-8f79-8c1645373715','3fcb3d59-7e39-11ea-8f79-8c1645373715'),('3fc8776f-7e39-11ea-8f79-8c1645373715','3fcb3d59-7e39-11ea-8f79-8c1645373715'),('3fc86098-7e39-11ea-8f79-8c1645373715','3fcb3e26-7e39-11ea-8f79-8c1645373715'),('3fc8678a-7e39-11ea-8f79-8c1645373715','3fcb3e26-7e39-11ea-8f79-8c1645373715'),('3fc87460-7e39-11ea-8f79-8c1645373715','3fcb3e26-7e39-11ea-8f79-8c1645373715'),('3fc866bd-7e39-11ea-8f79-8c1645373715','3fcb3f67-7e39-11ea-8f79-8c1645373715'),('3fc867f3-7e39-11ea-8f79-8c1645373715','3fcb3f67-7e39-11ea-8f79-8c1645373715'),('3fc86b49-7e39-11ea-8f79-8c1645373715','3fcb3f67-7e39-11ea-8f79-8c1645373715'),('3fc86fca-7e39-11ea-8f79-8c1645373715','3fcb3f67-7e39-11ea-8f79-8c1645373715'),('3fc86c20-7e39-11ea-8f79-8c1645373715','3fcb40f5-7e39-11ea-8f79-8c1645373715'),('3fc86f64-7e39-11ea-8f79-8c1645373715','3fcb40f5-7e39-11ea-8f79-8c1645373715'),('3fc871c9-7e39-11ea-8f79-8c1645373715','3fcb42b5-7e39-11ea-8f79-8c1645373715'),('3fc872dc-7e39-11ea-8f79-8c1645373715','3fcb42b5-7e39-11ea-8f79-8c1645373715'),('3fc86a75-7e39-11ea-8f79-8c1645373715','3fcb4390-7e39-11ea-8f79-8c1645373715'),('3fc86564-7e39-11ea-8f79-8c1645373715','3fcb4478-7e39-11ea-8f79-8c1645373715'),('3fc876f7-7e39-11ea-8f79-8c1645373715','3fcb4478-7e39-11ea-8f79-8c1645373715'),('3fc86564-7e39-11ea-8f79-8c1645373715','3fcb4694-7e39-11ea-8f79-8c1645373715'),('3fc869fd-7e39-11ea-8f79-8c1645373715','3fcb4694-7e39-11ea-8f79-8c1645373715'),('3fc872dc-7e39-11ea-8f79-8c1645373715','3fcb4694-7e39-11ea-8f79-8c1645373715'),('3fc87460-7e39-11ea-8f79-8c1645373715','3fcb4694-7e39-11ea-8f79-8c1645373715'),('3fc866bd-7e39-11ea-8f79-8c1645373715','3fcb4a02-7e39-11ea-8f79-8c1645373715'),('3fc8672e-7e39-11ea-8f79-8c1645373715','3fcb4a02-7e39-11ea-8f79-8c1645373715'),('3fc86b49-7e39-11ea-8f79-8c1645373715','3fcb4a02-7e39-11ea-8f79-8c1645373715'),('3fc87163-7e39-11ea-8f79-8c1645373715','3fcb4a02-7e39-11ea-8f79-8c1645373715'),('3fc86649-7e39-11ea-8f79-8c1645373715','3fcb4b1f-7e39-11ea-8f79-8c1645373715'),('3fc8691c-7e39-11ea-8f79-8c1645373715','3fcb4b1f-7e39-11ea-8f79-8c1645373715'),('3fc87163-7e39-11ea-8f79-8c1645373715','3fcb4b1f-7e39-11ea-8f79-8c1645373715'),('3fc864e5-7e39-11ea-8f79-8c1645373715','3fcb4c13-7e39-11ea-8f79-8c1645373715'),('3fc8699e-7e39-11ea-8f79-8c1645373715','3fcb4c13-7e39-11ea-8f79-8c1645373715'),('3fc86278-7e39-11ea-8f79-8c1645373715','3fcb4ce6-7e39-11ea-8f79-8c1645373715'),('3fc866bd-7e39-11ea-8f79-8c1645373715','3fcb4ce6-7e39-11ea-8f79-8c1645373715'),('3fc86d28-7e39-11ea-8f79-8c1645373715','3fcb4ce6-7e39-11ea-8f79-8c1645373715'),('3fc86dfc-7e39-11ea-8f79-8c1645373715','3fcb4ce6-7e39-11ea-8f79-8c1645373715'),('3fc864e5-7e39-11ea-8f79-8c1645373715','3fcb4dcf-7e39-11ea-8f79-8c1645373715'),('3fc8691c-7e39-11ea-8f79-8c1645373715','3fcb4dcf-7e39-11ea-8f79-8c1645373715'),('3fc869fd-7e39-11ea-8f79-8c1645373715','3fcb4dcf-7e39-11ea-8f79-8c1645373715'),('3fc86bab-7e39-11ea-8f79-8c1645373715','3fcb4dcf-7e39-11ea-8f79-8c1645373715'),('3fc8639d-7e39-11ea-8f79-8c1645373715','3fcb4eb4-7e39-11ea-8f79-8c1645373715'),('3fc86d9d-7e39-11ea-8f79-8c1645373715','3fcb4eb4-7e39-11ea-8f79-8c1645373715'),('3fc86e74-7e39-11ea-8f79-8c1645373715','3fcb4eb4-7e39-11ea-8f79-8c1645373715'),('3fc870e7-7e39-11ea-8f79-8c1645373715','3fcb4eb4-7e39-11ea-8f79-8c1645373715'),('3fc866bd-7e39-11ea-8f79-8c1645373715','3fcb4fcb-7e39-11ea-8f79-8c1645373715'),('3fc86098-7e39-11ea-8f79-8c1645373715','3fcb50b4-7e39-11ea-8f79-8c1645373715'),('3fc86474-7e39-11ea-8f79-8c1645373715','3fcb50b4-7e39-11ea-8f79-8c1645373715'),('3fc86649-7e39-11ea-8f79-8c1645373715','3fcb50b4-7e39-11ea-8f79-8c1645373715'),('3fc8699e-7e39-11ea-8f79-8c1645373715','3fcb50b4-7e39-11ea-8f79-8c1645373715'),('3fc86f64-7e39-11ea-8f79-8c1645373715','3fcb50b4-7e39-11ea-8f79-8c1645373715'),('3fc865c3-7e39-11ea-8f79-8c1645373715','3fcb51a3-7e39-11ea-8f79-8c1645373715'),('3fc86ad4-7e39-11ea-8f79-8c1645373715','3fcb51a3-7e39-11ea-8f79-8c1645373715'),('3fc86fca-7e39-11ea-8f79-8c1645373715','3fcb51a3-7e39-11ea-8f79-8c1645373715'),('3fc86474-7e39-11ea-8f79-8c1645373715','3fcb527e-7e39-11ea-8f79-8c1645373715'),('3fc86a75-7e39-11ea-8f79-8c1645373715','3fcb527e-7e39-11ea-8f79-8c1645373715'),('3fc86cb0-7e39-11ea-8f79-8c1645373715','3fcb527e-7e39-11ea-8f79-8c1645373715'),('3fc8706c-7e39-11ea-8f79-8c1645373715','3fcb527e-7e39-11ea-8f79-8c1645373715'),('3fc87349-7e39-11ea-8f79-8c1645373715','3fcb527e-7e39-11ea-8f79-8c1645373715'),('3fc870e7-7e39-11ea-8f79-8c1645373715','3fcb535c-7e39-11ea-8f79-8c1645373715'),('3fc876f7-7e39-11ea-8f79-8c1645373715','3fcb535c-7e39-11ea-8f79-8c1645373715'),('3fc8601d-7e39-11ea-8f79-8c1645373715','3fcb5468-7e39-11ea-8f79-8c1645373715'),('3fc86403-7e39-11ea-8f79-8c1645373715','3fcb5468-7e39-11ea-8f79-8c1645373715'),('3fc87460-7e39-11ea-8f79-8c1645373715','3fcb5468-7e39-11ea-8f79-8c1645373715'),('3fc878cf-7e39-11ea-8f79-8c1645373715','3fcb5468-7e39-11ea-8f79-8c1645373715'),('3fc866bd-7e39-11ea-8f79-8c1645373715','3fcb56a7-7e39-11ea-8f79-8c1645373715'),('3fc86ede-7e39-11ea-8f79-8c1645373715','3fcb56a7-7e39-11ea-8f79-8c1645373715'),('3fc870e7-7e39-11ea-8f79-8c1645373715','3fcb56a7-7e39-11ea-8f79-8c1645373715'),('3fc86278-7e39-11ea-8f79-8c1645373715','3fcb5855-7e39-11ea-8f79-8c1645373715'),('3fc8639d-7e39-11ea-8f79-8c1645373715','3fcb5855-7e39-11ea-8f79-8c1645373715'),('3fc8706c-7e39-11ea-8f79-8c1645373715','3fcb5855-7e39-11ea-8f79-8c1645373715'),('3fc8601d-7e39-11ea-8f79-8c1645373715','3fcb5941-7e39-11ea-8f79-8c1645373715'),('3fc8619a-7e39-11ea-8f79-8c1645373715','3fcb5941-7e39-11ea-8f79-8c1645373715'),('3fc8639d-7e39-11ea-8f79-8c1645373715','3fcb5941-7e39-11ea-8f79-8c1645373715'),('3fc86dfc-7e39-11ea-8f79-8c1645373715','3fcb5941-7e39-11ea-8f79-8c1645373715'),('3fc87349-7e39-11ea-8f79-8c1645373715','3fcb5941-7e39-11ea-8f79-8c1645373715'),('3fc875b3-7e39-11ea-8f79-8c1645373715','3fcb5941-7e39-11ea-8f79-8c1645373715'),('3fc86564-7e39-11ea-8f79-8c1645373715','3fcb5a15-7e39-11ea-8f79-8c1645373715'),('3fc878cf-7e39-11ea-8f79-8c1645373715','3fcb5a15-7e39-11ea-8f79-8c1645373715'),('3fc872dc-7e39-11ea-8f79-8c1645373715','3fcb5b0f-7e39-11ea-8f79-8c1645373715'),('3fc86122-7e39-11ea-8f79-8c1645373715','3fcb5c03-7e39-11ea-8f79-8c1645373715'),('3fc867f3-7e39-11ea-8f79-8c1645373715','3fcb5c03-7e39-11ea-8f79-8c1645373715'),('3fc8619a-7e39-11ea-8f79-8c1645373715','3fcb5d00-7e39-11ea-8f79-8c1645373715'),('3fc86ad4-7e39-11ea-8f79-8c1645373715','3fcb5d00-7e39-11ea-8f79-8c1645373715'),('3fc872dc-7e39-11ea-8f79-8c1645373715','3fcb5d00-7e39-11ea-8f79-8c1645373715'),('3fc87460-7e39-11ea-8f79-8c1645373715','3fcb5d00-7e39-11ea-8f79-8c1645373715'),('3fc86bab-7e39-11ea-8f79-8c1645373715','3fcb5e81-7e39-11ea-8f79-8c1645373715'),('3fc8776f-7e39-11ea-8f79-8c1645373715','3fcb5e81-7e39-11ea-8f79-8c1645373715'),('3fc86200-7e39-11ea-8f79-8c1645373715','3fcb6005-7e39-11ea-8f79-8c1645373715'),('3fc8672e-7e39-11ea-8f79-8c1645373715','3fcb6005-7e39-11ea-8f79-8c1645373715'),('3fc86ad4-7e39-11ea-8f79-8c1645373715','3fcb6005-7e39-11ea-8f79-8c1645373715'),('3fc86fca-7e39-11ea-8f79-8c1645373715','3fcb6005-7e39-11ea-8f79-8c1645373715'),('3fc878cf-7e39-11ea-8f79-8c1645373715','3fcb6005-7e39-11ea-8f79-8c1645373715'),('3fc86098-7e39-11ea-8f79-8c1645373715','3fcb60df-7e39-11ea-8f79-8c1645373715'),('3fc86649-7e39-11ea-8f79-8c1645373715','3fcb60df-7e39-11ea-8f79-8c1645373715'),('3fc8678a-7e39-11ea-8f79-8c1645373715','3fcb60df-7e39-11ea-8f79-8c1645373715'),('3fc86bab-7e39-11ea-8f79-8c1645373715','3fcb60df-7e39-11ea-8f79-8c1645373715'),('3fc8776f-7e39-11ea-8f79-8c1645373715','3fcb60df-7e39-11ea-8f79-8c1645373715'),('3fc85fb3-7e39-11ea-8f79-8c1645373715','3fcb61d6-7e39-11ea-8f79-8c1645373715'),('3fc865c3-7e39-11ea-8f79-8c1645373715','3fcb61d6-7e39-11ea-8f79-8c1645373715'),('3fc867f3-7e39-11ea-8f79-8c1645373715','3fcb61d6-7e39-11ea-8f79-8c1645373715'),('3fc8691c-7e39-11ea-8f79-8c1645373715','3fcb62d0-7e39-11ea-8f79-8c1645373715'),('3fc86ede-7e39-11ea-8f79-8c1645373715','3fcb62d0-7e39-11ea-8f79-8c1645373715'),('3fc869fd-7e39-11ea-8f79-8c1645373715','3fcb63a8-7e39-11ea-8f79-8c1645373715'),('3fc86a75-7e39-11ea-8f79-8c1645373715','3fcb63a8-7e39-11ea-8f79-8c1645373715'),('3fc86cb0-7e39-11ea-8f79-8c1645373715','3fcb63a8-7e39-11ea-8f79-8c1645373715');
/*!40000 ALTER TABLE `desiredlocations` ENABLE KEYS */;
UNLOCK TABLES;

--
-- Table structure for table `employees`
--

DROP TABLE IF EXISTS `employees`;
/*!40101 SET @saved_cs_client     = @@character_set_client */;
/*!50503 SET character_set_client = utf8mb4 */;
CREATE TABLE `employees` (
  `id` char(36) NOT NULL,
  `name` varchar(100) NOT NULL,
  `phoneNumber` varchar(30) DEFAULT NULL,
  `bio` varchar(200) DEFAULT NULL,
  PRIMARY KEY (`id`),
  CONSTRAINT `employees_ibfk_1` FOREIGN KEY (`id`) REFERENCES `users` (`id`)
) ENGINE=InnoDB DEFAULT CHARSET=utf8mb4 COLLATE=utf8mb4_0900_ai_ci;
/*!40101 SET character_set_client = @saved_cs_client */;

--
-- Dumping data for table `employees`
--

LOCK TABLES `employees` WRITE;
/*!40000 ALTER TABLE `employees` DISABLE KEYS */;
INSERT INTO `employees` VALUES ('3fc85fb3-7e39-11ea-8f79-8c1645373715','Shanel Waelchi','(179) 862-2387 x35818','Iste incidunt ipsa eligendi atque accusamus doloribus eos magnam.'),('3fc8601d-7e39-11ea-8f79-8c1645373715','Judge Schowalter','1-620-950-1134 x41078','Quia autem ducimus labore.'),('3fc86098-7e39-11ea-8f79-8c1645373715','Rigoberto Larson','(604) 969-4317 x20757','Facere nihil illo libero molestias unde maiores sed aliquam quia.'),('3fc86122-7e39-11ea-8f79-8c1645373715','Eugene Reinger','(001) 950-4617 x983','Voluptas inventore porro eum voluptas perspiciatis.'),('3fc8619a-7e39-11ea-8f79-8c1645373715','Gillian Krajcik','670-114-2812','Et maiores enim est.'),('3fc86200-7e39-11ea-8f79-8c1645373715','Adah Wilkinson','973-055-1555 x6809','Impedit voluptatem fugit ab quas aut quis culpa quod qui.'),('3fc86278-7e39-11ea-8f79-8c1645373715','Alyce Rutherford','306-695-1901','Accusantium est qui earum nostrum.'),('3fc8639d-7e39-11ea-8f79-8c1645373715','Kelsi Auer','102.573.0179','Qui cumque sunt.'),('3fc86403-7e39-11ea-8f79-8c1645373715','Edyth Botsford','107.495.2533','Adipisci facilis voluptas minima explicabo voluptas.'),('3fc86474-7e39-11ea-8f79-8c1645373715','Will Schinner','278.807.6250 x651','Repellat natus animi magnam.'),('3fc864e5-7e39-11ea-8f79-8c1645373715','Helmer Waters','961-548-5487 x28187','Ipsum exercitationem quo.'),('3fc86564-7e39-11ea-8f79-8c1645373715','Ezekiel Ryan','(414) 541-1983 x794','Sed dolor facere est.'),('3fc865c3-7e39-11ea-8f79-8c1645373715','Penelope Haag','176.378.6153 x3008','Quia voluptatibus nam earum consectetur voluptate.'),('3fc86649-7e39-11ea-8f79-8c1645373715','Mercedes Bogan MD','1-147-576-8954 x532','Nulla optio facilis nihil dolorum porro eos doloremque aperiam asperiores.'),('3fc866bd-7e39-11ea-8f79-8c1645373715','Miss Cheyanne Lemke','1-233-303-3777 x2910','Architecto iste necessitatibus et alias nemo eos maxime.'),('3fc8672e-7e39-11ea-8f79-8c1645373715','Adrien Hessel','(685) 364-6849','Tenetur inventore nostrum et placeat voluptatum consequatur dolorem nemo.'),('3fc8678a-7e39-11ea-8f79-8c1645373715','Vidal Carter','(008) 663-7694 x767','Quas cum expedita natus consequuntur molestias.'),('3fc867f3-7e39-11ea-8f79-8c1645373715','Otis McGlynn','581.242.9288 x8083','Eos est iusto odio.'),('3fc8691c-7e39-11ea-8f79-8c1645373715','Ms. Milford Rice','311-459-3522 x955','Incidunt sint nobis accusamus rem eos illum explicabo.'),('3fc8699e-7e39-11ea-8f79-8c1645373715','Braden Stracke','854-242-7893','Rerum quia commodi.'),('3fc869fd-7e39-11ea-8f79-8c1645373715','Rudolph Goyette','095.539.0927','Nisi aut at itaque est nam dolorem repudiandae ea.'),('3fc86a75-7e39-11ea-8f79-8c1645373715','Leo Cremin','1-646-042-4056 x632','Dolores ipsa amet molestias.'),('3fc86ad4-7e39-11ea-8f79-8c1645373715','Miss Jocelyn Mills','(098) 424-1634','Velit blanditiis aut dolorem enim soluta tempora ad consequatur odio.'),('3fc86b49-7e39-11ea-8f79-8c1645373715','Earnest Zboncak','1-080-827-4703 x5948','Enim et nemo sunt rerum.'),('3fc86bab-7e39-11ea-8f79-8c1645373715','Cletus Farrell','1-867-473-6875 x046','Iusto totam qui distinctio omnis.'),('3fc86c20-7e39-11ea-8f79-8c1645373715','Aglae Swaniawski','1-315-942-7010 x840','Pariatur voluptatem et ut incidunt.'),('3fc86cb0-7e39-11ea-8f79-8c1645373715','Bette Rice','1-549-145-4198','Voluptate dolorum voluptatem perferendis eius quam.'),('3fc86d28-7e39-11ea-8f79-8c1645373715','Pattie Beer','1-930-869-6088 x16566','Aperiam quibusdam id et.'),('3fc86d9d-7e39-11ea-8f79-8c1645373715','Morton Zieme V','098-753-6217 x44321','Rerum voluptate aspernatur quia.'),('3fc86dfc-7e39-11ea-8f79-8c1645373715','Miss Loma Barrows','(403) 415-4654','Velit delectus perspiciatis delectus similique accusantium qui.'),('3fc86e74-7e39-11ea-8f79-8c1645373715','Sheridan Crona','(840) 092-2662 x52077','Corrupti ipsa et voluptas non saepe est minus perspiciatis et.'),('3fc86ede-7e39-11ea-8f79-8c1645373715','Enola Batz','279.743.7952','Voluptas id sint quia est natus.'),('3fc86f64-7e39-11ea-8f79-8c1645373715','Rosendo Anderson','1-899-118-6050 x5449','Animi aut corporis velit est.'),('3fc86fca-7e39-11ea-8f79-8c1645373715','Nicolas Ortiz','732.604.4324 x25501','Nihil laudantium delectus veritatis ipsa aut nam.'),('3fc8706c-7e39-11ea-8f79-8c1645373715','Sofia Hoppe MD','020.258.8505 x68930','Voluptas vitae quia sed asperiores.'),('3fc870e7-7e39-11ea-8f79-8c1645373715','Gerson Larson','328.666.0053','Aut excepturi quis aut et harum delectus.'),('3fc87163-7e39-11ea-8f79-8c1645373715','Arnaldo Ritchie','(442) 649-1938 x9308','Atque nesciunt voluptas facilis ducimus quibusdam.'),('3fc871c9-7e39-11ea-8f79-8c1645373715','Ahmed Okuneva','795-882-9686','Omnis fugit harum.'),('3fc872dc-7e39-11ea-8f79-8c1645373715','Maybell Rippin MD','1-256-451-3579','Quae dignissimos ut natus est nostrum quidem praesentium et.'),('3fc87349-7e39-11ea-8f79-8c1645373715','Damaris Grimes','462.609.8966','Suscipit culpa excepturi non consequuntur.'),('3fc87460-7e39-11ea-8f79-8c1645373715','Felix Witting','(081) 108-9204 x1654','Est dolorem ea.'),('3fc875b3-7e39-11ea-8f79-8c1645373715','Devin Gulgowski','(807) 301-1850 x2893','Maiores id ut aut necessitatibus recusandae autem sint et totam.'),('3fc876f7-7e39-11ea-8f79-8c1645373715','Kara Feeney','(851) 871-9086 x095','Et tempora et perferendis nihil nostrum laudantium.'),('3fc8776f-7e39-11ea-8f79-8c1645373715','Erna O\'Connell','270-396-8783 x72316','Molestias et eos culpa eos laboriosam est.'),('3fc878cf-7e39-11ea-8f79-8c1645373715','Camron Pollich','(001) 342-7968 x931','Repellat explicabo blanditiis vero nemo.');
/*!40000 ALTER TABLE `employees` ENABLE KEYS */;
UNLOCK TABLES;

--
-- Table structure for table `employers`
--

DROP TABLE IF EXISTS `employers`;
/*!40101 SET @saved_cs_client     = @@character_set_client */;
/*!50503 SET character_set_client = utf8mb4 */;
CREATE TABLE `employers` (
  `id` char(36) NOT NULL,
  `companyName` varchar(100) NOT NULL,
  `phoneNumber` varchar(30) NOT NULL,
  `website` varchar(100) NOT NULL,
  `address` char(36) NOT NULL,
  PRIMARY KEY (`id`),
  KEY `address` (`address`),
  CONSTRAINT `employers_ibfk_1` FOREIGN KEY (`id`) REFERENCES `users` (`id`),
  CONSTRAINT `employers_ibfk_2` FOREIGN KEY (`address`) REFERENCES `locations` (`id`)
) ENGINE=InnoDB DEFAULT CHARSET=utf8mb4 COLLATE=utf8mb4_0900_ai_ci;
/*!40101 SET character_set_client = @saved_cs_client */;

--
-- Dumping data for table `employers`
--

LOCK TABLES `employers` WRITE;
/*!40000 ALTER TABLE `employers` DISABLE KEYS */;
INSERT INTO `employers` VALUES ('3fc82fbd-7e39-11ea-8f79-8c1645373715','Dooley Group','1-133-615-8246 x159','http://cletus.biz','3fcb5855-7e39-11ea-8f79-8c1645373715'),('3fc85116-7e39-11ea-8f79-8c1645373715','Ebert Group','520-111-3469','https://bette.name','3fcb527e-7e39-11ea-8f79-8c1645373715'),('3fc851fb-7e39-11ea-8f79-8c1645373715','Kertzmann, Haag and Thompson','(524) 180-8762 x98205','http://lera.com','3fcb4694-7e39-11ea-8f79-8c1645373715'),('3fc8528f-7e39-11ea-8f79-8c1645373715','Medhurst and Sons','882-984-7256 x903','http://mercedes.info','3fcb3f67-7e39-11ea-8f79-8c1645373715'),('3fc85f11-7e39-11ea-8f79-8c1645373715','Metz, Lynch and Swift','074.647.3700 x1249','https://carmelo.name','3fcb62d0-7e39-11ea-8f79-8c1645373715');
/*!40000 ALTER TABLE `employers` ENABLE KEYS */;
UNLOCK TABLES;

--
-- Table structure for table `industries`
--

DROP TABLE IF EXISTS `industries`;
/*!40101 SET @saved_cs_client     = @@character_set_client */;
/*!50503 SET character_set_client = utf8mb4 */;
CREATE TABLE `industries` (
  `id` char(36) NOT NULL,
  `industry` varchar(100) NOT NULL,
  `description` varchar(100) NOT NULL,
  PRIMARY KEY (`id`)
) ENGINE=InnoDB DEFAULT CHARSET=utf8mb4 COLLATE=utf8mb4_0900_ai_ci;
/*!40101 SET character_set_client = @saved_cs_client */;

--
-- Dumping data for table `industries`
--

LOCK TABLES `industries` WRITE;
/*!40000 ALTER TABLE `industries` DISABLE KEYS */;
INSERT INTO `industries` VALUES ('3fc990c8-7e39-11ea-8f79-8c1645373715','Program Development','Culpa reiciendis aliquam non qui fugiat.'),('3fc9a0d4-7e39-11ea-8f79-8c1645373715','Alternative Medicine','Quibusdam autem deserunt illo.'),('3fc9a17e-7e39-11ea-8f79-8c1645373715','Entertainment','Aut officiis perferendis esse excepturi sit eos voluptatum.'),('3fc9a1fd-7e39-11ea-8f79-8c1645373715','Writing & Editing','Accusamus deleniti hic sunt temporibus dolore molestiae molestiae in.'),('3fc9a24a-7e39-11ea-8f79-8c1645373715','Airlines/Aviation','Voluptas possimus quia sint.');
/*!40000 ALTER TABLE `industries` ENABLE KEYS */;
UNLOCK TABLES;

--
-- Table structure for table `interestedroles`
--

DROP TABLE IF EXISTS `interestedroles`;
/*!40101 SET @saved_cs_client     = @@character_set_client */;
/*!50503 SET character_set_client = utf8mb4 */;
CREATE TABLE `interestedroles` (
  `employee` char(36) NOT NULL,
  `roleId` char(36) NOT NULL,
  PRIMARY KEY (`employee`,`roleId`),
  KEY `roleId` (`roleId`),
  CONSTRAINT `interestedroles_ibfk_1` FOREIGN KEY (`employee`) REFERENCES `employees` (`id`),
  CONSTRAINT `interestedroles_ibfk_2` FOREIGN KEY (`roleId`) REFERENCES `roles` (`id`)
) ENGINE=InnoDB DEFAULT CHARSET=utf8mb4 COLLATE=utf8mb4_0900_ai_ci;
/*!40101 SET character_set_client = @saved_cs_client */;

--
-- Dumping data for table `interestedroles`
--

LOCK TABLES `interestedroles` WRITE;
/*!40000 ALTER TABLE `interestedroles` DISABLE KEYS */;
INSERT INTO `interestedroles` VALUES ('3fc86278-7e39-11ea-8f79-8c1645373715','3fca36a2-7e39-11ea-8f79-8c1645373715'),('3fc8639d-7e39-11ea-8f79-8c1645373715','3fca36a2-7e39-11ea-8f79-8c1645373715'),('3fc86403-7e39-11ea-8f79-8c1645373715','3fca36a2-7e39-11ea-8f79-8c1645373715'),('3fc8678a-7e39-11ea-8f79-8c1645373715','3fca36a2-7e39-11ea-8f79-8c1645373715'),('3fc86b49-7e39-11ea-8f79-8c1645373715','3fca36a2-7e39-11ea-8f79-8c1645373715'),('3fc86bab-7e39-11ea-8f79-8c1645373715','3fca36a2-7e39-11ea-8f79-8c1645373715'),('3fc86d9d-7e39-11ea-8f79-8c1645373715','3fca36a2-7e39-11ea-8f79-8c1645373715'),('3fc86ede-7e39-11ea-8f79-8c1645373715','3fca36a2-7e39-11ea-8f79-8c1645373715'),('3fc86fca-7e39-11ea-8f79-8c1645373715','3fca36a2-7e39-11ea-8f79-8c1645373715'),('3fc87163-7e39-11ea-8f79-8c1645373715','3fca36a2-7e39-11ea-8f79-8c1645373715'),('3fc87349-7e39-11ea-8f79-8c1645373715','3fca36a2-7e39-11ea-8f79-8c1645373715'),('3fc87460-7e39-11ea-8f79-8c1645373715','3fca36a2-7e39-11ea-8f79-8c1645373715'),('3fc876f7-7e39-11ea-8f79-8c1645373715','3fca36a2-7e39-11ea-8f79-8c1645373715'),('3fc8619a-7e39-11ea-8f79-8c1645373715','3fca4473-7e39-11ea-8f79-8c1645373715'),('3fc866bd-7e39-11ea-8f79-8c1645373715','3fca4473-7e39-11ea-8f79-8c1645373715'),('3fc8691c-7e39-11ea-8f79-8c1645373715','3fca4473-7e39-11ea-8f79-8c1645373715'),('3fc86a75-7e39-11ea-8f79-8c1645373715','3fca4473-7e39-11ea-8f79-8c1645373715'),('3fc86b49-7e39-11ea-8f79-8c1645373715','3fca4473-7e39-11ea-8f79-8c1645373715'),('3fc86bab-7e39-11ea-8f79-8c1645373715','3fca4473-7e39-11ea-8f79-8c1645373715'),('3fc86cb0-7e39-11ea-8f79-8c1645373715','3fca4473-7e39-11ea-8f79-8c1645373715'),('3fc86ede-7e39-11ea-8f79-8c1645373715','3fca4473-7e39-11ea-8f79-8c1645373715'),('3fc8706c-7e39-11ea-8f79-8c1645373715','3fca4473-7e39-11ea-8f79-8c1645373715'),('3fc8776f-7e39-11ea-8f79-8c1645373715','3fca4473-7e39-11ea-8f79-8c1645373715'),('3fc85fb3-7e39-11ea-8f79-8c1645373715','3fca4591-7e39-11ea-8f79-8c1645373715'),('3fc86200-7e39-11ea-8f79-8c1645373715','3fca4591-7e39-11ea-8f79-8c1645373715'),('3fc86564-7e39-11ea-8f79-8c1645373715','3fca4591-7e39-11ea-8f79-8c1645373715'),('3fc86ad4-7e39-11ea-8f79-8c1645373715','3fca4591-7e39-11ea-8f79-8c1645373715'),('3fc86f64-7e39-11ea-8f79-8c1645373715','3fca4591-7e39-11ea-8f79-8c1645373715'),('3fc872dc-7e39-11ea-8f79-8c1645373715','3fca4591-7e39-11ea-8f79-8c1645373715'),('3fc876f7-7e39-11ea-8f79-8c1645373715','3fca4591-7e39-11ea-8f79-8c1645373715'),('3fc8672e-7e39-11ea-8f79-8c1645373715','3fca4661-7e39-11ea-8f79-8c1645373715'),('3fc86a75-7e39-11ea-8f79-8c1645373715','3fca4661-7e39-11ea-8f79-8c1645373715'),('3fc86f64-7e39-11ea-8f79-8c1645373715','3fca4661-7e39-11ea-8f79-8c1645373715'),('3fc86fca-7e39-11ea-8f79-8c1645373715','3fca4661-7e39-11ea-8f79-8c1645373715'),('3fc871c9-7e39-11ea-8f79-8c1645373715','3fca4661-7e39-11ea-8f79-8c1645373715'),('3fc872dc-7e39-11ea-8f79-8c1645373715','3fca4661-7e39-11ea-8f79-8c1645373715'),('3fc87349-7e39-11ea-8f79-8c1645373715','3fca4661-7e39-11ea-8f79-8c1645373715'),('3fc86122-7e39-11ea-8f79-8c1645373715','3fca4797-7e39-11ea-8f79-8c1645373715'),('3fc86403-7e39-11ea-8f79-8c1645373715','3fca4797-7e39-11ea-8f79-8c1645373715'),('3fc869fd-7e39-11ea-8f79-8c1645373715','3fca4797-7e39-11ea-8f79-8c1645373715'),('3fc86ad4-7e39-11ea-8f79-8c1645373715','3fca4797-7e39-11ea-8f79-8c1645373715'),('3fc86c20-7e39-11ea-8f79-8c1645373715','3fca4797-7e39-11ea-8f79-8c1645373715'),('3fc86d28-7e39-11ea-8f79-8c1645373715','3fca4797-7e39-11ea-8f79-8c1645373715'),('3fc86f64-7e39-11ea-8f79-8c1645373715','3fca4797-7e39-11ea-8f79-8c1645373715'),('3fc876f7-7e39-11ea-8f79-8c1645373715','3fca4797-7e39-11ea-8f79-8c1645373715'),('3fc8601d-7e39-11ea-8f79-8c1645373715','3fca484e-7e39-11ea-8f79-8c1645373715'),('3fc86474-7e39-11ea-8f79-8c1645373715','3fca484e-7e39-11ea-8f79-8c1645373715'),('3fc86c20-7e39-11ea-8f79-8c1645373715','3fca484e-7e39-11ea-8f79-8c1645373715'),('3fc86d9d-7e39-11ea-8f79-8c1645373715','3fca484e-7e39-11ea-8f79-8c1645373715'),('3fc872dc-7e39-11ea-8f79-8c1645373715','3fca484e-7e39-11ea-8f79-8c1645373715'),('3fc876f7-7e39-11ea-8f79-8c1645373715','3fca484e-7e39-11ea-8f79-8c1645373715'),('3fc8601d-7e39-11ea-8f79-8c1645373715','3fca491b-7e39-11ea-8f79-8c1645373715'),('3fc86474-7e39-11ea-8f79-8c1645373715','3fca491b-7e39-11ea-8f79-8c1645373715'),('3fc867f3-7e39-11ea-8f79-8c1645373715','3fca491b-7e39-11ea-8f79-8c1645373715'),('3fc86a75-7e39-11ea-8f79-8c1645373715','3fca491b-7e39-11ea-8f79-8c1645373715'),('3fc86ad4-7e39-11ea-8f79-8c1645373715','3fca491b-7e39-11ea-8f79-8c1645373715'),('3fc86b49-7e39-11ea-8f79-8c1645373715','3fca491b-7e39-11ea-8f79-8c1645373715'),('3fc86bab-7e39-11ea-8f79-8c1645373715','3fca491b-7e39-11ea-8f79-8c1645373715'),('3fc86c20-7e39-11ea-8f79-8c1645373715','3fca491b-7e39-11ea-8f79-8c1645373715'),('3fc86cb0-7e39-11ea-8f79-8c1645373715','3fca491b-7e39-11ea-8f79-8c1645373715'),('3fc86d28-7e39-11ea-8f79-8c1645373715','3fca491b-7e39-11ea-8f79-8c1645373715'),('3fc871c9-7e39-11ea-8f79-8c1645373715','3fca491b-7e39-11ea-8f79-8c1645373715'),('3fc87349-7e39-11ea-8f79-8c1645373715','3fca491b-7e39-11ea-8f79-8c1645373715'),('3fc87460-7e39-11ea-8f79-8c1645373715','3fca491b-7e39-11ea-8f79-8c1645373715'),('3fc875b3-7e39-11ea-8f79-8c1645373715','3fca491b-7e39-11ea-8f79-8c1645373715'),('3fc8776f-7e39-11ea-8f79-8c1645373715','3fca491b-7e39-11ea-8f79-8c1645373715'),('3fc878cf-7e39-11ea-8f79-8c1645373715','3fca491b-7e39-11ea-8f79-8c1645373715'),('3fc8601d-7e39-11ea-8f79-8c1645373715','3fca49d2-7e39-11ea-8f79-8c1645373715'),('3fc8619a-7e39-11ea-8f79-8c1645373715','3fca49d2-7e39-11ea-8f79-8c1645373715'),('3fc8639d-7e39-11ea-8f79-8c1645373715','3fca49d2-7e39-11ea-8f79-8c1645373715'),('3fc864e5-7e39-11ea-8f79-8c1645373715','3fca49d2-7e39-11ea-8f79-8c1645373715'),('3fc865c3-7e39-11ea-8f79-8c1645373715','3fca49d2-7e39-11ea-8f79-8c1645373715'),('3fc8678a-7e39-11ea-8f79-8c1645373715','3fca49d2-7e39-11ea-8f79-8c1645373715'),('3fc8699e-7e39-11ea-8f79-8c1645373715','3fca49d2-7e39-11ea-8f79-8c1645373715'),('3fc86e74-7e39-11ea-8f79-8c1645373715','3fca49d2-7e39-11ea-8f79-8c1645373715'),('3fc8706c-7e39-11ea-8f79-8c1645373715','3fca49d2-7e39-11ea-8f79-8c1645373715'),('3fc870e7-7e39-11ea-8f79-8c1645373715','3fca49d2-7e39-11ea-8f79-8c1645373715'),('3fc87163-7e39-11ea-8f79-8c1645373715','3fca49d2-7e39-11ea-8f79-8c1645373715'),('3fc85fb3-7e39-11ea-8f79-8c1645373715','3fca4a8a-7e39-11ea-8f79-8c1645373715'),('3fc86098-7e39-11ea-8f79-8c1645373715','3fca4a8a-7e39-11ea-8f79-8c1645373715'),('3fc86649-7e39-11ea-8f79-8c1645373715','3fca4a8a-7e39-11ea-8f79-8c1645373715'),('3fc8699e-7e39-11ea-8f79-8c1645373715','3fca4a8a-7e39-11ea-8f79-8c1645373715'),('3fc86c20-7e39-11ea-8f79-8c1645373715','3fca4a8a-7e39-11ea-8f79-8c1645373715'),('3fc86cb0-7e39-11ea-8f79-8c1645373715','3fca4a8a-7e39-11ea-8f79-8c1645373715'),('3fc86d9d-7e39-11ea-8f79-8c1645373715','3fca4a8a-7e39-11ea-8f79-8c1645373715'),('3fc86dfc-7e39-11ea-8f79-8c1645373715','3fca4a8a-7e39-11ea-8f79-8c1645373715'),('3fc86e74-7e39-11ea-8f79-8c1645373715','3fca4a8a-7e39-11ea-8f79-8c1645373715'),('3fc86fca-7e39-11ea-8f79-8c1645373715','3fca4a8a-7e39-11ea-8f79-8c1645373715'),('3fc86200-7e39-11ea-8f79-8c1645373715','3fca4b3a-7e39-11ea-8f79-8c1645373715'),('3fc86278-7e39-11ea-8f79-8c1645373715','3fca4b3a-7e39-11ea-8f79-8c1645373715'),('3fc8639d-7e39-11ea-8f79-8c1645373715','3fca4b3a-7e39-11ea-8f79-8c1645373715'),('3fc86564-7e39-11ea-8f79-8c1645373715','3fca4b3a-7e39-11ea-8f79-8c1645373715'),('3fc8678a-7e39-11ea-8f79-8c1645373715','3fca4b3a-7e39-11ea-8f79-8c1645373715'),('3fc869fd-7e39-11ea-8f79-8c1645373715','3fca4b3a-7e39-11ea-8f79-8c1645373715'),('3fc86ad4-7e39-11ea-8f79-8c1645373715','3fca4b3a-7e39-11ea-8f79-8c1645373715'),('3fc86bab-7e39-11ea-8f79-8c1645373715','3fca4b3a-7e39-11ea-8f79-8c1645373715'),('3fc870e7-7e39-11ea-8f79-8c1645373715','3fca4b3a-7e39-11ea-8f79-8c1645373715'),('3fc86122-7e39-11ea-8f79-8c1645373715','3fca4bd9-7e39-11ea-8f79-8c1645373715'),('3fc86403-7e39-11ea-8f79-8c1645373715','3fca4bd9-7e39-11ea-8f79-8c1645373715'),('3fc866bd-7e39-11ea-8f79-8c1645373715','3fca4bd9-7e39-11ea-8f79-8c1645373715'),('3fc8691c-7e39-11ea-8f79-8c1645373715','3fca4bd9-7e39-11ea-8f79-8c1645373715'),('3fc86e74-7e39-11ea-8f79-8c1645373715','3fca4bd9-7e39-11ea-8f79-8c1645373715'),('3fc8706c-7e39-11ea-8f79-8c1645373715','3fca4bd9-7e39-11ea-8f79-8c1645373715'),('3fc878cf-7e39-11ea-8f79-8c1645373715','3fca4bd9-7e39-11ea-8f79-8c1645373715'),('3fc8619a-7e39-11ea-8f79-8c1645373715','3fca4c89-7e39-11ea-8f79-8c1645373715'),('3fc864e5-7e39-11ea-8f79-8c1645373715','3fca4c89-7e39-11ea-8f79-8c1645373715'),('3fc867f3-7e39-11ea-8f79-8c1645373715','3fca4c89-7e39-11ea-8f79-8c1645373715'),('3fc8691c-7e39-11ea-8f79-8c1645373715','3fca4c89-7e39-11ea-8f79-8c1645373715'),('3fc86ede-7e39-11ea-8f79-8c1645373715','3fca4c89-7e39-11ea-8f79-8c1645373715'),('3fc87163-7e39-11ea-8f79-8c1645373715','3fca4c89-7e39-11ea-8f79-8c1645373715'),('3fc875b3-7e39-11ea-8f79-8c1645373715','3fca4c89-7e39-11ea-8f79-8c1645373715'),('3fc878cf-7e39-11ea-8f79-8c1645373715','3fca4c89-7e39-11ea-8f79-8c1645373715'),('3fc85fb3-7e39-11ea-8f79-8c1645373715','3fca4d44-7e39-11ea-8f79-8c1645373715'),('3fc86098-7e39-11ea-8f79-8c1645373715','3fca4d44-7e39-11ea-8f79-8c1645373715'),('3fc866bd-7e39-11ea-8f79-8c1645373715','3fca4d44-7e39-11ea-8f79-8c1645373715'),('3fc86d9d-7e39-11ea-8f79-8c1645373715','3fca4d44-7e39-11ea-8f79-8c1645373715'),('3fc87163-7e39-11ea-8f79-8c1645373715','3fca4d44-7e39-11ea-8f79-8c1645373715'),('3fc87349-7e39-11ea-8f79-8c1645373715','3fca4d44-7e39-11ea-8f79-8c1645373715'),('3fc875b3-7e39-11ea-8f79-8c1645373715','3fca4d44-7e39-11ea-8f79-8c1645373715'),('3fc85fb3-7e39-11ea-8f79-8c1645373715','3fca4ded-7e39-11ea-8f79-8c1645373715'),('3fc86200-7e39-11ea-8f79-8c1645373715','3fca4ded-7e39-11ea-8f79-8c1645373715'),('3fc86564-7e39-11ea-8f79-8c1645373715','3fca4ded-7e39-11ea-8f79-8c1645373715'),('3fc8672e-7e39-11ea-8f79-8c1645373715','3fca4ded-7e39-11ea-8f79-8c1645373715'),('3fc86b49-7e39-11ea-8f79-8c1645373715','3fca4ded-7e39-11ea-8f79-8c1645373715'),('3fc86d9d-7e39-11ea-8f79-8c1645373715','3fca4ded-7e39-11ea-8f79-8c1645373715'),('3fc86e74-7e39-11ea-8f79-8c1645373715','3fca4ded-7e39-11ea-8f79-8c1645373715'),('3fc870e7-7e39-11ea-8f79-8c1645373715','3fca4ded-7e39-11ea-8f79-8c1645373715'),('3fc87460-7e39-11ea-8f79-8c1645373715','3fca4ded-7e39-11ea-8f79-8c1645373715'),('3fc8601d-7e39-11ea-8f79-8c1645373715','3fca4e8f-7e39-11ea-8f79-8c1645373715'),('3fc86122-7e39-11ea-8f79-8c1645373715','3fca4e8f-7e39-11ea-8f79-8c1645373715'),('3fc8678a-7e39-11ea-8f79-8c1645373715','3fca4e8f-7e39-11ea-8f79-8c1645373715'),('3fc8699e-7e39-11ea-8f79-8c1645373715','3fca4e8f-7e39-11ea-8f79-8c1645373715'),('3fc86cb0-7e39-11ea-8f79-8c1645373715','3fca4e8f-7e39-11ea-8f79-8c1645373715'),('3fc86e74-7e39-11ea-8f79-8c1645373715','3fca4e8f-7e39-11ea-8f79-8c1645373715'),('3fc86fca-7e39-11ea-8f79-8c1645373715','3fca4e8f-7e39-11ea-8f79-8c1645373715'),('3fc870e7-7e39-11ea-8f79-8c1645373715','3fca4e8f-7e39-11ea-8f79-8c1645373715'),('3fc85fb3-7e39-11ea-8f79-8c1645373715','3fca4ff0-7e39-11ea-8f79-8c1645373715'),('3fc8601d-7e39-11ea-8f79-8c1645373715','3fca4ff0-7e39-11ea-8f79-8c1645373715'),('3fc86403-7e39-11ea-8f79-8c1645373715','3fca4ff0-7e39-11ea-8f79-8c1645373715'),('3fc86564-7e39-11ea-8f79-8c1645373715','3fca4ff0-7e39-11ea-8f79-8c1645373715'),('3fc865c3-7e39-11ea-8f79-8c1645373715','3fca4ff0-7e39-11ea-8f79-8c1645373715'),('3fc86649-7e39-11ea-8f79-8c1645373715','3fca4ff0-7e39-11ea-8f79-8c1645373715'),('3fc869fd-7e39-11ea-8f79-8c1645373715','3fca4ff0-7e39-11ea-8f79-8c1645373715'),('3fc86dfc-7e39-11ea-8f79-8c1645373715','3fca4ff0-7e39-11ea-8f79-8c1645373715'),('3fc87163-7e39-11ea-8f79-8c1645373715','3fca4ff0-7e39-11ea-8f79-8c1645373715'),('3fc8619a-7e39-11ea-8f79-8c1645373715','3fca50a7-7e39-11ea-8f79-8c1645373715'),('3fc86200-7e39-11ea-8f79-8c1645373715','3fca50a7-7e39-11ea-8f79-8c1645373715'),('3fc86649-7e39-11ea-8f79-8c1645373715','3fca50a7-7e39-11ea-8f79-8c1645373715'),('3fc86278-7e39-11ea-8f79-8c1645373715','3fca5150-7e39-11ea-8f79-8c1645373715'),('3fc86474-7e39-11ea-8f79-8c1645373715','3fca5150-7e39-11ea-8f79-8c1645373715'),('3fc864e5-7e39-11ea-8f79-8c1645373715','3fca5150-7e39-11ea-8f79-8c1645373715'),('3fc8691c-7e39-11ea-8f79-8c1645373715','3fca5150-7e39-11ea-8f79-8c1645373715'),('3fc86f64-7e39-11ea-8f79-8c1645373715','3fca5150-7e39-11ea-8f79-8c1645373715'),('3fc8706c-7e39-11ea-8f79-8c1645373715','3fca5150-7e39-11ea-8f79-8c1645373715'),('3fc87460-7e39-11ea-8f79-8c1645373715','3fca5150-7e39-11ea-8f79-8c1645373715'),('3fc876f7-7e39-11ea-8f79-8c1645373715','3fca5150-7e39-11ea-8f79-8c1645373715'),('3fc8639d-7e39-11ea-8f79-8c1645373715','3fca51f3-7e39-11ea-8f79-8c1645373715'),('3fc86403-7e39-11ea-8f79-8c1645373715','3fca51f3-7e39-11ea-8f79-8c1645373715'),('3fc86564-7e39-11ea-8f79-8c1645373715','3fca51f3-7e39-11ea-8f79-8c1645373715'),('3fc865c3-7e39-11ea-8f79-8c1645373715','3fca51f3-7e39-11ea-8f79-8c1645373715'),('3fc866bd-7e39-11ea-8f79-8c1645373715','3fca51f3-7e39-11ea-8f79-8c1645373715'),('3fc867f3-7e39-11ea-8f79-8c1645373715','3fca51f3-7e39-11ea-8f79-8c1645373715'),('3fc86d28-7e39-11ea-8f79-8c1645373715','3fca51f3-7e39-11ea-8f79-8c1645373715'),('3fc8706c-7e39-11ea-8f79-8c1645373715','3fca51f3-7e39-11ea-8f79-8c1645373715'),('3fc8776f-7e39-11ea-8f79-8c1645373715','3fca51f3-7e39-11ea-8f79-8c1645373715'),('3fc86098-7e39-11ea-8f79-8c1645373715','3fca52a3-7e39-11ea-8f79-8c1645373715'),('3fc8672e-7e39-11ea-8f79-8c1645373715','3fca52a3-7e39-11ea-8f79-8c1645373715'),('3fc8691c-7e39-11ea-8f79-8c1645373715','3fca52a3-7e39-11ea-8f79-8c1645373715'),('3fc86dfc-7e39-11ea-8f79-8c1645373715','3fca52a3-7e39-11ea-8f79-8c1645373715'),('3fc86f64-7e39-11ea-8f79-8c1645373715','3fca52a3-7e39-11ea-8f79-8c1645373715'),('3fc871c9-7e39-11ea-8f79-8c1645373715','3fca52a3-7e39-11ea-8f79-8c1645373715'),('3fc87460-7e39-11ea-8f79-8c1645373715','3fca52a3-7e39-11ea-8f79-8c1645373715'),('3fc875b3-7e39-11ea-8f79-8c1645373715','3fca52a3-7e39-11ea-8f79-8c1645373715'),('3fc8776f-7e39-11ea-8f79-8c1645373715','3fca52a3-7e39-11ea-8f79-8c1645373715');
/*!40000 ALTER TABLE `interestedroles` ENABLE KEYS */;
UNLOCK TABLES;

--
-- Table structure for table `jobinterest`
--

DROP TABLE IF EXISTS `jobinterest`;
/*!40101 SET @saved_cs_client     = @@character_set_client */;
/*!50503 SET character_set_client = utf8mb4 */;
CREATE TABLE `jobinterest` (
  `jobId` char(36) NOT NULL,
  `employee` char(36) NOT NULL,
  `initiator` enum('employer','employee') DEFAULT NULL,
  `status` enum('available','liked','offered','done') DEFAULT NULL,
  PRIMARY KEY (`jobId`,`employee`),
  KEY `employee` (`employee`),
  CONSTRAINT `jobinterest_ibfk_1` FOREIGN KEY (`jobId`) REFERENCES `jobs` (`jobId`),
  CONSTRAINT `jobinterest_ibfk_2` FOREIGN KEY (`employee`) REFERENCES `employees` (`id`)
) ENGINE=InnoDB DEFAULT CHARSET=utf8mb4 COLLATE=utf8mb4_0900_ai_ci;
/*!40101 SET character_set_client = @saved_cs_client */;

--
-- Dumping data for table `jobinterest`
--

LOCK TABLES `jobinterest` WRITE;
/*!40000 ALTER TABLE `jobinterest` DISABLE KEYS */;
/*!40000 ALTER TABLE `jobinterest` ENABLE KEYS */;
UNLOCK TABLES;

--
-- Table structure for table `jobs`
--

DROP TABLE IF EXISTS `jobs`;
/*!40101 SET @saved_cs_client     = @@character_set_client */;
/*!50503 SET character_set_client = utf8mb4 */;
CREATE TABLE `jobs` (
  `jobId` char(36) NOT NULL,
  `employer` char(36) NOT NULL,
  `role` char(36) NOT NULL,
  `jobTitle` varchar(100) NOT NULL,
  `salary` varchar(100) DEFAULT NULL,
  `workLocation` varchar(36) NOT NULL,
  `description` varchar(100) DEFAULT NULL,
  PRIMARY KEY (`jobId`),
  KEY `employer` (`employer`),
  KEY `role` (`role`),
  KEY `workLocation` (`workLocation`),
  CONSTRAINT `jobs_ibfk_1` FOREIGN KEY (`employer`) REFERENCES `employers` (`id`),
  CONSTRAINT `jobs_ibfk_2` FOREIGN KEY (`role`) REFERENCES `roles` (`id`),
  CONSTRAINT `jobs_ibfk_3` FOREIGN KEY (`workLocation`) REFERENCES `locations` (`id`)
) ENGINE=InnoDB DEFAULT CHARSET=utf8mb4 COLLATE=utf8mb4_0900_ai_ci;
/*!40101 SET character_set_client = @saved_cs_client */;

--
-- Dumping data for table `jobs`
--

LOCK TABLES `jobs` WRITE;
/*!40000 ALTER TABLE `jobs` DISABLE KEYS */;
INSERT INTO `jobs` VALUES ('3fceaae9-7e39-11ea-8f79-8c1645373715','3fc82fbd-7e39-11ea-8f79-8c1645373715','3fca4d44-7e39-11ea-8f79-8c1645373715','commodi laboriosam debitis facere quae ut nihil ipsa eum','15454 - 28807','3fcb28cc-7e39-11ea-8f79-8c1645373715','Impedit aut aut ex quod earum inventore sapiente.'),('3fcebef0-7e39-11ea-8f79-8c1645373715','3fc82fbd-7e39-11ea-8f79-8c1645373715','3fca4473-7e39-11ea-8f79-8c1645373715','et molestiae eius eius voluptatem omnis itaque occaecati','10141 - 31729','3fcb4b1f-7e39-11ea-8f79-8c1645373715','Ipsum dolores optio explicabo assumenda dolorem aliquam in.'),('3fcec07f-7e39-11ea-8f79-8c1645373715','3fc82fbd-7e39-11ea-8f79-8c1645373715','3fca36a2-7e39-11ea-8f79-8c1645373715','quae et et placeat eveniet autem','11820 - 29797','3fcb3133-7e39-11ea-8f79-8c1645373715','Labore et consequuntur.'),('3fcec199-7e39-11ea-8f79-8c1645373715','3fc851fb-7e39-11ea-8f79-8c1645373715','3fca4d44-7e39-11ea-8f79-8c1645373715','veniam est autem corrupti deleniti debitis omnis','16064 - 29733','3fcb29df-7e39-11ea-8f79-8c1645373715','Excepturi tenetur iure.'),('3fcec2a5-7e39-11ea-8f79-8c1645373715','3fc85116-7e39-11ea-8f79-8c1645373715','3fca4bd9-7e39-11ea-8f79-8c1645373715','laudantium dolore dicta voluptatibus enim','14386 - 74090','3fcb56a7-7e39-11ea-8f79-8c1645373715','Autem dicta nemo dignissimos quod eaque neque.'),('3fcec3bb-7e39-11ea-8f79-8c1645373715','3fc85f11-7e39-11ea-8f79-8c1645373715','3fca4ff0-7e39-11ea-8f79-8c1645373715','mollitia et doloremque architecto atque nam','10123 - 39403','3fcb4c13-7e39-11ea-8f79-8c1645373715','Nisi enim aut rerum aliquam.'),('3fcec4c0-7e39-11ea-8f79-8c1645373715','3fc82fbd-7e39-11ea-8f79-8c1645373715','3fca4e8f-7e39-11ea-8f79-8c1645373715','sequi rerum aut et aliquam omnis quia','12591 - 41871','3fcb2284-7e39-11ea-8f79-8c1645373715','Ut fugiat ut in ut odio omnis.'),('3fcec5c9-7e39-11ea-8f79-8c1645373715','3fc851fb-7e39-11ea-8f79-8c1645373715','3fca4ded-7e39-11ea-8f79-8c1645373715','doloremque quibusdam quam minima iste culpa aspernatur qui','18254 - 42374','3fcb5a15-7e39-11ea-8f79-8c1645373715','Est assumenda eos et id non et ut non.'),('3fcec6f1-7e39-11ea-8f79-8c1645373715','3fc82fbd-7e39-11ea-8f79-8c1645373715','3fca491b-7e39-11ea-8f79-8c1645373715','nulla ipsa esse rem consequatur adipisci','10970 - 37783','3fcb5941-7e39-11ea-8f79-8c1645373715','Fuga ipsa blanditiis consequatur blanditiis ut quas laudantium beatae fuga.'),('3fcec7fd-7e39-11ea-8f79-8c1645373715','3fc82fbd-7e39-11ea-8f79-8c1645373715','3fca4bd9-7e39-11ea-8f79-8c1645373715','dolores enim nobis dolorum et','18517 - 92930','3fcb60df-7e39-11ea-8f79-8c1645373715','Porro dolores alias qui aspernatur natus ut quis architecto.');
/*!40000 ALTER TABLE `jobs` ENABLE KEYS */;
UNLOCK TABLES;

--
-- Table structure for table `locations`
--

DROP TABLE IF EXISTS `locations`;
/*!40101 SET @saved_cs_client     = @@character_set_client */;
/*!50503 SET character_set_client = utf8mb4 */;
CREATE TABLE `locations` (
  `id` char(36) NOT NULL,
  `address` varchar(200) NOT NULL,
  `location` json NOT NULL,
  `area` varchar(50) NOT NULL,
  PRIMARY KEY (`id`)
) ENGINE=InnoDB DEFAULT CHARSET=utf8mb4 COLLATE=utf8mb4_0900_ai_ci;
/*!40101 SET character_set_client = @saved_cs_client */;

--
-- Dumping data for table `locations`
--

LOCK TABLES `locations` WRITE;
/*!40000 ALTER TABLE `locations` DISABLE KEYS */;
INSERT INTO `locations` VALUES ('3fcb0405-7e39-11ea-8f79-8c1645373715','314 Lê Thị Riêng, Tân Thới An, Quận 12, Hồ Chí Minh, Vietnam','{\"lat\": 10.8734765, \"lng\": 106.6554024}','Hồ Chí Minh'),('3fcb2284-7e39-11ea-8f79-8c1645373715','172 Ông Ích Khiêm, Phường 5, Quận 11, Hồ Chí Minh, Vietnam','{\"lat\": 10.7667661, \"lng\": 106.6429388}','Hồ Chí Minh'),('3fcb2484-7e39-11ea-8f79-8c1645373715','403 Cách Mạng Tháng Tám, Phường 13, Quận 10, Hồ Chí Minh, Vietnam','{\"lat\": 10.7809243, \"lng\": 106.6756289}','Hồ Chí Minh'),('3fcb25ac-7e39-11ea-8f79-8c1645373715','592 Nguyễn Ảnh Thủ, Trung Mỹ Tây, Quận 12, Hồ Chí Minh, Vietnam','{\"lat\": 10.8592969, \"lng\": 106.6098683}','Hồ Chí Minh'),('3fcb26b4-7e39-11ea-8f79-8c1645373715','28-30 Nguyen Thai Binh Street, Nguyen Thai Binh Ward, District 1, Ho Chi Minh City, Phường Nguyễn Thái Bình, Quận 1, Hồ Chí Minh, Vietnam','{\"lat\": 10.7698733, \"lng\": 106.7003882}','Hồ Chí Minh'),('3fcb27ce-7e39-11ea-8f79-8c1645373715','Đồng Văn Cống, Phường Thạnh Mỹ Lợi, Quận 2, Hồ Chí Minh, Vietnam','{\"lat\": 10.7753988, \"lng\": 106.7594779}','Hồ Chí Minh'),('3fcb28cc-7e39-11ea-8f79-8c1645373715','Đường số 50, Bình Trưng Đông, Quận 2, Hồ Chí Minh, Vietnam','{\"lat\": 10.7888971, \"lng\": 106.7749}','Hồ Chí Minh'),('3fcb29df-7e39-11ea-8f79-8c1645373715','Đường Số 1, Liên Tỉnh Lộ 25B, Phường Thạnh Mỹ Lợi, Quận 2, Phường Thạnh Mỹ Lợi, Quận 2, Hồ Chí Minh, Vietnam','{\"lat\": 10.7757492, \"lng\": 106.7599118}','Hồ Chí Minh'),('3fcb2b04-7e39-11ea-8f79-8c1645373715','34, 31D-Khu C, An Phú, Quận 2, Hồ Chí Minh, Vietnam','{\"lat\": 10.7918944, \"lng\": 106.7404785}','Hồ Chí Minh'),('3fcb2c09-7e39-11ea-8f79-8c1645373715','63 đường số 5, phường Cát Lái, Quận 2, Cát Lái, Hồ Chí Minh, Vietnam','{\"lat\": 10.775406, \"lng\": 106.7712947}','Hồ Chí Minh'),('3fcb2ce7-7e39-11ea-8f79-8c1645373715','386/79 Đ. Lê Văn Sỹ, Phường 14, Quận 3, Hồ Chí Minh, Vietnam','{\"lat\": 10.7898918, \"lng\": 106.6772974}','Hồ Chí Minh'),('3fcb2e33-7e39-11ea-8f79-8c1645373715','2 Bà Huyện Thanh Quan, Phường 6, Quận 3, Hồ Chí Minh, Vietnam','{\"lat\": 10.7752899, \"lng\": 106.6903125}','Hồ Chí Minh'),('3fcb2efc-7e39-11ea-8f79-8c1645373715','9 Huỳnh Tịnh Của, Phường 8, Quận 3, Hồ Chí Minh, Vietnam','{\"lat\": 10.7883648, \"lng\": 106.6883543}','Hồ Chí Minh'),('3fcb3043-7e39-11ea-8f79-8c1645373715','139 Nguyễn Đình Chiểu, Phường 6, Quận 3, Hồ Chí Minh, Vietnam','{\"lat\": 10.777158, \"lng\": 106.6890399}','Hồ Chí Minh'),('3fcb3133-7e39-11ea-8f79-8c1645373715','243 Cách Mạng Tháng Tám, Phường 4, Quận 3, Hồ Chí Minh, Vietnam','{\"lat\": 10.7770139, \"lng\": 106.6829741}','Hồ Chí Minh'),('3fcb3266-7e39-11ea-8f79-8c1645373715','63, 65 Bến Vân Đồn, Phường 12, Quận 4, Hồ Chí Minh, Vietnam','{\"lat\": 10.7653075, \"lng\": 106.7022376}','Hồ Chí Minh'),('3fcb3341-7e39-11ea-8f79-8c1645373715','Hẻm 42 Hoàng Diệu, Phường 12, Quận 4, Hồ Chí Minh, Vietnam','{\"lat\": 10.7653624, \"lng\": 106.7060284}','Hồ Chí Minh'),('3fcb3465-7e39-11ea-8f79-8c1645373715','18 Đường Đoàn Như Hài, Phường 12, Quận 4, Hồ Chí Minh, Vietnam','{\"lat\": 10.7663214, \"lng\": 106.7051618}','Hồ Chí Minh'),('3fcb3552-7e39-11ea-8f79-8c1645373715','64 Nguyễn Khoái, Phường 2, Quận 4, Hồ Chí Minh, Vietnam','{\"lat\": 10.7550974, \"lng\": 106.694483}','Hồ Chí Minh'),('3fcb3614-7e39-11ea-8f79-8c1645373715','14 Đường Đoàn Như Hài, Phường 12, Quận 4, Hồ Chí Minh, Vietnam','{\"lat\": 10.7667587, \"lng\": 106.7057955}','Hồ Chí Minh'),('3fcb3743-7e39-11ea-8f79-8c1645373715','3 Mạc Cửu, Phường 13, Quận 5, Hồ Chí Minh, Vietnam','{\"lat\": 10.750223, \"lng\": 106.659248}','Hồ Chí Minh'),('3fcb3860-7e39-11ea-8f79-8c1645373715','642 A Đ. Nguyễn Trãi, Phường 11, Quận 5, Hồ Chí Minh 700000, Vietnam','{\"lat\": 10.7540801, \"lng\": 106.6657832}','Hồ Chí Minh'),('3fcb3950-7e39-11ea-8f79-8c1645373715','642 Đ. Nguyễn Trãi, Phường 11, Quận 5, Hồ Chí Minh, Vietnam','{\"lat\": 10.7541276, \"lng\": 106.6662972}','Hồ Chí Minh'),('3fcb3a6a-7e39-11ea-8f79-8c1645373715','203 An Dương Vương, Phường 8, Quận 5, phường 8 Quận 5 Hồ Chí Minh, Vietnam','{\"lat\": 10.7558049, \"lng\": 106.6675406}','phường 8 Quận 5 Hồ Chí Minh'),('3fcb3b6c-7e39-11ea-8f79-8c1645373715','660 Võ Văn Kiệt, Phường 1, Quận 5, Hồ Chí Minh, Vietnam','{\"lat\": 10.7520489, \"lng\": 106.6836549}','Hồ Chí Minh'),('3fcb3c66-7e39-11ea-8f79-8c1645373715','107 Cao Văn Lầu, Phường 1, Quận 6, Hồ Chí Minh, Vietnam','{\"lat\": 10.7464601, \"lng\": 106.6495791}','Hồ Chí Minh'),('3fcb3d59-7e39-11ea-8f79-8c1645373715','88 Tháp Mười, Phường 2, Quận 6, Hồ Chí Minh, Vietnam','{\"lat\": 10.7499949, \"lng\": 106.6504626}','Hồ Chí Minh'),('3fcb3e26-7e39-11ea-8f79-8c1645373715','Hẻm 45/67 Bình Tiên, Phường 7, Quận 6, Hồ Chí Minh, Vietnam','{\"lat\": 10.7405803, \"lng\": 106.6424917}','Hồ Chí Minh'),('3fcb3f67-7e39-11ea-8f79-8c1645373715','114 Đường Phạm Văn Chí, Phường 1, Quận 6, Hồ Chí Minh, Vietnam','{\"lat\": 10.7462002, \"lng\": 106.6490232}','Hồ Chí Minh'),('3fcb40f5-7e39-11ea-8f79-8c1645373715','2D Chợ Lớn, Phường 11, Quận 6, Phường 11 Quận 6 Hồ Chí Minh, Vietnam','{\"lat\": 10.7465793, \"lng\": 106.6348488}','Phường 11 Quận 6 Hồ Chí Minh'),('3fcb42b5-7e39-11ea-8f79-8c1645373715','3 Tân Phú, P, Quận 7, Hồ Chí Minh, Vietnam','{\"lat\": 10.7327717, \"lng\": 106.725198}','Hồ Chí Minh'),('3fcb4390-7e39-11ea-8f79-8c1645373715','1 Tân Phú, Hồ Chí Minh, Vietnam','{\"lat\": 10.7328615, \"lng\": 106.7251448}','Hồ Chí Minh'),('3fcb4478-7e39-11ea-8f79-8c1645373715','504, 506 Huỳnh Tấn Phát, Bình Thuận, Quận 7, Hồ Chí Minh, Vietnam','{\"lat\": 10.741525, \"lng\": 106.7292689}','Hồ Chí Minh'),('3fcb4694-7e39-11ea-8f79-8c1645373715','People\'s Committee Of District 7, 1362, Huynh Tan Phat Street, Phu My Ward, District 7, Tân Phú, Quận 7, Hồ Chí Minh, Vietnam','{\"lat\": 10.7321119, \"lng\": 106.7262769}','Hồ Chí Minh'),('3fcb47b9-7e39-11ea-8f79-8c1645373715','1364 Huỳnh Tấn Phát, KP1, Quận 7, Hồ Chí Minh, Vietnam','{\"lat\": 10.713834, \"lng\": 106.7370286}','Hồ Chí Minh'),('3fcb4a02-7e39-11ea-8f79-8c1645373715','175 Phạm Hùng, Phường 4, Quận 8, Phường 5, Quận 8, Hồ Chí Minh, Vietnam','{\"lat\": 10.7395539, \"lng\": 106.6693443}','Hồ Chí Minh'),('3fcb4b1f-7e39-11ea-8f79-8c1645373715','126 Đường Lê Quyên, Phường 5, Quận 8, Hồ Chí Minh, Vietnam','{\"lat\": 10.740894, \"lng\": 106.6664351}','Hồ Chí Minh'),('3fcb4c13-7e39-11ea-8f79-8c1645373715','993 Phạm Thế Hiển, Phường 5, 8, Hồ Chí Minh, Vietnam','{\"lat\": 10.7428452, \"lng\": 106.667443}','Hồ Chí Minh'),('3fcb4ce6-7e39-11ea-8f79-8c1645373715','993 Phạm Thế Hiển, Phường 5, Quận 8, Hồ Chí Minh, Vietnam','{\"lat\": 10.7422643, \"lng\": 106.6678169}','Hồ Chí Minh'),('3fcb4dcf-7e39-11ea-8f79-8c1645373715','250 Tùng Thiện Vương, Phường 11, Quận 8, Hồ Chí Minh, Vietnam','{\"lat\": 10.7471976, \"lng\": 106.6615428}','Hồ Chí Minh'),('3fcb4eb4-7e39-11ea-8f79-8c1645373715','Dong Nai, Vietnam','{\"lat\": 11.0686305, \"lng\": 107.1675976}','Dong Nai'),('3fcb4fcb-7e39-11ea-8f79-8c1645373715','Đồng Nai, Cư xá Bắc Hải, Phường 15, Quận 10, Hồ Chí Minh, Vietnam','{\"lat\": 10.7788966, \"lng\": 106.6626316}','Hồ Chí Minh'),('3fcb50b4-7e39-11ea-8f79-8c1645373715','Kp5 Đường Nguyễn Khuyến, Trảng Dài, Thành phố Biên Hòa, Đồng Nai, Vietnam','{\"lat\": 10.9846076, \"lng\": 106.8691285}','Đồng Nai'),('3fcb51a3-7e39-11ea-8f79-8c1645373715','4 Lê Quý Đôn, Kp3, Thành phố Biên Hòa, Đồng Nai, Vietnam','{\"lat\": 10.9591332, \"lng\": 106.8613505}','Đồng Nai'),('3fcb527e-7e39-11ea-8f79-8c1645373715','1048A Phạm Văn Thuận, Tân Mai, Thành phố Biên Hòa, Đồng Nai, Vietnam','{\"lat\": 10.9580619, \"lng\": 106.8468985}','Đồng Nai'),('3fcb535c-7e39-11ea-8f79-8c1645373715','Long An, Cần Đước District, Long An Province, Vietnam','{\"lat\": 10.5607168, \"lng\": 106.6497623}','Long An Province'),('3fcb5468-7e39-11ea-8f79-8c1645373715','2523 South Blvd, Charlotte, NC 28203, USA','{\"lat\": 35.2023634, \"lng\": -80.8646618}','North Carolina'),('3fcb56a7-7e39-11ea-8f79-8c1645373715','Long An Province, Vietnam','{\"lat\": 10.695572, \"lng\": 106.2431205}','Long An Province'),('3fcb5855-7e39-11ea-8f79-8c1645373715','Long An, Mỹ Tho, Tien Giang, Vietnam','{\"lat\": 10.4032411, \"lng\": 106.3384114}','Tien Giang'),('3fcb5941-7e39-11ea-8f79-8c1645373715','211 Nguyễn Thông, Phường 3, Tân An, Long An, Vietnam','{\"lat\": 10.5327197, \"lng\": 106.4261931}','Long An'),('3fcb5a15-7e39-11ea-8f79-8c1645373715','Tien Giang, Vietnam','{\"lat\": 10.4493324, \"lng\": 106.3420504}','Tien Giang'),('3fcb5b0f-7e39-11ea-8f79-8c1645373715','Cái Bè, Cái Bè District, Tien Giang, Vietnam','{\"lat\": 10.3367347, \"lng\": 106.0298196}','Tien Giang'),('3fcb5c03-7e39-11ea-8f79-8c1645373715','Tiền Giang, Phường 2, Tân Bình, Hồ Chí Minh, Vietnam','{\"lat\": 10.8082688, \"lng\": 106.6655128}','Hồ Chí Minh'),('3fcb5d00-7e39-11ea-8f79-8c1645373715','02 Đường Hùng Vương, Phường 1, Thành phố Mỹ Tho, Tiền Giang, Vietnam','{\"lat\": 10.3549773, \"lng\": 106.3643284}','Tiền Giang'),('3fcb5e81-7e39-11ea-8f79-8c1645373715','Tiền Giang, Lê Lợi, Bắc Giang, Vietnam','{\"lat\": 21.2694124, \"lng\": 106.1992451}','Bắc Giang'),('3fcb6005-7e39-11ea-8f79-8c1645373715','Ishikawa, Japan','{\"lat\": 36.32603169999999, \"lng\": 136.5289653}','Ishikawa'),('3fcb60df-7e39-11ea-8f79-8c1645373715','Ishikawa, Uruma, Okinawa 904-1106, Japan','{\"lat\": 26.4376186, \"lng\": 127.8220414}','Okinawa'),('3fcb61d6-7e39-11ea-8f79-8c1645373715','Ishikawacho, Ota City, Tokyo 145-0061, Japan','{\"lat\": 35.6029663, \"lng\": 139.6822041}','Tokyo'),('3fcb62d0-7e39-11ea-8f79-8c1645373715','Ishikawa, Fujisawa, Kanagawa 252-0815, Japan','{\"lat\": 35.3791036, \"lng\": 139.4542268}','Kanagawa'),('3fcb63a8-7e39-11ea-8f79-8c1645373715','Ishikawacho, Naka Ward, Yokohama, Kanagawa 231-0868, Japan','{\"lat\": 35.4373853, \"lng\": 139.6410647}','Kanagawa');
/*!40000 ALTER TABLE `locations` ENABLE KEYS */;
UNLOCK TABLES;

--
-- Table structure for table `roles`
--

DROP TABLE IF EXISTS `roles`;
/*!40101 SET @saved_cs_client     = @@character_set_client */;
/*!50503 SET character_set_client = utf8mb4 */;
CREATE TABLE `roles` (
  `id` char(36) NOT NULL,
  `roleName` varchar(100) NOT NULL,
  `industry` char(36) NOT NULL,
  `description` varchar(100) NOT NULL,
  PRIMARY KEY (`id`),
  UNIQUE KEY `roleName` (`roleName`),
  KEY `industry` (`industry`),
  CONSTRAINT `roles_ibfk_1` FOREIGN KEY (`industry`) REFERENCES `industries` (`id`)
) ENGINE=InnoDB DEFAULT CHARSET=utf8mb4 COLLATE=utf8mb4_0900_ai_ci;
/*!40101 SET character_set_client = @saved_cs_client */;

--
-- Dumping data for table `roles`
--

LOCK TABLES `roles` WRITE;
/*!40000 ALTER TABLE `roles` DISABLE KEYS */;
INSERT INTO `roles` VALUES ('3fca36a2-7e39-11ea-8f79-8c1645373715','Forward Accounts Associate','3fc9a0d4-7e39-11ea-8f79-8c1645373715','Consequuntur blanditiis et distinctio maiores magnam.'),('3fca4473-7e39-11ea-8f79-8c1645373715','Regional Interactions Specialist','3fc9a1fd-7e39-11ea-8f79-8c1645373715','Vero non earum quos officiis dolorem nam eveniet.'),('3fca4591-7e39-11ea-8f79-8c1645373715','Corporate Tactics Supervisor','3fc9a0d4-7e39-11ea-8f79-8c1645373715','Autem recusandae velit numquam.'),('3fca4661-7e39-11ea-8f79-8c1645373715','Central Accounts Specialist','3fc9a24a-7e39-11ea-8f79-8c1645373715','Dolorem sit quia nam similique.'),('3fca4797-7e39-11ea-8f79-8c1645373715','Central Web Engineer','3fc9a17e-7e39-11ea-8f79-8c1645373715','Minima aut consequuntur tenetur possimus.'),('3fca484e-7e39-11ea-8f79-8c1645373715','Legacy Creative Orchestrator','3fc990c8-7e39-11ea-8f79-8c1645373715','Eum tempore nisi perspiciatis accusantium placeat sunt.'),('3fca491b-7e39-11ea-8f79-8c1645373715','Central Integration Designer','3fc9a17e-7e39-11ea-8f79-8c1645373715','Perspiciatis qui laudantium asperiores non deserunt.'),('3fca49d2-7e39-11ea-8f79-8c1645373715','Dynamic Quality Facilitator','3fc9a0d4-7e39-11ea-8f79-8c1645373715','Harum voluptas ut adipisci est.'),('3fca4a8a-7e39-11ea-8f79-8c1645373715','Product Intranet Supervisor','3fc9a24a-7e39-11ea-8f79-8c1645373715','Rerum architecto omnis saepe earum blanditiis corporis.'),('3fca4b3a-7e39-11ea-8f79-8c1645373715','Dynamic Markets Orchestrator','3fc9a17e-7e39-11ea-8f79-8c1645373715','Ea cupiditate aut iste natus illo molestias illo quaerat quae.'),('3fca4bd9-7e39-11ea-8f79-8c1645373715','Future Research Facilitator','3fc9a24a-7e39-11ea-8f79-8c1645373715','Aut illum nemo voluptate.'),('3fca4c89-7e39-11ea-8f79-8c1645373715','Corporate Configuration Manager','3fc9a17e-7e39-11ea-8f79-8c1645373715','Vel iste qui sint.'),('3fca4d44-7e39-11ea-8f79-8c1645373715','Investor Security Developer','3fc9a17e-7e39-11ea-8f79-8c1645373715','Autem nihil dignissimos dolorum ut.'),('3fca4ded-7e39-11ea-8f79-8c1645373715','National Metrics Assistant','3fc9a17e-7e39-11ea-8f79-8c1645373715','Autem sequi sunt dolore odio deserunt aut sed impedit vel.'),('3fca4e8f-7e39-11ea-8f79-8c1645373715','Dynamic Directives Associate','3fc990c8-7e39-11ea-8f79-8c1645373715','Et qui ipsa sint quam consectetur doloremque dolor.'),('3fca4ff0-7e39-11ea-8f79-8c1645373715','Dynamic Assurance Supervisor','3fc9a1fd-7e39-11ea-8f79-8c1645373715','Dolorem libero dolor quo voluptatem.'),('3fca50a7-7e39-11ea-8f79-8c1645373715','Global Research Executive','3fc9a1fd-7e39-11ea-8f79-8c1645373715','Quia et id dolorem ad rerum veritatis modi quidem cumque.'),('3fca5150-7e39-11ea-8f79-8c1645373715','Legacy Brand Agent','3fc990c8-7e39-11ea-8f79-8c1645373715','Aut dignissimos iusto maiores et culpa ut sapiente.'),('3fca51f3-7e39-11ea-8f79-8c1645373715','Dynamic Applications Engineer','3fc9a0d4-7e39-11ea-8f79-8c1645373715','Harum quod exercitationem doloremque eius maxime quos odio.'),('3fca52a3-7e39-11ea-8f79-8c1645373715','District Response Representative','3fc9a0d4-7e39-11ea-8f79-8c1645373715','Voluptates eveniet placeat occaecati sed repellendus id.');
/*!40000 ALTER TABLE `roles` ENABLE KEYS */;
UNLOCK TABLES;

--
-- Table structure for table `users`
--

DROP TABLE IF EXISTS `users`;
/*!40101 SET @saved_cs_client     = @@character_set_client */;
/*!50503 SET character_set_client = utf8mb4 */;
CREATE TABLE `users` (
  `id` char(36) NOT NULL,
  `email` varchar(320) NOT NULL,
  `password` binary(64) NOT NULL,
  `salt` binary(128) NOT NULL,
  `customerId` varchar(30) DEFAULT NULL,
  `subscriptionId` varchar(30) DEFAULT NULL,
  `resetCode` char(6) NOT NULL DEFAULT '000000',
  PRIMARY KEY (`id`)
) ENGINE=InnoDB DEFAULT CHARSET=utf8mb4 COLLATE=utf8mb4_0900_ai_ci;
/*!40101 SET character_set_client = @saved_cs_client */;

--
-- Dumping data for table `users`
--

LOCK TABLES `users` WRITE;
/*!40000 ALTER TABLE `users` DISABLE KEYS */;
INSERT INTO `users` VALUES ('3fc82fbd-7e39-11ea-8f79-8c1645373715','Mario.Keebler@gmail.com',_binary 'e\Bu\l^y͵؇E\J\D%hB\\\7=J}}jy\r\H\K\\\{',_binary '~	ه\_\@!\j%\\8rB\r\UNe\j\\R8`I1ۊ[6\j\_\m\\A\\\>\'lb_e\nDPaYt~\y^\Vh~%`)R[n*ӊKlMSi',NULL,NULL,'knusrl'),('3fc85116-7e39-11ea-8f79-8c1645373715','Emmet_Ledner98@yahoo.com',_binary '>D>pI\Qk?Cac\\rNwɈ+\8\\\\vx퓽OXM_x\r<kyX\<',_binary '\r0\\\'\\r3頓vA/Y\˿֔\\b-q\\\l$6N\\\5Fڍ&\\0\\Dmnsj\5L\9JG\Ty\\\rpW\,O\|2\X\U\8wXa\x;Đ`#ެ',NULL,NULL,'tm0jzi'),('3fc851fb-7e39-11ea-8f79-8c1645373715','Anderson.Gleichner96@hotmail.com',_binary 'DL;\\\\|A\k\Z\\\\'\\U\\#WM֕FbN;&0[h\3\\',_binary '\\\'<M\?Q\|2ER*;\IL⻯\t\\r\\Ʈ^PG\nl\\\\[.\I	bYk/6a\~\=d[?dn\Ti~R\O\r*[\\sX\ZU+]5',NULL,NULL,'shlo05'),('3fc8528f-7e39-11ea-8f79-8c1645373715','Darion_Ratke5@yahoo.com',_binary 'g	\\a\	1\\6;\-k:\\D[	\\e\5\0\QX?QU>\0\i㠡c\Pզ6NlQ\',_binary '\Zr\e\ı\\v?\|\U\a[%ΣTw\\ī\\\\\&\@-CKZq\o\\$k\\\\7\7\\σ7jo\kǃu\\@Bi\)J#\;\0{RU\O1%F\tac',NULL,NULL,'qiagk6'),('3fc85f11-7e39-11ea-8f79-8c1645373715','Trevor_Rutherford69@gmail.com',_binary '\\\'7\n\\\iFԹ8\\JU7\r-\$z\\>\KAKLiTZ*OZz',_binary '2\[6I\[%3/\چS?{@\X\fݾs\W[T\y\UzҎ?\9\09/\ru5\!j\ˆ/͹\q\C1ʭ:4\;\h\Ώ/Np\\O\,i\1֘\8F\U8f7\',NULL,NULL,'wupjcv'),('3fc85fb3-7e39-11ea-8f79-8c1645373715','Stacey.Koepp80@gmail.com',_binary '1Rl8\\{#pC \nM߰}tލw\\갥5u\Ɓ0\'E/Nz\\	xg\',_binary ':spO\n\T\{xvXY߁oOXU?\\T\ǣ\0~Oҿ\\)D\P\/.\\\y\r\E)\\\h|	\nf%DT_fN1!&\w\nwP\\0*a\\\\\b\1n(\'',NULL,NULL,'slcy9o'),('3fc8601d-7e39-11ea-8f79-8c1645373715','Uriah0@hotmail.com',_binary '	=\\!\XS\١\\+K#\ZZ7\\\<:*4ůb\r\hW\>v',_binary '\FR\$Ś/&L{\i\\rD)\\\\\\S\:\A\8[\\ތr\\\\.tS,\s3/඗Tr\7IU\o\V̸>\\^\\\\܏\E_o$~\\n\\0TH[>[',NULL,NULL,'0cnfyo'),('3fc86098-7e39-11ea-8f79-8c1645373715','Alessandro.Ortiz71@hotmail.com',_binary '\9.+\k>S\a\\9\\Sّ\3\\1\\\Խ\&hZFVxX&',_binary '\I\	\'z=]\'\0[-(\\\\2\&\mRW\mb\_\\θr&Zj_\t+w\⿺э%<5f\n7D~\eT*K\\h<S\]@l\\j\\\*re',NULL,NULL,'ut88vn'),('3fc86122-7e39-11ea-8f79-8c1645373715','Dasia4@gmail.com',_binary '\Z\_\RZsנ)9;A`p?\.ӟ;ۣ\c*쌵ӌ\rje\Q\t\U\',_binary ':Y\lkXR\\LX5*hפ\\X\Bu\F\43fǐ\n\@.\nY>,\,NXx\M9\m|6X\_k\\6\x\ DF܁[@2\0D\/x #-!*&gy',NULL,NULL,'kqcwin'),('3fc8619a-7e39-11ea-8f79-8c1645373715','Brennan.Gerlach50@gmail.com',_binary '\e\W\YЁ\\3.r\'[G^$\!_\`LWa\C\\\W8.[?\\=o\\<\Zz',_binary ')2خbMՕP,\G\f]l\=K\fn/]\Z,[\0͚\-\\d[X,~FSA5$9)k\֟\\Hr9\\\NN2	\ӜNZ{zj6\\`=@A4ޙ\',NULL,NULL,'n7yey3'),('3fc86200-7e39-11ea-8f79-8c1645373715','Verna32@gmail.com',_binary '=\nN\\Zj˖EsYOc\OB>\\488N\\\t)\hbO\?AMw;?v\"5<\\RN',_binary '\k\/\Mf&n\\\\}D\\!=\0)\Z\Aՙۃ\m=]\)%\s:hʐ=	˄+=,;wxi\L۝3\lֺI=\$O\՜x\\\FRȯ\',NULL,NULL,'sbrpoe'),('3fc86278-7e39-11ea-8f79-8c1645373715','Dejon.Flatley89@yahoo.com',_binary '{7|׻/\ߺkj3r++M\1\[p\Z\\@\\2#|R}jVśi\0:T7`xg',_binary '*~q}\nܓbDz\\\C\\Z0\q\x\1pY2\\\r4\\tQ}zoF7;\\\J.\\\\n_SzZ4%-\^\Ƕ*\k\\!6<-/X\\.\\\\\r\',NULL,NULL,'lsg82x'),('3fc8639d-7e39-11ea-8f79-8c1645373715','Lucie_Lockman4@hotmail.com',_binary '^N%ų\Bv\\̨\ BU\rݼ\ƣdr\R-9Z=\UiJQ\0o',_binary '=G\y^\o3~ܽއug:k\z9,Dk\\2\SƖ\;\tå\p\hh\\ya\[hz\\q\b\ۄ\\\a\g\*B;xKy\n\w7\\\>\\J+ۋ\*\',NULL,NULL,'3gwop3'),('3fc86403-7e39-11ea-8f79-8c1645373715','Sierra_Shanahan@hotmail.com',_binary '3\w\r\:Żs\\T\30H*кr\\*Du~\\	Æ63p}:zZ\1le*\%',_binary 'Vac&(\թ8\!\t\>\PV\p-dZR#^(\b\pM\$n\\D\bUOk]\\E``jAhq\\l\k/C\4\蕅xYS\\\g099)1I\7',NULL,NULL,'whjqs6'),('3fc86474-7e39-11ea-8f79-8c1645373715','Calista68@gmail.com',_binary '\5B\\\rդܤˉB\tvw\\^F$r\%Ԙҽ\`x\y\\n[y\}#fP\\Z\0r',_binary 'j2&v	\\C*kc\8k}XZA)\ڛK\l]PK!\'_\_0M\\L=\\E=I\\rV@Bi5\l\f\_\Zf\\\&fg\\nڒt\/:4H\7',NULL,NULL,'k57adu'),('3fc864e5-7e39-11ea-8f79-8c1645373715','Valentina_Altenwerth34@gmail.com',_binary '\^\%\ق\#lH$޽\\L*zxa&ZßrY	H\rxx;#\\AˤF\',_binary '\c\\\w\SG\!P(\6\\\3\\3\"\0\\%(\"\\\>~\\\\DB<݉\"y\\ߠ.{\\\\]ÞkKwJ1QW\\u:ݯ>\i4~a*%o',NULL,NULL,'r08a44'),('3fc86564-7e39-11ea-8f79-8c1645373715','Hector57@gmail.com',_binary '\2_m0~,D\'!g>>85\\m\s%q+>E#weOzT\Nd\0{	H	(2D*\\0',_binary 'p?B#TR\	\"!g\B/jqr*	\ \Ki\\\Nu|8u\e\\?foRiv[\v1\\}Sc\BnK✷\\+\rYtY=N\q[I1o\\^\>oq#w5',NULL,NULL,'i29un5'),('3fc865c3-7e39-11ea-8f79-8c1645373715','Kacey_Gerlach49@yahoo.com',_binary 'zfD\\Xg\n\0uU\\'YM\IqO\r @;\:\0\\'_^bwr_(+b~Ʃz0',_binary 'F鍱\s\\h\cf\i?\8\\jz.:έ\]?GW\`\Z\Y[\\0aCA\!ɪ)^jo\Z\\\+\\\J:ͯExNƣT/\M͙3K\\\',NULL,NULL,'e1b804'),('3fc86649-7e39-11ea-8f79-8c1645373715','Gabriel.Walker@yahoo.com',_binary 'A\ݩ#\ZX\P\'\1#{\gA$X\M\\\\`\\vF|\?\\ޞ,',_binary '8}\\+D+$\ӝ\\ۺ\^cr]\ح\X\XWmUT\dF\W!/\d\\Ͳ(#lcdߑGw\\\Q\\%B\c\qm&ϰW0-?[\[$\\(r\|/E<o5eA',NULL,NULL,'xo29pr'),('3fc866bd-7e39-11ea-8f79-8c1645373715','Dessie.Volkman64@gmail.com',_binary '09G\\WҮ\\<\r\\"/w\\Z\\\68q\?H\NlDQ\@\\Ļ0_',_binary 'y\\Z{F\	wlo\_\ZP\\)=M>x D94\d\ZW\nY3/3W\\[\zjA5\bX}[C\\e@%OЈ\\	hH[#@훸]\D\7x\\',NULL,NULL,'7cbj19'),('3fc8672e-7e39-11ea-8f79-8c1645373715','Gerardo.Kovacek36@hotmail.com',_binary '_edVfQ\'z\X\\0U־0\\;\\J.\x\Dw8í\\}*]',_binary '1G\nP7%m)\D`m\>\\\\6.P,\\\C\\\5;ah^߱\]\TǛ2\N\֌E<Ŗ:M\tJF}\o1\ӭ&\\U\/~edU`䄦\m\ODU\'T|}',NULL,NULL,'ypzj1c'),('3fc8678a-7e39-11ea-8f79-8c1645373715','Dell.Bashirian@yahoo.com',_binary '#\.;ǽTs\\M\\"\¯!\?\\wј\m\)ADY\_*R\T\',_binary '@lCI)mp\6_, d\"\\JG^\t:\Y \|j\V!U)>\\\\/\٬U}[ZX᷆k~3g3!V^Q<7\8\[j1O\Kw\"!>䨽\\-\uY\\)N$@/7\',NULL,NULL,'fmiuf1'),('3fc867f3-7e39-11ea-8f79-8c1645373715','Axel_McGlynn2@gmail.com',_binary 'y,\"/w^\"F\\q\Mׂ,3&\\ي\NW\\\Ҍ\2B\#>ř\C\?\Z',_binary '[7擐aME<Hm/4\#\/^۸V\o\"\0y\".Ѽ8L\\f\ڳ\Z\G \0*zW\`o2cB\N\\b:v{@|V]o\	o\$,rZj\\([B\Cbp=n\\	#',NULL,NULL,'oktis0'),('3fc8691c-7e39-11ea-8f79-8c1645373715','Mackenzie.Kilback52@hotmail.com',_binary '\m\QǪx\i*\6\t]l\Z39\c6m\\\w\\ԝ\\\$+/d\/\Z',_binary '7B\\=\?3$\ɿs7\'SL\qE>\\\s?\\e\\Ǻ\\3E\\\\Y\\rFl\'gE0\Pd\\4\X,\\"\nT\ѝ,\\/1J/~\UA!',NULL,NULL,'99smpm'),('3fc8699e-7e39-11ea-8f79-8c1645373715','Chance_Armstrong@gmail.com',_binary '\3\\zԀ\\}vO\T&y5^gc\n\\~\\\'fzpD\H\Zv\\\1\z\$\W',_binary '\|6\OQ\*ːs5F/rb3\Q\0 \(T>N\.JWenUa\\\]\r~Hsq\t\wZ4Pb\\:\\'4\z\\n;\r\v[9ʵE<0SȌH6[\',NULL,NULL,'yhpr4r'),('3fc869fd-7e39-11ea-8f79-8c1645373715','Quinton.Crona62@hotmail.com',_binary '\;G!\=Ee\͆LY\\\~(~(\HS\\a\36,\Z8|\2K3u?\t\A',_binary '-h\.y\.\o\K1\r^\\\\\O!l&yHM96|_\P\*ܼO͸T\ZZ\㊹̥)3\z\he\n\4\wt^is\Vp\\(/&<Cl\\0\\\oW',NULL,NULL,'ckcjzi'),('3fc86a75-7e39-11ea-8f79-8c1645373715','Alexane98@hotmail.com',_binary '.\Ӷ\-B\nc\\g/PL\)c\\\4ͰUKO(\h7\H2Yר\'f\Zz\o',_binary 'Gy\vFCY\Kf20\\nJJ\\\'lwVA\(Ѯ\\DP\cDI\\{pa\b75\)\o;P*\\njԌ\\t\'S\e\\"Gd9»(n\"Q\:颭\\\',NULL,NULL,'shlmw4'),('3fc86ad4-7e39-11ea-8f79-8c1645373715','Julie20@gmail.com',_binary '<\0ʫih ɀI\r`Ơq4@+/\BW%\(\S-1IǇ}):\eUyE\;',_binary '\4zIU-_d	)`,\\Y\\D8|t\\02s\.\\\\ma&\\\\=*l\htz\ƴ/\\:j\d\z\3\<vJ00\Z\Q,\'^bl\r\gS\Ӣ',NULL,NULL,'f2v311'),('3fc86b49-7e39-11ea-8f79-8c1645373715','Mallory.Pagac@yahoo.com',_binary 'q\ݒDP5=k\\\\)6]e\\],O\Dz\})\P#\\Ҫs\h\\29e',_binary 'ܱ)y@t\\'s\\\\ufTs9\ط\0\\x|Fk\{\\O4\Zr\~\gb5`\"`\\w\2\\px\"\k\Ucrpz	C2f>MeNN',NULL,NULL,'w6itkg'),('3fc86bab-7e39-11ea-8f79-8c1645373715','Irma_Satterfield13@yahoo.com',_binary '\Z\k\wI-\9ŕ\=\L\(T\o\\\\g!(70\8\	\',_binary '9d\^B\\C\[\P,uwVժ.#ƚh\\V{v/a\'\'\{\\\QNLuYac=ך*go/ìa۳#ڜ\\\0\\Z3[Bq#\04 8c',NULL,NULL,'cnof82'),('3fc86c20-7e39-11ea-8f79-8c1645373715','German42@yahoo.com',_binary 'j´t\\5Q2. /e韚p\\0\\?>pX:ZZ\~\\\2u\ׄ ',_binary '\{[x\\\MmK.\"a<\\8\"u\g\xY^cEwˉ%\Di\Հ\=\e֍ZAN	\ y\\̙]~z\%\\"I}.\'v\\\D#,%T\\\Z\\\p\Z1%',NULL,NULL,'hys4nw'),('3fc86cb0-7e39-11ea-8f79-8c1645373715','Jaycee.Crona43@hotmail.com',_binary 'ΠΠcg\\"-\SD\h[\Y\\X\K\\SwA펕Z\\\ӽ\_\#P;\\d0rZ\',_binary 'wp\\~5sb\n/k-\Å\=I:ʒH13<t\\\RM\'\7#=	D>Xt\\0\\ŝ1\-gR\\v6\A\bpejr\~\\\A$Bֿ\\/R(,7{gP\=-rC',NULL,NULL,'5kyd4v'),('3fc86d28-7e39-11ea-8f79-8c1645373715','Jarod68@yahoo.com',_binary '\7\\TL\0\nUI\IGi\0\\Hv/N\ӓ\Ę\W\I\OC=$@\\A7z\Z',_binary 'JBh`\0\Zɠ\\k1\2ݏ[\\:z!-w\c\\\]\<ob\a\n\uV\5	\E\\I)\F;o\":\"2\a\{\nmb\9\w_qĸ=\\\6ؘ18',NULL,NULL,'rtljm7'),('3fc86d9d-7e39-11ea-8f79-8c1645373715','Dayton33@yahoo.com',_binary '\֙Œw\=l\fmZpSQ\K,\\\,?5\\v8\pyIu#7\ծd\0',_binary '\\Ӻv81n\-mj5\0 O\\0\\\4dCe|\9\r\\"\h/\b\g.@P\q\+\\\\f\\/ъ\g;\a\󣩖ֳ*l\e\\	',NULL,NULL,'ytlqsm'),('3fc86dfc-7e39-11ea-8f79-8c1645373715','Gussie35@yahoo.com',_binary '=\\<<\\ηd(R\\yN\7\pPiB\\7M\Z7\\+\>Q\0y\\\Ll\',_binary '@9U\*Fw\'U\XG\N\}R\\\Çd\^3ȡ\rN\#\\\yRӫ4gѳqe}mHߟ\j.\'A˯G\yF\	\ǫ\a\\\\!l\%\1\',NULL,NULL,'j33wf1'),('3fc86e74-7e39-11ea-8f79-8c1645373715','Esther_Rau96@yahoo.com',_binary '\\\0<B\_W%\aiXƽ#WSL\\\\\{\\\ƥV?clQ+P',_binary 'd4q\\\\7\'\nUv\tƬ\'!&ػ?5v4цգ\c	gj\\}$-\LqwV|\6\Z^B^wu1h5e\xTT4\\IAdTC%ˋfg\1-\:\<\\e\M',NULL,NULL,'f0qrwt'),('3fc86ede-7e39-11ea-8f79-8c1645373715','Braulio99@gmail.com',_binary 'k1L\\ƛtpٗ\"\\rɌ\\vV61\\\^+\rN\\EDZ\\R\\xs\X',_binary '\\%y&\ʋ\nw\\E\B齦\s\rNp,?V\KÜ\0\nFVί\Z\]\\\\\4dJ\rWQa\/{0%}RQ\\\zʒ!iڈ:Z);LҖ\\,\<\\\\',NULL,NULL,'32g6i4'),('3fc86f64-7e39-11ea-8f79-8c1645373715','Camryn.Connelly53@gmail.com',_binary 'dǦT|ڂ6db\VNBg\\$nw\\[\'?X\nSS\\\T\5g\"\y{5\@',_binary 'o+\"\v\\\\B\r\=\\p\\\\U\\O+Y\ZJYS\\"3`9=R\\*!\+os\\\x\0xz~,\挟.CU2ﷅ[r\\\\"\\\Z$|v\>:\\\`&R\IN\\',NULL,NULL,'zeqwf3'),('3fc86fca-7e39-11ea-8f79-8c1645373715','Timothy36@hotmail.com',_binary '\s\ϖ\\\0\\\\rDzS\&\\o\\Z%@Ҿ\x\C\r^;e\_\reԚ',_binary '\dݳW>lv8/(_\MDy\\兖\A\V\U1&e\BآSs#Kܻ\s\C[\S\D<޳2l]\\\r3\F}%\\Cc&qmsپz\.˩\j6ui볡!\C~\n\+',NULL,NULL,'pd07ia'),('3fc8706c-7e39-11ea-8f79-8c1645373715','Stewart.Schultz@gmail.com',_binary 's\u҆ɶq*s\Nz\'\aҩ쑦S1O)ż*Wh\n\?I~Ϸq\3-f\',_binary '\\qiw/\JL@L\91%k\|\\\\R)/\I\zDEmxX9ъ`\c7\)	B,\n<\nGA\nz\ޏ\\\uV\n\\"\H\0mj3CЂKY\',NULL,NULL,'pzl2d6'),('3fc870e7-7e39-11ea-8f79-8c1645373715','Benedict.Cole25@gmail.com',_binary '2\m[nUE΃\v\\"fWv\\kV$\\\\h\D!4lU\\Usu\nrj	\0',_binary '{Ysþ\\6\,\"F{U/#{],u-\V\r\rS^V<6\	\\\X:(6*\p\Ʀb\GR \~SuiHԮ\m\I\\v¼?\=+u\\$?\|\n4\d\y',NULL,NULL,'6w93qh'),('3fc87163-7e39-11ea-8f79-8c1645373715','Christian14@gmail.com',_binary 'Wim\\"\Pꏜa\X\(c-t{\ZyX:\ijD:\˅([\{\',_binary 'Y\2G\`\\\"壇\0=R&J3W\\@#|m\<v<\Zh0[\"T\\\\\y\1!\n]~6/ \"+%\pW|l\rq\63S[\\(yA\0=жb\',NULL,NULL,'zm2ysi'),('3fc871c9-7e39-11ea-8f79-8c1645373715','Harley42@yahoo.com',_binary 'LR\"Fg%~mR 5[\	{F\;v\\r:\񑚛\ I61zK.\"\n쒔\\K\K_?\J',_binary 'py\PMu2Ų\\l\dS\_m2Ad\K \\a\\.Fn\\\\\z@d{\[\0aD p&i\R\(ޠk\I\\\,\swW\\\Ȩ\\\0~!\*`+',NULL,NULL,'9nbf56'),('3fc872dc-7e39-11ea-8f79-8c1645373715','Blair0@yahoo.com',_binary 'jZg&\k\o\UX\\'\ჴo<\\r\\d[\\\\[zX\`\\\w\Z=',_binary 'vhfTA\k\\Y1M\3\MO(x\\\\"\o\ jR[C;vf~\ە2P\\TTgؐ\gX8\u\\\\?\a\\\\uG\d*uG.\Z\\Szˬ{\$\\f\\T\n',NULL,NULL,'dv12hn'),('3fc87349-7e39-11ea-8f79-8c1645373715','Abelardo_Kris91@yahoo.com',_binary '̇-\c|:cE\E(m\u\?\o\.\\Ϲm{&~@\9S\?',_binary '!\X֦sx\Sb\Z`e:&H(n(ą\\\Wmko=\\f鹪gd\\mH7-4ANo\P\022duPD8nD:\\|7OԦ<.%O\\\',NULL,NULL,'gqogh2'),('3fc87460-7e39-11ea-8f79-8c1645373715','Berry_Klocko@gmail.com',_binary ':\\`\06%aH13^\\'f\i[3\\\\\rqQ\\J\\\\\\3\(/FaB',_binary '\f\\\e\RtE\\\*\\~G\\V1\\\|(\r7\A\nL\Y\\FZ	ʕ\\xi\{w -o!P!\V{B\'e%_\~\9R]6\j\=\\u7FiG\n\\x\\7\',NULL,NULL,'n6h83q'),('3fc875b3-7e39-11ea-8f79-8c1645373715','Rosanna.Daugherty@hotmail.com',_binary 'W,\ψ\cD}B;˄Tq\W\n\\\\_:.?;\<%]/ 8x',_binary 'ؼ\\5ݺ\\$t\^V~B\0p\7\/?QKBՓ8i8\Dσ\\N\8\^\\n&\* 宴]Jv\_#\\\Ax\B-\#\fN\UHR',NULL,NULL,'luwnf4'),('3fc876f7-7e39-11ea-8f79-8c1645373715','Joesph36@yahoo.com',_binary 'fS髞%PAA鼲3u\\Jhئ\7\jz \%Z&\rcH&CW\\E\\\',_binary 'Ńu_\Ō\	\'F,f&g\Aj\\0U\u\w2Hr)\0+0B\y\"rvdO)fI\\_\#\0\\'(6g];\y\;pb%!\\ϣ\\\0_%\S91\麭&Z',NULL,NULL,'kvyvk6'),('3fc8776f-7e39-11ea-8f79-8c1645373715','Camille_McLaughlin89@gmail.com',_binary 'k\\\\k6¥l_\sHCƧ~?\\0~\'W@\"\ޖLCh\\AZ\H\Z\\',_binary '\Wq]\n!P#$B\\0k\\\Zi\6n*!Z{@3a\\}⎓)jboz\\\{*]0(Q\'\t%ݚѓ\\r\??_K\o:\@*84Q=\91\Z\\us\',NULL,NULL,'5sis3q'),('3fc878cf-7e39-11ea-8f79-8c1645373715','Pablo_Gibson@yahoo.com',_binary '\6S}Y>)y\\B\$i`3Re\Љ\\\\V\TzLph\+\\n\#gJ\c_	\,',_binary '\0e\zoׁ,6\$\J0^\$u14\\;a\\b$N7Ei\\\խ\\)di\e\rr\l^Ce2l8ɸ2P\uذXb&SQ\\\\~\ĵ\\I\Ű\_S',NULL,NULL,'12tzeo');
/*!40000 ALTER TABLE `users` ENABLE KEYS */;
UNLOCK TABLES;
/*!40103 SET TIME_ZONE=@OLD_TIME_ZONE */;

/*!40101 SET SQL_MODE=@OLD_SQL_MODE */;
/*!40014 SET FOREIGN_KEY_CHECKS=@OLD_FOREIGN_KEY_CHECKS */;
/*!40014 SET UNIQUE_CHECKS=@OLD_UNIQUE_CHECKS */;
/*!40101 SET CHARACTER_SET_CLIENT=@OLD_CHARACTER_SET_CLIENT */;
/*!40101 SET CHARACTER_SET_RESULTS=@OLD_CHARACTER_SET_RESULTS */;
/*!40101 SET COLLATION_CONNECTION=@OLD_COLLATION_CONNECTION */;
/*!40111 SET SQL_NOTES=@OLD_SQL_NOTES */;

-- Dump completed on 2020-04-14 17:42:07
