-- MySQL dump 10.13  Distrib 8.0.19, for Win64 (x86_64)
--
-- Host: localhost    Database: recruiter
-- ------------------------------------------------------
-- Server version	8.0.19

/*!40101 SET @OLD_CHARACTER_SET_CLIENT=@@CHARACTER_SET_CLIENT */;
/*!40101 SET @OLD_CHARACTER_SET_RESULTS=@@CHARACTER_SET_RESULTS */;
/*!40101 SET @OLD_COLLATION_CONNECTION=@@COLLATION_CONNECTION */;
/*!50503 SET NAMES utf8mb4 */;
/*!40103 SET @OLD_TIME_ZONE=@@TIME_ZONE */;
/*!40103 SET TIME_ZONE='+00:00' */;
/*!40014 SET @OLD_UNIQUE_CHECKS=@@UNIQUE_CHECKS, UNIQUE_CHECKS=0 */;
/*!40014 SET @OLD_FOREIGN_KEY_CHECKS=@@FOREIGN_KEY_CHECKS, FOREIGN_KEY_CHECKS=0 */;
/*!40101 SET @OLD_SQL_MODE=@@SQL_MODE, SQL_MODE='NO_AUTO_VALUE_ON_ZERO' */;
/*!40111 SET @OLD_SQL_NOTES=@@SQL_NOTES, SQL_NOTES=0 */;

--
-- Table structure for table `employees`
--

DROP TABLE IF EXISTS `employees`;
/*!40101 SET @saved_cs_client     = @@character_set_client */;
/*!50503 SET character_set_client = utf8mb4 */;
CREATE TABLE `employees` (
  `id` char(36) NOT NULL,
  `firstName` varchar(100) NOT NULL,
  `lastName` varchar(100) NOT NULL,
  `phoneNumber` varchar(30) DEFAULT NULL,
  `birthday` date NOT NULL,
  `availableFrom` date NOT NULL,
  `availableTo` date DEFAULT NULL,
  `hourlyRateFrom` float DEFAULT NULL,
  `hourlyRateTo` float DEFAULT NULL,
  `maximumCommute` int DEFAULT NULL,
  `location` char(36) DEFAULT NULL,
  `ignoreDistance` tinyint(1) NOT NULL DEFAULT '0',
  `bio` varchar(200) NOT NULL,
  PRIMARY KEY (`id`),
  KEY `location` (`location`),
  CONSTRAINT `employees_ibfk_1` FOREIGN KEY (`id`) REFERENCES `users` (`id`),
  CONSTRAINT `employees_ibfk_2` FOREIGN KEY (`location`) REFERENCES `locations` (`id`)
) ENGINE=InnoDB DEFAULT CHARSET=utf8mb4 COLLATE=utf8mb4_0900_ai_ci;
/*!40101 SET character_set_client = @saved_cs_client */;

--
-- Dumping data for table `employees`
--

LOCK TABLES `employees` WRITE;
/*!40000 ALTER TABLE `employees` DISABLE KEYS */;
INSERT INTO `employees` VALUES ('18820393-8867-11ea-9959-8c1645373715','Gennaro','Olson','715-481-5482','1993-02-08','2020-08-20',NULL,15,NULL,85926,'18868232-8867-11ea-9959-8c1645373715',0,'Ipsam ut assumenda aspernatur perspiciatis.'),('1882054c-8867-11ea-9959-8c1645373715','Dulce','Abshire','1-507-010-3616 x4243','1990-07-02','2020-09-08',NULL,10,NULL,15585,'18869d8d-8867-11ea-9959-8c1645373715',0,'Nisi non consectetur quibusdam debitis ipsum porro.'),('1882072b-8867-11ea-9959-8c1645373715','Devante','Doyle','1-135-010-3734 x11117','1984-11-25','2020-11-13',NULL,15,20,41612,'18866bcc-8867-11ea-9959-8c1645373715',0,'Neque magni debitis est aperiam ut.'),('188209c6-8867-11ea-9959-8c1645373715','Keon','Weissnat','1-455-336-8676','1997-09-06','2020-06-14',NULL,15,25,48317,'1886a83a-8867-11ea-9959-8c1645373715',1,'Quos libero ad dolor dolor omnis nisi ut.'),('18820d14-8867-11ea-9959-8c1645373715','Cary','Bailey','(630) 475-8581 x192','1988-06-20','2020-09-23',NULL,10,NULL,53642,'18868da8-8867-11ea-9959-8c1645373715',0,'Velit quo tenetur.'),('18820de4-8867-11ea-9959-8c1645373715','Gennaro','Hettinger','055-465-7639 x08825','1980-10-15','2020-06-19','2021-11-15',15,NULL,80076,'1886aa5c-8867-11ea-9959-8c1645373715',0,'Laborum expedita itaque exercitationem assumenda est.'),('18820f10-8867-11ea-9959-8c1645373715','Fatima','Bayer','215.056.0087 x28994','1994-12-08','2020-06-23',NULL,15,NULL,44375,'18864464-8867-11ea-9959-8c1645373715',0,'Laborum harum sequi ipsum iusto.'),('1882105f-8867-11ea-9959-8c1645373715','Daron','Ondricka','421.763.4517','1991-10-01','2020-12-20',NULL,15,20,27074,'18868693-8867-11ea-9959-8c1645373715',0,'Voluptas ut iusto voluptatem amet dolorem eum et.'),('18821132-8867-11ea-9959-8c1645373715','Porter','Monahan','825.064.7352 x55214','1998-07-10','2020-12-19','2022-05-21',8.72,NULL,9975,'1886a993-8867-11ea-9959-8c1645373715',0,'Error ut rerum.'),('188211ae-8867-11ea-9959-8c1645373715','Tressie','O\'Connell','324.039.3304','1985-07-06','2020-10-28',NULL,10,30,57846,'18867f5c-8867-11ea-9959-8c1645373715',0,'Tenetur perspiciatis ut vel perferendis voluptatibus et ut consequuntur.'),('188212b3-8867-11ea-9959-8c1645373715','Maximillian','Mayert','1-358-189-1666','1980-03-23','2020-09-19',NULL,15,NULL,1662,'1886ad21-8867-11ea-9959-8c1645373715',1,'Quam enim qui magnam nesciunt reiciendis eaque dolor aut minima.'),('18821371-8867-11ea-9959-8c1645373715','Ismael','Considine','893-499-4698 x754','1992-01-01','2020-08-23',NULL,8.72,NULL,1859,'1886a942-8867-11ea-9959-8c1645373715',0,'Ipsa iusto debitis esse exercitationem sed consequatur.'),('18821425-8867-11ea-9959-8c1645373715','Raul','Tremblay','981-046-4576','1990-01-01','2020-08-07',NULL,15,NULL,50253,'188667c3-8867-11ea-9959-8c1645373715',0,'Inventore rerum laborum nesciunt aut quis ut est.'),('188214d9-8867-11ea-9959-8c1645373715','Brycen','Schumm','634-741-1300 x7075','1990-09-08','2020-12-17','2022-09-07',15,NULL,49606,'18866d62-8867-11ea-9959-8c1645373715',0,'Qui fugiat perspiciatis quis ducimus exercitationem explicabo.'),('188215be-8867-11ea-9959-8c1645373715','Addison','Luettgen','(496) 630-0414 x514','1988-02-20','2020-06-10','2022-12-18',15,NULL,62866,'1886ae22-8867-11ea-9959-8c1645373715',1,'Ipsam consequatur libero recusandae voluptas accusamus et quos temporibus unde.'),('18821659-8867-11ea-9959-8c1645373715','Mya','Raynor','972-356-3491','1983-02-20','2020-06-11','2021-10-19',10,20,51878,'18865f20-8867-11ea-9959-8c1645373715',1,'Sunt consectetur enim id nostrum deserunt voluptatem expedita alias.'),('188217c8-8867-11ea-9959-8c1645373715','Danyka','Schowalter','000-787-6837 x884','1997-06-28','2020-06-08','2021-10-13',15,25,68123,'18869ad6-8867-11ea-9959-8c1645373715',0,'Magnam ratione dignissimos aut dolorum assumenda et voluptate reiciendis.'),('1882186a-8867-11ea-9959-8c1645373715','Eli','Howell','700-729-8819 x255','1990-04-25','2020-07-21','2021-09-08',8.72,NULL,86983,'18866317-8867-11ea-9959-8c1645373715',1,'Commodi blanditiis et.'),('1882192c-8867-11ea-9959-8c1645373715','Edwina','Walter','(704) 121-1935 x76378','1994-01-07','2020-12-22','2022-07-12',8.72,20,21382,'1886a3d8-8867-11ea-9959-8c1645373715',0,'Placeat eligendi consequuntur voluptatem eius qui rerum voluptates temporibus et.'),('188219c0-8867-11ea-9959-8c1645373715','Theron','Runolfsdottir','749-851-7218','1993-10-08','2020-09-14','2021-10-23',10,NULL,28079,'18866317-8867-11ea-9959-8c1645373715',0,'Eos cum saepe distinctio.'),('18821a51-8867-11ea-9959-8c1645373715','Dillon','Flatley','(084) 289-4372 x81971','1987-06-16','2020-05-31',NULL,15,20,9773,'1886696e-8867-11ea-9959-8c1645373715',0,'Et tempora praesentium tempore rerum soluta quisquam eum perspiciatis.'),('18821acc-8867-11ea-9959-8c1645373715','Manuel','Schaden','(270) 848-9530 x413','1986-09-27','2020-12-27',NULL,8.72,NULL,20822,'1886add5-8867-11ea-9959-8c1645373715',0,'Amet quod impedit.'),('18821cba-8867-11ea-9959-8c1645373715','Rusty','Dickinson','(159) 384-0326 x9185','1984-01-05','2020-06-19',NULL,15,20,21467,'18866216-8867-11ea-9959-8c1645373715',0,'Omnis quis quasi voluptatem ipsam.'),('18821d79-8867-11ea-9959-8c1645373715','Minnie','McDermott','887.842.9751 x097','1984-04-16','2020-12-19',NULL,10,25,71972,'1886afad-8867-11ea-9959-8c1645373715',0,'Accusantium nulla ipsum nemo ratione quidem reprehenderit laborum.'),('18821e68-8867-11ea-9959-8c1645373715','Nigel','Murphy','1-591-413-2253','1986-05-20','2020-08-14','2021-07-09',15,20,38747,'18867caf-8867-11ea-9959-8c1645373715',0,'Necessitatibus aut dolorem et fugit laborum nemo non vel quaerat.'),('18821f5c-8867-11ea-9959-8c1645373715','Angie','Grady','295.464.4944 x06130','1990-02-05','2020-06-03',NULL,10,25,2068,'18866396-8867-11ea-9959-8c1645373715',0,'Nulla asperiores ipsum ut alias voluptas.'),('18822138-8867-11ea-9959-8c1645373715','Florian','Wolff','664.656.0701','1985-09-13','2020-10-14','2022-05-22',15,NULL,42771,'1886ae90-8867-11ea-9959-8c1645373715',1,'Corrupti nihil corrupti voluptatum commodi eum beatae quo placeat hic.'),('18822396-8867-11ea-9959-8c1645373715','Krystel','Cartwright','1-111-979-9260','1982-07-26','2020-09-25','2022-12-16',10,NULL,19590,'1886add5-8867-11ea-9959-8c1645373715',0,'Aliquam in eum voluptas ex illo cupiditate.'),('188226b0-8867-11ea-9959-8c1645373715','Michele','Reilly','(628) 585-6618 x05869','1990-02-05','2020-05-24',NULL,10,30,16040,'18866d62-8867-11ea-9959-8c1645373715',0,'Deserunt rerum qui nobis illum dolores accusamus est unde.'),('18822b26-8867-11ea-9959-8c1645373715','Chris','Fritsch','860.946.0703','1987-05-02','2020-07-02','2021-11-09',10,25,90302,'18866b0a-8867-11ea-9959-8c1645373715',1,'Voluptatem rerum sed libero dolores et velit accusamus corrupti voluptatem.'),('18822e27-8867-11ea-9959-8c1645373715','Gunnar','Schneider','(062) 093-6064','1988-12-23','2020-06-01','2021-01-11',8.72,NULL,18370,'188667c3-8867-11ea-9959-8c1645373715',0,'Qui ea odit voluptatibus exercitationem ea error quaerat.'),('188230da-8867-11ea-9959-8c1645373715','Katelyn','Christiansen','1-617-032-4154 x6544','1994-02-15','2020-09-02','2021-04-08',15,NULL,58737,'18866d62-8867-11ea-9959-8c1645373715',1,'Consequuntur quisquam architecto autem ea magnam laborum porro qui.'),('1882344b-8867-11ea-9959-8c1645373715','Giovanny','Braun','844.050.0096','1986-05-02','2020-09-06','2022-07-08',8.72,25,10551,'1886b03a-8867-11ea-9959-8c1645373715',0,'Quo debitis fuga ut.'),('188236e6-8867-11ea-9959-8c1645373715','Tommie','Becker','221-352-4109 x5360','1991-05-20','2020-12-29',NULL,8.72,30,49770,'18866a21-8867-11ea-9959-8c1645373715',0,'Omnis voluptas quo culpa et nihil aut ipsa.'),('1882380e-8867-11ea-9959-8c1645373715','Tamia','Lind','874.190.6364 x34727','1988-10-27','2020-06-23',NULL,15,NULL,98294,'188679a4-8867-11ea-9959-8c1645373715',0,'Repellat explicabo doloribus nemo neque a libero.'),('188238f0-8867-11ea-9959-8c1645373715','Magnolia','Rohan','1-105-959-0525 x207','1987-07-29','2020-08-22',NULL,10,NULL,72166,'18864464-8867-11ea-9959-8c1645373715',0,'Fugiat unde nesciunt quae ipsa sed eos molestiae.'),('18823a06-8867-11ea-9959-8c1645373715','Mohammed','Stiedemann','418-541-0854 x40029','1992-10-24','2020-10-21','2021-09-09',8.72,NULL,23763,'1886add5-8867-11ea-9959-8c1645373715',1,'Voluptatum vitae dignissimos.'),('18823b24-8867-11ea-9959-8c1645373715','Rolando','Cassin','(377) 136-4265 x275','1986-01-07','2020-11-04',NULL,8.72,30,5384,'1886aa5c-8867-11ea-9959-8c1645373715',0,'Eum accusamus optio pariatur.'),('18823d2a-8867-11ea-9959-8c1645373715','Fausto','Orn','522-031-5020 x1189','1988-02-27','2020-12-16',NULL,10,NULL,16238,'1886aef6-8867-11ea-9959-8c1645373715',0,'Tempora nisi quis enim voluptatem commodi et tenetur aliquam amet.'),('18823e48-8867-11ea-9959-8c1645373715','Vida','Lemke','041.911.8334','1996-12-23','2020-07-11','2021-01-16',8.72,NULL,6295,'1886b03a-8867-11ea-9959-8c1645373715',0,'Voluptas voluptatem sed sed ex iusto fugit in velit sit.'),('18823f31-8867-11ea-9959-8c1645373715','Natalie','Littel','382.375.7879 x88300','1994-02-23','2020-09-02','2022-08-21',8.72,NULL,19098,'1886a5fe-8867-11ea-9959-8c1645373715',0,'Sed quam qui beatae id maiores itaque alias.'),('18824039-8867-11ea-9959-8c1645373715','Cordie','Koelpin','1-181-815-2101 x35406','1984-02-20','2020-11-27',NULL,10,25,83472,'1886659d-8867-11ea-9959-8c1645373715',0,'Et cumque architecto rem consequuntur laboriosam ullam nihil non.'),('18824212-8867-11ea-9959-8c1645373715','Delta','Abernathy','1-416-606-1161 x5106','1989-05-16','2020-07-01','2021-02-15',15,30,5684,'18868525-8867-11ea-9959-8c1645373715',1,'Debitis consequatur aspernatur ab.'),('18824657-8867-11ea-9959-8c1645373715','Stan','Barton','(624) 285-9998 x27828','1996-01-18','2020-08-06','2021-11-26',8.72,20,21089,'1886b03a-8867-11ea-9959-8c1645373715',0,'Sapiente eligendi facere ratione.'),('1882484c-8867-11ea-9959-8c1645373715','Stephon','Nitzsche','392-544-9658 x7306','1993-07-23','2020-09-23',NULL,10,25,93122,'18867bb9-8867-11ea-9959-8c1645373715',0,'Est sunt unde sit tempora incidunt ipsum possimus.');
/*!40000 ALTER TABLE `employees` ENABLE KEYS */;
UNLOCK TABLES;

--
-- Table structure for table `employers`
--

DROP TABLE IF EXISTS `employers`;
/*!40101 SET @saved_cs_client     = @@character_set_client */;
/*!50503 SET character_set_client = utf8mb4 */;
CREATE TABLE `employers` (
  `id` char(36) NOT NULL,
  `companyName` varchar(100) NOT NULL,
  `phoneNumber` varchar(30) NOT NULL,
  `website` varchar(100) NOT NULL,
  `address` char(36) NOT NULL,
  PRIMARY KEY (`id`),
  KEY `address` (`address`),
  CONSTRAINT `employers_ibfk_1` FOREIGN KEY (`id`) REFERENCES `users` (`id`),
  CONSTRAINT `employers_ibfk_2` FOREIGN KEY (`address`) REFERENCES `locations` (`id`)
) ENGINE=InnoDB DEFAULT CHARSET=utf8mb4 COLLATE=utf8mb4_0900_ai_ci;
/*!40101 SET character_set_client = @saved_cs_client */;

--
-- Dumping data for table `employers`
--

LOCK TABLES `employers` WRITE;
/*!40000 ALTER TABLE `employers` DISABLE KEYS */;
INSERT INTO `employers` VALUES ('1881e4d8-8867-11ea-9959-8c1645373715','Tremblay and Sons','(470) 843-5426 x62382','https://sarai.info','18869d8d-8867-11ea-9959-8c1645373715'),('1881f676-8867-11ea-9959-8c1645373715','Toy, Reynolds and Goyette','403.736.2598','https://stefan.org','1886a7da-8867-11ea-9959-8c1645373715'),('1881fd5d-8867-11ea-9959-8c1645373715','Kshlerin, Kozey and Leuschke','012.180.4003 x18572','http://chaz.com','1886a5fe-8867-11ea-9959-8c1645373715'),('1881ff5c-8867-11ea-9959-8c1645373715','Breitenberg, Fay and Terry','1-071-545-4176','http://zella.biz','1886897f-8867-11ea-9959-8c1645373715'),('188201c9-8867-11ea-9959-8c1645373715','Sporer - Cronin','405-018-5393','https://enrique.net','1886681f-8867-11ea-9959-8c1645373715');
/*!40000 ALTER TABLE `employers` ENABLE KEYS */;
UNLOCK TABLES;

--
-- Table structure for table `industries`
--

DROP TABLE IF EXISTS `industries`;
/*!40101 SET @saved_cs_client     = @@character_set_client */;
/*!50503 SET character_set_client = utf8mb4 */;
CREATE TABLE `industries` (
  `id` char(36) NOT NULL,
  `industry` varchar(100) NOT NULL,
  `description` varchar(100) NOT NULL,
  PRIMARY KEY (`id`)
) ENGINE=InnoDB DEFAULT CHARSET=utf8mb4 COLLATE=utf8mb4_0900_ai_ci;
/*!40101 SET character_set_client = @saved_cs_client */;

--
-- Dumping data for table `industries`
--

LOCK TABLES `industries` WRITE;
/*!40000 ALTER TABLE `industries` DISABLE KEYS */;
INSERT INTO `industries` VALUES ('188403c4-8867-11ea-9959-8c1645373715','Military','Quia itaque aspernatur quas.'),('188412f5-8867-11ea-9959-8c1645373715','Translation & Localization','Non atque eum tenetur et deleniti quas aspernatur deserunt.'),('1884139e-8867-11ea-9959-8c1645373715','Luxury Goods & Jewelry','Dignissimos neque omnis molestiae fugiat voluptatem.'),('188413f0-8867-11ea-9959-8c1645373715','Professional Training','Et qui veritatis quasi vel.'),('1884145d-8867-11ea-9959-8c1645373715','Chemicals','Maxime consectetur enim velit ea blanditiis porro ut reiciendis beatae.');
/*!40000 ALTER TABLE `industries` ENABLE KEYS */;
UNLOCK TABLES;

--
-- Table structure for table `interestedroles`
--

DROP TABLE IF EXISTS `interestedroles`;
/*!40101 SET @saved_cs_client     = @@character_set_client */;
/*!50503 SET character_set_client = utf8mb4 */;
CREATE TABLE `interestedroles` (
  `employee` char(36) NOT NULL,
  `roleId` char(36) NOT NULL,
  PRIMARY KEY (`employee`,`roleId`),
  KEY `roleId` (`roleId`),
  CONSTRAINT `interestedroles_ibfk_1` FOREIGN KEY (`employee`) REFERENCES `employees` (`id`),
  CONSTRAINT `interestedroles_ibfk_2` FOREIGN KEY (`roleId`) REFERENCES `roles` (`id`)
) ENGINE=InnoDB DEFAULT CHARSET=utf8mb4 COLLATE=utf8mb4_0900_ai_ci;
/*!40101 SET character_set_client = @saved_cs_client */;

--
-- Dumping data for table `interestedroles`
--

LOCK TABLES `interestedroles` WRITE;
/*!40000 ALTER TABLE `interestedroles` DISABLE KEYS */;
INSERT INTO `interestedroles` VALUES ('1882072b-8867-11ea-9959-8c1645373715','188506bb-8867-11ea-9959-8c1645373715'),('188209c6-8867-11ea-9959-8c1645373715','188506bb-8867-11ea-9959-8c1645373715'),('18820de4-8867-11ea-9959-8c1645373715','188506bb-8867-11ea-9959-8c1645373715'),('18821132-8867-11ea-9959-8c1645373715','188506bb-8867-11ea-9959-8c1645373715'),('18821371-8867-11ea-9959-8c1645373715','188506bb-8867-11ea-9959-8c1645373715'),('18821425-8867-11ea-9959-8c1645373715','188506bb-8867-11ea-9959-8c1645373715'),('188215be-8867-11ea-9959-8c1645373715','188506bb-8867-11ea-9959-8c1645373715'),('18821659-8867-11ea-9959-8c1645373715','188506bb-8867-11ea-9959-8c1645373715'),('1882186a-8867-11ea-9959-8c1645373715','188506bb-8867-11ea-9959-8c1645373715'),('1882192c-8867-11ea-9959-8c1645373715','188506bb-8867-11ea-9959-8c1645373715'),('188219c0-8867-11ea-9959-8c1645373715','188506bb-8867-11ea-9959-8c1645373715'),('18821a51-8867-11ea-9959-8c1645373715','188506bb-8867-11ea-9959-8c1645373715'),('18821acc-8867-11ea-9959-8c1645373715','188506bb-8867-11ea-9959-8c1645373715'),('18821cba-8867-11ea-9959-8c1645373715','188506bb-8867-11ea-9959-8c1645373715'),('18821d79-8867-11ea-9959-8c1645373715','188506bb-8867-11ea-9959-8c1645373715'),('18822b26-8867-11ea-9959-8c1645373715','188506bb-8867-11ea-9959-8c1645373715'),('18823e48-8867-11ea-9959-8c1645373715','188506bb-8867-11ea-9959-8c1645373715'),('1882484c-8867-11ea-9959-8c1645373715','188506bb-8867-11ea-9959-8c1645373715'),('1882054c-8867-11ea-9959-8c1645373715','18851598-8867-11ea-9959-8c1645373715'),('188236e6-8867-11ea-9959-8c1645373715','18851598-8867-11ea-9959-8c1645373715'),('1882380e-8867-11ea-9959-8c1645373715','18851598-8867-11ea-9959-8c1645373715'),('18823a06-8867-11ea-9959-8c1645373715','18851598-8867-11ea-9959-8c1645373715'),('18823f31-8867-11ea-9959-8c1645373715','18851598-8867-11ea-9959-8c1645373715'),('18824039-8867-11ea-9959-8c1645373715','18851598-8867-11ea-9959-8c1645373715'),('18820f10-8867-11ea-9959-8c1645373715','188516c0-8867-11ea-9959-8c1645373715'),('188214d9-8867-11ea-9959-8c1645373715','188516c0-8867-11ea-9959-8c1645373715'),('188217c8-8867-11ea-9959-8c1645373715','188516c0-8867-11ea-9959-8c1645373715'),('188230da-8867-11ea-9959-8c1645373715','188516c0-8867-11ea-9959-8c1645373715'),('1882344b-8867-11ea-9959-8c1645373715','188516c0-8867-11ea-9959-8c1645373715'),('18823b24-8867-11ea-9959-8c1645373715','188516c0-8867-11ea-9959-8c1645373715'),('18823d2a-8867-11ea-9959-8c1645373715','188516c0-8867-11ea-9959-8c1645373715'),('1882054c-8867-11ea-9959-8c1645373715','188518ca-8867-11ea-9959-8c1645373715'),('1882072b-8867-11ea-9959-8c1645373715','188518ca-8867-11ea-9959-8c1645373715'),('18821659-8867-11ea-9959-8c1645373715','188518ca-8867-11ea-9959-8c1645373715'),('18821cba-8867-11ea-9959-8c1645373715','188518ca-8867-11ea-9959-8c1645373715'),('18822396-8867-11ea-9959-8c1645373715','188518ca-8867-11ea-9959-8c1645373715'),('18823a06-8867-11ea-9959-8c1645373715','188518ca-8867-11ea-9959-8c1645373715'),('18823d2a-8867-11ea-9959-8c1645373715','188518ca-8867-11ea-9959-8c1645373715'),('18823e48-8867-11ea-9959-8c1645373715','188518ca-8867-11ea-9959-8c1645373715'),('1882484c-8867-11ea-9959-8c1645373715','188518ca-8867-11ea-9959-8c1645373715'),('188212b3-8867-11ea-9959-8c1645373715','188519a5-8867-11ea-9959-8c1645373715'),('18821e68-8867-11ea-9959-8c1645373715','188519a5-8867-11ea-9959-8c1645373715'),('188226b0-8867-11ea-9959-8c1645373715','188519a5-8867-11ea-9959-8c1645373715'),('18822e27-8867-11ea-9959-8c1645373715','188519a5-8867-11ea-9959-8c1645373715'),('188236e6-8867-11ea-9959-8c1645373715','188519a5-8867-11ea-9959-8c1645373715'),('1882072b-8867-11ea-9959-8c1645373715','18851a75-8867-11ea-9959-8c1645373715'),('1882105f-8867-11ea-9959-8c1645373715','18851a75-8867-11ea-9959-8c1645373715'),('18821132-8867-11ea-9959-8c1645373715','18851a75-8867-11ea-9959-8c1645373715'),('18821371-8867-11ea-9959-8c1645373715','18851a75-8867-11ea-9959-8c1645373715'),('188217c8-8867-11ea-9959-8c1645373715','18851a75-8867-11ea-9959-8c1645373715'),('1882186a-8867-11ea-9959-8c1645373715','18851a75-8867-11ea-9959-8c1645373715'),('188226b0-8867-11ea-9959-8c1645373715','18851a75-8867-11ea-9959-8c1645373715'),('188230da-8867-11ea-9959-8c1645373715','18851a75-8867-11ea-9959-8c1645373715'),('1882344b-8867-11ea-9959-8c1645373715','18851a75-8867-11ea-9959-8c1645373715'),('1882380e-8867-11ea-9959-8c1645373715','18851a75-8867-11ea-9959-8c1645373715'),('18824657-8867-11ea-9959-8c1645373715','18851a75-8867-11ea-9959-8c1645373715'),('18820de4-8867-11ea-9959-8c1645373715','18851cb0-8867-11ea-9959-8c1645373715'),('18820f10-8867-11ea-9959-8c1645373715','18851cb0-8867-11ea-9959-8c1645373715'),('18821425-8867-11ea-9959-8c1645373715','18851cb0-8867-11ea-9959-8c1645373715'),('18822b26-8867-11ea-9959-8c1645373715','18851cb0-8867-11ea-9959-8c1645373715'),('188238f0-8867-11ea-9959-8c1645373715','18851cb0-8867-11ea-9959-8c1645373715'),('18824039-8867-11ea-9959-8c1645373715','18851cb0-8867-11ea-9959-8c1645373715'),('188212b3-8867-11ea-9959-8c1645373715','18851e3b-8867-11ea-9959-8c1645373715'),('18821371-8867-11ea-9959-8c1645373715','18851e3b-8867-11ea-9959-8c1645373715'),('188217c8-8867-11ea-9959-8c1645373715','18851e3b-8867-11ea-9959-8c1645373715'),('18821cba-8867-11ea-9959-8c1645373715','18851e3b-8867-11ea-9959-8c1645373715'),('18821e68-8867-11ea-9959-8c1645373715','18851e3b-8867-11ea-9959-8c1645373715'),('18821f5c-8867-11ea-9959-8c1645373715','18851e3b-8867-11ea-9959-8c1645373715'),('18822138-8867-11ea-9959-8c1645373715','18851e3b-8867-11ea-9959-8c1645373715'),('188236e6-8867-11ea-9959-8c1645373715','18851e3b-8867-11ea-9959-8c1645373715'),('18820393-8867-11ea-9959-8c1645373715','18851ee8-8867-11ea-9959-8c1645373715'),('188211ae-8867-11ea-9959-8c1645373715','18851ee8-8867-11ea-9959-8c1645373715'),('188214d9-8867-11ea-9959-8c1645373715','18851ee8-8867-11ea-9959-8c1645373715'),('188215be-8867-11ea-9959-8c1645373715','18851ee8-8867-11ea-9959-8c1645373715'),('1882186a-8867-11ea-9959-8c1645373715','18851ee8-8867-11ea-9959-8c1645373715'),('18821e68-8867-11ea-9959-8c1645373715','18851ee8-8867-11ea-9959-8c1645373715'),('18821f5c-8867-11ea-9959-8c1645373715','18851ee8-8867-11ea-9959-8c1645373715'),('18822138-8867-11ea-9959-8c1645373715','18851ee8-8867-11ea-9959-8c1645373715'),('18822e27-8867-11ea-9959-8c1645373715','18851ee8-8867-11ea-9959-8c1645373715'),('18823a06-8867-11ea-9959-8c1645373715','18851ee8-8867-11ea-9959-8c1645373715'),('18820393-8867-11ea-9959-8c1645373715','18852112-8867-11ea-9959-8c1645373715'),('188209c6-8867-11ea-9959-8c1645373715','18852112-8867-11ea-9959-8c1645373715'),('188211ae-8867-11ea-9959-8c1645373715','18852112-8867-11ea-9959-8c1645373715'),('18821a51-8867-11ea-9959-8c1645373715','18852112-8867-11ea-9959-8c1645373715'),('18821acc-8867-11ea-9959-8c1645373715','18852112-8867-11ea-9959-8c1645373715'),('1882344b-8867-11ea-9959-8c1645373715','18852112-8867-11ea-9959-8c1645373715'),('1882380e-8867-11ea-9959-8c1645373715','18852112-8867-11ea-9959-8c1645373715'),('188238f0-8867-11ea-9959-8c1645373715','18852112-8867-11ea-9959-8c1645373715'),('18824039-8867-11ea-9959-8c1645373715','18852112-8867-11ea-9959-8c1645373715'),('18824212-8867-11ea-9959-8c1645373715','18852112-8867-11ea-9959-8c1645373715'),('18824657-8867-11ea-9959-8c1645373715','18852112-8867-11ea-9959-8c1645373715'),('18820393-8867-11ea-9959-8c1645373715','188521db-8867-11ea-9959-8c1645373715'),('18820d14-8867-11ea-9959-8c1645373715','188521db-8867-11ea-9959-8c1645373715'),('18820de4-8867-11ea-9959-8c1645373715','188521db-8867-11ea-9959-8c1645373715'),('18821659-8867-11ea-9959-8c1645373715','188521db-8867-11ea-9959-8c1645373715'),('1882192c-8867-11ea-9959-8c1645373715','188521db-8867-11ea-9959-8c1645373715'),('188219c0-8867-11ea-9959-8c1645373715','188521db-8867-11ea-9959-8c1645373715'),('18821d79-8867-11ea-9959-8c1645373715','188521db-8867-11ea-9959-8c1645373715'),('18821f5c-8867-11ea-9959-8c1645373715','188521db-8867-11ea-9959-8c1645373715'),('188230da-8867-11ea-9959-8c1645373715','188521db-8867-11ea-9959-8c1645373715'),('18823b24-8867-11ea-9959-8c1645373715','188521db-8867-11ea-9959-8c1645373715'),('188209c6-8867-11ea-9959-8c1645373715','188522a4-8867-11ea-9959-8c1645373715'),('18821371-8867-11ea-9959-8c1645373715','188522a4-8867-11ea-9959-8c1645373715'),('188214d9-8867-11ea-9959-8c1645373715','188522a4-8867-11ea-9959-8c1645373715'),('18821a51-8867-11ea-9959-8c1645373715','188522a4-8867-11ea-9959-8c1645373715'),('18822138-8867-11ea-9959-8c1645373715','188522a4-8867-11ea-9959-8c1645373715'),('18822e27-8867-11ea-9959-8c1645373715','188522a4-8867-11ea-9959-8c1645373715'),('188238f0-8867-11ea-9959-8c1645373715','188522a4-8867-11ea-9959-8c1645373715'),('18823a06-8867-11ea-9959-8c1645373715','188522a4-8867-11ea-9959-8c1645373715'),('18823f31-8867-11ea-9959-8c1645373715','188522a4-8867-11ea-9959-8c1645373715'),('18824212-8867-11ea-9959-8c1645373715','188522a4-8867-11ea-9959-8c1645373715'),('18824657-8867-11ea-9959-8c1645373715','188522a4-8867-11ea-9959-8c1645373715'),('1882484c-8867-11ea-9959-8c1645373715','188522a4-8867-11ea-9959-8c1645373715'),('1882186a-8867-11ea-9959-8c1645373715','18852377-8867-11ea-9959-8c1645373715'),('18821a51-8867-11ea-9959-8c1645373715','18852377-8867-11ea-9959-8c1645373715'),('18821acc-8867-11ea-9959-8c1645373715','18852377-8867-11ea-9959-8c1645373715'),('188230da-8867-11ea-9959-8c1645373715','18852377-8867-11ea-9959-8c1645373715'),('1882344b-8867-11ea-9959-8c1645373715','18852377-8867-11ea-9959-8c1645373715'),('18824212-8867-11ea-9959-8c1645373715','18852377-8867-11ea-9959-8c1645373715'),('188209c6-8867-11ea-9959-8c1645373715','18852419-8867-11ea-9959-8c1645373715'),('18820d14-8867-11ea-9959-8c1645373715','18852419-8867-11ea-9959-8c1645373715'),('1882105f-8867-11ea-9959-8c1645373715','18852419-8867-11ea-9959-8c1645373715'),('18821132-8867-11ea-9959-8c1645373715','18852419-8867-11ea-9959-8c1645373715'),('188214d9-8867-11ea-9959-8c1645373715','18852419-8867-11ea-9959-8c1645373715'),('188217c8-8867-11ea-9959-8c1645373715','18852419-8867-11ea-9959-8c1645373715'),('18821d79-8867-11ea-9959-8c1645373715','18852419-8867-11ea-9959-8c1645373715'),('18822e27-8867-11ea-9959-8c1645373715','18852419-8867-11ea-9959-8c1645373715'),('18823a06-8867-11ea-9959-8c1645373715','18852419-8867-11ea-9959-8c1645373715'),('18823e48-8867-11ea-9959-8c1645373715','18852419-8867-11ea-9959-8c1645373715'),('18824657-8867-11ea-9959-8c1645373715','18852419-8867-11ea-9959-8c1645373715'),('1882484c-8867-11ea-9959-8c1645373715','18852419-8867-11ea-9959-8c1645373715'),('18820f10-8867-11ea-9959-8c1645373715','188525af-8867-11ea-9959-8c1645373715'),('18821425-8867-11ea-9959-8c1645373715','188525af-8867-11ea-9959-8c1645373715'),('18821659-8867-11ea-9959-8c1645373715','188525af-8867-11ea-9959-8c1645373715'),('188230da-8867-11ea-9959-8c1645373715','188525af-8867-11ea-9959-8c1645373715'),('18820393-8867-11ea-9959-8c1645373715','1885270c-8867-11ea-9959-8c1645373715'),('188211ae-8867-11ea-9959-8c1645373715','1885270c-8867-11ea-9959-8c1645373715'),('188215be-8867-11ea-9959-8c1645373715','1885270c-8867-11ea-9959-8c1645373715'),('188219c0-8867-11ea-9959-8c1645373715','1885270c-8867-11ea-9959-8c1645373715'),('18821acc-8867-11ea-9959-8c1645373715','1885270c-8867-11ea-9959-8c1645373715'),('18822396-8867-11ea-9959-8c1645373715','1885270c-8867-11ea-9959-8c1645373715'),('188236e6-8867-11ea-9959-8c1645373715','1885270c-8867-11ea-9959-8c1645373715'),('188238f0-8867-11ea-9959-8c1645373715','1885270c-8867-11ea-9959-8c1645373715'),('18823b24-8867-11ea-9959-8c1645373715','1885270c-8867-11ea-9959-8c1645373715'),('18824657-8867-11ea-9959-8c1645373715','1885270c-8867-11ea-9959-8c1645373715'),('18820393-8867-11ea-9959-8c1645373715','18852955-8867-11ea-9959-8c1645373715'),('1882072b-8867-11ea-9959-8c1645373715','18852955-8867-11ea-9959-8c1645373715'),('1882192c-8867-11ea-9959-8c1645373715','18852955-8867-11ea-9959-8c1645373715'),('18821e68-8867-11ea-9959-8c1645373715','18852955-8867-11ea-9959-8c1645373715'),('18822396-8867-11ea-9959-8c1645373715','18852955-8867-11ea-9959-8c1645373715'),('1882380e-8867-11ea-9959-8c1645373715','18852955-8867-11ea-9959-8c1645373715'),('18823d2a-8867-11ea-9959-8c1645373715','18852955-8867-11ea-9959-8c1645373715'),('18823f31-8867-11ea-9959-8c1645373715','18852955-8867-11ea-9959-8c1645373715'),('1882054c-8867-11ea-9959-8c1645373715','18852a25-8867-11ea-9959-8c1645373715'),('18820d14-8867-11ea-9959-8c1645373715','18852a25-8867-11ea-9959-8c1645373715'),('18820de4-8867-11ea-9959-8c1645373715','18852a25-8867-11ea-9959-8c1645373715'),('188212b3-8867-11ea-9959-8c1645373715','18852a25-8867-11ea-9959-8c1645373715'),('18821f5c-8867-11ea-9959-8c1645373715','18852a25-8867-11ea-9959-8c1645373715'),('18823d2a-8867-11ea-9959-8c1645373715','18852a25-8867-11ea-9959-8c1645373715'),('18823f31-8867-11ea-9959-8c1645373715','18852a25-8867-11ea-9959-8c1645373715'),('18824039-8867-11ea-9959-8c1645373715','18852a25-8867-11ea-9959-8c1645373715'),('18824212-8867-11ea-9959-8c1645373715','18852a25-8867-11ea-9959-8c1645373715'),('188209c6-8867-11ea-9959-8c1645373715','18852add-8867-11ea-9959-8c1645373715'),('18820d14-8867-11ea-9959-8c1645373715','18852add-8867-11ea-9959-8c1645373715'),('1882105f-8867-11ea-9959-8c1645373715','18852add-8867-11ea-9959-8c1645373715'),('188217c8-8867-11ea-9959-8c1645373715','18852add-8867-11ea-9959-8c1645373715'),('1882192c-8867-11ea-9959-8c1645373715','18852add-8867-11ea-9959-8c1645373715'),('18821acc-8867-11ea-9959-8c1645373715','18852add-8867-11ea-9959-8c1645373715'),('188226b0-8867-11ea-9959-8c1645373715','18852add-8867-11ea-9959-8c1645373715'),('18822e27-8867-11ea-9959-8c1645373715','18852add-8867-11ea-9959-8c1645373715'),('188238f0-8867-11ea-9959-8c1645373715','18852add-8867-11ea-9959-8c1645373715'),('18823f31-8867-11ea-9959-8c1645373715','18852add-8867-11ea-9959-8c1645373715'),('1882186a-8867-11ea-9959-8c1645373715','18852ba9-8867-11ea-9959-8c1645373715'),('1882192c-8867-11ea-9959-8c1645373715','18852ba9-8867-11ea-9959-8c1645373715'),('18822138-8867-11ea-9959-8c1645373715','18852ba9-8867-11ea-9959-8c1645373715'),('188226b0-8867-11ea-9959-8c1645373715','18852ba9-8867-11ea-9959-8c1645373715'),('18822b26-8867-11ea-9959-8c1645373715','18852ba9-8867-11ea-9959-8c1645373715');
/*!40000 ALTER TABLE `interestedroles` ENABLE KEYS */;
UNLOCK TABLES;

--
-- Table structure for table `jobinterest`
--

DROP TABLE IF EXISTS `jobinterest`;
/*!40101 SET @saved_cs_client     = @@character_set_client */;
/*!50503 SET character_set_client = utf8mb4 */;
CREATE TABLE `jobinterest` (
  `jobId` char(36) NOT NULL,
  `employee` char(36) NOT NULL,
  `initiator` enum('employer','employee') DEFAULT NULL,
  `status` enum('available','liked','offered','done') DEFAULT NULL,
  PRIMARY KEY (`jobId`,`employee`),
  KEY `employee` (`employee`),
  CONSTRAINT `jobinterest_ibfk_1` FOREIGN KEY (`jobId`) REFERENCES `jobs` (`jobId`),
  CONSTRAINT `jobinterest_ibfk_2` FOREIGN KEY (`employee`) REFERENCES `employees` (`id`)
) ENGINE=InnoDB DEFAULT CHARSET=utf8mb4 COLLATE=utf8mb4_0900_ai_ci;
/*!40101 SET character_set_client = @saved_cs_client */;

--
-- Dumping data for table `jobinterest`
--

LOCK TABLES `jobinterest` WRITE;
/*!40000 ALTER TABLE `jobinterest` DISABLE KEYS */;
/*!40000 ALTER TABLE `jobinterest` ENABLE KEYS */;
UNLOCK TABLES;

--
-- Table structure for table `jobs`
--

DROP TABLE IF EXISTS `jobs`;
/*!40101 SET @saved_cs_client     = @@character_set_client */;
/*!50503 SET character_set_client = utf8mb4 */;
CREATE TABLE `jobs` (
  `jobId` char(36) NOT NULL,
  `employer` char(36) NOT NULL,
  `role` char(36) NOT NULL,
  `jobTitle` varchar(100) NOT NULL,
  `salary` float DEFAULT NULL,
  `startDate` date DEFAULT NULL,
  `workLocation` varchar(36) NOT NULL,
  `description` varchar(100) DEFAULT NULL,
  PRIMARY KEY (`jobId`),
  KEY `employer` (`employer`),
  KEY `role` (`role`),
  KEY `workLocation` (`workLocation`),
  CONSTRAINT `jobs_ibfk_1` FOREIGN KEY (`employer`) REFERENCES `employers` (`id`),
  CONSTRAINT `jobs_ibfk_2` FOREIGN KEY (`role`) REFERENCES `roles` (`id`),
  CONSTRAINT `jobs_ibfk_3` FOREIGN KEY (`workLocation`) REFERENCES `locations` (`id`)
) ENGINE=InnoDB DEFAULT CHARSET=utf8mb4 COLLATE=utf8mb4_0900_ai_ci;
/*!40101 SET character_set_client = @saved_cs_client */;

--
-- Dumping data for table `jobs`
--

LOCK TABLES `jobs` WRITE;
/*!40000 ALTER TABLE `jobs` DISABLE KEYS */;
INSERT INTO `jobs` VALUES ('188aa7e0-8867-11ea-9959-8c1645373715','1881f676-8867-11ea-9959-8c1645373715','18851a75-8867-11ea-9959-8c1645373715','provident provident quibusdam possimus voluptas',15,'2021-06-14','18869b52-8867-11ea-9959-8c1645373715','Culpa dolor exercitationem.'),('188aba39-8867-11ea-9959-8c1645373715','1881ff5c-8867-11ea-9959-8c1645373715','188519a5-8867-11ea-9959-8c1645373715','veritatis ut officiis aut eaque sed est qui ad quas',25,'2022-12-17','1886aab8-8867-11ea-9959-8c1645373715','Quaerat et sequi sunt adipisci.'),('188abcfe-8867-11ea-9959-8c1645373715','1881f676-8867-11ea-9959-8c1645373715','18852add-8867-11ea-9959-8c1645373715','odit rerum alias nihil aut omnis esse sint',8.72,'2020-11-06','188667c3-8867-11ea-9959-8c1645373715','Qui beatae expedita eius amet voluptatem facere.'),('188abeef-8867-11ea-9959-8c1645373715','1881ff5c-8867-11ea-9959-8c1645373715','18851ee8-8867-11ea-9959-8c1645373715','aut aut ut voluptatibus doloribus numquam',20,'2022-10-11','18869ad6-8867-11ea-9959-8c1645373715','Accusantium officiis voluptas inventore minima est.'),('188ac0b3-8867-11ea-9959-8c1645373715','1881fd5d-8867-11ea-9959-8c1645373715','188521db-8867-11ea-9959-8c1645373715','neque iste quos quo id',20,'2022-11-21','1886b03a-8867-11ea-9959-8c1645373715','In nisi non id voluptatem in exercitationem.'),('188ac209-8867-11ea-9959-8c1645373715','188201c9-8867-11ea-9959-8c1645373715','18852add-8867-11ea-9959-8c1645373715','sit magni ut sint qui illum consequatur',25,'2021-10-31','18866d62-8867-11ea-9959-8c1645373715','Suscipit odio autem ut et.'),('188ac346-8867-11ea-9959-8c1645373715','1881f676-8867-11ea-9959-8c1645373715','188525af-8867-11ea-9959-8c1645373715','id facilis natus sit numquam vero autem ducimus magnam nobis',10,'2021-02-21','18866b0a-8867-11ea-9959-8c1645373715','Aut ab nisi quidem nostrum nihil in eum qui.'),('188ac47c-8867-11ea-9959-8c1645373715','1881f676-8867-11ea-9959-8c1645373715','18852add-8867-11ea-9959-8c1645373715','molestiae et adipisci est omnis',30,'2022-04-12','1886abf5-8867-11ea-9959-8c1645373715','Sit aliquid quia cumque dolores nesciunt maiores dignissimos hic blanditiis.'),('188ac5c8-8867-11ea-9959-8c1645373715','1881e4d8-8867-11ea-9959-8c1645373715','188518ca-8867-11ea-9959-8c1645373715','harum sint accusamus nisi quo quae eaque recusandae',10,'2020-11-26','18866bcc-8867-11ea-9959-8c1645373715','Voluptas eius est.'),('188ac717-8867-11ea-9959-8c1645373715','1881e4d8-8867-11ea-9959-8c1645373715','188519a5-8867-11ea-9959-8c1645373715','ullam doloribus omnis iusto corporis perferendis',20,'2022-01-01','18868e74-8867-11ea-9959-8c1645373715','Harum perspiciatis ullam sed.');
/*!40000 ALTER TABLE `jobs` ENABLE KEYS */;
UNLOCK TABLES;

--
-- Table structure for table `locations`
--

DROP TABLE IF EXISTS `locations`;
/*!40101 SET @saved_cs_client     = @@character_set_client */;
/*!50503 SET character_set_client = utf8mb4 */;
CREATE TABLE `locations` (
  `id` char(36) NOT NULL,
  `postcode` varchar(100) NOT NULL,
  `longitude` decimal(18,12) NOT NULL,
  `latitude` decimal(18,12) NOT NULL,
  PRIMARY KEY (`id`)
) ENGINE=InnoDB DEFAULT CHARSET=utf8mb4 COLLATE=utf8mb4_0900_ai_ci;
/*!40101 SET character_set_client = @saved_cs_client */;

--
-- Dumping data for table `locations`
--

LOCK TABLES `locations` WRITE;
/*!40000 ALTER TABLE `locations` DISABLE KEYS */;
INSERT INTO `locations` VALUES ('18864464-8867-11ea-9959-8c1645373715','111 Dương Thị Mười, Tân Chánh Hiệp, Quận 12, Hồ Chí Minh 700000, Vietnam',106.638962300000,10.873732600000),('18865f20-8867-11ea-9959-8c1645373715','District 1, Ho Chi Minh City, Vietnam',106.700423800000,10.775658700000),('1886614a-8867-11ea-9959-8c1645373715','District 10, Ho Chi Minh City, Vietnam',106.667954200000,10.774596500000),('18866216-8867-11ea-9959-8c1645373715','District 12, Ho Chi Minh City, Vietnam',106.641332200000,10.867153100000),('18866317-8867-11ea-9959-8c1645373715','District 11, Ho Chi Minh City, Vietnam',106.650084000000,10.762973900000),('18866396-8867-11ea-9959-8c1645373715','District 2, Ho Chi Minh City, Vietnam',106.749810500000,10.787272900000),('18866412-8867-11ea-9959-8c1645373715','20 Đường Thảo Điền, Thảo Điền, Quận 2, Hồ Chí Minh, Vietnam',106.737471700000,10.804090500000),('1886659d-8867-11ea-9959-8c1645373715','989 2 Đồng Văn Cống, Phường Bình Trưng Tây, Quận 2, Hồ Chí Minh, Vietnam',106.756602100000,10.780497700000),('188667c3-8867-11ea-9959-8c1645373715','130 Đường Lê Văn Thịnh, Phường Bình Trưng Tây, Quận 2, Hồ Chí Minh, Vietnam',106.769255900000,10.782703000000),('1886681f-8867-11ea-9959-8c1645373715','District 3, Ho Chi Minh City, Vietnam',106.684408900000,10.784369500000),('18866881-8867-11ea-9959-8c1645373715','153, 155-157 Trần Quốc Thảo, Phường 9, Quận 3, Hồ Chí Minh 70010, Vietnam',106.684026800000,10.784352200000),('1886696e-8867-11ea-9959-8c1645373715','District 4, Ho Chi Minh City, Vietnam',106.701296800000,10.757826300000),('188669b8-8867-11ea-9959-8c1645373715','63, 65 Bến Vân Đồn, Phường 12, Quận 4, Hồ Chí Minh, Vietnam',106.702237600000,10.765307500000),('18866a21-8867-11ea-9959-8c1645373715','18 Đường Đoàn Như Hài, Phường 12, Quận 4, Hồ Chí Minh, Vietnam',106.705161800000,10.766321400000),('18866b0a-8867-11ea-9959-8c1645373715','120_122 Đường Khánh Hội, Phường 3, Quận 4, Hồ Chí Minh, Vietnam',106.700874000000,10.757037500000),('18866b86-8867-11ea-9959-8c1645373715','District 5, Ho Chi Minh City, Vietnam',106.663374600000,10.754027900000),('18866bcc-8867-11ea-9959-8c1645373715','3 Mạc Cửu, Phường 13, Quận 5, Hồ Chí Minh, Vietnam',106.659248000000,10.750223000000),('18866d62-8867-11ea-9959-8c1645373715','203 An Dương Vương, Phường 8, Quận 5, phường 8 Quận 5 Hồ Chí Minh, Vietnam',106.667540600000,10.755804900000),('18866ee2-8867-11ea-9959-8c1645373715','642 A Đ. Nguyễn Trãi, Phường 11, Quận 5, Hồ Chí Minh 700000, Vietnam',106.665783200000,10.754080100000),('18866f33-8867-11ea-9959-8c1645373715','District 6, Ho Chi Minh City, Vietnam',106.635236200000,10.748092900000),('18866fa4-8867-11ea-9959-8c1645373715','107 Cao Văn Lầu, Phường 1, Quận 6, Hồ Chí Minh, Vietnam',106.649579100000,10.746460100000),('188670ac-8867-11ea-9959-8c1645373715','88 Tháp Mười, Phường 2, Quận 6, Hồ Chí Minh, Vietnam',106.650462600000,10.749994900000),('1886710f-8867-11ea-9959-8c1645373715','2D Chợ Lớn, Phường 11, Quận 6, Phường 11 Quận 6 Hồ Chí Minh, Vietnam',106.634848800000,10.746579300000),('1886788a-8867-11ea-9959-8c1645373715','122 Minh Phụng, Phường 6, Quận 6, Hồ Chí Minh, Vietnam',106.642594900000,10.750283400000),('188679a4-8867-11ea-9959-8c1645373715','District 7, Ho Chi Minh City, Vietnam',106.721578700000,10.734034400000),('18867a7b-8867-11ea-9959-8c1645373715','3 Tân Phú, P, Quận 7, Hồ Chí Minh, Vietnam',106.725198000000,10.732771700000),('18867bb9-8867-11ea-9959-8c1645373715','504, 506 Huỳnh Tấn Phát, Bình Thuận, Quận 7, Hồ Chí Minh, Vietnam',106.729268900000,10.741525000000),('18867caf-8867-11ea-9959-8c1645373715','101 Nguyễn Thị Thập, Tân Phú, Quận 7, Hồ Chí Minh, Vietnam',106.724182700000,10.737306600000),('18867d83-8867-11ea-9959-8c1645373715','1441 Huỳnh Tấn Phát, Phú Mỹ, Quận 7, Hồ Chí Minh, Vietnam',106.737430600000,10.713484700000),('18867f5c-8867-11ea-9959-8c1645373715','District 8, Ho Chi Minh City, Vietnam',106.628625900000,10.724087800000),('1886804f-8867-11ea-9959-8c1645373715','126 Đường Lê Quyên, Phường 5, Quận 8, Hồ Chí Minh, Vietnam',106.666435100000,10.740894000000),('1886819a-8867-11ea-9959-8c1645373715','993 Phạm Thế Hiển, Phường 5, Quận 8, Hồ Chí Minh, Vietnam',106.667816900000,10.742264300000),('18868232-8867-11ea-9959-8c1645373715','82 Đường Cao Lỗ, Phường 4, Quận 8, Hồ Chí Minh, Vietnam',106.676410000000,10.741574300000),('18868376-8867-11ea-9959-8c1645373715','302 Phạm Hùng, Phường 5, Quận 8, Hồ Chí Minh, Vietnam',106.667632700000,10.739722600000),('18868525-8867-11ea-9959-8c1645373715','Ho Chi Minh City, Vietnam',106.629663800000,10.823098900000),('18868576-8867-11ea-9959-8c1645373715','District 9, Ho Chi Minh City, Vietnam',106.828685100000,10.842840200000),('18868693-8867-11ea-9959-8c1645373715','9 Xa lộ Hà Nội, Hiệp Phú, Quận 9, Hồ Chí Minh, Vietnam',106.775624900000,10.849117200000),('18868783-8867-11ea-9959-8c1645373715','Khu Phố 2, 387 Lê Văn Việt, Tăng Nhơn Phú A, Quận 9, Hồ Chí Minh 715143, Vietnam',106.790147100000,10.844923500000),('1886897f-8867-11ea-9959-8c1645373715','48A Tăng Nhơn Phú, Tăng Nhơn Phú B, Quận 9, Hồ Chí Minh, Vietnam',106.779904000000,10.833476000000),('188689d3-8867-11ea-9959-8c1645373715','571 Sư Vạn Hạnh, Phường 12, Quận 10, Hồ Chí Minh, Vietnam',106.666596300000,10.776170200000),('18868af1-8867-11ea-9959-8c1645373715','47 Thành Thái, Phường 14, Quận 10, Hồ Chí Minh, Vietnam',106.665163400000,10.772151200000),('18868bf6-8867-11ea-9959-8c1645373715','Công viên Hồ Kỳ Hoà, Cao Thắng, Phường 12, Quận 10, Hồ Chí Minh, Vietnam',106.671473000000,10.774660900000),('18868da8-8867-11ea-9959-8c1645373715','Jumeirah Village Circle - Dubai - United Arab Emirates',55.213494500000,25.054493800000),('18868e74-8867-11ea-9959-8c1645373715','1275 K St NW, 1275 K St NW, Washington, DC 20005, USA',-77.029233800000,38.902846000000),('188699ff-8867-11ea-9959-8c1645373715','District 12 K - Dubai - United Arab Emirates',55.216772200000,25.053610800000),('18869ad6-8867-11ea-9959-8c1645373715','72 Đường số 5 - CX Bình Thới, Phường 8, Quận 11, Phường 8 District 11 Ho Chi Minh City, Vietnam',106.647890600000,10.760772200000),('18869b52-8867-11ea-9959-8c1645373715','215a Lý Thường Kiệt, Phường 9, Quận 11, Hồ Chí Minh, Vietnam',106.655477300000,10.778853100000),('18869be6-8867-11ea-9959-8c1645373715','Gò Vấp, Ho Chi Minh City, Vietnam',106.665290400000,10.838677900000),('18869c45-8867-11ea-9959-8c1645373715','48/338D Quang Trung, Phường 12, Gò Vấp, Hồ Chí Minh, Vietnam',106.643063400000,10.840686200000),('18869ceb-8867-11ea-9959-8c1645373715','90A Nguyễn Thái Sơn, Phường 3, Gò Vấp, Hồ Chí Minh, Vietnam',106.680746200000,10.816345500000),('18869d8d-8867-11ea-9959-8c1645373715','641 Quang Trung, Phường 11, Gò Vấp, Hồ Chí Minh, Vietnam',106.661565700000,10.834685400000),('1886a02b-8867-11ea-9959-8c1645373715','312 Đường Nguyễn Văn Nghi, Phường 7, Gò Vấp, Hồ Chí Minh, Vietnam',106.683027300000,10.826341700000),('1886a0bf-8867-11ea-9959-8c1645373715','Tan Binh, Ho Chi Minh City, Vietnam',106.652597400000,10.801465900000),('1886a109-8867-11ea-9959-8c1645373715','Số 172 Lý Thường Kiệt, Phường 6, Tân Bình, Hồ Chí Minh 700000, Vietnam',106.653372600000,10.786006800000),('1886a21f-8867-11ea-9959-8c1645373715','450 Trường Chinh, Phường 13, Tân Bình, Hồ Chí Minh, Vietnam',106.639041700000,10.800721200000),('1886a30f-8867-11ea-9959-8c1645373715','873 Cách Mạng Tháng Tám, Phường 7, Tân Bình, Hồ Chí Minh, Vietnam',106.660012800000,10.788691900000),('1886a384-8867-11ea-9959-8c1645373715','446 Hoàng Văn Thụ, Phường 4, Tân Bình, Hồ Chí Minh, Vietnam',106.654797500000,10.795685800000),('1886a3d8-8867-11ea-9959-8c1645373715','Tân Phú, Ho Chi Minh City, Vietnam',106.628190100000,10.790051700000),('1886a500-8867-11ea-9959-8c1645373715','Tân Phú, District 7, Ho Chi Minh City, Vietnam',106.726412500000,10.725101400000),('1886a5fe-8867-11ea-9959-8c1645373715','Tân Phú Trung, Củ Chi, Ho Chi Minh City, Vietnam',106.541106500000,10.938937500000),('1886a681-8867-11ea-9959-8c1645373715','Tân Phú, District 9, Ho Chi Minh City, Vietnam',106.803089200000,10.856965600000),('1886a7da-8867-11ea-9959-8c1645373715','Tân Phước, Quận 10, Hồ Chí Minh, Vietnam',106.663336200000,10.761712700000),('1886a83a-8867-11ea-9959-8c1645373715','Bình Thạnh, Ho Chi Minh City, Vietnam',106.709142200000,10.810583100000),('1886a942-8867-11ea-9959-8c1645373715','Bình Thành, Bình Hưng Hòa B, Bình Tân, Hồ Chí Minh, Vietnam',106.588417400000,10.806879800000),('1886a993-8867-11ea-9959-8c1645373715','368 Bạch Đằng, Phường 14, Bình Thạnh, Hồ Chí Minh, Vietnam',106.698978500000,10.803134000000),('1886a9f2-8867-11ea-9959-8c1645373715','112AB Đinh Tiên Hoàng, Phường 1, Bình Thạnh, Hồ Chí Minh, Vietnam',106.696609300000,10.798054900000),('1886aa5c-8867-11ea-9959-8c1645373715','164 Xô Viết Nghệ Tĩnh, Phường 21, Bình Thạnh, Hồ Chí Minh, Vietnam',106.710928700000,10.797424800000),('1886aab8-8867-11ea-9959-8c1645373715','Phú Nhuận, Ho Chi Minh City, Vietnam',106.680263900000,10.799194400000),('1886abf5-8867-11ea-9959-8c1645373715','5 Hoàng Minh Giám, Phường 9, Phú Nhuận, Hồ Chí Minh, Vietnam',106.675626800000,10.809559400000),('1886ac5b-8867-11ea-9959-8c1645373715','274 Nguyễn Trọng Tuyển, Phường 8, Phú Nhuận, Hồ Chí Minh 40503, Vietnam',106.671828000000,10.798203100000),('1886accc-8867-11ea-9959-8c1645373715','145/9 Nguyễn Văn Trỗi, Phường 11, Phú Nhuận, Hồ Chí Minh, Vietnam',106.676238800000,10.794032900000),('1886ad21-8867-11ea-9959-8c1645373715','82 Trần Huy Liệu, Phường 15, Phú Nhuận, Hồ Chí Minh, Vietnam',106.678094000000,10.794784200000),('1886ad8b-8867-11ea-9959-8c1645373715','Bình Tân, Ho Chi Minh City, Vietnam',106.603853500000,10.765258100000),('1886add5-8867-11ea-9959-8c1645373715','Hương Lộ 2, Bình Trị Đông A, Bình Tân, Hồ Chí Minh, Vietnam',106.593216400000,10.769046600000),('1886ae22-8867-11ea-9959-8c1645373715','1114 QL1A, Bình Trị Đông B, Bình Tân, Hồ Chí Minh, Vietnam',106.601924300000,10.730651600000),('1886ae90-8867-11ea-9959-8c1645373715','521 Kinh Dương Vương, An Lạc, Bình Tân, Hồ Chí Minh, Vietnam',106.615660500000,10.737207500000),('1886aef6-8867-11ea-9959-8c1645373715','1 Đường số 48, Tân Tạo, Bình Tân, Hồ Chí Minh, Vietnam',106.598099800000,10.751845300000),('1886af60-8867-11ea-9959-8c1645373715','Thủ Đức, Ho Chi Minh City, Vietnam',106.753705500000,10.849409400000),('1886afad-8867-11ea-9959-8c1645373715','27 Đường Số 3, Hiệp Bình Phước, Thủ Đức, Hồ Chí Minh, Vietnam',106.710787200000,10.836314600000),('1886b03a-8867-11ea-9959-8c1645373715','54 Đường Gò Dưa, Bình Chiểu, Thủ Đức, Hồ Chí Minh, Vietnam',106.743008000000,10.870593000000),('1886b08b-8867-11ea-9959-8c1645373715','Hoàng Diệu 2, Phường 7, Thủ Đức, Hồ Chí Minh, Vietnam',106.690699000000,10.800623000000);
/*!40000 ALTER TABLE `locations` ENABLE KEYS */;
UNLOCK TABLES;

--
-- Table structure for table `notifications`
--

DROP TABLE IF EXISTS `notifications`;
/*!40101 SET @saved_cs_client     = @@character_set_client */;
/*!50503 SET character_set_client = utf8mb4 */;
CREATE TABLE `notifications` (
  `id` char(36) NOT NULL,
  `receipent` char(36) NOT NULL,
  `job` char(36) NOT NULL,
  `employee` char(36) NOT NULL,
  `message` varchar(200) NOT NULL,
  `unread` tinyint(1) NOT NULL DEFAULT '1',
  `createdDate` date NOT NULL,
  KEY `job` (`job`),
  KEY `employee` (`employee`),
  KEY `receipent` (`receipent`),
  CONSTRAINT `notifications_ibfk_1` FOREIGN KEY (`job`) REFERENCES `jobs` (`jobId`),
  CONSTRAINT `notifications_ibfk_2` FOREIGN KEY (`employee`) REFERENCES `employees` (`id`),
  CONSTRAINT `notifications_ibfk_3` FOREIGN KEY (`receipent`) REFERENCES `users` (`id`)
) ENGINE=InnoDB DEFAULT CHARSET=utf8mb4 COLLATE=utf8mb4_0900_ai_ci;
/*!40101 SET character_set_client = @saved_cs_client */;

--
-- Dumping data for table `notifications`
--

LOCK TABLES `notifications` WRITE;
/*!40000 ALTER TABLE `notifications` DISABLE KEYS */;
/*!40000 ALTER TABLE `notifications` ENABLE KEYS */;
UNLOCK TABLES;

--
-- Table structure for table `roles`
--

DROP TABLE IF EXISTS `roles`;
/*!40101 SET @saved_cs_client     = @@character_set_client */;
/*!50503 SET character_set_client = utf8mb4 */;
CREATE TABLE `roles` (
  `id` char(36) NOT NULL,
  `roleName` varchar(100) NOT NULL,
  `industry` char(36) NOT NULL,
  `description` varchar(100) NOT NULL,
  PRIMARY KEY (`id`),
  UNIQUE KEY `roleName` (`roleName`),
  KEY `industry` (`industry`),
  CONSTRAINT `roles_ibfk_1` FOREIGN KEY (`industry`) REFERENCES `industries` (`id`)
) ENGINE=InnoDB DEFAULT CHARSET=utf8mb4 COLLATE=utf8mb4_0900_ai_ci;
/*!40101 SET character_set_client = @saved_cs_client */;

--
-- Dumping data for table `roles`
--

LOCK TABLES `roles` WRITE;
/*!40000 ALTER TABLE `roles` DISABLE KEYS */;
INSERT INTO `roles` VALUES ('188506bb-8867-11ea-9959-8c1645373715','Lead Research Coordinator','188403c4-8867-11ea-9959-8c1645373715','Cum et quibusdam.'),('18851598-8867-11ea-9959-8c1645373715','Customer Optimization Agent','188412f5-8867-11ea-9959-8c1645373715','Molestiae consequatur reprehenderit repellendus accusamus.'),('188516c0-8867-11ea-9959-8c1645373715','Global Security Officer','1884145d-8867-11ea-9959-8c1645373715','Error molestiae quibusdam sed et ea veniam qui ipsam dolores.'),('188518ca-8867-11ea-9959-8c1645373715','Legacy Assurance Agent','188413f0-8867-11ea-9959-8c1645373715','Quo est quia voluptas inventore.'),('188519a5-8867-11ea-9959-8c1645373715','Regional Factors Liaison','188403c4-8867-11ea-9959-8c1645373715','Aut ut minima quia.'),('18851a75-8867-11ea-9959-8c1645373715','Corporate Functionality Administrator','188413f0-8867-11ea-9959-8c1645373715','Labore et et iste ea quia velit.'),('18851cb0-8867-11ea-9959-8c1645373715','Principal Infrastructure Engineer','188403c4-8867-11ea-9959-8c1645373715','Dolor aut qui consequatur consectetur veniam ex laborum quis distinctio.'),('18851e3b-8867-11ea-9959-8c1645373715','Dynamic Operations Officer','1884145d-8867-11ea-9959-8c1645373715','Ut dolor odit id voluptas.'),('18851ee8-8867-11ea-9959-8c1645373715','Corporate Accountability Planner','188413f0-8867-11ea-9959-8c1645373715','Accusantium voluptas recusandae eaque corrupti nam quaerat et quaerat in.'),('18852112-8867-11ea-9959-8c1645373715','Dynamic Infrastructure Strategist','1884145d-8867-11ea-9959-8c1645373715','Saepe sapiente velit quam blanditiis sed.'),('188521db-8867-11ea-9959-8c1645373715','National Applications Engineer','1884145d-8867-11ea-9959-8c1645373715','Est illo est fugiat asperiores iure magnam.'),('188522a4-8867-11ea-9959-8c1645373715','Product Accountability Agent','1884145d-8867-11ea-9959-8c1645373715','Quas architecto sed vel aut dolorem iure repellat mollitia.'),('18852377-8867-11ea-9959-8c1645373715','Lead Data Strategist','188403c4-8867-11ea-9959-8c1645373715','Vitae architecto est corrupti eos.'),('18852419-8867-11ea-9959-8c1645373715','National Research Coordinator','1884139e-8867-11ea-9959-8c1645373715','Unde rerum aut.'),('188525af-8867-11ea-9959-8c1645373715','Principal Web Orchestrator','1884139e-8867-11ea-9959-8c1645373715','Iure sit reprehenderit suscipit illum sint blanditiis a ipsa sapiente.'),('1885270c-8867-11ea-9959-8c1645373715','Future Marketing Orchestrator','1884145d-8867-11ea-9959-8c1645373715','Mollitia non tempore esse doloremque quia nulla.'),('18852955-8867-11ea-9959-8c1645373715','Customer Identity Director','1884139e-8867-11ea-9959-8c1645373715','Ex eligendi sed commodi quae quia et ipsa aut eligendi.'),('18852a25-8867-11ea-9959-8c1645373715','Human Integration Coordinator','188412f5-8867-11ea-9959-8c1645373715','Nesciunt impedit vitae quisquam nostrum nostrum tenetur magni.'),('18852add-8867-11ea-9959-8c1645373715','Investor Communications Engineer','188403c4-8867-11ea-9959-8c1645373715','Pariatur enim corrupti officiis eius vero voluptatum omnis et.'),('18852ba9-8867-11ea-9959-8c1645373715','Dynamic Identity Agent','188403c4-8867-11ea-9959-8c1645373715','Sunt mollitia pariatur ratione eos.');
/*!40000 ALTER TABLE `roles` ENABLE KEYS */;
UNLOCK TABLES;

--
-- Table structure for table `users`
--

DROP TABLE IF EXISTS `users`;
/*!40101 SET @saved_cs_client     = @@character_set_client */;
/*!50503 SET character_set_client = utf8mb4 */;
CREATE TABLE `users` (
  `id` char(36) NOT NULL,
  `email` varchar(320) NOT NULL,
  `password` binary(64) NOT NULL,
  `salt` binary(128) NOT NULL,
  `customerId` varchar(30) DEFAULT NULL,
  `subscriptionId` varchar(30) DEFAULT NULL,
  `userType` enum('employer','employee') DEFAULT NULL,
  `active` tinyint(1) NOT NULL DEFAULT '0',
  `resetCode` char(6) NOT NULL DEFAULT '000000',
  PRIMARY KEY (`id`)
) ENGINE=InnoDB DEFAULT CHARSET=utf8mb4 COLLATE=utf8mb4_0900_ai_ci;
/*!40101 SET character_set_client = @saved_cs_client */;

--
-- Dumping data for table `users`
--

LOCK TABLES `users` WRITE;
/*!40000 ALTER TABLE `users` DISABLE KEYS */;
INSERT INTO `users` VALUES ('1881e4d8-8867-11ea-9959-8c1645373715','Merritt_Murazik82@yahoo.com',_binary 'Y\\0\a¦\\<\u##^k^\"\Hb\-ɑ34튙2F \n',_binary '\\ߩ1ߦ<ֹ\\\Q-)\0\אT\\g\Z\G\j\\^JWx\\\\a06@a\*\\E\7j܏\\eW!	L\s\#\)*2s\\\\\Zuyt\\\Iw\'D\',NULL,NULL,'employer',1,'525qb8'),('1881f676-8867-11ea-9959-8c1645373715','Adriana_Franecki9@hotmail.com',_binary '\\PjbB\E:\\\\n\\\x<5\\0i&k;\+2\7|r\ǟ;F\',_binary '\'VR\/l3\A\y@.\c\=\!\\'sz^!,\q|n^a\6\a\\0kO35\\~E\0]\Z\8\\0ki{mGA\\a`|~@\iJKYzj\ZM\r\ٓ~\',NULL,NULL,'employer',1,'ha2m2s'),('1881fd5d-8867-11ea-9959-8c1645373715','Germaine38@yahoo.com',_binary '\Z]\,\\n\%`\J\\\\\\r\\lmj\nxu:r<\Ni\/^f0\z',_binary 'h%tܴh\ϹQ\ZG\\x6I<\\&|z\%\Z\\rx[;tW[\%\'\rxx-\\v-6T\G\p\ӊ6\lj4W\,;Bbx/ݯkʗfVkmdA\r',NULL,NULL,'employer',1,'cmijnb'),('1881ff5c-8867-11ea-9959-8c1645373715','Anabel_Satterfield@gmail.com',_binary '1Nfk\J\"[g\u\\\\<\Ťg.\\Y\\ћ}r\rJ\Y/\\\a;O:hmd',_binary '\sB3o\\\\\!\\0\(/aq>\\Lh2\"z.X&\gg\Rw\QH\\٪ag\"M\>tQ\/\0p\\Lc\aDpՑ&c&x\h\&',NULL,NULL,'employer',1,'t8d3db'),('188201c9-8867-11ea-9959-8c1645373715','Alicia43@yahoo.com',_binary '\B{\S\"\rz|R!\J)[ƿ\\\Z&e6}	Exߝ?\\\\հ@\-:9-\p',_binary '!\p\Z\T,=Vˈ \t>I猶\֧\ZE\S>̌Kz\Y\`oL\\q\CB\NS?\'\`2\=\t \ROF\\\5tK?*9\nY\\Z\\x \\\)',NULL,NULL,'employer',1,'llnzx3'),('18820393-8867-11ea-9959-8c1645373715','Bennie.Rohan@yahoo.com',_binary 'ER.m\\\\94\nvT̳>R\viRA0.>%\A\\p)o\Sn',_binary '\\,ަ̖Ư\n\'J\dTi\e\\\\W#Tc7_\\G] \Q\Jc\\i\\\\\R\0]9\\\\!잏\0:vyNl͉\قܚ`\=@\,\.=+\iv\\^d',NULL,NULL,'employee',1,'uyl0fi'),('1882054c-8867-11ea-9959-8c1645373715','Lilian34@yahoo.com',_binary 'S\\\D\\3~py4\Pco]\{\M_Yɟ9#-]\\\" א',_binary '\0?*\Ѷ	v|\ؘ\%_\og\u._\X-\\ǘY<[M\'͊>\6\"\~Y\"}\ј\.\\V\T\n6\nec\9|\o>W3\j3b0\\\\4H5`4',NULL,NULL,'employee',1,'hizgg8'),('1882072b-8867-11ea-9959-8c1645373715','Jamaal.Witting@gmail.com',_binary 'd\0\\'7\?\z\_o\T1+\Y$X>r\\nOVךi<5\zo\*6\<S7q&',_binary 'ћ\'$u\|͔V-ZߌUSU(Z\\\\8\3.\U\x\&;\Ϥ@+EdT3\\+\3\c,r\7ٳe-	r\Zţ\C\\#\"\!(Ҿ\8`\?',NULL,NULL,'employee',1,'vlvi7k'),('188209c6-8867-11ea-9959-8c1645373715','Kira.Mann58@gmail.com',_binary '\\\d\=IL\\\r\'Rú\\7F]\ayՏy޹L\\0g{\0',_binary 'E\ZATczaQ&n\n\\0T\s\\Z\\\1\\iui$D[\nzc\@\\l\\id\rh%\\͚6*\\r\\\\Hi?\ai\ƋKq\\>\Ɛb\rfܨ\_ךOUc{3t:k',NULL,NULL,'employee',1,'8r7og1'),('18820d14-8867-11ea-9959-8c1645373715','Enid_Runolfsdottir@hotmail.com',_binary 'Ƅ]SȺ\\묔\\\Z4w³\\\Ke`\ּο/\r\\âa\\\\au5\\\U:0',_binary 'G\#a\]\j|q\X21q\\\\0#\h\\Z1!;ْ%\)\n&$x-\\!hT9\\{\'K\0\nᎯ,U>\8X(ዠU\\r\}ŭ\	\(ITﭒTD\a\܋~',NULL,NULL,'employee',1,'uhhy3v'),('18820de4-8867-11ea-9959-8c1645373715','Fleta4@gmail.com',_binary '\5OTʺ\-+r\R\ZIk΅J):\"y6%9(!~\\eY1U\r\',_binary '\}\iF2豄=\\}\\ uͬժ-I!%P\\2\Ȃ\\c\\L\t\^#\.ɥ&G\ݯƼ>_\(\\\\r\󬪩/?j~\]ilǯb~\E!\Οz\n\',NULL,NULL,'employee',1,'09c0gm'),('18820f10-8867-11ea-9959-8c1645373715','Berenice53@yahoo.com',_binary '\g\N)y9J\^\"oF_`\\Nƥ\0\'\\\z2\\\'¤\k\\\n\@\\	u\\\7N\',_binary '\\+\/?^P;Vĳ\i\1\\\2s\\\\k\HС\\ziuymae\\d\وtXԔzlA]Y;V\\\D\S\$l58Lp/\u7%\\\?n\2}',NULL,NULL,'employee',1,'ujbn1y'),('1882105f-8867-11ea-9959-8c1645373715','Micheal.Koelpin81@yahoo.com',_binary '\\M-.]5\K)ױ\r;\j.\0[\<\\HLsv!\w{4SWlx\8d#@6\r',_binary '{|Rrj \\\M`/Ƈ\1\\!\׃\\\\?\S2\$W\}`b\[\ZW9Ոe0\ͰMeo\XW\CT\\Œ> q\jբ\\O\\\К\\+\\m\\-\-~',NULL,NULL,'employee',1,'2zbm31'),('18821132-8867-11ea-9959-8c1645373715','Jaylin.Ferry@hotmail.com',_binary 'ru LKc\"\\ܑ_\V\7fQ-\\2nmo=;0}\E\9#ᢼ\\/\KT',_binary 'YEWJz-\n\\-\cW\Wԕjm0F\Z>tJ*^\'wwU\\(9vosi5m.S\\\(\@JA\W A}w \S\\\Q_D\\9SGM\+\_bJĮ\\\\V\~/꤉',NULL,NULL,'employee',1,'0dmuif'),('188211ae-8867-11ea-9959-8c1645373715','Tyshawn.Schroeder@gmail.com',_binary '\ֆb\02\\7\C\\\\r\d%\\\YX\^M\X(0O\\_>\5C\˛',_binary '芕\\DPg\:\<S[\dK\\Aㆨ\o\\\Y#.T@x/i\'^Mr\$7nO*?Alφ\im6)D\+Jwh(xQա\Oa#sF\\\9EH-',NULL,NULL,'employee',1,'obnoad'),('188212b3-8867-11ea-9959-8c1645373715','Janick.Feeney26@hotmail.com',_binary '\K\t\5ep\o\\\"!v\(N(GC\jCW\\\=3\D\\~\1\nqM',_binary '}#C)NNWQ隶f!maU6k\Jq\"0\}c\n\LV.	\D?N\"\\\\)\\)^ a\F7\{?\+\Ial\\pev\֯>y\\TT]\\\\Za\Exsp',NULL,NULL,'employee',1,'xe1zr6'),('18821371-8867-11ea-9959-8c1645373715','Drake83@gmail.com',_binary 'v&bOP#VA\r?\\\ɼLj{*\3͆\<u[\\Z\I\?\K?Y\n$\%t',_binary '\t\GdԿ\a?uCcA](B,K\\/:,.\\ucaQ\,%\\;{9m\R\\1VPZgըck+rλeR\ь	s\r\8\Z\UCȉ%vgz1Zhx',NULL,NULL,'employee',1,'niotkw'),('18821425-8867-11ea-9959-8c1645373715','Queenie.Adams47@hotmail.com',_binary '\\\\\\\y/\/4<\9ㅂ\<z\c\7\\\h\=M_\;\dD\FXY\',_binary 'aC$pX\\?C9+:N_|@\n_	fct\\rN}\\\\jfѝòs\&d\\>N\*|ǋ\U7\hy\\^\zQI`T&\\s[\\s\Mz3\rJ$\GzwDT\(8@Q_v',NULL,NULL,'employee',1,'901bnb'),('188214d9-8867-11ea-9959-8c1645373715','Amira_Gorczany34@yahoo.com',_binary '%#4\T6K\]FȰS\\J^\ŏP\Q՞G˥\\.\n\s\>\n?T$[',_binary 'X\\\\Y);Ij\8\<9p\\\Ҹ\]/\Av\yc\\"-|,\"\a\`\r\MsBj\+5\\\+Έ\CP*\ۛ;\Z\\ۅ\ݘ@i\,\F\\\\>@\ \3tط;=y',NULL,NULL,'employee',1,'75m1zn'),('188215be-8867-11ea-9959-8c1645373715','Elva_Bergnaum@hotmail.com',_binary 'g\ĦX\\\u-\oyg\ZK牗\nN\9g<\\xĆDq\\\\.',_binary '\r\"`\haG\	\\h\6i\\\0kK\0¨䎜\\\\\4%Bؖff[\ZQ6ԝ=,3@}\4\~^a$\r^}\*eæ\eu_ʕŖ\BkV%D\핖I',NULL,NULL,'employee',1,'807448'),('18821659-8867-11ea-9959-8c1645373715','Bridgette.Gleason@gmail.com',_binary '\,\&\CE扴ءUZ\ǔ{)B#!/1\\nm\\\²\Kyx)\',_binary 'Z7Ea,$7\$\}\SQlMgċ\\l	\ɴ?\\\\\$uS*aǳ,AL˦\o\0OНJ\VՂ=)!\=!ȩ5tW\ \\X\0bz_j;	#\',NULL,NULL,'employee',1,'mtp043'),('188217c8-8867-11ea-9959-8c1645373715','Kaya21@yahoo.com',_binary 'cg\\\\2\Q\\$Sϟ\4e}\\0ol6\(aô\ܟߪ\\\\"\t\\yQ\',_binary 'r2\ݨW\|\0\{\oZ=Sdw>\(\\\ͤJ,&zF]\/\f7\U,f&\\$\]U[ڷ\\	K~a7\\~!E\\Qdhl;w\?ʏ\Y@.~$1E',NULL,NULL,'employee',1,'vzdr1z'),('1882186a-8867-11ea-9959-8c1645373715','Dangelo0@yahoo.com',_binary 'Q.@<4Ջ?J\[͒ͩ4K˂\Yrht\xi\0\b\'[V\\\\\naS',_binary 'y\\\gRHC6\mBgK\s\ìژٔ&\ZLs݊=v\/\'\'\^*_B&p^cL..\$\\;\\\ZB\'Mϭ\"G\*\\\\#\<\\\d\\\"\y',NULL,NULL,'employee',1,'32z7v1'),('1882192c-8867-11ea-9959-8c1645373715','Norberto.Christiansen40@gmail.com',_binary '\\r\\<!\۾C\\\\Z^O\>\q\56\\'l\̌i\\O!9\u\',_binary '@\m\䗓\D(\gt\\v\\r1\"tdVT٤!TxK<?VW\,xN}	\0ChA\BHH\Z\\Xg&\0OS\0r\b\ZSrӉZs',NULL,NULL,'employee',1,'5j4282'),('188219c0-8867-11ea-9959-8c1645373715','Jennings.Schimmel40@yahoo.com',_binary '>Z5{\\T\v4s=n& ,g\wS*~W\\\\"#i4ݦUwD\5\Oh=',_binary 'vq\"\2Z\Z<]\X\\\l},\2%\g5VR[\*\(\{\ޏ՛/d\;\\kWs\\\:x\/6 \`4l\pP\\n/YIpTtXK\9\7:;Q3W\',NULL,NULL,'employee',1,'lng6w5'),('18821a51-8867-11ea-9959-8c1645373715','Juston_Harber68@hotmail.com',_binary '1HIPzv\Z\	\%\잓}o\\c~ @fP\\\\h\\ڲ\0?\0TS\',_binary '\nزk\0\\Eu1 /c\4\\%n>\O׽J\\\y\E\\[l\\-c\n\\M\\Wcٶ\\*̡a\L\1|\ύG\z9\"\\BN0	\S\DKޓC^H\\',NULL,NULL,'employee',1,'pvzgny'),('18821acc-8867-11ea-9959-8c1645373715','Bartholome78@gmail.com',_binary '8\Tm]ݹ\!\\\\\gbd$h\3\=\\\#\/U\\\H\h\ؔ`W\n',_binary '\Ղ\BfA\\\Z9:\\\rʕ\\\sRXeÇWq*V\`\Nm\\\<O\.3={):]>L0\\o\Ø\zUCX@\\\\m\\\)e\\Gѧ*c\O\D',NULL,NULL,'employee',1,'kcj7sw'),('18821cba-8867-11ea-9959-8c1645373715','Reagan.Hessel34@yahoo.com',_binary 'E{^\\7K;\\ai \[\\p\U\iP\\[_H#Gr:\0\\XQ[\\\',_binary '6\\u+_\"l\ޤ|\ʈ{,\nzu\rsv\{V07\\\aǼL>6y\t\Sryi\EpxMnp((2\W|\S+ugG=rw\T\X((\3\d\\n\'\Ah',NULL,NULL,'employee',1,'s56z0y'),('18821d79-8867-11ea-9959-8c1645373715','Gunnar_West80@gmail.com',_binary '\}\\\r+3X\w/+?\^w4>@\t֏5\_d\7\\n1p\',_binary '\<_\Z0B3jO\j\p\?WP\T\N#/\E	}ɢ~1#\\YKB\\@\s\q``on3\\\{\&\\\|@v*?bȽ\oz\\[Q\n\[\,x\H\',NULL,NULL,'employee',1,'2sqtv3'),('18821e68-8867-11ea-9959-8c1645373715','Chase_OReilly20@hotmail.com',_binary 'U\\1\\)\/\\TF\0l\KJE\o\|q\\\\5\3Ȁϡ,ޛ\1\I',_binary '\А5[MK6\kk|ZP\Qa|\\\TP5\d\3qC/\O\0Y\i_\\\]\\\bbvĎxIA\\\\sl0̶O\/I=\6\lܞ\!\{\r!\\k',NULL,NULL,'employee',1,'1eaoma'),('18821f5c-8867-11ea-9959-8c1645373715','Jerod12@gmail.com',_binary 'K/2<lUw5噰yk\\.\o9\(\\\iP9\4Lt\\f\H}<\',_binary '4Nr\\"a\$b[a*Ŷ7]oV\\\eɎ\ߌA\%\&3bF\\VEe\5d\aAP\\\'*R;V!\ɴ7oϧB\B\(\0N4\\',NULL,NULL,'employee',1,'z5k9w6'),('18822138-8867-11ea-9959-8c1645373715','Erin66@yahoo.com',_binary 'zu\"\;	p 1՛\P\"\lI_^\F\\:7p\B;\ў\;K;9',_binary '&aƠ\\;+g\(\\<Ӎ\l\ȇ+\]g\\%ќ\k!̮*\Mas\"\<rTR\ڨ\3\G}*x\#j	\+\\О\|\Z&~wC4\ƳC̄',NULL,NULL,'employee',1,'d2ynkq'),('18822396-8867-11ea-9959-8c1645373715','Jaida76@hotmail.com',_binary 'M{Tu$V\\TJ	X\\y\\X\#2KoЊ3(?\"bH~,\\C@>\tksv',_binary '\|\\>H%}\T?\\v\p>\\2\h\Tu\`\0zx5s\"}K\r\0<4A\M!D&gmc7\\nL\\\qE]0-\ï\˓ܸ\w7	j}pbg\[\r\R?$\Ƥ﬎AT',NULL,NULL,'employee',1,'95eh78'),('188226b0-8867-11ea-9959-8c1645373715','Monty_Ernser5@gmail.com',_binary 'q\2%[qƵ\\\Ev\\'	\\a\\'\\Tݹ\h\\x#,i\Z#g\IܼN򚞂d\++',_binary 'S^\Z\9\׮u\7\\~\p\d^\ÍV]ʍXIu\n\רg&D6\\T>f\Zk3x[\gԲ\*v&\<O\=\\F\\\e\\fWg+\Z¥\ؿ}%_|\\\j4C\l\*',NULL,NULL,'employee',1,'wh2wpw'),('18822b26-8867-11ea-9959-8c1645373715','Davion.Bartoletti49@yahoo.com',_binary '`W\ܖ,{V`s(\\\\\-\n\y%-:^U\i\\n?\$\\;W8',_binary '\\w{$U\'\9\d2?M_e\$\\U޻\\0N_\\|E\D/\\\gE\}(\\3tf]ȍ>n/%\6jɋ\X}L\\r\=Vj\Au\]*',NULL,NULL,'employee',1,'ehcd4i'),('18822e27-8867-11ea-9959-8c1645373715','Irma23@gmail.com',_binary 'N:\\\r\/o\\@qdo_4M7\yIc=\e/\7\"谓L\[\ z',_binary '\)ziQ\\\Z\\ V~\QԃʴDr#\}29\]r\'\XSVɖ\\\G[*\rz.TX\pT\T\[\Il\0b\Zp\Kn\\Y]\};	:\r\>\f{\\lWT\',NULL,NULL,'employee',1,'w99xr5'),('188230da-8867-11ea-9959-8c1645373715','Ansel.Watsica54@hotmail.com',_binary '\"o\\{\8F\K\\\NyLiZ\q\\ \5\Z|F*\;%|\',_binary '.U^T\&-Eo\n^5a\?_\#\\\\ݒr*\0\EC\hy\V\U(q\\\"\T\k\n\\:\Ά|=\\ӭ\MvrD#m뜈)4\6j#\u\OM\R',NULL,NULL,'employee',1,'7owinq'),('1882344b-8867-11ea-9959-8c1645373715','Zoie.Gleichner@hotmail.com',_binary '][YWcׂce\\W\]\\Ϳhb)\\\n\r\	\:\\\\%q	S\Z',_binary '>F&x!U\\q\>s\T(\\oˣڳr\"Jǣ;/0vdO\\Ull\0.\\	K\-\@a;*\\sӊ֠S\e\z\bOÃ\s\\DDmO\H]E\x|',NULL,NULL,'employee',1,'0m2uct'),('188236e6-8867-11ea-9959-8c1645373715','Jan_Koepp6@gmail.com',_binary 'G\\\\\>~\\EUx X~:\\Q\"\sWս;\\O^w6\=^\/l',_binary '\7\\\"\9\\P1\gl\ m~\W\EXԱJ)G\[1i*\>ʿ\8?\g\eq\\\N\\f\УIu8\0^V%U\\Xy\r@ӵ,\i*\#y1\rsHS',NULL,NULL,'employee',1,'oux0li'),('1882380e-8867-11ea-9959-8c1645373715','Nina.Hamill@yahoo.com',_binary '0St7\v<Ms7I~\\rWp\0\+jb/\>e(1!ۼHAB.x?X',_binary 'EՀD>}.t]]䴭\\X\ː\0!\eLbcce\M\\I\16\\r\0HE\\r&\\\'\04pA\xPe?\'ƒx\Z\j\g88\\/ˮg\0\z',NULL,NULL,'employee',1,'ld4tot'),('188238f0-8867-11ea-9959-8c1645373715','Hipolito_Hirthe51@hotmail.com',_binary 'vCNr\"ԎJ[cE*#I\j%ts\\\f\'\R/.)\r0~r<\\\F\d\_#',_binary 'Υf\=Z!dױ(R\ayH\F$\;\\Ze1[ѫ\\t2q\tSF\|H\Ȱ*䉂,\Tꃢ1k\kX\>0c4bmݛ9\o9\Rŀ\\`\%ߟ*5b\0\#\i',NULL,NULL,'employee',1,'vwgg57'),('18823a06-8867-11ea-9959-8c1645373715','Eulah14@yahoo.com',_binary 'g?>H>UD떺\\\\\gaߞN\m\2[U(&5\\"\DX!\1\V\rW\gјS',_binary '5\`;\\Ȋi\@I\\ Tp\"\UU|	ǡ\r	햜^|:w&H$$ǅ\\\{ʌܡCNML!\=ڣ\\+T_[\b\"kM8\Nݮ%V+S\',NULL,NULL,'employee',1,'iqsrrr'),('18823b24-8867-11ea-9959-8c1645373715','Lura.Lockman52@hotmail.com',_binary 'd\>jg6L{W$g\$\\\\C4\~&\\̿5z7mj+z',_binary '?{=\w\\\N\=<opVq^u\\_(gm5ǃEVv@?Q|7\\\M\N\\rj^;oaFv\id\\'e($a)pܺD\χ?2dH_p\'\',NULL,NULL,'employee',1,'5lftff'),('18823d2a-8867-11ea-9959-8c1645373715','Leila.Romaguera@gmail.com',_binary '\\\+r6\r\(\\LO2\+kLT_\p=\"J\ac^\?r[pf-thgD\=\\x',_binary 'QW!\\\\\\f*ڙ \\\O6,h\\\\·Y\<#\0\mw\0]\\a&n\\0C$[\"F\\\یGix\>/%ʼqݱncrd\\rK\"\$+İ^',NULL,NULL,'employee',1,'w50ew7'),('18823e48-8867-11ea-9959-8c1645373715','Jaquelin.Kihn@yahoo.com',_binary '<wm\\\	ITq[bK\G\?5GC$.\\\%p^{\`:\ \jpo\v',_binary '\0\ʯ@\#\\"ۯ;;K&}\\\\\n\j-z3\@ȵ7l\\rV{\\\\s\\\f\rF2D\P\n\+bT.Ya^\kmEA+QO\\^s',NULL,NULL,'employee',1,'vze3kt'),('18823f31-8867-11ea-9959-8c1645373715','Emmet97@yahoo.com',_binary '9z\\iL(XpjM;~߷\	\\v\\\ϗ\IH1\\va$<0ҋl4',_binary 'Tc\BA\\Fp1)d\Tߚ\C\^Z\\'\\\K}	\4ì\(L5\MH\>oo0Bh\#Bؾ\\L\[T}[j\\Ô?\\\\wȤ \0,\\aeD+\O_\{\YS~',NULL,NULL,'employee',1,'8hps0b'),('18824039-8867-11ea-9959-8c1645373715','Jarrett.Labadie89@gmail.com',_binary '\9\r]z\B޴SUs~ƫ\'m:*\\_ßl\\a\Awqp\\fP\=\',_binary 'x\_fwU\\va\\\\\"\\\\«\'F\n!jD\ib\bP6\\+\'$NG\k\6\\? \\ݔt\kv\\\p\D8x/8E\\%&c\S\m\8\?\',NULL,NULL,'employee',1,'mmasx0'),('18824212-8867-11ea-9959-8c1645373715','Jenifer.Wunsch@gmail.com',_binary '\̈́lD\׭\"\\u\\/r{Md\0~\4jvv:Ev>	\\\',_binary 'v\Xj\+\Uȋ\Ұб\\oN4\Z$\\`!\y\ ^.\CPX;\\r\\\^< uGdO}[@u\Uz6\r6ժ)\9\9\I\\F]\r\\GN\',NULL,NULL,'employee',1,'o4bbrw'),('18824657-8867-11ea-9959-8c1645373715','Paxton.Langworth35@hotmail.com',_binary '\zi\ \\u]`|\\v\?i\U#ߧa/ǂt\na(^VC_',_binary '}ܓ\"䟠dx֑:gj6\Sܛ[Ey)\\nbl]\F\n˽u\OSE\Z\tyGoDbJ\ڡGT\\OXD\Ώ\Q!`YՋ\	_\\\Y[O\L\hg\ާ4\j\>',NULL,NULL,'employee',1,'fig9tf'),('1882484c-8867-11ea-9959-8c1645373715','Waylon83@hotmail.com',_binary 'B\\\ʈ\ެR\y\)O}Kɟ\p!\\*\\ͣ\tjå)y\e>/g9ǯ(26{S',_binary '~\ºHGBb)#|\`y\\2G\a|Z.C=\׃O\LT\'\\u\\im.?Y\h#S%\\\|\y_\\;h\>\Dlq\c\+\\6\',NULL,NULL,'employee',1,'scr0lg');
/*!40000 ALTER TABLE `users` ENABLE KEYS */;
UNLOCK TABLES;
/*!40103 SET TIME_ZONE=@OLD_TIME_ZONE */;

/*!40101 SET SQL_MODE=@OLD_SQL_MODE */;
/*!40014 SET FOREIGN_KEY_CHECKS=@OLD_FOREIGN_KEY_CHECKS */;
/*!40014 SET UNIQUE_CHECKS=@OLD_UNIQUE_CHECKS */;
/*!40101 SET CHARACTER_SET_CLIENT=@OLD_CHARACTER_SET_CLIENT */;
/*!40101 SET CHARACTER_SET_RESULTS=@OLD_CHARACTER_SET_RESULTS */;
/*!40101 SET COLLATION_CONNECTION=@OLD_COLLATION_CONNECTION */;
/*!40111 SET SQL_NOTES=@OLD_SQL_NOTES */;

-- Dump completed on 2020-04-27 16:12:12
